subscription_id,customer_id,created_date,canceled_date
500001,100002,2025-01-01,2025-02-03
500002,100034,2025-01-01,2025-07-20
500003,100033,2025-01-01,2025-01-21
500004,100031,2025-01-01,2025-01-04
500005,100030,2025-01-01,2025-01-16
500006,100029,2025-01-01,2025-01-11
500007,100026,2025-01-01,
500008,100025,2025-01-01,2025-02-28
500009,100024,2025-01-01,2025-01-06
500010,100022,2025-01-01,2025-01-05
500011,100020,2025-01-01,2026-03-27
500012,100027,2025-01-01,2025-06-25
500013,100017,2025-01-01,2025-01-02
500014,100016,2025-01-01,2025-01-11
500015,100015,2025-01-01,2025-01-23
500016,100014,2025-01-01,2025-04-21
500017,100012,2025-01-01,2025-04-20
500018,100010,2025-01-01,2025-03-07
500019,100008,2025-01-01,2025-02-19
500020,100006,2025-01-01,2025-01-03
500021,100004,2025-01-01,2025-08-27
500022,100019,2025-01-01,2025-01-04
500023,100058,2025-01-02,2025-01-19
500024,100059,2025-01-02,2025-01-05
500025,100060,2025-01-02,2025-11-02
500026,100062,2025-01-02,2025-01-15
500027,100070,2025-01-02,2025-12-29
500028,100065,2025-01-02,2025-01-12
500029,100067,2025-01-02,2025-01-22
500030,100069,2025-01-02,2025-03-13
500031,100057,2025-01-02,2025-06-10
500032,100063,2025-01-02,2025-01-03
500033,100055,2025-01-02,2025-03-25
500034,100053,2025-01-02,2025-02-02
500035,100052,2025-01-02,2025-02-15
500036,100035,2025-01-02,
500037,100037,2025-01-02,
500038,100041,2025-01-02,2025-01-29
500039,100042,2025-01-02,2025-08-04
500040,100039,2025-01-02,2025-01-11
500041,100045,2025-01-02,
500042,100046,2025-01-02,2025-03-06
500043,100048,2025-01-02,2025-04-21
500044,100050,2025-01-02,2025-01-29
500045,100044,2025-01-02,
500046,100081,2025-01-03,2025-01-28
500047,100087,2025-01-03,2026-02-15
500048,100085,2025-01-03,2025-01-20
500049,100084,2025-01-03,2025-02-02
500050,100082,2025-01-03,2025-06-27
500051,100079,2025-01-03,2025-01-08
500052,100078,2025-01-03,2025-02-20
500053,100077,2025-01-03,2025-01-07
500054,100075,2025-01-03,2026-03-13
500055,100074,2025-01-03,2025-01-10
500056,100073,2025-01-03,2025-03-09
500057,100072,2025-01-03,2025-06-20
500058,100119,2025-01-04,2025-03-16
500059,100118,2025-01-04,2025-04-21
500060,100117,2025-01-04,2025-02-26
500061,100113,2025-01-04,2025-08-28
500062,100111,2025-01-04,2025-01-11
500063,100109,2025-01-04,2025-01-22
500064,100107,2025-01-04,2025-01-11
500065,100106,2025-01-04,2025-01-24
500066,100104,2025-01-04,2025-04-22
500067,100102,2025-01-04,2025-07-04
500068,100115,2025-01-04,2025-08-14
500069,100100,2025-01-04,2026-02-27
500070,100099,2025-01-04,2025-02-26
500071,100097,2025-01-04,2026-03-31
500072,100096,2025-01-04,2025-01-14
500073,100095,2025-01-04,2025-11-27
500074,100093,2025-01-04,2025-09-16
500075,100101,2025-01-04,2025-07-20
500076,100092,2025-01-04,2025-07-16
500077,100090,2025-01-04,2025-06-02
500078,100088,2025-01-04,2025-03-06
500079,100141,2025-01-05,
500080,100143,2025-01-05,2025-01-18
500081,100144,2025-01-05,2025-01-18
500082,100145,2025-01-05,2025-02-10
500083,100146,2025-01-05,2025-02-27
500084,100155,2025-01-05,2025-01-06
500085,100150,2025-01-05,2025-01-10
500086,100152,2025-01-05,2025-11-30
500087,100154,2025-01-05,2025-09-23
500088,100140,2025-01-05,2025-03-22
500089,100148,2025-01-05,2025-06-11
500090,100138,2025-01-05,2025-02-08
500091,100135,2025-01-05,2025-09-28
500092,100122,2025-01-05,2025-06-12
500093,100133,2025-01-05,2025-02-15
500094,100132,2025-01-05,2025-01-14
500095,100130,2025-01-05,2025-01-17
500096,100128,2025-01-05,2026-01-12
500097,100127,2025-01-05,2025-02-12
500098,100126,2025-01-05,2025-06-25
500099,100125,2025-01-05,2025-01-29
500100,100124,2025-01-05,2025-01-07
500101,100136,2025-01-05,2025-11-21
500102,100121,2025-01-05,2025-01-22
500103,100120,2025-01-05,
500104,100181,2025-01-06,2025-01-22
500105,100173,2025-01-06,2025-01-21
500106,100175,2025-01-06,2025-01-25
500107,100172,2025-01-06,2025-02-07
500108,100177,2025-01-06,2025-01-09
500109,100179,2025-01-06,2025-01-14
500110,100176,2025-01-06,2025-04-04
500111,100171,2025-01-06,2026-08-02
500112,100165,2025-01-06,2025-01-16
500113,100168,2025-01-06,2025-08-29
500114,100167,2025-01-06,2025-04-14
500115,100163,2025-01-06,2025-02-26
500116,100161,2025-01-06,2025-03-28
500117,100159,2025-01-06,2025-03-04
500118,100158,2025-01-06,2025-01-22
500119,100156,2025-01-06,2025-05-27
500120,100169,2025-01-06,2025-05-12
500121,100203,2025-01-07,2025-02-18
500122,100204,2025-01-07,2025-01-26
500123,100206,2025-01-07,2025-01-28
500124,100212,2025-01-07,2025-01-27
500125,100209,2025-01-07,2025-12-30
500126,100210,2025-01-07,2025-09-25
500127,100214,2025-01-07,2026-05-09
500128,100208,2025-01-07,2025-05-17
500129,100199,2025-01-07,2025-03-14
500130,100201,2025-01-07,2025-01-08
500131,100195,2025-01-07,2025-01-11
500132,100194,2025-01-07,2025-01-09
500133,100192,2025-01-07,2025-02-08
500134,100190,2025-01-07,2025-04-18
500135,100188,2025-01-07,2025-01-22
500136,100186,2025-01-07,2025-01-12
500137,100184,2025-01-07,2025-01-09
500138,100182,2025-01-07,2025-01-24
500139,100197,2025-01-07,2025-01-15
500140,100233,2025-01-08,2025-03-24
500141,100234,2025-01-08,2025-01-23
500142,100235,2025-01-08,2025-02-04
500143,100236,2025-01-08,2025-01-20
500144,100245,2025-01-08,2025-02-01
500145,100240,2025-01-08,2025-01-29
500146,100242,2025-01-08,2025-01-17
500147,100243,2025-01-08,2025-01-15
500148,100231,2025-01-08,2025-01-19
500149,100238,2025-01-08,2025-01-12
500150,100230,2025-01-08,2025-01-15
500151,100219,2025-01-08,2025-12-19
500152,100227,2025-01-08,2025-01-29
500153,100215,2025-01-08,2025-02-22
500154,100216,2025-01-08,2025-01-27
500155,100218,2025-01-08,2025-03-26
500156,100220,2025-01-08,2025-02-05
500157,100228,2025-01-08,2025-01-14
500158,100222,2025-01-08,2025-01-21
500159,100221,2025-01-08,2025-07-24
500160,100223,2025-01-08,2025-03-30
500161,100224,2025-01-08,2025-04-19
500162,100225,2025-01-08,2025-03-30
500163,100272,2025-01-09,2025-01-15
500164,100271,2025-01-09,2025-01-10
500165,100269,2025-01-09,2025-01-10
500166,100267,2025-01-09,2025-01-30
500167,100266,2025-01-09,2025-01-17
500168,100265,2025-01-09,2026-01-18
500169,100264,2025-01-09,2025-05-26
500170,100263,2025-01-09,2025-01-13
500171,100261,2025-01-09,2025-01-11
500172,100260,2025-01-09,2025-01-24
500173,100274,2025-01-09,2025-01-14
500174,100258,2025-01-09,2025-05-24
500175,100246,2025-01-09,2025-02-04
500176,100248,2025-01-09,2025-03-12
500177,100249,2025-01-09,2025-01-10
500178,100250,2025-01-09,2025-02-01
500179,100259,2025-01-09,2025-02-11
500180,100253,2025-01-09,2025-01-14
500181,100254,2025-01-09,2025-01-26
500182,100255,2025-01-09,2025-04-21
500183,100257,2025-01-09,2025-01-17
500184,100252,2025-01-09,2025-07-17
500185,100291,2025-01-10,2025-01-25
500186,100305,2025-01-10,2025-03-24
500187,100304,2025-01-10,2025-03-13
500188,100303,2025-01-10,2025-02-10
500189,100302,2025-01-10,2025-01-26
500190,100300,2025-01-10,2025-01-17
500191,100299,2025-01-10,2025-06-10
500192,100297,2025-01-10,2025-01-12
500193,100295,2025-01-10,2025-09-15
500194,100293,2025-01-10,2025-01-30
500195,100306,2025-01-10,2025-01-24
500196,100290,2025-01-10,2025-01-31
500197,100287,2025-01-10,2025-02-10
500198,100288,2025-01-10,2025-01-14
500199,100275,2025-01-10,
500200,100276,2025-01-10,2025-02-03
500201,100279,2025-01-10,2025-12-18
500202,100277,2025-01-10,2026-07-08
500203,100282,2025-01-10,2025-01-18
500204,100284,2025-01-10,2025-04-04
500205,100286,2025-01-10,2025-01-13
500206,100280,2025-01-10,2025-01-12
500207,100342,2025-01-11,2025-02-19
500208,100341,2025-01-11,2025-05-25
500209,100340,2025-01-11,2025-03-05
500210,100338,2025-01-11,2025-03-10
500211,100336,2025-01-11,2025-02-02
500212,100334,2025-01-11,2026-04-12
500213,100333,2025-01-11,2025-01-18
500214,100331,2025-01-11,2025-02-28
500215,100329,2025-01-11,2025-02-03
500216,100327,2025-01-11,2026-06-30
500217,100326,2025-01-11,2025-06-25
500218,100323,2025-01-11,2025-01-20
500219,100325,2025-01-11,2025-05-05
500220,100310,2025-01-11,2025-03-14
500221,100312,2025-01-11,2025-10-18
500222,100314,2025-01-11,2025-04-09
500223,100308,2025-01-11,2025-03-04
500224,100318,2025-01-11,2025-04-17
500225,100319,2025-01-11,2025-02-08
500226,100320,2025-01-11,2025-01-16
500227,100322,2025-01-11,2025-02-12
500228,100316,2025-01-11,2025-01-25
500229,100359,2025-01-12,2025-01-15
500230,100366,2025-01-12,2025-01-13
500231,100364,2025-01-12,2025-02-09
500232,100363,2025-01-12,2025-01-28
500233,100362,2025-01-12,2025-01-26
500234,100361,2025-01-12,2025-01-27
500235,100360,2025-01-12,2025-02-02
500236,100358,2025-01-12,2025-01-29
500237,100354,2025-01-12,2025-02-20
500238,100355,2025-01-12,2025-03-08
500239,100352,2025-01-12,2025-04-21
500240,100350,2025-01-12,2025-02-10
500241,100348,2025-01-12,2025-05-24
500242,100346,2025-01-12,2025-02-05
500243,100344,2025-01-12,2025-03-09
500244,100343,2025-01-12,2025-03-13
500245,100356,2025-01-12,2025-10-11
500246,100383,2025-01-13,2025-02-07
500247,100390,2025-01-13,2026-01-10
500248,100389,2025-01-13,2025-01-26
500249,100387,2025-01-13,2025-04-17
500250,100386,2025-01-13,2025-08-06
500251,100384,2025-01-13,2025-01-15
500252,100392,2025-01-13,2025-03-12
500253,100381,2025-01-13,2025-09-18
500254,100375,2025-01-13,2025-02-04
500255,100377,2025-01-13,2025-01-25
500256,100374,2025-01-13,2025-01-28
500257,100373,2025-01-13,2025-10-16
500258,100372,2025-01-13,2025-01-31
500259,100370,2025-01-13,2025-08-18
500260,100368,2025-01-13,2025-01-28
500261,100379,2025-01-13,2025-01-17
500262,100418,2025-01-14,2025-01-26
500263,100417,2025-01-14,2025-02-24
500264,100415,2025-01-14,2025-01-28
500265,100413,2025-01-14,2025-01-18
500266,100411,2025-01-14,2025-04-21
500267,100410,2025-01-14,2025-07-03
500268,100409,2025-01-14,2025-03-26
500269,100408,2025-01-14,2025-04-28
500270,100406,2025-01-14,2025-02-02
500271,100404,2025-01-14,2025-02-02
500272,100402,2025-01-14,2025-10-20
500273,100401,2025-01-14,2025-09-09
500274,100400,2025-01-14,2025-01-23
500275,100398,2025-01-14,2025-01-19
500276,100396,2025-01-14,2025-01-24
500277,100395,2025-01-14,2025-04-16
500278,100394,2025-01-14,2025-11-26
500279,100403,2025-01-14,
500280,100430,2025-01-15,2025-01-27
500281,100439,2025-01-15,2025-03-07
500282,100436,2025-01-15,2025-10-21
500283,100434,2025-01-15,2025-04-24
500284,100432,2025-01-15,2025-01-18
500285,100428,2025-01-15,2025-01-22
500286,100438,2025-01-15,2025-02-19
500287,100425,2025-01-15,2025-03-17
500288,100424,2025-01-15,2025-01-23
500289,100422,2025-01-15,2025-05-11
500290,100421,2025-01-15,2025-01-18
500291,100427,2025-01-15,2025-02-24
500292,100420,2025-01-15,2026-03-04
500293,100459,2025-01-16,2025-02-07
500294,100458,2025-01-16,2025-02-19
500295,100457,2025-01-16,2025-05-22
500296,100455,2025-01-16,2025-01-22
500297,100453,2025-01-16,2025-03-10
500298,100452,2025-01-16,2025-02-02
500299,100449,2025-01-16,2025-02-05
500300,100451,2025-01-16,2025-04-20
500301,100447,2025-01-16,2025-05-16
500302,100445,2025-01-16,2025-05-11
500303,100443,2025-01-16,2026-02-01
500304,100442,2025-01-16,2025-02-14
500305,100441,2025-01-16,2025-02-05
500306,100440,2025-01-16,2025-01-21
500307,100448,2025-01-16,2025-01-29
500308,100473,2025-01-17,2025-02-18
500309,100483,2025-01-17,2025-01-18
500310,100481,2025-01-17,2025-01-23
500311,100479,2025-01-17,
500312,100477,2025-01-17,2025-02-18
500313,100476,2025-01-17,2025-04-23
500314,100474,2025-01-17,2025-05-07
500315,100472,2025-01-17,2025-04-27
500316,100482,2025-01-17,2025-03-07
500317,100469,2025-01-17,2025-05-12
500318,100460,2025-01-17,2025-01-27
500319,100461,2025-01-17,2025-03-10
500320,100463,2025-01-17,2025-08-13
500321,100470,2025-01-17,2026-01-11
500322,100465,2025-01-17,2025-01-28
500323,100466,2025-01-17,2025-02-14
500324,100467,2025-01-17,2025-11-24
500325,100464,2025-01-17,2025-02-08
500326,100521,2025-01-18,2025-03-04
500327,100520,2025-01-18,2025-08-08
500328,100506,2025-01-18,2025-01-23
500329,100517,2025-01-18,2025-02-18
500330,100516,2025-01-18,2025-05-08
500331,100514,2025-01-18,2025-02-25
500332,100512,2025-01-18,
500333,100511,2025-01-18,2025-01-28
500334,100510,2025-01-18,2026-02-17
500335,100509,2025-01-18,2025-05-24
500336,100508,2025-01-18,2025-07-01
500337,100518,2025-01-18,2025-01-20
500338,100504,2025-01-18,2025-11-03
500339,100501,2025-01-18,2025-02-22
500340,100502,2025-01-18,2025-04-04
500341,100487,2025-01-18,2025-01-23
500342,100488,2025-01-18,2025-09-06
500343,100489,2025-01-18,2025-04-11
500344,100490,2025-01-18,2025-03-30
500345,100485,2025-01-18,2025-02-02
500346,100493,2025-01-18,2025-03-25
500347,100495,2025-01-18,2025-01-29
500348,100496,2025-01-18,2025-02-27
500349,100498,2025-01-18,2025-02-26
500350,100500,2025-01-18,2025-02-28
500351,100492,2025-01-18,2025-04-27
500352,100542,2025-01-19,2025-07-17
500353,100555,2025-01-19,2025-04-14
500354,100553,2025-01-19,2025-02-25
500355,100551,2025-01-19,2025-04-03
500356,100549,2025-01-19,
500357,100548,2025-01-19,2025-02-10
500358,100546,2025-01-19,2025-01-21
500359,100544,2025-01-19,2025-02-11
500360,100543,2025-01-19,2026-03-12
500361,100541,2025-01-19,
500362,100540,2025-01-19,2025-02-27
500363,100538,2025-01-19,2025-12-02
500364,100524,2025-01-19,2025-02-21
500365,100526,2025-01-19,2025-01-31
500366,100527,2025-01-19,2025-02-03
500367,100528,2025-01-19,2025-02-09
500368,100523,2025-01-19,2025-02-01
500369,100532,2025-01-19,2025-05-17
500370,100533,2025-01-19,2025-01-26
500371,100534,2025-01-19,2025-02-02
500372,100536,2025-01-19,
500373,100530,2025-01-19,2025-02-11
500374,100573,2025-01-20,2025-05-26
500375,100584,2025-01-20,2025-07-15
500376,100583,2025-01-20,2025-03-10
500377,100582,2025-01-20,2025-02-08
500378,100581,2025-01-20,2025-04-03
500379,100579,2025-01-20,2025-08-04
500380,100578,2025-01-20,2025-06-16
500381,100576,2025-01-20,2025-04-18
500382,100575,2025-01-20,2025-02-03
500383,100572,2025-01-20,2025-01-21
500384,100569,2025-01-20,2025-02-03
500385,100570,2025-01-20,2025-02-15
500386,100557,2025-01-20,2025-05-29
500387,100571,2025-01-20,2025-05-14
500388,100559,2025-01-20,2025-01-22
500389,100561,2025-01-20,2025-01-22
500390,100558,2025-01-20,2025-02-01
500391,100564,2025-01-20,2025-04-29
500392,100565,2025-01-20,2025-03-04
500393,100567,2025-01-20,2025-04-29
500394,100562,2025-01-20,2025-01-29
500395,100597,2025-01-21,2025-07-11
500396,100605,2025-01-21,2025-01-23
500397,100603,2025-01-21,2025-02-11
500398,100601,2025-01-21,2025-01-26
500399,100600,2025-01-21,2025-02-21
500400,100598,2025-01-21,2025-02-26
500401,100594,2025-01-21,2025-02-07
500402,100588,2025-01-21,2025-01-22
500403,100592,2025-01-21,2025-05-15
500404,100590,2025-01-21,2025-01-22
500405,100587,2025-01-21,2025-01-29
500406,100586,2025-01-21,2025-03-09
500407,100585,2025-01-21,2025-01-25
500408,100596,2025-01-21,2025-04-24
500409,100627,2025-01-22,2025-03-19
500410,100628,2025-01-22,2025-05-08
500411,100629,2025-01-22,2025-12-15
500412,100631,2025-01-22,2025-03-10
500413,100637,2025-01-22,2025-04-13
500414,100635,2025-01-22,2025-02-02
500415,100639,2025-01-22,2025-03-14
500416,100641,2025-01-22,2025-03-03
500417,100643,2025-01-22,2025-02-05
500418,100633,2025-01-22,2025-02-03
500419,100625,2025-01-22,2025-04-15
500420,100621,2025-01-22,2025-01-23
500421,100622,2025-01-22,2025-06-14
500422,100620,2025-01-22,2025-02-16
500423,100618,2025-01-22,2025-02-02
500424,100617,2025-01-22,2025-02-11
500425,100616,2025-01-22,2025-03-23
500426,100614,2025-01-22,2025-01-23
500427,100612,2025-01-22,2025-02-16
500428,100610,2025-01-22,2025-02-15
500429,100608,2025-01-22,2025-03-22
500430,100607,2025-01-22,2025-03-01
500431,100624,2025-01-22,2025-02-17
500432,100664,2025-01-23,2025-03-07
500433,100662,2025-01-23,2025-02-15
500434,100665,2025-01-23,2025-08-09
500435,100660,2025-01-23,2025-08-21
500436,100671,2025-01-23,2025-02-23
500437,100668,2025-01-23,2025-03-08
500438,100669,2025-01-23,2025-03-18
500439,100666,2025-01-23,2025-02-01
500440,100658,2025-01-23,2025-04-11
500441,100647,2025-01-23,2025-04-21
500442,100656,2025-01-23,2025-02-25
500443,100654,2025-01-23,2025-02-27
500444,100653,2025-01-23,2025-03-13
500445,100651,2025-01-23,2025-02-19
500446,100649,2025-01-23,2025-02-08
500447,100646,2025-01-23,2025-09-25
500448,100645,2025-01-23,2026-06-19
500449,100657,2025-01-23,2025-02-01
500450,100690,2025-01-24,2025-11-27
500451,100688,2025-01-24,2025-02-04
500452,100686,2025-01-24,2025-05-18
500453,100685,2025-01-24,2025-02-09
500454,100683,2025-01-24,2025-01-25
500455,100681,2025-01-24,
500456,100684,2025-01-24,2025-01-27
500457,100678,2025-01-24,2025-01-31
500458,100676,2025-01-24,2025-02-11
500459,100674,2025-01-24,2025-02-16
500460,100673,2025-01-24,2025-10-27
500461,100672,2025-01-24,2025-08-05
500462,100680,2025-01-24,2025-03-17
500463,100713,2025-01-25,2025-01-30
500464,100714,2025-01-25,2025-08-13
500465,100715,2025-01-25,2025-02-23
500466,100717,2025-01-25,2025-01-31
500467,100719,2025-01-25,2025-02-09
500468,100724,2025-01-25,2026-05-02
500469,100722,2025-01-25,2025-02-09
500470,100725,2025-01-25,2025-01-27
500471,100727,2025-01-25,
500472,100729,2025-01-25,2025-03-24
500473,100712,2025-01-25,2025-07-02
500474,100721,2025-01-25,2025-08-03
500475,100710,2025-01-25,2025-03-22
500476,100702,2025-01-25,2025-01-28
500477,100707,2025-01-25,2025-01-28
500478,100708,2025-01-25,2025-02-02
500479,100693,2025-01-25,2025-01-26
500480,100694,2025-01-25,2025-02-07
500481,100696,2025-01-25,2025-02-06
500482,100697,2025-01-25,2025-08-23
500483,100691,2025-01-25,2025-02-02
500484,100700,2025-01-25,2025-02-06
500485,100701,2025-01-25,2025-02-21
500486,100703,2025-01-25,2025-08-22
500487,100705,2025-01-25,2025-03-07
500488,100699,2025-01-25,2025-02-10
500489,100750,2025-01-26,2025-03-22
500490,100751,2025-01-26,2025-03-03
500491,100753,2025-01-26,2025-01-29
500492,100754,2025-01-26,2025-02-15
500493,100755,2025-01-26,2025-04-09
500494,100758,2025-01-26,2025-02-13
500495,100759,2025-01-26,2025-01-29
500496,100762,2025-01-26,2025-02-23
500497,100761,2025-01-26,2025-03-27
500498,100749,2025-01-26,2025-02-20
500499,100757,2025-01-26,2025-08-09
500500,100747,2025-01-26,2025-03-28
500501,100760,2025-01-26,2025-02-06
500502,100745,2025-01-26,2025-02-10
500503,100746,2025-01-26,2025-03-16
500504,100733,2025-01-26,2025-03-12
500505,100734,2025-01-26,2025-02-06
500506,100735,2025-01-26,2025-02-01
500507,100736,2025-01-26,2025-02-26
500508,100731,2025-01-26,2025-01-28
500509,100739,2025-01-26,2025-05-13
500510,100740,2025-01-26,2025-02-06
500511,100742,2025-01-26,2025-08-21
500512,100744,2025-01-26,2025-11-25
500513,100737,2025-01-26,2025-01-27
500514,100781,2025-01-27,2025-03-06
500515,100793,2025-01-27,2025-02-23
500516,100791,2025-01-27,2025-03-03
500517,100789,2025-01-27,2025-02-09
500518,100788,2025-01-27,2025-04-25
500519,100787,2025-01-27,2025-03-12
500520,100785,2025-01-27,2025-01-30
500521,100783,2025-01-27,2025-06-21
500522,100782,2025-01-27,2025-02-06
500523,100779,2025-01-27,2025-02-20
500524,100777,2025-01-27,2025-03-28
500525,100763,2025-01-27,2025-03-10
500526,100775,2025-01-27,2025-04-25
500527,100773,2025-01-27,
500528,100772,2025-01-27,2025-01-28
500529,100771,2025-01-27,2025-02-09
500530,100769,2025-01-27,2025-05-06
500531,100767,2025-01-27,2025-01-30
500532,100766,2025-01-27,2025-02-16
500533,100764,2025-01-27,2025-03-01
500534,100778,2025-01-27,2025-01-31
500535,100815,2025-01-28,2025-01-29
500536,100827,2025-01-28,2025-01-30
500537,100817,2025-01-28,2025-07-23
500538,100819,2025-01-28,2025-08-06
500539,100813,2025-01-28,2025-03-04
500540,100821,2025-01-28,2026-01-23
500541,100823,2025-01-28,2025-02-02
500542,100825,2025-01-28,2025-07-02
500543,100820,2025-01-28,2025-02-05
500544,100811,2025-01-28,2025-02-02
500545,100804,2025-01-28,2025-02-20
500546,100807,2025-01-28,2025-02-01
500547,100806,2025-01-28,2025-02-02
500548,100803,2025-01-28,2025-03-03
500549,100802,2025-01-28,2025-10-27
500550,100800,2025-01-28,2026-02-05
500551,100798,2025-01-28,2025-03-28
500552,100796,2025-01-28,2025-05-01
500553,100795,2025-01-28,2025-02-10
500554,100809,2025-01-28,2025-03-31
500555,100851,2025-01-29,2025-02-11
500556,100849,2025-01-29,2025-01-30
500557,100847,2025-01-29,2025-04-18
500558,100846,2025-01-29,2025-04-08
500559,100844,2025-01-29,2025-05-30
500560,100843,2025-01-29,2026-06-06
500561,100839,2025-01-29,2026-04-10
500562,100841,2025-01-29,2025-03-19
500563,100836,2025-01-29,2025-01-30
500564,100835,2025-01-29,2026-01-21
500565,100834,2025-01-29,2026-06-30
500566,100832,2025-01-29,2025-01-30
500567,100830,2025-01-29,2025-11-20
500568,100828,2025-01-29,2025-10-25
500569,100837,2025-01-29,2025-03-08
500570,100873,2025-01-30,2025-04-17
500571,100874,2025-01-30,2025-03-01
500572,100876,2025-01-30,2025-06-12
500573,100878,2025-01-30,2025-06-23
500574,100880,2025-01-30,2025-04-19
500575,100885,2025-01-30,2025-03-08
500576,100883,2025-01-30,2025-08-02
500577,100886,2025-01-30,2025-07-08
500578,100888,2025-01-30,2025-02-07
500579,100872,2025-01-30,2025-03-11
500580,100881,2025-01-30,2025-03-12
500581,100871,2025-01-30,2026-03-14
500582,100890,2025-01-30,2025-06-05
500583,100868,2025-01-30,2025-02-04
500584,100870,2025-01-30,2025-02-14
500585,100853,2025-01-30,2025-09-28
500586,100855,2025-01-30,2025-01-31
500587,100857,2025-01-30,2025-08-29
500588,100859,2025-01-30,2026-07-20
500589,100856,2025-01-30,2025-08-11
500590,100862,2025-01-30,2025-02-05
500591,100864,2025-01-30,2025-02-08
500592,100865,2025-01-30,2025-02-07
500593,100867,2025-01-30,2025-01-31
500594,100860,2025-01-30,2025-05-12
500595,100900,2025-01-31,2025-02-11
500596,100904,2025-01-31,2025-03-16
500597,100903,2025-01-31,2025-06-19
500598,100901,2025-01-31,2025-02-27
500599,100899,2025-01-31,2025-02-27
500600,100897,2025-01-31,2025-07-19
500601,100895,2025-01-31,2025-02-03
500602,100894,2025-01-31,2025-02-14
500603,100892,2025-01-31,2025-03-25
500604,100898,2025-01-31,2025-02-11
500605,100922,2025-02-01,2026-02-07
500606,100934,2025-02-01,2025-05-21
500607,100933,2025-02-01,2025-02-07
500608,100932,2025-02-01,2025-04-26
500609,100929,2025-02-01,2025-02-12
500610,100927,2025-02-01,2025-02-19
500611,100925,2025-02-01,2025-02-02
500612,100924,2025-02-01,2025-04-29
500613,100923,2025-02-01,2025-02-07
500614,100921,2025-02-01,2025-05-23
500615,100931,2025-02-01,2025-03-09
500616,100917,2025-02-01,2025-02-10
500617,100905,2025-02-01,2025-02-11
500618,100906,2025-02-01,2025-06-03
500619,100908,2025-02-01,2025-02-08
500620,100910,2025-02-01,2025-02-11
500621,100919,2025-02-01,2025-02-02
500622,100913,2025-02-01,2025-04-01
500623,100914,2025-02-01,2025-02-03
500624,100916,2025-02-01,2025-02-18
500625,100912,2025-02-01,2025-02-20
500626,100972,2025-02-02,2025-04-26
500627,100957,2025-02-02,2025-08-19
500628,100970,2025-02-02,
500629,100968,2025-02-02,2026-02-22
500630,100966,2025-02-02,2025-10-14
500631,100964,2025-02-02,2025-03-18
500632,100963,2025-02-02,2025-02-10
500633,100962,2025-02-02,2025-04-09
500634,100961,2025-02-02,2025-02-04
500635,100960,2025-02-02,2025-04-15
500636,100959,2025-02-02,2025-02-05
500637,100971,2025-02-02,2025-02-07
500638,100956,2025-02-02,2025-11-29
500639,100953,2025-02-02,2025-03-11
500640,100951,2025-02-02,2025-06-18
500641,100949,2025-02-02,2025-02-20
500642,100947,2025-02-02,2025-05-06
500643,100946,2025-02-02,2025-06-06
500644,100944,2025-02-02,2025-04-19
500645,100942,2025-02-02,2026-04-01
500646,100940,2025-02-02,2026-03-07
500647,100938,2025-02-02,2025-02-05
500648,100936,2025-02-02,2025-04-27
500649,100935,2025-02-02,2025-02-03
500650,100955,2025-02-02,2025-02-21
500651,100991,2025-02-03,2025-03-10
500652,100992,2025-02-03,2025-03-21
500653,100993,2025-02-03,2025-03-07
500654,100995,2025-02-03,2025-08-09
500655,100989,2025-02-03,2025-02-23
500656,100999,2025-02-03,2025-02-11
500657,101000,2025-02-03,2025-03-02
500658,101002,2025-02-03,2025-04-11
500659,101004,2025-02-03,2025-03-02
500660,100997,2025-02-03,2025-02-11
500661,100988,2025-02-03,2025-03-15
500662,100987,2025-02-03,2025-02-13
500663,100985,2025-02-03,2025-08-01
500664,100983,2025-02-03,2025-03-16
500665,100981,2025-02-03,2025-02-19
500666,100979,2025-02-03,2025-06-27
500667,100978,2025-02-03,2025-10-12
500668,100977,2025-02-03,2025-02-07
500669,100976,2025-02-03,2025-02-23
500670,100975,2025-02-03,2025-02-25
500671,100974,2025-02-03,2025-02-05
500672,100973,2025-02-03,2025-02-09
500673,101025,2025-02-04,2025-02-13
500674,101027,2025-02-04,2025-04-11
500675,101028,2025-02-04,2025-03-22
500676,101030,2025-02-04,2025-07-09
500677,101037,2025-02-04,2025-02-24
500678,101033,2025-02-04,2025-03-23
500679,101035,2025-02-04,2025-02-06
500680,101036,2025-02-04,2025-02-25
500681,101024,2025-02-04,2025-02-27
500682,101031,2025-02-04,2025-02-11
500683,101023,2025-02-04,2025-03-29
500684,101022,2025-02-04,2025-03-02
500685,101005,2025-02-04,2025-03-30
500686,101020,2025-02-04,2026-01-10
500687,101019,2025-02-04,2025-02-08
500688,101018,2025-02-04,2025-06-12
500689,101017,2025-02-04,2025-11-09
500690,101015,2025-02-04,2026-03-16
500691,101013,2025-02-04,2025-04-15
500692,101012,2025-02-04,2025-06-26
500693,101010,2025-02-04,2025-02-28
500694,101008,2025-02-04,2025-02-05
500695,101006,2025-02-04,2025-03-08
500696,101021,2025-02-04,2025-10-24
500697,101057,2025-02-05,2025-02-20
500698,101058,2025-02-05,2025-02-18
500699,101060,2025-02-05,2025-03-06
500700,101062,2025-02-05,2025-02-11
500701,101056,2025-02-05,2025-02-12
500702,101065,2025-02-05,2025-02-16
500703,101067,2025-02-05,2025-02-06
500704,101068,2025-02-05,2025-02-15
500705,101069,2025-02-05,2025-05-15
500706,101063,2025-02-05,2025-02-09
500707,101054,2025-02-05,2026-05-20
500708,101044,2025-02-05,2025-03-01
500709,101052,2025-02-05,2025-04-05
500710,101038,2025-02-05,2025-04-27
500711,101053,2025-02-05,2025-02-08
500712,101042,2025-02-05,2025-04-23
500713,101043,2025-02-05,2025-02-12
500714,101040,2025-02-05,2025-02-24
500715,101046,2025-02-05,2025-02-09
500716,101047,2025-02-05,2025-03-21
500717,101049,2025-02-05,2025-02-06
500718,101050,2025-02-05,2025-08-07
500719,101089,2025-02-06,2025-02-16
500720,101087,2025-02-06,2025-04-28
500721,101086,2025-02-06,2025-02-16
500722,101085,2025-02-06,2025-07-13
500723,101084,2025-02-06,2025-06-07
500724,101091,2025-02-06,2025-02-07
500725,101082,2025-02-06,2025-03-14
500726,101080,2025-02-06,2025-02-17
500727,101078,2025-02-06,2025-04-11
500728,101076,2025-02-06,2025-07-12
500729,101074,2025-02-06,2025-02-15
500730,101072,2025-02-06,2025-03-14
500731,101071,2025-02-06,2025-12-25
500732,101081,2025-02-06,2025-03-15
500733,101102,2025-02-07,2025-04-03
500734,101112,2025-02-07,2025-04-22
500735,101110,2025-02-07,2025-03-17
500736,101108,2025-02-07,2025-03-25
500737,101106,2025-02-07,2025-03-02
500738,101104,2025-02-07,
500739,101101,2025-02-07,
500740,101095,2025-02-07,2025-02-12
500741,101099,2025-02-07,2025-02-19
500742,101098,2025-02-07,2025-03-28
500743,101096,2025-02-07,2025-02-18
500744,101100,2025-02-07,2025-03-01
500745,101094,2025-02-07,2025-03-31
500746,101092,2025-02-07,2025-08-13
500747,101135,2025-02-08,2026-03-06
500748,101137,2025-02-08,2025-03-19
500749,101138,2025-02-08,
500750,101139,2025-02-08,2025-02-13
500751,101144,2025-02-08,2025-03-13
500752,101142,2025-02-08,2025-02-13
500753,101134,2025-02-08,2025-05-19
500754,101146,2025-02-08,2025-03-02
500755,101147,2025-02-08,
500756,101140,2025-02-08,2025-03-30
500757,101131,2025-02-08,2025-02-14
500758,101133,2025-02-08,2025-09-17
500759,101127,2025-02-08,2025-02-14
500760,101113,2025-02-08,2025-09-22
500761,101129,2025-02-08,2025-04-26
500762,101116,2025-02-08,2025-03-16
500763,101117,2025-02-08,2025-02-12
500764,101119,2025-02-08,2025-05-24
500765,101115,2025-02-08,2026-01-14
500766,101122,2025-02-08,2025-02-09
500767,101124,2025-02-08,2025-04-09
500768,101125,2025-02-08,2025-03-06
500769,101126,2025-02-08,2025-02-15
500770,101120,2025-02-08,2025-02-21
500771,101164,2025-02-09,2025-05-26
500772,101175,2025-02-09,2025-02-28
500773,101174,2025-02-09,2025-02-14
500774,101173,2025-02-09,2025-11-03
500775,101171,2025-02-09,2025-07-09
500776,101169,2025-02-09,
500777,101168,2025-02-09,2025-08-03
500778,101166,2025-02-09,2025-03-09
500779,101165,2025-02-09,2025-07-08
500780,101163,2025-02-09,2025-03-07
500781,101161,2025-02-09,2025-05-04
500782,101159,2025-02-09,2025-03-19
500783,101148,2025-02-09,2025-02-13
500784,101150,2025-02-09,2025-03-26
500785,101151,2025-02-09,2025-02-26
500786,101152,2025-02-09,2025-02-11
500787,101149,2025-02-09,2025-11-29
500788,101155,2025-02-09,2025-04-14
500789,101156,2025-02-09,2025-02-19
500790,101158,2025-02-09,2025-02-21
500791,101153,2025-02-09,2025-03-04
500792,101191,2025-02-10,2025-03-26
500793,101200,2025-02-10,2025-03-02
500794,101198,2025-02-10,2025-03-14
500795,101197,2025-02-10,2025-02-11
500796,101195,2025-02-10,2025-02-21
500797,101193,2025-02-10,2025-02-18
500798,101192,2025-02-10,2025-02-11
500799,101187,2025-02-10,2025-02-24
500800,101189,2025-02-10,2025-07-01
500801,101184,2025-02-10,2025-04-20
500802,101183,2025-02-10,2025-02-11
500803,101182,2025-02-10,2025-04-19
500804,101181,2025-02-10,2025-05-07
500805,101180,2025-02-10,2025-04-20
500806,101179,2025-02-10,2025-02-11
500807,101178,2025-02-10,2025-08-15
500808,101176,2025-02-10,2025-03-09
500809,101185,2025-02-10,2025-07-03
500810,101226,2025-02-11,2025-02-20
500811,101228,2025-02-11,2025-03-26
500812,101230,2025-02-11,2025-02-13
500813,101232,2025-02-11,2025-02-20
500814,101234,2025-02-11,2025-02-12
500815,101239,2025-02-11,2025-03-14
500816,101243,2025-02-11,2025-03-25
500817,101237,2025-02-11,2025-03-10
500818,101238,2025-02-11,2025-02-13
500819,101241,2025-02-11,2025-05-16
500820,101225,2025-02-11,2026-04-18
500821,101236,2025-02-11,2025-03-24
500822,101224,2025-02-11,2025-02-24
500823,101209,2025-02-11,2025-02-20
500824,101221,2025-02-11,2025-08-08
500825,101222,2025-02-11,2025-03-14
500826,101203,2025-02-11,2025-02-13
500827,101205,2025-02-11,2025-03-06
500828,101207,2025-02-11,2025-07-01
500829,101211,2025-02-11,2025-02-28
500830,101202,2025-02-11,2026-05-20
500831,101214,2025-02-11,2025-02-21
500832,101215,2025-02-11,2025-02-28
500833,101217,2025-02-11,2025-02-23
500834,101218,2025-02-11,2025-02-20
500835,101213,2025-02-11,2025-02-19
500836,101219,2025-02-11,2025-07-11
500837,101265,2025-02-12,2025-03-03
500838,101266,2025-02-12,2025-04-14
500839,101267,2025-02-12,2025-02-23
500840,101269,2025-02-12,2025-02-22
500841,101273,2025-02-12,2025-02-15
500842,101275,2025-02-12,2025-03-17
500843,101276,2025-02-12,2025-02-17
500844,101278,2025-02-12,2026-03-08
500845,101263,2025-02-12,2025-02-14
500846,101271,2025-02-12,2025-03-06
500847,101262,2025-02-12,2025-03-05
500848,101272,2025-02-12,2025-05-16
500849,101259,2025-02-12,2025-03-27
500850,101260,2025-02-12,2025-07-18
500851,101246,2025-02-12,2025-03-01
500852,101247,2025-02-12,2025-02-14
500853,101249,2025-02-12,2025-08-04
500854,101251,2025-02-12,2025-03-06
500855,101244,2025-02-12,
500856,101253,2025-02-12,2025-04-21
500857,101255,2025-02-12,2025-03-04
500858,101256,2025-02-12,2025-03-05
500859,101257,2025-02-12,2025-02-26
500860,101252,2025-02-12,2025-08-22
500861,101307,2025-02-13,2025-06-16
500862,101305,2025-02-13,2025-06-05
500863,101304,2025-02-13,2026-04-19
500864,101302,2025-02-13,2026-02-24
500865,101300,2025-02-13,2025-02-22
500866,101298,2025-02-13,2025-03-08
500867,101297,2025-02-13,2025-05-04
500868,101296,2025-02-13,2025-05-23
500869,101295,2025-02-13,2025-02-16
500870,101289,2025-02-13,2025-02-25
500871,101291,2025-02-13,2025-02-24
500872,101288,2025-02-13,2025-02-27
500873,101287,2025-02-13,2025-05-01
500874,101286,2025-02-13,2025-05-07
500875,101285,2025-02-13,2025-02-28
500876,101284,2025-02-13,2025-02-26
500877,101282,2025-02-13,2025-03-08
500878,101280,2025-02-13,2025-04-26
500879,101293,2025-02-13,2025-02-21
500880,101327,2025-02-14,2025-02-20
500881,101335,2025-02-14,2026-02-08
500882,101328,2025-02-14,2025-02-18
500883,101326,2025-02-14,2025-02-19
500884,101331,2025-02-14,2026-01-06
500885,101332,2025-02-14,2025-02-25
500886,101333,2025-02-14,2025-03-08
500887,101329,2025-02-14,2025-04-08
500888,101325,2025-02-14,2025-04-19
500889,101317,2025-02-14,2025-04-06
500890,101322,2025-02-14,2025-03-02
500891,101320,2025-02-14,2025-03-21
500892,101319,2025-02-14,2025-04-12
500893,101315,2025-02-14,2025-06-24
500894,101314,2025-02-14,2025-10-06
500895,101312,2025-02-14,2025-09-11
500896,101310,2025-02-14,2025-07-12
500897,101308,2025-02-14,2025-03-01
500898,101324,2025-02-14,2025-02-15
500899,101356,2025-02-15,2025-02-28
500900,101358,2025-02-15,2025-04-05
500901,101359,2025-02-15,2025-03-14
500902,101360,2025-02-15,2025-03-06
500903,101365,2025-02-15,2025-03-08
500904,101362,2025-02-15,2025-05-20
500905,101364,2025-02-15,2025-04-03
500906,101354,2025-02-15,2025-02-16
500907,101361,2025-02-15,2025-04-10
500908,101352,2025-02-15,2025-03-14
500909,101355,2025-02-15,2025-05-20
500910,101349,2025-02-15,2025-05-13
500911,101350,2025-02-15,2026-02-16
500912,101336,2025-02-15,2025-04-28
500913,101337,2025-02-15,2025-09-08
500914,101340,2025-02-15,2025-04-11
500915,101341,2025-02-15,2025-02-22
500916,101339,2025-02-15,2025-02-18
500917,101344,2025-02-15,2025-04-02
500918,101346,2025-02-15,2026-04-27
500919,101348,2025-02-15,2025-03-23
500920,101342,2025-02-15,2025-02-28
500921,101394,2025-02-16,2025-04-19
500922,101388,2025-02-16,2025-02-17
500923,101389,2025-02-16,2026-01-18
500924,101391,2025-02-16,2025-11-23
500925,101392,2025-02-16,2025-02-19
500926,101395,2025-02-16,2025-02-26
500927,101402,2025-02-16,2025-04-06
500928,101399,2025-02-16,2025-08-10
500929,101400,2025-02-16,2025-05-14
500930,101401,2025-02-16,2025-02-17
500931,101404,2025-02-16,2025-03-07
500932,101387,2025-02-16,2025-04-22
500933,101397,2025-02-16,2025-03-21
500934,101386,2025-02-16,2025-02-20
500935,101369,2025-02-16,2026-01-15
500936,101384,2025-02-16,2025-06-16
500937,101366,2025-02-16,2025-12-27
500938,101367,2025-02-16,2025-08-05
500939,101385,2025-02-16,2025-02-17
500940,101370,2025-02-16,2025-04-20
500941,101372,2025-02-16,2025-04-22
500942,101374,2025-02-16,2025-03-30
500943,101368,2025-02-16,2025-02-22
500944,101377,2025-02-16,2025-02-17
500945,101379,2025-02-16,2025-02-18
500946,101380,2025-02-16,2025-02-26
500947,101381,2025-02-16,
500948,101382,2025-02-16,2025-10-05
500949,101376,2025-02-16,2025-02-20
500950,101422,2025-02-17,2025-04-20
500951,101435,2025-02-17,2025-04-06
500952,101434,2025-02-17,2025-04-01
500953,101431,2025-02-17,2025-03-06
500954,101429,2025-02-17,2025-06-30
500955,101428,2025-02-17,2026-04-08
500956,101426,2025-02-17,2025-04-25
500957,101424,2025-02-17,2025-03-26
500958,101420,2025-02-17,2025-03-31
500959,101432,2025-02-17,2026-01-12
500960,101417,2025-02-17,2025-03-19
500961,101416,2025-02-17,2025-03-06
500962,101414,2025-02-17,2025-06-05
500963,101412,2025-02-17,2025-03-21
500964,101411,2025-02-17,2025-02-23
500965,101409,2025-02-17,2025-02-18
500966,101418,2025-02-17,2025-03-04
500967,101407,2025-02-17,2025-03-12
500968,101405,2025-02-17,2025-02-23
500969,101457,2025-02-18,2025-03-03
500970,101458,2025-02-18,2025-02-19
500971,101459,2025-02-18,2025-03-06
500972,101460,2025-02-18,2025-02-20
500973,101467,2025-02-18,2025-03-01
500974,101464,2025-02-18,2025-07-31
500975,101466,2025-02-18,2025-02-23
500976,101456,2025-02-18,2025-02-21
500977,101462,2025-02-18,2025-03-20
500978,101454,2025-02-18,2025-02-22
500979,101449,2025-02-18,2025-08-27
500980,101450,2025-02-18,2025-09-05
500981,101447,2025-02-18,2025-03-15
500982,101446,2025-02-18,2025-07-06
500983,101444,2025-02-18,2025-04-10
500984,101442,2025-02-18,2025-03-19
500985,101441,2025-02-18,2025-03-20
500986,101440,2025-02-18,2025-03-13
500987,101438,2025-02-18,2025-07-03
500988,101437,2025-02-18,2025-08-03
500989,101452,2025-02-18,2025-02-25
500990,101478,2025-02-19,2025-04-24
500991,101483,2025-02-19,2025-04-02
500992,101482,2025-02-19,2025-08-12
500993,101480,2025-02-19,2025-06-02
500994,101477,2025-02-19,2025-03-13
500995,101485,2025-02-19,2025-03-15
500996,101473,2025-02-19,2025-02-20
500997,101472,2025-02-19,2025-04-13
500998,101471,2025-02-19,2025-02-25
500999,101470,2025-02-19,2025-04-22
501000,101468,2025-02-19,2025-02-20
501001,101475,2025-02-19,2026-04-11
501002,101509,2025-02-20,2025-02-26
501003,101507,2025-02-20,2025-04-02
501004,101505,2025-02-20,2025-03-03
501005,101504,2025-02-20,2025-04-01
501006,101503,2025-02-20,2025-12-09
501007,101501,2025-02-20,2025-02-27
501008,101500,2025-02-20,2025-03-15
501009,101499,2025-02-20,2025-03-20
501010,101511,2025-02-20,2025-02-25
501011,101496,2025-02-20,2025-05-15
501012,101494,2025-02-20,2025-03-05
501013,101493,2025-02-20,2025-07-18
501014,101491,2025-02-20,2025-05-24
501015,101490,2025-02-20,2025-03-14
501016,101489,2025-02-20,2025-05-28
501017,101487,2025-02-20,2025-03-10
501018,101486,2025-02-20,2025-03-11
501019,101497,2025-02-20,2025-02-23
501020,101530,2025-02-21,2025-03-15
501021,101529,2025-02-21,2025-08-17
501022,101528,2025-02-21,2025-03-05
501023,101527,2025-02-21,2025-02-24
501024,101525,2025-02-21,2025-02-27
501025,101524,2025-02-21,2025-03-29
501026,101522,2025-02-21,2025-03-31
501027,101519,2025-02-21,2025-02-27
501028,101517,2025-02-21,2025-02-25
501029,101516,2025-02-21,2025-03-20
501030,101514,2025-02-21,2025-12-10
501031,101512,2025-02-21,2025-07-16
501032,101521,2025-02-21,2025-04-18
501033,101547,2025-02-22,2025-02-23
501034,101560,2025-02-22,2025-02-27
501035,101558,2025-02-22,2025-03-18
501036,101556,2025-02-22,2025-02-26
501037,101554,2025-02-22,2026-02-18
501038,101552,2025-02-22,2025-03-13
501039,101551,2025-02-22,2026-01-29
501040,101561,2025-02-22,2025-02-26
501041,101549,2025-02-22,2025-03-17
501042,101546,2025-02-22,2025-03-16
501043,101540,2025-02-22,2025-03-11
501044,101543,2025-02-22,2026-07-16
501045,101542,2025-02-22,2025-03-22
501046,101539,2025-02-22,2025-08-24
501047,101538,2025-02-22,2025-05-16
501048,101537,2025-02-22,2025-02-25
501049,101535,2025-02-22,2025-03-23
501050,101533,2025-02-22,2025-08-24
501051,101531,2025-02-22,2025-08-20
501052,101545,2025-02-22,2025-02-23
501053,101582,2025-02-23,2025-04-01
501054,101584,2025-02-23,2025-10-06
501055,101586,2025-02-23,2025-05-03
501056,101588,2025-02-23,2026-02-23
501057,101590,2025-02-23,2025-03-24
501058,101598,2025-02-23,2025-08-24
501059,101594,2025-02-23,2025-05-13
501060,101596,2025-02-23,
501061,101581,2025-02-23,2025-02-25
501062,101600,2025-02-23,2025-02-27
501063,101592,2025-02-23,2025-09-06
501064,101579,2025-02-23,2025-04-23
501065,101578,2025-02-23,2025-03-25
501066,101564,2025-02-23,2025-02-25
501067,101562,2025-02-23,2025-08-21
501068,101576,2025-02-23,2025-09-13
501069,101565,2025-02-23,2025-03-01
501070,101566,2025-02-23,2025-03-06
501071,101569,2025-02-23,2026-05-10
501072,101568,2025-02-23,2025-03-01
501073,101571,2025-02-23,2025-03-10
501074,101572,2025-02-23,2025-03-14
501075,101573,2025-02-23,2025-04-17
501076,101574,2025-02-23,2025-03-23
501077,101575,2025-02-23,2025-03-01
501078,101570,2025-02-23,2025-10-18
501079,101624,2025-02-24,
501080,101621,2025-02-24,2026-04-30
501081,101622,2025-02-24,2025-09-14
501082,101626,2025-02-24,2025-03-21
501083,101619,2025-02-24,2025-03-03
501084,101630,2025-02-24,
501085,101632,2025-02-24,2025-05-26
501086,101633,2025-02-24,2025-03-21
501087,101628,2025-02-24,2025-03-06
501088,101617,2025-02-24,2025-02-26
501089,101602,2025-02-24,2025-02-25
501090,101614,2025-02-24,2025-02-27
501091,101613,2025-02-24,2025-07-03
501092,101612,2025-02-24,
501093,101611,2025-02-24,2025-02-25
501094,101610,2025-02-24,2025-03-18
501095,101609,2025-02-24,2025-08-27
501096,101607,2025-02-24,2025-05-17
501097,101606,2025-02-24,2025-03-26
501098,101604,2025-02-24,2025-03-11
501099,101615,2025-02-24,2026-03-28
501100,101656,2025-02-25,2026-02-16
501101,101657,2025-02-25,2025-04-11
501102,101658,2025-02-25,2025-02-28
501103,101660,2025-02-25,2025-12-27
501104,101661,2025-02-25,2025-06-26
501105,101662,2025-02-25,2025-02-26
501106,101669,2025-02-25,2025-03-03
501107,101666,2025-02-25,2025-03-01
501108,101667,2025-02-25,2025-06-05
501109,101668,2025-02-25,2025-03-18
501110,101671,2025-02-25,2025-03-02
501111,101673,2025-02-25,2025-06-19
501112,101674,2025-02-25,2025-06-05
501113,101664,2025-02-25,2025-03-30
501114,101653,2025-02-25,
501115,101655,2025-02-25,2025-10-31
501116,101651,2025-02-25,2025-03-20
501117,101652,2025-02-25,2025-02-26
501118,101634,2025-02-25,
501119,101636,2025-02-25,2025-03-19
501120,101638,2025-02-25,2025-03-24
501121,101639,2025-02-25,2025-03-12
501122,101640,2025-02-25,2025-11-22
501123,101635,2025-02-25,2025-08-09
501124,101643,2025-02-25,2025-03-08
501125,101642,2025-02-25,2025-04-26
501126,101648,2025-02-25,2025-03-12
501127,101650,2025-02-25,2025-02-28
501128,101645,2025-02-25,2025-09-08
501129,101644,2025-02-25,2025-03-02
501130,101647,2025-02-25,2025-03-16
501131,101696,2025-02-26,2025-03-12
501132,101712,2025-02-26,2025-03-02
501133,101711,2025-02-26,2025-05-27
501134,101708,2025-02-26,2025-03-06
501135,101706,2025-02-26,2025-06-19
501136,101704,2025-02-26,2025-03-19
501137,101702,2025-02-26,2025-05-31
501138,101701,2025-02-26,2025-06-02
501139,101700,2025-02-26,2025-06-22
501140,101698,2025-02-26,2025-07-22
501141,101695,2025-02-26,2025-05-02
501142,101709,2025-02-26,2025-05-14
501143,101692,2025-02-26,2025-03-04
501144,101677,2025-02-26,2026-06-18
501145,101679,2025-02-26,2025-04-17
501146,101680,2025-02-26,2025-05-02
501147,101681,2025-02-26,2025-03-13
501148,101676,2025-02-26,2025-02-27
501149,101685,2025-02-26,2025-03-04
501150,101687,2025-02-26,2025-03-11
501151,101689,2025-02-26,2025-03-10
501152,101691,2025-02-26,2025-03-08
501153,101683,2025-02-26,2025-02-28
501154,101694,2025-02-26,2025-05-02
501155,101733,2025-02-27,2025-03-19
501156,101746,2025-02-27,2025-04-13
501157,101745,2025-02-27,2025-03-07
501158,101744,2025-02-27,2025-09-28
501159,101742,2025-02-27,2025-02-28
501160,101740,2025-02-27,2025-03-03
501161,101739,2025-02-27,2025-03-12
501162,101737,2025-02-27,2025-04-27
501163,101735,2025-02-27,2025-06-18
501164,101731,2025-02-27,2025-03-25
501165,101728,2025-02-27,2025-03-30
501166,101726,2025-02-27,2025-04-24
501167,101724,2025-02-27,2025-05-07
501168,101723,2025-02-27,2025-05-26
501169,101721,2025-02-27,2025-08-18
501170,101719,2025-02-27,2025-06-29
501171,101717,2025-02-27,2025-05-14
501172,101715,2025-02-27,2025-06-12
501173,101713,2025-02-27,2025-04-30
501174,101729,2025-02-27,2025-04-27
501175,101770,2025-02-28,2025-03-14
501176,101773,2025-02-28,2025-03-14
501177,101774,2025-02-28,2025-04-08
501178,101776,2025-02-28,2025-08-03
501179,101777,2025-02-28,
501180,101779,2025-02-28,2025-03-28
501181,101785,2025-02-28,
501182,101781,2025-02-28,2025-03-16
501183,101782,2025-02-28,2025-07-22
501184,101783,2025-02-28,2025-04-16
501185,101787,2025-02-28,2025-07-30
501186,101769,2025-02-28,2025-03-01
501187,101780,2025-02-28,2025-03-01
501188,101768,2025-02-28,2025-03-21
501189,101772,2025-02-28,2025-03-18
501190,101764,2025-02-28,2025-06-02
501191,101747,2025-02-28,2025-03-15
501192,101749,2025-02-28,2025-03-05
501193,101751,2025-02-28,2025-03-14
501194,101752,2025-02-28,2025-04-27
501195,101753,2025-02-28,2025-03-29
501196,101754,2025-02-28,2025-03-21
501197,101748,2025-02-28,2026-01-21
501198,101757,2025-02-28,2025-04-05
501199,101758,2025-02-28,2025-05-30
501200,101760,2025-02-28,2025-10-22
501201,101766,2025-02-28,2025-03-11
501202,101762,2025-02-28,2025-04-05
501203,101756,2025-02-28,2025-03-28
501204,101811,2025-03-01,2025-06-16
501205,101813,2025-03-01,2025-09-22
501206,101815,2025-03-01,2025-03-08
501207,101817,2025-03-01,2026-04-01
501208,101819,2025-03-01,2026-02-06
501209,101825,2025-03-01,2025-03-08
501210,101822,2025-03-01,2025-12-30
501211,101827,2025-03-01,2025-06-01
501212,101828,2025-03-01,2025-03-03
501213,101809,2025-03-01,2025-03-08
501214,101821,2025-03-01,2025-03-23
501215,101807,2025-03-01,2025-06-05
501216,101823,2025-03-01,2026-04-16
501217,101804,2025-03-01,2025-04-08
501218,101789,2025-03-01,2026-02-27
501219,101791,2025-03-01,2025-03-04
501220,101792,2025-03-01,2025-03-13
501221,101794,2025-03-01,2026-01-02
501222,101788,2025-03-01,2025-09-29
501223,101797,2025-03-01,2025-03-02
501224,101795,2025-03-01,2025-03-02
501225,101802,2025-03-01,2025-07-20
501226,101806,2025-03-01,2025-04-06
501227,101798,2025-03-01,2025-11-27
501228,101800,2025-03-01,2025-09-06
501229,101868,2025-03-02,2025-09-30
501230,101854,2025-03-02,2025-03-07
501231,101867,2025-03-02,2025-03-17
501232,101865,2025-03-02,2025-03-23
501233,101862,2025-03-02,2025-03-24
501234,101861,2025-03-02,2025-03-03
501235,101860,2025-03-02,2026-02-15
501236,101858,2025-03-02,2025-03-08
501237,101857,2025-03-02,2025-03-13
501238,101856,2025-03-02,2025-03-08
501239,101863,2025-03-02,2025-03-25
501240,101850,2025-03-02,2025-03-04
501241,101848,2025-03-02,2025-03-26
501242,101846,2025-03-02,2025-04-03
501243,101844,2025-03-02,2025-03-10
501244,101842,2025-03-02,2025-03-03
501245,101840,2025-03-02,2025-07-30
501246,101838,2025-03-02,2025-03-29
501247,101836,2025-03-02,2025-03-11
501248,101834,2025-03-02,2026-06-21
501249,101832,2025-03-02,2025-03-31
501250,101830,2025-03-02,2025-03-27
501251,101852,2025-03-02,2025-04-12
501252,101888,2025-03-03,2025-04-16
501253,101890,2025-03-03,2025-03-10
501254,101891,2025-03-03,2025-04-04
501255,101892,2025-03-03,2025-03-04
501256,101886,2025-03-03,2025-03-08
501257,101895,2025-03-03,2025-08-08
501258,101896,2025-03-03,2025-06-19
501259,101898,2025-03-03,2026-03-28
501260,101894,2025-03-03,2025-03-07
501261,101885,2025-03-03,2025-07-28
501262,101880,2025-03-03,2025-03-09
501263,101882,2025-03-03,2025-03-21
501264,101884,2025-03-03,
501265,101879,2025-03-03,2025-05-12
501266,101877,2025-03-03,2025-03-29
501267,101876,2025-03-03,2025-03-05
501268,101875,2025-03-03,
501269,101874,2025-03-03,2025-03-06
501270,101872,2025-03-03,2025-04-02
501271,101870,2025-03-03,2025-03-22
501272,101921,2025-03-04,2025-03-05
501273,101920,2025-03-04,2025-04-21
501274,101918,2025-03-04,
501275,101917,2025-03-04,2026-07-11
501276,101915,2025-03-04,2025-03-20
501277,101913,2025-03-04,2025-06-01
501278,101912,2025-03-04,2026-03-01
501279,101908,2025-03-04,2025-05-06
501280,101910,2025-03-04,2025-10-15
501281,101906,2025-03-04,2025-12-30
501282,101905,2025-03-04,2025-06-26
501283,101904,2025-03-04,2025-08-05
501284,101902,2025-03-04,2025-04-29
501285,101900,2025-03-04,2025-03-18
501286,101911,2025-03-04,2025-03-21
501287,101933,2025-03-05,2025-04-19
501288,101938,2025-03-05,2025-08-18
501289,101937,2025-03-05,2025-03-26
501290,101936,2025-03-05,2025-04-01
501291,101940,2025-03-05,2025-03-20
501292,101932,2025-03-05,2025-03-06
501293,101935,2025-03-05,2025-03-28
501294,101930,2025-03-05,2025-05-04
501295,101929,2025-03-05,2025-05-05
501296,101927,2025-03-05,
501297,101925,2025-03-05,2025-03-30
501298,101923,2025-03-05,2025-04-15
501299,101922,2025-03-05,2025-06-02
501300,101931,2025-03-05,2025-03-30
501301,101964,2025-03-06,2025-03-14
501302,101963,2025-03-06,2025-03-19
501303,101962,2025-03-06,2025-08-01
501304,101961,2025-03-06,2025-03-12
501305,101959,2025-03-06,2025-03-14
501306,101958,2025-03-06,2025-08-06
501307,101956,2025-03-06,2025-08-25
501308,101954,2025-03-06,2025-03-26
501309,101957,2025-03-06,2025-03-26
501310,101951,2025-03-06,2026-03-05
501311,101949,2025-03-06,2025-03-20
501312,101947,2025-03-06,2025-07-12
501313,101946,2025-03-06,2025-03-22
501314,101944,2025-03-06,2025-03-17
501315,101943,2025-03-06,
501316,101941,2025-03-06,2025-03-08
501317,101952,2025-03-06,2025-06-17
501318,101987,2025-03-07,2025-03-18
501319,101989,2025-03-07,2025-03-11
501320,101992,2025-03-07,2025-03-24
501321,101994,2025-03-07,2025-03-10
501322,101995,2025-03-07,2025-03-09
501323,102001,2025-03-07,2025-03-10
501324,101998,2025-03-07,2025-03-13
501325,102000,2025-03-07,2025-06-25
501326,102002,2025-03-07,2025-03-13
501327,101985,2025-03-07,2025-06-07
501328,101996,2025-03-07,2025-03-16
501329,101983,2025-03-07,2026-07-01
501330,101990,2025-03-07,2025-09-05
501331,101979,2025-03-07,2025-07-28
501332,101967,2025-03-07,
501333,101968,2025-03-07,
501334,101969,2025-03-07,2025-03-31
501335,101970,2025-03-07,2025-03-08
501336,101965,2025-03-07,
501337,101973,2025-03-07,2025-06-02
501338,101981,2025-03-07,2025-03-31
501339,101975,2025-03-07,2025-03-23
501340,101977,2025-03-07,2025-05-06
501341,101972,2025-03-07,2025-11-12
501342,102019,2025-03-08,2025-03-30
501343,102034,2025-03-08,2025-06-07
501344,102032,2025-03-08,
501345,102030,2025-03-08,2025-06-29
501346,102028,2025-03-08,2025-06-27
501347,102026,2025-03-08,2025-03-25
501348,102024,2025-03-08,2025-03-17
501349,102022,2025-03-08,2026-07-15
501350,102021,2025-03-08,2025-03-15
501351,102018,2025-03-08,2025-03-17
501352,102017,2025-03-08,2025-03-19
501353,102013,2025-03-08,2025-04-29
501354,102011,2025-03-08,2025-05-13
501355,102009,2025-03-08,2025-08-25
501356,102008,2025-03-08,2025-03-31
501357,102007,2025-03-08,2025-03-22
501358,102006,2025-03-08,2025-06-07
501359,102005,2025-03-08,2025-03-14
501360,102004,2025-03-08,2025-04-21
501361,102003,2025-03-08,2025-04-17
501362,102015,2025-03-08,2025-03-26
501363,102058,2025-03-09,2026-04-04
501364,102060,2025-03-09,2025-03-23
501365,102061,2025-03-09,2025-04-09
501366,102062,2025-03-09,2025-03-15
501367,102064,2025-03-09,2025-03-28
501368,102065,2025-03-09,2025-09-04
501369,102074,2025-03-09,2025-03-16
501370,102068,2025-03-09,2025-10-07
501371,102070,2025-03-09,
501372,102071,2025-03-09,2025-04-06
501373,102072,2025-03-09,2025-03-15
501374,102076,2025-03-09,2025-03-24
501375,102066,2025-03-09,2025-03-18
501376,102056,2025-03-09,2025-04-17
501377,102035,2025-03-09,2025-04-28
501378,102053,2025-03-09,2025-05-15
501379,102055,2025-03-09,2025-04-07
501380,102038,2025-03-09,2025-05-30
501381,102039,2025-03-09,2025-04-12
501382,102041,2025-03-09,2025-04-27
501383,102043,2025-03-09,2025-03-13
501384,102037,2025-03-09,2026-03-28
501385,102047,2025-03-09,2025-05-12
501386,102049,2025-03-09,2025-04-15
501387,102050,2025-03-09,2025-11-08
501388,102051,2025-03-09,2025-03-22
501389,102045,2025-03-09,2025-04-21
501390,102088,2025-03-10,2025-03-15
501391,102099,2025-03-10,2025-03-22
501392,102097,2025-03-10,2026-04-03
501393,102100,2025-03-10,2025-05-09
501394,102095,2025-03-10,2026-01-31
501395,102093,2025-03-10,2025-04-04
501396,102091,2025-03-10,2025-08-13
501397,102090,2025-03-10,2025-04-14
501398,102087,2025-03-10,2025-03-16
501399,102096,2025-03-10,2026-02-02
501400,102085,2025-03-10,2026-04-08
501401,102084,2025-03-10,2025-03-25
501402,102083,2025-03-10,2025-06-26
501403,102082,2025-03-10,2025-04-30
501404,102080,2025-03-10,2025-04-08
501405,102079,2025-03-10,2025-03-15
501406,102077,2025-03-10,2025-07-17
501407,100181,2025-03-10,2025-03-19
501408,102086,2025-03-10,2025-05-17
501409,102125,2025-03-11,2025-03-18
501410,102124,2025-03-11,2025-04-19
501411,102123,2025-03-11,2025-03-26
501412,102121,2025-03-11,2025-05-14
501413,102119,2025-03-11,2025-03-28
501414,102118,2025-03-11,2025-03-16
501415,102116,2025-03-11,2025-03-30
501416,102115,2025-03-11,2025-03-20
501417,102111,2025-03-11,2025-06-26
501418,102109,2025-03-11,2025-04-07
501419,102107,2025-03-11,2025-03-16
501420,102105,2025-03-11,2025-06-22
501421,102104,2025-03-11,2025-12-10
501422,102103,2025-03-11,2025-03-17
501423,102101,2025-03-11,2025-03-15
501424,102113,2025-03-11,
501425,102143,2025-03-12,2025-03-23
501426,102144,2025-03-12,2025-03-30
501427,102145,2025-03-12,2025-03-17
501428,102156,2025-03-12,2025-03-13
501429,102154,2025-03-12,2025-05-03
501430,102150,2025-03-12,2025-04-09
501431,102151,2025-03-12,2025-05-29
501432,102152,2025-03-12,2025-12-16
501433,102148,2025-03-12,2025-04-14
501434,102141,2025-03-12,2025-05-12
501435,102146,2025-03-12,2025-03-31
501436,102138,2025-03-12,2025-04-12
501437,102126,2025-03-12,2025-04-03
501438,102127,2025-03-12,2025-03-20
501439,102128,2025-03-12,2025-03-23
501440,102129,2025-03-12,2025-07-07
501441,102140,2025-03-12,2025-09-06
501442,102132,2025-03-12,2025-03-19
501443,102134,2025-03-12,2025-04-07
501444,102136,2025-03-12,2025-07-26
501445,102131,2025-03-12,2025-03-28
501446,102191,2025-03-13,2025-06-09
501447,102176,2025-03-13,2025-03-30
501448,102188,2025-03-13,2025-04-19
501449,102186,2025-03-13,2025-04-20
501450,102185,2025-03-13,2025-09-12
501451,102184,2025-03-13,2025-07-11
501452,102182,2025-03-13,2025-03-30
501453,102180,2025-03-13,
501454,102179,2025-03-13,2025-03-28
501455,102178,2025-03-13,2025-04-11
501456,102177,2025-03-13,2025-03-21
501457,102190,2025-03-13,2025-04-15
501458,102172,2025-03-13,2026-02-01
501459,102171,2025-03-13,2025-03-15
501460,102174,2025-03-13,2025-06-09
501461,102160,2025-03-13,2025-05-25
501462,102162,2025-03-13,2025-03-16
501463,102163,2025-03-13,2025-03-14
501464,102165,2025-03-13,2025-03-29
501465,102158,2025-03-13,2025-04-03
501466,102167,2025-03-13,2025-07-31
501467,102168,2025-03-13,2025-04-05
501468,102169,2025-03-13,2025-08-12
501469,102170,2025-03-13,2025-07-10
501470,102166,2025-03-13,2025-05-10
501471,102209,2025-03-14,2025-05-01
501472,102218,2025-03-14,2025-11-05
501473,102217,2025-03-14,2025-03-22
501474,102215,2025-03-14,2025-09-04
501475,102214,2025-03-14,2025-03-16
501476,102213,2025-03-14,2025-03-20
501477,102212,2025-03-14,2025-06-26
501478,102210,2025-03-14,2025-12-09
501479,102207,2025-03-14,2025-03-21
501480,102219,2025-03-14,2025-04-12
501481,102203,2025-03-14,2025-04-13
501482,102202,2025-03-14,2026-06-18
501483,102201,2025-03-14,2025-03-22
501484,102200,2025-03-14,2025-04-03
501485,102198,2025-03-14,2025-03-19
501486,102196,2025-03-14,2025-03-24
501487,102194,2025-03-14,2026-02-26
501488,102192,2025-03-14,2025-03-21
501489,102205,2025-03-14,2025-03-20
501490,102242,2025-03-15,2025-12-21
501491,102244,2025-03-15,2026-01-13
501492,102247,2025-03-15,2025-04-09
501493,102248,2025-03-15,2025-03-22
501494,102249,2025-03-15,2026-05-31
501495,102251,2025-03-15,2025-03-17
501496,102258,2025-03-15,2025-08-18
501497,102255,2025-03-15,2025-03-31
501498,102257,2025-03-15,2025-03-17
501499,102241,2025-03-15,2025-08-23
501500,102260,2025-03-15,2025-06-20
501501,102262,2025-03-15,2025-03-27
501502,102253,2025-03-15,2025-05-04
501503,102239,2025-03-15,2025-06-17
501504,102246,2025-03-15,2025-03-18
501505,102236,2025-03-15,2025-06-14
501506,102237,2025-03-15,2025-05-10
501507,102220,2025-03-15,2025-03-18
501508,102221,2025-03-15,2025-06-07
501509,102222,2025-03-15,2025-12-30
501510,102224,2025-03-15,2025-03-16
501511,102225,2025-03-15,
501512,102227,2025-03-15,2025-04-20
501513,102223,2025-03-15,2025-04-08
501514,102229,2025-03-15,2025-04-28
501515,102231,2025-03-15,2025-04-21
501516,102232,2025-03-15,2025-09-28
501517,102233,2025-03-15,2025-03-19
501518,102234,2025-03-15,2025-08-13
501519,102228,2025-03-15,2025-06-01
501520,102299,2025-03-16,2025-05-13
501521,102291,2025-03-16,2025-04-30
501522,102293,2025-03-16,2025-03-18
501523,102294,2025-03-16,2025-06-30
501524,102295,2025-03-16,2025-05-06
501525,102296,2025-03-16,2025-09-10
501526,102298,2025-03-16,2025-08-24
501527,102301,2025-03-16,2026-03-08
501528,102313,2025-03-16,2025-03-18
501529,102307,2025-03-16,2025-04-17
501530,102308,2025-03-16,2025-04-06
501531,102309,2025-03-16,2025-04-14
501532,102311,2025-03-16,2025-07-11
501533,102312,2025-03-16,2025-03-21
501534,102315,2025-03-16,2026-07-29
501535,102290,2025-03-16,2025-05-12
501536,102303,2025-03-16,2025-09-14
501537,102288,2025-03-16,2025-05-31
501538,102305,2025-03-16,2025-10-11
501539,102285,2025-03-16,2025-07-31
501540,100346,2025-03-16,2025-10-16
501541,102263,2025-03-16,2025-04-10
501542,102264,2025-03-16,2025-04-25
501543,102265,2025-03-16,2025-04-14
501544,102266,2025-03-16,2025-03-30
501545,102269,2025-03-16,2025-04-08
501546,102287,2025-03-16,2025-10-22
501547,102270,2025-03-16,2025-03-25
501548,102268,2025-03-16,2025-03-30
501549,102273,2025-03-16,2025-07-06
501550,102275,2025-03-16,2025-04-03
501551,102277,2025-03-16,2025-04-24
501552,102279,2025-03-16,2025-03-18
501553,102280,2025-03-16,2025-04-01
501554,102282,2025-03-16,2025-04-03
501555,102284,2025-03-16,2025-04-11
501556,102271,2025-03-16,2025-03-26
501557,102332,2025-03-17,2025-03-21
501558,102341,2025-03-17,2026-06-29
501559,102339,2025-03-17,2025-04-03
501560,102337,2025-03-17,2025-03-22
501561,102336,2025-03-17,2025-04-30
501562,102335,2025-03-17,2025-04-28
501563,102333,2025-03-17,2025-06-14
501564,102330,2025-03-17,2025-04-07
501565,102316,2025-03-17,2025-03-18
501566,102326,2025-03-17,2025-04-07
501567,102324,2025-03-17,2025-04-27
501568,102322,2025-03-17,
501569,102320,2025-03-17,2026-01-02
501570,102318,2025-03-17,2025-07-12
501571,100228,2025-03-17,2025-04-19
501572,102328,2025-03-17,2025-03-22
501573,102353,2025-03-18,2025-06-05
501574,102362,2025-03-18,2025-11-28
501575,102360,2025-03-18,2025-03-25
501576,102358,2025-03-18,2025-10-13
501577,102356,2025-03-18,2025-10-21
501578,102354,2025-03-18,2025-04-03
501579,102364,2025-03-18,2025-04-13
501580,102351,2025-03-18,2025-04-19
501581,102346,2025-03-18,2025-03-20
501582,102349,2025-03-18,2025-08-16
501583,102348,2025-03-18,2025-03-19
501584,102345,2025-03-18,2025-03-26
501585,102344,2025-03-18,2025-03-29
501586,102343,2025-03-18,2025-05-16
501587,102342,2025-03-18,2025-03-28
501588,102350,2025-03-18,2025-06-16
501589,102389,2025-03-19,2025-04-06
501590,102387,2025-03-19,2025-07-17
501591,102386,2025-03-19,
501592,102384,2025-03-19,2026-01-29
501593,102383,2025-03-19,2026-02-23
501594,102382,2025-03-19,2025-10-20
501595,102380,2025-03-19,2025-03-30
501596,102379,2025-03-19,2025-09-15
501597,102376,2025-03-19,2025-04-14
501598,102377,2025-03-19,2025-06-07
501599,102372,2025-03-19,2025-03-20
501600,102371,2025-03-19,2025-04-19
501601,102369,2025-03-19,2025-09-20
501602,102367,2025-03-19,2025-03-30
501603,102366,2025-03-19,2025-10-12
501604,102365,2025-03-19,2025-04-12
501605,100396,2025-03-19,2025-04-01
501606,102374,2025-03-19,2025-04-23
501607,102410,2025-03-20,2025-04-12
501608,102412,2025-03-20,2025-03-28
501609,102414,2025-03-20,
501610,102416,2025-03-20,2025-03-31
501611,102421,2025-03-20,2025-04-03
501612,102419,2025-03-20,2025-04-05
501613,102420,2025-03-20,2025-04-12
501614,102422,2025-03-20,2025-03-24
501615,102408,2025-03-20,2025-04-19
501616,102418,2025-03-20,2025-03-26
501617,102406,2025-03-20,2025-04-10
501618,100267,2025-03-20,2025-05-07
501619,102402,2025-03-20,2025-06-26
501620,102404,2025-03-20,2025-07-31
501621,102392,2025-03-20,2025-06-24
501622,102393,2025-03-20,2025-03-22
501623,102395,2025-03-20,
501624,102390,2025-03-20,
501625,102398,2025-03-20,2026-01-08
501626,102400,2025-03-20,2026-04-20
501627,102401,2025-03-20,2025-04-13
501628,102397,2025-03-20,2025-03-22
501629,102445,2025-03-21,2025-03-23
501630,102444,2025-03-21,2025-04-10
501631,102442,2025-03-21,2025-08-26
501632,102440,2025-03-21,2025-07-11
501633,102439,2025-03-21,2025-03-24
501634,102437,2025-03-21,2025-08-03
501635,102436,2025-03-21,2025-04-02
501636,102430,2025-03-21,2025-03-31
501637,102432,2025-03-21,2025-09-23
501638,102429,2025-03-21,2025-11-27
501639,102427,2025-03-21,2025-04-17
501640,102426,2025-03-21,2025-04-15
501641,102425,2025-03-21,2025-11-02
501642,102423,2025-03-21,2025-08-23
501643,102434,2025-03-21,2026-05-15
501644,102470,2025-03-22,2025-05-26
501645,102469,2025-03-22,2025-06-16
501646,102467,2025-03-22,2026-06-07
501647,102466,2025-03-22,2025-03-23
501648,102465,2025-03-22,2025-03-24
501649,102464,2025-03-22,2025-04-08
501650,102461,2025-03-22,2025-07-04
501651,102460,2025-03-22,2025-04-24
501652,102458,2025-03-22,2025-04-11
501653,102462,2025-03-22,2025-04-09
501654,102456,2025-03-22,2025-04-07
501655,102455,2025-03-22,2025-04-29
501656,102454,2025-03-22,2025-06-02
501657,102452,2025-03-22,2025-03-27
501658,102450,2025-03-22,2025-03-25
501659,102449,2025-03-22,2025-08-29
501660,102448,2025-03-22,2025-04-28
501661,102447,2025-03-22,2025-06-08
501662,102446,2025-03-22,2025-04-07
501663,102457,2025-03-22,2025-10-03
501664,102497,2025-03-23,2025-04-05
501665,102499,2025-03-23,2026-04-09
501666,102501,2025-03-23,2025-04-12
501667,102502,2025-03-23,2025-03-29
501668,102503,2025-03-23,2025-05-26
501669,102505,2025-03-23,2025-03-27
501670,102512,2025-03-23,2025-04-09
501671,102507,2025-03-23,2025-04-19
501672,102509,2025-03-23,2025-09-04
501673,102511,2025-03-23,2025-04-10
501674,102514,2025-03-23,2025-04-07
501675,102495,2025-03-23,2025-06-25
501676,102506,2025-03-23,2025-06-06
501677,102494,2025-03-23,2025-03-29
501678,102493,2025-03-23,2025-03-28
501679,102478,2025-03-23,2025-09-18
501680,102472,2025-03-23,2025-06-26
501681,102474,2025-03-23,2025-04-07
501682,102476,2025-03-23,2025-05-30
501683,102492,2025-03-23,2025-07-13
501684,102479,2025-03-23,2025-05-09
501685,102480,2025-03-23,2025-05-05
501686,102481,2025-03-23,2025-03-28
501687,102484,2025-03-23,2025-03-29
501688,102485,2025-03-23,
501689,102486,2025-03-23,2025-04-07
501690,102487,2025-03-23,2025-05-30
501691,102489,2025-03-23,2026-03-17
501692,102490,2025-03-23,2025-05-27
501693,102482,2025-03-23,2025-03-24
501694,102535,2025-03-24,2025-05-25
501695,102534,2025-03-24,2025-05-02
501696,102536,2025-03-24,2025-10-14
501697,102525,2025-03-24,2025-04-09
501698,102539,2025-03-24,2025-03-30
501699,102541,2025-03-24,2025-08-19
501700,102532,2025-03-24,2025-11-03
501701,102538,2025-03-24,2025-03-26
501702,102530,2025-03-24,2025-04-06
501703,102521,2025-03-24,2025-11-06
501704,102526,2025-03-24,2025-06-25
501705,102524,2025-03-24,2025-03-25
501706,102522,2025-03-24,2026-01-30
501707,102519,2025-03-24,2025-05-09
501708,102518,2025-03-24,2025-04-11
501709,102516,2025-03-24,2025-04-01
501710,102528,2025-03-24,2025-04-07
501711,102568,2025-03-25,2025-04-29
501712,102563,2025-03-25,2025-04-22
501713,102565,2025-03-25,2025-03-29
501714,102567,2025-03-25,
501715,102569,2025-03-25,
501716,102562,2025-03-25,2025-04-04
501717,102573,2025-03-25,2025-05-10
501718,102574,2025-03-25,2026-01-22
501719,102576,2025-03-25,2025-05-26
501720,102575,2025-03-25,2025-05-23
501721,102571,2025-03-25,2025-06-26
501722,102560,2025-03-25,2025-03-28
501723,102545,2025-03-25,2025-07-10
501724,102557,2025-03-25,2025-04-16
501725,102558,2025-03-25,2026-02-03
501726,102543,2025-03-25,2025-03-27
501727,102547,2025-03-25,2025-04-25
501728,102549,2025-03-25,2025-06-04
501729,102546,2025-03-25,2025-06-24
501730,102551,2025-03-25,2025-10-05
501731,102553,2025-03-25,2025-04-20
501732,102555,2025-03-25,2026-07-05
501733,102556,2025-03-25,2025-04-29
501734,102550,2025-03-25,2025-03-26
501735,102590,2025-03-26,2025-08-11
501736,102599,2025-03-26,2025-05-06
501737,102598,2025-03-26,2025-06-18
501738,102596,2025-03-26,2025-03-31
501739,102594,2025-03-26,
501740,102593,2025-03-26,2025-03-31
501741,102589,2025-03-26,2025-08-23
501742,102591,2025-03-26,2025-05-21
501743,102586,2025-03-26,2025-03-27
501744,102584,2025-03-26,2025-07-30
501745,102582,2025-03-26,2025-04-07
501746,102581,2025-03-26,2025-03-31
501747,102580,2025-03-26,2026-03-02
501748,102578,2025-03-26,2025-04-17
501749,102588,2025-03-26,2025-08-10
501750,102622,2025-03-27,2025-04-26
501751,102623,2025-03-27,2025-04-03
501752,102625,2025-03-27,2025-04-06
501753,102627,2025-03-27,
501754,102628,2025-03-27,2025-09-06
501755,102630,2025-03-27,2025-09-29
501756,102635,2025-03-27,2025-04-08
501757,102632,2025-03-27,2025-04-14
501758,102634,2025-03-27,2025-05-15
501759,102636,2025-03-27,2025-03-29
501760,102637,2025-03-27,2025-07-21
501761,102638,2025-03-27,2025-04-01
501762,102621,2025-03-27,2025-04-03
501763,102640,2025-03-27,2025-09-14
501764,102620,2025-03-27,2025-07-14
501765,102607,2025-03-27,2025-04-13
501766,102617,2025-03-27,2025-12-24
501767,102600,2025-03-27,2025-04-04
501768,102619,2025-03-27,2025-04-08
501769,102602,2025-03-27,2025-04-30
501770,102603,2025-03-27,2026-03-13
501771,102605,2025-03-27,2025-04-02
501772,102606,2025-03-27,2025-04-23
501773,102601,2025-03-27,2026-01-27
501774,102609,2025-03-27,2025-04-05
501775,102610,2025-03-27,2025-06-14
501776,102612,2025-03-27,2025-04-01
501777,102614,2025-03-27,2025-09-13
501778,102616,2025-03-27,2025-03-30
501779,102608,2025-03-27,2025-04-09
501780,102670,2025-03-28,2025-06-13
501781,102669,2025-03-28,2025-05-21
501782,102668,2025-03-28,2025-04-07
501783,102666,2025-03-28,2025-05-24
501784,102665,2025-03-28,2025-04-11
501785,102663,2025-03-28,2025-05-02
501786,102661,2025-03-28,2025-12-24
501787,102659,2025-03-28,2025-04-16
501788,102657,2025-03-28,2025-05-23
501789,102653,2025-03-28,2026-04-25
501790,102654,2025-03-28,2025-04-24
501791,102651,2025-03-28,2026-07-25
501792,102650,2025-03-28,2025-07-01
501793,102648,2025-03-28,2025-06-24
501794,102646,2025-03-28,2025-07-25
501795,102645,2025-03-28,2025-04-14
501796,102643,2025-03-28,2025-06-29
501797,102641,2025-03-28,2025-04-10
501798,102656,2025-03-28,2025-04-06
501799,102692,2025-03-29,2025-05-12
501800,102694,2025-03-29,2025-05-04
501801,102695,2025-03-29,2025-07-16
501802,102697,2025-03-29,2025-09-12
501803,102705,2025-03-29,2025-04-06
501804,102701,2025-03-29,2026-06-05
501805,102703,2025-03-29,2025-09-02
501806,102704,2025-03-29,2025-07-20
501807,102689,2025-03-29,2025-07-18
501808,102699,2025-03-29,2025-04-04
501809,102688,2025-03-29,2025-04-12
501810,102691,2025-03-29,2025-04-12
501811,102686,2025-03-29,2025-09-28
501812,102687,2025-03-29,2025-05-11
501813,102672,2025-03-29,2025-04-02
501814,102673,2025-03-29,2025-03-31
501815,102674,2025-03-29,2025-06-04
501816,102677,2025-03-29,2025-04-26
501817,102676,2025-03-29,2025-04-09
501818,102680,2025-03-29,2025-09-04
501819,102682,2025-03-29,2025-09-09
501820,102684,2025-03-29,2025-03-31
501821,102685,2025-03-29,2025-03-31
501822,102678,2025-03-29,2025-04-01
501823,102737,2025-03-30,2025-03-31
501824,102731,2025-03-30,2026-02-15
501825,102733,2025-03-30,2025-05-11
501826,102735,2025-03-30,2025-04-11
501827,102736,2025-03-30,2025-05-04
501828,102739,2025-03-30,2025-10-16
501829,102749,2025-03-30,2025-12-05
501830,102742,2025-03-30,2025-04-30
501831,102743,2025-03-30,2025-06-23
501832,102745,2025-03-30,2025-04-14
501833,102747,2025-03-30,2025-04-27
501834,102729,2025-03-30,2025-04-27
501835,102740,2025-03-30,2025-05-23
501836,102727,2025-03-30,
501837,102708,2025-03-30,2025-04-05
501838,102724,2025-03-30,2026-01-03
501839,102707,2025-03-30,2025-04-08
501840,102710,2025-03-30,2025-05-04
501841,102726,2025-03-30,2025-07-10
501842,102712,2025-03-30,2026-03-31
501843,102713,2025-03-30,2025-05-30
501844,102714,2025-03-30,2025-08-08
501845,102711,2025-03-30,2025-05-18
501846,102717,2025-03-30,2025-04-30
501847,102718,2025-03-30,2025-04-11
501848,102720,2025-03-30,2025-08-14
501849,102722,2025-03-30,2025-04-10
501850,102723,2025-03-30,2025-04-01
501851,102715,2025-03-30,2025-05-08
501852,102764,2025-03-31,2025-05-30
501853,102771,2025-03-31,2025-04-15
501854,102770,2025-03-31,2025-05-01
501855,102768,2025-03-31,2025-04-02
501856,102767,2025-03-31,2025-08-09
501857,102765,2025-03-31,2025-04-01
501858,102763,2025-03-31,2025-08-06
501859,102769,2025-03-31,2025-04-06
501860,102759,2025-03-31,2025-12-30
501861,102757,2025-03-31,2025-05-26
501862,102756,2025-03-31,2025-04-22
501863,102755,2025-03-31,2025-07-28
501864,102753,2025-03-31,2025-04-05
501865,102761,2025-03-31,2025-05-19
501866,102752,2025-03-31,2025-06-08
501867,102750,2025-03-31,2025-05-07
501868,102788,2025-04-01,2025-04-07
501869,102790,2025-04-01,2025-04-22
501870,102791,2025-04-01,2025-04-06
501871,102792,2025-04-01,2025-06-07
501872,102798,2025-04-01,2025-04-11
501873,102795,2025-04-01,2025-05-28
501874,102796,2025-04-01,2025-07-10
501875,102787,2025-04-01,2025-07-06
501876,102794,2025-04-01,2025-05-25
501877,102786,2025-04-01,2025-05-11
501878,102785,2025-04-01,2025-04-27
501879,102783,2025-04-01,2025-04-24
501880,102772,2025-04-01,2025-07-03
501881,102774,2025-04-01,2025-04-25
501882,102775,2025-04-01,2025-04-19
501883,102776,2025-04-01,2025-04-07
501884,102773,2025-04-01,2025-04-02
501885,102779,2025-04-01,2025-10-12
501886,102781,2025-04-01,2025-04-05
501887,102782,2025-04-01,2025-05-01
501888,102777,2025-04-01,2025-04-05
501889,102817,2025-04-02,2025-04-18
501890,102826,2025-04-02,2025-09-23
501891,102825,2025-04-02,2025-04-22
501892,102823,2025-04-02,2025-06-03
501893,102822,2025-04-02,2025-05-03
501894,102821,2025-04-02,2025-04-12
501895,102827,2025-04-02,2025-04-30
501896,102816,2025-04-02,2025-05-04
501897,102819,2025-04-02,2025-04-03
501898,102813,2025-04-02,2025-04-07
501899,102811,2025-04-02,2025-04-07
501900,102809,2025-04-02,2025-06-13
501901,102807,2025-04-02,2025-05-19
501902,102805,2025-04-02,2025-05-06
501903,102804,2025-04-02,2025-07-22
501904,102802,2025-04-02,2025-07-05
501905,102800,2025-04-02,2025-04-07
501906,102814,2025-04-02,
501907,102848,2025-04-03,2025-04-27
501908,102849,2025-04-03,2025-05-09
501909,102851,2025-04-03,2025-09-21
501910,102852,2025-04-03,2025-06-22
501911,102860,2025-04-03,2025-04-12
501912,102855,2025-04-03,2025-05-02
501913,102857,2025-04-03,2026-01-20
501914,102858,2025-04-03,2025-06-23
501915,102861,2025-04-03,2025-04-21
501916,102853,2025-04-03,2025-04-04
501917,102844,2025-04-03,
501918,102846,2025-04-03,2025-07-02
501919,102842,2025-04-03,
501920,102840,2025-04-03,2025-05-29
501921,102839,2025-04-03,2025-05-07
501922,102837,2025-04-03,2025-04-08
501923,102836,2025-04-03,2025-06-06
501924,102835,2025-04-03,2025-04-14
501925,102833,2025-04-03,2025-10-20
501926,102831,2025-04-03,2025-07-10
501927,102829,2025-04-03,2025-05-26
501928,102828,2025-04-03,2025-05-10
501929,102843,2025-04-03,2025-04-11
501930,102885,2025-04-04,2026-02-09
501931,102886,2025-04-04,2025-04-22
501932,102888,2025-04-04,2026-03-19
501933,102889,2025-04-04,2025-07-27
501934,102883,2025-04-04,2026-02-25
501935,102892,2025-04-04,2025-05-20
501936,102893,2025-04-04,2025-10-04
501937,102895,2025-04-04,2025-06-30
501938,102896,2025-04-04,2025-04-05
501939,102890,2025-04-04,2025-04-09
501940,102882,2025-04-04,2025-05-14
501941,102871,2025-04-04,
501942,102879,2025-04-04,2025-04-21
501943,102877,2025-04-04,2025-06-11
501944,102876,2025-04-04,2025-04-21
501945,102874,2025-04-04,2025-05-22
501946,102872,2025-04-04,2025-04-21
501947,102880,2025-04-04,2025-07-30
501948,102869,2025-04-04,2025-04-06
501949,102867,2025-04-04,2025-08-19
501950,102865,2025-04-04,2025-04-07
501951,102864,2025-04-04,2025-12-26
501952,102862,2025-04-04,2025-04-20
501953,102921,2025-04-05,2026-03-24
501954,102923,2025-04-05,2025-05-02
501955,102925,2025-04-05,2025-04-06
501956,102927,2025-04-05,2025-05-01
501957,102929,2025-04-05,2025-04-08
501958,102937,2025-04-05,2025-08-14
501959,102932,2025-04-05,2025-11-20
501960,102933,2025-04-05,2026-01-29
501961,102935,2025-04-05,2025-06-07
501962,102918,2025-04-05,2025-04-06
501963,102931,2025-04-05,2025-05-14
501964,102916,2025-04-05,2025-05-04
501965,102919,2025-04-05,2025-07-21
501966,102913,2025-04-05,2025-06-15
501967,102914,2025-04-05,2025-07-11
501968,102898,2025-04-05,2025-06-25
501969,102900,2025-04-05,2025-05-11
501970,102901,2025-04-05,2025-04-13
501971,102905,2025-04-05,2025-04-15
501972,102903,2025-04-05,2025-04-30
501973,102908,2025-04-05,2025-11-24
501974,102909,2025-04-05,
501975,102910,2025-04-05,2025-04-09
501976,102912,2025-04-05,2025-08-22
501977,102907,2025-04-05,2026-02-19
501978,102969,2025-04-06,2025-04-19
501979,102965,2025-04-06,2025-04-09
501980,102963,2025-04-06,2025-04-07
501981,102966,2025-04-06,2025-05-06
501982,102967,2025-04-06,2026-01-22
501983,102971,2025-04-06,2026-02-03
501984,102979,2025-04-06,2025-12-03
501985,102974,2025-04-06,2025-05-12
501986,102975,2025-04-06,2025-04-19
501987,102976,2025-04-06,2025-05-02
501988,102977,2025-04-06,2025-08-13
501989,102980,2025-04-06,2025-04-18
501990,102962,2025-04-06,
501991,102972,2025-04-06,2026-03-14
501992,102960,2025-04-06,2025-05-12
501993,102939,2025-04-06,2025-04-29
501994,102957,2025-04-06,2025-07-29
501995,102938,2025-04-06,2025-05-24
501996,102958,2025-04-06,2025-10-17
501997,102941,2025-04-06,2025-09-26
501998,102943,2025-04-06,2025-05-19
501999,102944,2025-04-06,2025-05-26
502000,102947,2025-04-06,2025-10-17
502001,102946,2025-04-06,2025-06-07
502002,102950,2025-04-06,2025-05-10
502003,102952,2025-04-06,2026-07-14
502004,102953,2025-04-06,2025-04-18
502005,102955,2025-04-06,2025-05-20
502006,102956,2025-04-06,2025-04-22
502007,102949,2025-04-06,2025-05-30
502008,103002,2025-04-07,2025-04-08
502009,102998,2025-04-07,2025-04-12
502010,103000,2025-04-07,2025-05-29
502011,103003,2025-04-07,2025-05-18
502012,102996,2025-04-07,2025-04-20
502013,103010,2025-04-07,2025-04-11
502014,103006,2025-04-07,2025-04-27
502015,103008,2025-04-07,2025-06-07
502016,103009,2025-04-07,2025-04-26
502017,103004,2025-04-07,2025-04-11
502018,102995,2025-04-07,2025-07-15
502019,102984,2025-04-07,2025-05-11
502020,102992,2025-04-07,2025-04-16
502021,102981,2025-04-07,2025-04-08
502022,102982,2025-04-07,2025-05-07
502023,102985,2025-04-07,2025-04-09
502024,102994,2025-04-07,2025-04-13
502025,102988,2025-04-07,2025-04-20
502026,102989,2025-04-07,2026-02-10
502027,102991,2025-04-07,2025-07-30
502028,102987,2025-04-07,2025-10-29
502029,103025,2025-04-08,2025-04-09
502030,103036,2025-04-08,2025-04-17
502031,103035,2025-04-08,2025-04-09
502032,103034,2025-04-08,2025-06-06
502033,103033,2025-04-08,2025-04-21
502034,103031,2025-04-08,2025-04-13
502035,103030,2025-04-08,2025-04-09
502036,103028,2025-04-08,2025-04-17
502037,103023,2025-04-08,2025-04-09
502038,103027,2025-04-08,2025-04-11
502039,103020,2025-04-08,2025-06-07
502040,103019,2025-04-08,2025-04-12
502041,103017,2025-04-08,2025-04-12
502042,103016,2025-04-08,2025-06-12
502043,103014,2025-04-08,2025-05-20
502044,103012,2025-04-08,2025-05-01
502045,103011,2025-04-08,2025-04-30
502046,103022,2025-04-08,2025-05-16
502047,100832,2025-04-08,2025-04-11
502048,103064,2025-04-09,
502049,103065,2025-04-09,2025-05-24
502050,103067,2025-04-09,2025-05-08
502051,103069,2025-04-09,2025-05-17
502052,103071,2025-04-09,2025-11-07
502053,103077,2025-04-09,2025-06-25
502054,103074,2025-04-09,2025-04-22
502055,103075,2025-04-09,2025-04-22
502056,103078,2025-04-09,2026-01-18
502057,103080,2025-04-09,2026-07-15
502058,103062,2025-04-09,2026-05-08
502059,103073,2025-04-09,2025-12-01
502060,103061,2025-04-09,2025-04-26
502061,103041,2025-04-09,2025-05-06
502062,103057,2025-04-09,2025-04-26
502063,103037,2025-04-09,2025-12-17
502064,103039,2025-04-09,2025-04-23
502065,103059,2025-04-09,
502066,103044,2025-04-09,2025-08-13
502067,103046,2025-04-09,2025-04-30
502068,103042,2025-04-09,2025-11-08
502069,103050,2025-04-09,
502070,103052,2025-04-09,2025-12-08
502071,103054,2025-04-09,2025-06-02
502072,103055,2025-04-09,2025-04-13
502073,103056,2025-04-09,2025-05-03
502074,103048,2025-04-09,2025-04-17
502075,103094,2025-04-10,2025-05-11
502076,103099,2025-04-10,2025-06-19
502077,103098,2025-04-10,2025-07-03
502078,103096,2025-04-10,2026-01-07
502079,103095,2025-04-10,2025-04-23
502080,103092,2025-04-10,2025-05-03
502081,103100,2025-04-10,2025-08-01
502082,103088,2025-04-10,2025-04-23
502083,103086,2025-04-10,2025-07-30
502084,103085,2025-04-10,2025-05-30
502085,103084,2025-04-10,
502086,103082,2025-04-10,2025-05-07
502087,103090,2025-04-10,2025-04-16
502088,103128,2025-04-11,2025-06-07
502089,103127,2025-04-11,2025-06-25
502090,103125,2025-04-11,2025-05-04
502091,103122,2025-04-11,2025-04-22
502092,103120,2025-04-11,2025-06-07
502093,103118,2025-04-11,2025-06-05
502094,103117,2025-04-11,2025-04-19
502095,103116,2025-04-11,2025-04-16
502096,103114,2025-04-11,2025-10-17
502097,103123,2025-04-11,2025-06-04
502098,103110,2025-04-11,2025-04-12
502099,103112,2025-04-11,2025-05-15
502100,103102,2025-04-11,2025-04-12
502101,103103,2025-04-11,2025-04-15
502102,103101,2025-04-11,2025-04-20
502103,103106,2025-04-11,2025-04-19
502104,103107,2025-04-11,2025-04-25
502105,103109,2025-04-11,2026-03-20
502106,103104,2025-04-11,2025-05-26
502107,103161,2025-04-12,2025-04-13
502108,103169,2025-04-12,2026-07-28
502109,103162,2025-04-12,2025-04-16
502110,103164,2025-04-12,2025-05-27
502111,103165,2025-04-12,2025-09-25
502112,103166,2025-04-12,2025-06-19
502113,103168,2025-04-12,2025-05-28
502114,103171,2025-04-12,2025-07-14
502115,103177,2025-04-12,2025-04-22
502116,103174,2025-04-12,2025-05-14
502117,103176,2025-04-12,2025-04-18
502118,103178,2025-04-12,2025-06-03
502119,103179,2025-04-12,2025-06-28
502120,103180,2025-04-12,2025-11-14
502121,103182,2025-04-12,2025-04-17
502122,103160,2025-04-12,2025-06-24
502123,103172,2025-04-12,2026-02-03
502124,103158,2025-04-12,2026-04-05
502125,103147,2025-04-12,2025-08-05
502126,103155,2025-04-12,2025-06-20
502127,103130,2025-04-12,2025-05-31
502128,103132,2025-04-12,2025-04-19
502129,103134,2025-04-12,2025-06-17
502130,103156,2025-04-12,2025-04-24
502131,103137,2025-04-12,2025-05-03
502132,103138,2025-04-12,2025-04-23
502133,103140,2025-04-12,2025-04-16
502134,103141,2025-04-12,2026-06-01
502135,103136,2025-04-12,2025-08-03
502136,103144,2025-04-12,2025-04-19
502137,103145,2025-04-12,2025-05-22
502138,103148,2025-04-12,2025-07-11
502139,103149,2025-04-12,2025-04-13
502140,103150,2025-04-12,2026-03-29
502141,103152,2025-04-12,2026-01-24
502142,103154,2025-04-12,2025-11-17
502143,103142,2025-04-12,2025-06-16
502144,103204,2025-04-13,2025-09-28
502145,103206,2025-04-13,2025-06-10
502146,103207,2025-04-13,2025-10-21
502147,103209,2025-04-13,2026-01-29
502148,103211,2025-04-13,2025-07-09
502149,103216,2025-04-13,2025-04-26
502150,103214,2025-04-13,2025-07-31
502151,103215,2025-04-13,2025-04-25
502152,103217,2025-04-13,2025-04-26
502153,103203,2025-04-13,2025-09-20
502154,103212,2025-04-13,2025-06-03
502155,103202,2025-04-13,2025-09-24
502156,103200,2025-04-13,2025-08-08
502157,103199,2025-04-13,2025-04-30
502158,103184,2025-04-13,2025-05-19
502159,103188,2025-04-13,2025-05-24
502160,103190,2025-04-13,2025-09-02
502161,103192,2025-04-13,
502162,103186,2025-04-13,2025-04-28
502163,103195,2025-04-13,2025-04-14
502164,103196,2025-04-13,2025-04-29
502165,103197,2025-04-13,2025-07-12
502166,103198,2025-04-13,2025-04-22
502167,103193,2025-04-13,2025-04-18
502168,103233,2025-04-14,2025-05-08
502169,103243,2025-04-14,2025-06-06
502170,103241,2025-04-14,2025-04-18
502171,103239,2025-04-14,2025-04-24
502172,103237,2025-04-14,2025-10-03
502173,103235,2025-04-14,2026-01-09
502174,103234,2025-04-14,
502175,103232,2025-04-14,2025-08-07
502176,103226,2025-04-14,2025-09-08
502177,103229,2025-04-14,2025-04-17
502178,103227,2025-04-14,2025-04-19
502179,103225,2025-04-14,2025-05-23
502180,103223,2025-04-14,2025-11-12
502181,103221,2025-04-14,2025-04-17
502182,103219,2025-04-14,2025-05-20
502183,103231,2025-04-14,2025-04-22
502184,103254,2025-04-15,2025-04-21
502185,103259,2025-04-15,2025-08-02
502186,103258,2025-04-15,2025-04-18
502187,103256,2025-04-15,2025-04-20
502188,103253,2025-04-15,2025-05-03
502189,103257,2025-04-15,2026-03-23
502190,103250,2025-04-15,2025-11-07
502191,103249,2025-04-15,2025-04-21
502192,103248,2025-04-15,2025-10-05
502193,103246,2025-04-15,2025-05-06
502194,103244,2025-04-15,2025-04-16
502195,103251,2025-04-15,2025-05-23
502196,103278,2025-04-16,2026-01-18
502197,103279,2025-04-16,2025-06-23
502198,103281,2025-04-16,2025-05-04
502199,103283,2025-04-16,2025-06-19
502200,103285,2025-04-16,2025-05-07
502201,103289,2025-04-16,2025-04-27
502202,103288,2025-04-16,2025-05-07
502203,103291,2025-04-16,2025-05-10
502204,103293,2025-04-16,2025-07-19
502205,103295,2025-04-16,2025-08-08
502206,103286,2025-04-16,2025-06-05
502207,103275,2025-04-16,2025-07-29
502208,103276,2025-04-16,2025-04-19
502209,103273,2025-04-16,2025-05-28
502210,103274,2025-04-16,2026-01-27
502211,103262,2025-04-16,2025-05-12
502212,103263,2025-04-16,2025-05-16
502213,103265,2025-04-16,2025-06-03
502214,103266,2025-04-16,2026-07-20
502215,103261,2025-04-16,2025-08-15
502216,103268,2025-04-16,2025-05-07
502217,103270,2025-04-16,2025-09-04
502218,103271,2025-04-16,2025-06-06
502219,103272,2025-04-16,2026-01-12
502220,103267,2025-04-16,2025-07-27
502221,103312,2025-04-17,2025-04-22
502222,103323,2025-04-17,2025-05-15
502223,103321,2025-04-17,2026-05-18
502224,103319,2025-04-17,2026-06-11
502225,103318,2025-04-17,2026-08-02
502226,103316,2025-04-17,2025-04-18
502227,103315,2025-04-17,2025-05-07
502228,103325,2025-04-17,2025-08-13
502229,103311,2025-04-17,2026-06-12
502230,103314,2025-04-17,2025-06-06
502231,103307,2025-04-17,2025-05-28
502232,103306,2025-04-17,2025-08-09
502233,103304,2025-04-17,2025-04-28
502234,103303,2025-04-17,2025-09-03
502235,103301,2025-04-17,2025-07-07
502236,103300,2025-04-17,2026-05-06
502237,103299,2025-04-17,2025-04-21
502238,103298,2025-04-17,2025-04-18
502239,103296,2025-04-17,2025-05-20
502240,103309,2025-04-17,2025-10-16
502241,103343,2025-04-18,2025-06-17
502242,103341,2025-04-18,
502243,103340,2025-04-18,2025-11-21
502244,103339,2025-04-18,2025-10-09
502245,103337,2025-04-18,2025-05-12
502246,103336,2025-04-18,2025-05-04
502247,103334,2025-04-18,2025-04-22
502248,103332,2025-04-18,2025-05-05
502249,103330,2025-04-18,2025-06-14
502250,103328,2025-04-18,2025-04-29
502251,103326,2025-04-18,2025-07-25
502252,103382,2025-04-19,2025-04-26
502253,103381,2025-04-19,2025-04-22
502254,103379,2025-04-19,2025-04-29
502255,103377,2025-04-19,2026-03-05
502256,103375,2025-04-19,2025-05-23
502257,103372,2025-04-19,2025-05-12
502258,103370,2025-04-19,2025-04-28
502259,103368,2025-04-19,2025-06-02
502260,103367,2025-04-19,2025-04-20
502261,103365,2025-04-19,
502262,103363,2025-04-19,2025-07-03
502263,103373,2025-04-19,2025-04-30
502264,103361,2025-04-19,2025-10-25
502265,103344,2025-04-19,2025-05-17
502266,103346,2025-04-19,2025-05-07
502267,103347,2025-04-19,2025-05-04
502268,103350,2025-04-19,2025-04-24
502269,103362,2025-04-19,2025-05-06
502270,103349,2025-04-19,2025-04-26
502271,103354,2025-04-19,2025-05-24
502272,103356,2025-04-19,2025-04-20
502273,103358,2025-04-19,2025-09-03
502274,103359,2025-04-19,2025-05-23
502275,103352,2025-04-19,2025-06-26
502276,103412,2025-04-20,2025-05-06
502277,103408,2025-04-20,2025-05-27
502278,103409,2025-04-20,2025-07-03
502279,103411,2025-04-20,2025-08-10
502280,103414,2025-04-20,2025-05-22
502281,103423,2025-04-20,2025-07-29
502282,103417,2025-04-20,2026-01-30
502283,103418,2025-04-20,2025-04-21
502284,103419,2025-04-20,2025-06-01
502285,103421,2025-04-20,2026-01-05
502286,103407,2025-04-20,2025-07-31
502287,103424,2025-04-20,
502288,103415,2025-04-20,2025-11-06
502289,103406,2025-04-20,2025-09-05
502290,103401,2025-04-20,2025-05-17
502291,103403,2025-04-20,2025-05-24
502292,103383,2025-04-20,2025-05-05
502293,103384,2025-04-20,2025-10-04
502294,103385,2025-04-20,2025-05-12
502295,103405,2025-04-20,2025-05-13
502296,103388,2025-04-20,2025-05-05
502297,103390,2025-04-20,2025-11-09
502298,103387,2025-04-20,2026-01-17
502299,103394,2025-04-20,2025-04-21
502300,103395,2025-04-20,2025-07-21
502301,103397,2025-04-20,2025-04-21
502302,103399,2025-04-20,2025-04-26
502303,103402,2025-04-20,2025-06-20
502304,103392,2025-04-20,2025-05-06
502305,103434,2025-04-21,2025-05-12
502306,103438,2025-04-21,2026-05-05
502307,103437,2025-04-21,2026-06-23
502308,103440,2025-04-21,2025-04-29
502309,103436,2025-04-21,2025-05-17
502310,103432,2025-04-21,2025-04-23
502311,103427,2025-04-21,2025-04-26
502312,103430,2025-04-21,2025-08-07
502313,103429,2025-04-21,2025-05-11
502314,103428,2025-04-21,2025-05-14
502315,103425,2025-04-21,2025-05-03
502316,103431,2025-04-21,2025-07-02
502317,103460,2025-04-22,2025-09-12
502318,103464,2025-04-22,2025-05-01
502319,103466,2025-04-22,2025-05-26
502320,103467,2025-04-22,2025-10-11
502321,103469,2025-04-22,2026-02-13
502322,103472,2025-04-22,2025-04-28
502323,103459,2025-04-22,2025-05-18
502324,103474,2025-04-22,2025-04-28
502325,103476,2025-04-22,2025-05-02
502326,103478,2025-04-22,2025-07-10
502327,103471,2025-04-22,2026-05-04
502328,103457,2025-04-22,2025-05-10
502329,103462,2025-04-22,2025-06-29
502330,103454,2025-04-22,2025-05-18
502331,103452,2025-04-22,2025-08-12
502332,103450,2025-04-22,2026-02-24
502333,103448,2025-04-22,2025-05-11
502334,103447,2025-04-22,2025-05-13
502335,103446,2025-04-22,2025-05-12
502336,103445,2025-04-22,2025-05-20
502337,103443,2025-04-22,2025-06-08
502338,103441,2025-04-22,2025-05-19
502339,103455,2025-04-22,2025-04-26
502340,103502,2025-04-23,
502341,103504,2025-04-23,2025-06-29
502342,103505,2025-04-23,
502343,103506,2025-04-23,2025-05-22
502344,103517,2025-04-23,2025-07-13
502345,103507,2025-04-23,
502346,103516,2025-04-23,2025-05-21
502347,103509,2025-04-23,
502348,103510,2025-04-23,2025-05-18
502349,103512,2025-04-23,2025-04-30
502350,103515,2025-04-23,2025-09-05
502351,103514,2025-04-23,2025-05-03
502352,103501,2025-04-23,2025-04-24
502353,103508,2025-04-23,2025-04-28
502354,103499,2025-04-23,2025-05-01
502355,103486,2025-04-23,2025-05-07
502356,103495,2025-04-23,2025-07-31
502357,103497,2025-04-23,2025-12-17
502358,100575,2025-04-23,2025-05-26
502359,103479,2025-04-23,2025-08-05
502360,103482,2025-04-23,2025-07-04
502361,103483,2025-04-23,2025-06-09
502362,103481,2025-04-23,2025-08-12
502363,103488,2025-04-23,2025-06-07
502364,103490,2025-04-23,2025-04-24
502365,103491,2025-04-23,2025-04-24
502366,103493,2025-04-23,2025-05-02
502367,103494,2025-04-23,2026-02-28
502368,103485,2025-04-23,2025-06-16
502369,103552,2025-04-24,2025-09-01
502370,103545,2025-04-24,2025-05-15
502371,103546,2025-04-24,2025-04-27
502372,103547,2025-04-24,2025-05-12
502373,103549,2025-04-24,2025-05-09
502374,103551,2025-04-24,2025-06-14
502375,103554,2025-04-24,2025-05-04
502376,103564,2025-04-24,2025-05-27
502377,103558,2025-04-24,2026-07-10
502378,103559,2025-04-24,2025-12-11
502379,103560,2025-04-24,2025-05-23
502380,103561,2025-04-24,2025-05-02
502381,103544,2025-04-24,2025-12-26
502382,103563,2025-04-24,2025-04-28
502383,103556,2025-04-24,2025-05-31
502384,103542,2025-04-24,2025-06-22
502385,103550,2025-04-24,2025-05-02
502386,103538,2025-04-24,2025-10-21
502387,101915,2025-04-24,2025-08-09
502388,103519,2025-04-24,2025-05-20
502389,103521,2025-04-24,2025-05-08
502390,103522,2025-04-24,2025-05-18
502391,103525,2025-04-24,2025-09-23
502392,103526,2025-04-24,2025-04-27
502393,103523,2025-04-24,2025-04-28
502394,103528,2025-04-24,2025-05-25
502395,103540,2025-04-24,2025-08-18
502396,103530,2025-04-24,2025-06-28
502397,103532,2025-04-24,2025-10-20
502398,103534,2025-04-24,2026-06-02
502399,103536,2025-04-24,2025-05-17
502400,103527,2025-04-24,2025-05-07
502401,103594,2025-04-25,2025-12-10
502402,103586,2025-04-25,2025-05-05
502403,103588,2025-04-25,
502404,103590,2025-04-25,2025-05-31
502405,103592,2025-04-25,2025-04-26
502406,103596,2025-04-25,2025-06-08
502407,103604,2025-04-25,2025-12-28
502408,103599,2025-04-25,2025-06-04
502409,103601,2025-04-25,2025-06-18
502410,103602,2025-04-25,2025-10-05
502411,103603,2025-04-25,2025-05-31
502412,103584,2025-04-25,2025-04-26
502413,103597,2025-04-25,2025-04-26
502414,103583,2025-04-25,2025-04-29
502415,103582,2025-04-25,2025-04-30
502416,103580,2025-04-25,2025-04-27
502417,100750,2025-04-25,2025-04-29
502418,103565,2025-04-25,2025-05-04
502419,103566,2025-04-25,2025-05-02
502420,103569,2025-04-25,2026-07-07
502421,103571,2025-04-25,2025-05-31
502422,103567,2025-04-25,2025-05-29
502423,103573,2025-04-25,2025-05-03
502424,103574,2025-04-25,
502425,103576,2025-04-25,2025-04-26
502426,103577,2025-04-25,2025-06-05
502427,103579,2025-04-25,
502428,103572,2025-04-25,2025-05-03
502429,103636,2025-04-26,2025-05-01
502430,103629,2025-04-26,2025-05-18
502431,103631,2025-04-26,2025-10-15
502432,103632,2025-04-26,2025-10-28
502433,103634,2025-04-26,2025-05-03
502434,103635,2025-04-26,2025-07-28
502435,103637,2025-04-26,2025-09-15
502436,103646,2025-04-26,2025-04-28
502437,103639,2025-04-26,2025-05-01
502438,103640,2025-04-26,2025-10-27
502439,103642,2025-04-26,2025-04-27
502440,103643,2025-04-26,2025-07-08
502441,103644,2025-04-26,
502442,103627,2025-04-26,2025-06-12
502443,103647,2025-04-26,2025-05-17
502444,103638,2025-04-26,2025-05-25
502445,103626,2025-04-26,2025-06-20
502446,103641,2025-04-26,2025-05-16
502447,103624,2025-04-26,2025-04-28
502448,103625,2025-04-26,2025-04-28
502449,103608,2025-04-26,2025-07-09
502450,103609,2025-04-26,2025-05-02
502451,103610,2025-04-26,2025-10-03
502452,103612,2025-04-26,2025-05-05
502453,103614,2025-04-26,2025-05-06
502454,103606,2025-04-26,2025-05-19
502455,103617,2025-04-26,2025-06-02
502456,103618,2025-04-26,2026-01-27
502457,103619,2025-04-26,2025-05-15
502458,103620,2025-04-26,2025-05-14
502459,103622,2025-04-26,2025-04-29
502460,103623,2025-04-26,2026-04-30
502461,103615,2025-04-26,2025-05-12
502462,103672,2025-04-27,2025-09-11
502463,103673,2025-04-27,2025-05-09
502464,103675,2025-04-27,2026-02-19
502465,103677,2025-04-27,2025-09-21
502466,103678,2025-04-27,2025-06-14
502467,103680,2025-04-27,2025-05-29
502468,103685,2025-04-27,2025-05-02
502469,103683,2025-04-27,2025-06-30
502470,103684,2025-04-27,
502471,103688,2025-04-27,2025-11-11
502472,103690,2025-04-27,2025-05-04
502473,103671,2025-04-27,2025-05-05
502474,103691,2025-04-27,2025-05-03
502475,103682,2025-04-27,2025-06-10
502476,103669,2025-04-27,2025-05-12
502477,103686,2025-04-27,2025-04-30
502478,103665,2025-04-27,2025-04-29
502479,103667,2025-04-27,2025-05-07
502480,100977,2025-04-27,2025-06-28
502481,103649,2025-04-27,2025-07-30
502482,103650,2025-04-27,2025-04-28
502483,103652,2025-04-27,2025-09-13
502484,103654,2025-04-27,2026-01-07
502485,103651,2025-04-27,2025-12-18
502486,103657,2025-04-27,2025-04-28
502487,103658,2025-04-27,2025-10-03
502488,103660,2025-04-27,2025-05-13
502489,103661,2025-04-27,2026-02-27
502490,103663,2025-04-27,2026-04-18
502491,103655,2025-04-27,2025-04-30
502492,103721,2025-04-28,2025-05-25
502493,103716,2025-04-28,2025-12-06
502494,103717,2025-04-28,2025-07-28
502495,103718,2025-04-28,2025-12-11
502496,103719,2025-04-28,2026-04-22
502497,103723,2025-04-28,2025-10-26
502498,103732,2025-04-28,2025-04-30
502499,103725,2025-04-28,2025-06-20
502500,103727,2025-04-28,2025-05-16
502501,103728,2025-04-28,2025-05-02
502502,103730,2025-04-28,2025-06-17
502503,103715,2025-04-28,2026-01-27
502504,103734,2025-04-28,2026-05-15
502505,103724,2025-04-28,2025-07-27
502506,103714,2025-04-28,2025-05-03
502507,103708,2025-04-28,2025-04-29
502508,103710,2025-04-28,
502509,101179,2025-04-28,2025-07-10
502510,103712,2025-04-28,2025-05-28
502511,103695,2025-04-28,2025-10-04
502512,103696,2025-04-28,2025-09-21
502513,103697,2025-04-28,2025-06-03
502514,103699,2025-04-28,2025-08-05
502515,103693,2025-04-28,2026-06-28
502516,103702,2025-04-28,2025-10-02
502517,103703,2025-04-28,2025-06-26
502518,103705,2025-04-28,2025-05-15
502519,103706,2025-04-28,2025-05-03
502520,103707,2025-04-28,2025-07-08
502521,103700,2025-04-28,2025-04-29
502522,103754,2025-04-29,2025-05-17
502523,103767,2025-04-29,2025-05-23
502524,103765,2025-04-29,2025-05-03
502525,103763,2025-04-29,2025-05-04
502526,103762,2025-04-29,2025-08-02
502527,103761,2025-04-29,2025-06-01
502528,103759,2025-04-29,2025-04-30
502529,103757,2025-04-29,2025-07-02
502530,103756,2025-04-29,2025-07-10
502531,103752,2025-04-29,2025-05-15
502532,103750,2025-04-29,2025-05-14
502533,103736,2025-04-29,2025-05-01
502534,103749,2025-04-29,2025-06-01
502535,103747,2025-04-29,2025-05-11
502536,103746,2025-04-29,2025-11-12
502537,103745,2025-04-29,2025-05-01
502538,103743,2025-04-29,2025-05-21
502539,103742,2025-04-29,2025-05-01
502540,103740,2025-04-29,2025-05-03
502541,103738,2025-04-29,
502542,103751,2025-04-29,2025-04-30
502543,103784,2025-04-30,2025-05-01
502544,103786,2025-04-30,2025-06-09
502545,103787,2025-04-30,2025-06-26
502546,103795,2025-04-30,2025-05-25
502547,103790,2025-04-30,2025-05-06
502548,103791,2025-04-30,2025-07-12
502549,103783,2025-04-30,2025-10-02
502550,103788,2025-04-30,2025-11-07
502551,103781,2025-04-30,2025-05-10
502552,103793,2025-04-30,2025-05-13
502553,103777,2025-04-30,2025-07-16
502554,103776,2025-04-30,2025-05-13
502555,103774,2025-04-30,2025-05-18
502556,103773,2025-04-30,2025-12-27
502557,103772,2025-04-30,2025-05-03
502558,103771,2025-04-30,2025-05-11
502559,103770,2025-04-30,2025-06-21
502560,103769,2025-04-30,2025-05-02
502561,103779,2025-04-30,2025-06-09
502562,103815,2025-05-01,2025-07-24
502563,103817,2025-05-01,2025-06-09
502564,103819,2025-05-01,2025-06-08
502565,103821,2025-05-01,2025-05-07
502566,103827,2025-05-01,2025-05-06
502567,103823,2025-05-01,2025-05-14
502568,103825,2025-05-01,
502569,103813,2025-05-01,2025-05-30
502570,103829,2025-05-01,2025-05-16
502571,103830,2025-05-01,
502572,103822,2025-05-01,2025-12-26
502573,103812,2025-05-01,2025-05-10
502574,103805,2025-05-01,2025-05-13
502575,103808,2025-05-01,2025-05-31
502576,103807,2025-05-01,2025-07-09
502577,103803,2025-05-01,2025-05-02
502578,103802,2025-05-01,2025-05-06
502579,103800,2025-05-01,2025-05-07
502580,103799,2025-05-01,2025-06-08
502581,103797,2025-05-01,2025-07-21
502582,101327,2025-05-01,
502583,100274,2025-05-01,2025-07-17
502584,103831,2025-05-01,2026-05-17
502585,103810,2025-05-01,2025-11-10
502586,103833,2025-05-01,2025-07-19
502587,103859,2025-05-02,2025-08-16
502588,103863,2025-05-02,
502589,103855,2025-05-02,2025-05-11
502590,103860,2025-05-02,2026-01-15
502591,103867,2025-05-02,
502592,103865,2025-05-02,2025-08-11
502593,103854,2025-05-02,
502594,103861,2025-05-02,2025-05-26
502595,103852,2025-05-02,2025-06-21
502596,103857,2025-05-02,2025-05-16
502597,103849,2025-05-02,2025-06-29
502598,103847,2025-05-02,2025-08-06
502599,103845,2025-05-02,2025-05-08
502600,103843,2025-05-02,2026-01-08
502601,103841,2025-05-02,2025-09-16
502602,103839,2025-05-02,2025-06-13
502603,103837,2025-05-02,2025-05-08
502604,103835,2025-05-02,2025-05-03
502605,103851,2025-05-02,2025-05-20
502606,103892,2025-05-03,2025-05-25
502607,103894,2025-05-03,
502608,103895,2025-05-03,2025-10-23
502609,103896,2025-05-03,2025-05-16
502610,103898,2025-05-03,2025-06-21
502611,103905,2025-05-03,2025-06-06
502612,103901,2025-05-03,2026-02-03
502613,103902,2025-05-03,2025-06-18
502614,103904,2025-05-03,2025-08-16
502615,103890,2025-05-03,2025-08-22
502616,103907,2025-05-03,2025-06-05
502617,103899,2025-05-03,2025-06-09
502618,103888,2025-05-03,2025-05-21
502619,103906,2025-05-03,2025-06-25
502620,103884,2025-05-03,
502621,103886,2025-05-03,2025-05-08
502622,101937,2025-05-03,2025-05-17
502623,103868,2025-05-03,2025-09-25
502624,103870,2025-05-03,2025-05-19
502625,103872,2025-05-03,2025-05-23
502626,103874,2025-05-03,2025-05-10
502627,103871,2025-05-03,2025-08-18
502628,103878,2025-05-03,2025-06-08
502629,103879,2025-05-03,2025-09-11
502630,103881,2025-05-03,2025-05-10
502631,103882,2025-05-03,2025-05-08
502632,103883,2025-05-03,
502633,103876,2025-05-03,2025-06-26
502634,103934,2025-05-04,2025-06-04
502635,103929,2025-05-04,2025-05-16
502636,103930,2025-05-04,2025-12-10
502637,103932,2025-05-04,2025-06-17
502638,103935,2025-05-04,2025-09-05
502639,103945,2025-05-04,
502640,103938,2025-05-04,2025-05-18
502641,103939,2025-05-04,2025-05-05
502642,103941,2025-05-04,2025-05-20
502643,103943,2025-05-04,2025-05-11
502644,103944,2025-05-04,2025-05-22
502645,103928,2025-05-04,
502646,103936,2025-05-04,2025-06-20
502647,103926,2025-05-04,2025-05-18
502648,103918,2025-05-04,2025-05-05
502649,103924,2025-05-04,2025-05-10
502650,103909,2025-05-04,2026-02-28
502651,103925,2025-05-04,2025-07-17
502652,103912,2025-05-04,2026-02-05
502653,103913,2025-05-04,2025-05-06
502654,103914,2025-05-04,2025-06-08
502655,103910,2025-05-04,2025-07-19
502656,103917,2025-05-04,2025-07-16
502657,103919,2025-05-04,2025-05-06
502658,103921,2025-05-04,2025-05-07
502659,103923,2025-05-04,2025-07-08
502660,103915,2025-05-04,2025-05-27
502661,103971,2025-05-05,2025-05-15
502662,103970,2025-05-05,2026-01-16
502663,103978,2025-05-05,2026-06-05
502664,103972,2025-05-05,2025-09-26
502665,103974,2025-05-05,2025-11-21
502666,103976,2025-05-05,2025-10-03
502667,103980,2025-05-05,2025-11-26
502668,103967,2025-05-05,
502669,103982,2025-05-05,2025-06-21
502670,103984,2025-05-05,2025-05-18
502671,103985,2025-05-05,2025-06-14
502672,103987,2025-05-05,2025-07-17
502673,103988,2025-05-05,2025-10-02
502674,103990,2025-05-05,2025-08-22
502675,103981,2025-05-05,2025-10-13
502676,103966,2025-05-05,2025-07-15
502677,103968,2025-05-05,2025-05-21
502678,103962,2025-05-05,2025-06-02
502679,103946,2025-05-05,2025-06-02
502680,103949,2025-05-05,2025-11-29
502681,103950,2025-05-05,2026-05-13
502682,103951,2025-05-05,2025-05-11
502683,103952,2025-05-05,2025-09-26
502684,103953,2025-05-05,2025-05-28
502685,103948,2025-05-05,2025-05-10
502686,103955,2025-05-05,2025-11-18
502687,103957,2025-05-05,2025-05-06
502688,103959,2025-05-05,2025-10-02
502689,103961,2025-05-05,2025-06-22
502690,103964,2025-05-05,2025-08-06
502691,103954,2025-05-05,2025-05-27
502692,104011,2025-05-06,2025-07-29
502693,104013,2025-05-06,2025-07-14
502694,104015,2025-05-06,2025-06-07
502695,104017,2025-05-06,2025-05-08
502696,104018,2025-05-06,2025-10-20
502697,104021,2025-05-06,2025-05-12
502698,104020,2025-05-06,2025-05-25
502699,104023,2025-05-06,2025-05-23
502700,104024,2025-05-06,2025-05-21
502701,104010,2025-05-06,2025-05-28
502702,104019,2025-05-06,2025-06-01
502703,104008,2025-05-06,2025-06-12
502704,104006,2025-05-06,2026-05-25
502705,104004,2025-05-06,2025-06-04
502706,101989,2025-05-06,2025-05-31
502707,100766,2025-05-06,2025-05-08
502708,103992,2025-05-06,2025-06-06
502709,103994,2025-05-06,2025-06-05
502710,100722,2025-05-06,2025-09-28
502711,103998,2025-05-06,2025-06-09
502712,104000,2025-05-06,2025-06-24
502713,104001,2025-05-06,2026-01-22
502714,104002,2025-05-06,2025-12-10
502715,103996,2025-05-06,2025-07-12
502716,104060,2025-05-07,2025-09-17
502717,104053,2025-05-07,2025-06-09
502718,104054,2025-05-07,
502719,104056,2025-05-07,2026-01-15
502720,104058,2025-05-07,2025-06-05
502721,104061,2025-05-07,2025-05-28
502722,104068,2025-05-07,2025-05-09
502723,104063,2025-05-07,
502724,104064,2025-05-07,2025-05-15
502725,104065,2025-05-07,2025-05-29
502726,104067,2025-05-07,2025-05-08
502727,104052,2025-05-07,2025-05-15
502728,104070,2025-05-07,2026-01-13
502729,104062,2025-05-07,2025-05-17
502730,104051,2025-05-07,2025-12-08
502731,104028,2025-05-07,2025-06-10
502732,104047,2025-05-07,2025-05-10
502733,104049,2025-05-07,2025-07-26
502734,104026,2025-05-07,2025-05-13
502735,104030,2025-05-07,2025-05-24
502736,104034,2025-05-07,2025-09-06
502737,104036,2025-05-07,2025-11-04
502738,104032,2025-05-07,2025-08-18
502739,104040,2025-05-07,2025-07-30
502740,104041,2025-05-07,2025-12-14
502741,104042,2025-05-07,2025-05-20
502742,104044,2025-05-07,2025-05-30
502743,104046,2025-05-07,2026-03-12
502744,104038,2025-05-07,2025-05-28
502745,104101,2025-05-08,2025-05-20
502746,104094,2025-05-08,2025-05-29
502747,104095,2025-05-08,2025-07-22
502748,104097,2025-05-08,2025-05-27
502749,104099,2025-05-08,2025-08-29
502750,104103,2025-05-08,2025-07-03
502751,104114,2025-05-08,2025-06-27
502752,104106,2025-05-08,2025-08-10
502753,104108,2025-05-08,
502754,104110,2025-05-08,2025-05-14
502755,104112,2025-05-08,2025-06-22
502756,104092,2025-05-08,2025-07-29
502757,104105,2025-05-08,2025-05-18
502758,104091,2025-05-08,2025-05-21
502759,104071,2025-05-08,2025-06-07
502760,104088,2025-05-08,
502761,104073,2025-05-08,2025-08-28
502762,104075,2025-05-08,2025-06-04
502763,104076,2025-05-08,2025-05-20
502764,104078,2025-05-08,2025-05-15
502765,104079,2025-05-08,2025-06-07
502766,100586,2025-05-08,
502767,104081,2025-05-08,2025-06-08
502768,104080,2025-05-08,2025-05-12
502769,104087,2025-05-08,2025-05-26
502770,104090,2025-05-08,2025-06-02
502771,104083,2025-05-08,2025-05-24
502772,104082,2025-05-08,2025-05-19
502773,104085,2025-05-08,2025-05-17
502774,104148,2025-05-09,2025-09-15
502775,104134,2025-05-09,2025-05-19
502776,104147,2025-05-09,2025-05-15
502777,104146,2025-05-09,2025-08-30
502778,104143,2025-05-09,2025-06-10
502779,104141,2025-05-09,2025-05-26
502780,104140,2025-05-09,2025-09-16
502781,104139,2025-05-09,2025-05-24
502782,104138,2025-05-09,2025-08-25
502783,104137,2025-05-09,2025-05-12
502784,104136,2025-05-09,2025-09-19
502785,104135,2025-05-09,2025-09-14
502786,104144,2025-05-09,2025-08-05
502787,104133,2025-05-09,2025-08-24
502788,104130,2025-05-09,2025-05-10
502789,104131,2025-05-09,2025-05-12
502790,100719,2025-05-09,2025-05-18
502791,104117,2025-05-09,2025-11-27
502792,104119,2025-05-09,2025-05-30
502793,104120,2025-05-09,2025-05-31
502794,104115,2025-05-09,2025-05-12
502795,104124,2025-05-09,2025-08-07
502796,104126,2025-05-09,2025-06-26
502797,104128,2025-05-09,2025-05-17
502798,104129,2025-05-09,2025-06-07
502799,104122,2025-05-09,2026-06-04
502800,104187,2025-05-10,2025-12-19
502801,104178,2025-05-10,2026-01-08
502802,104180,2025-05-10,2025-06-08
502803,104182,2025-05-10,2025-06-14
502804,104184,2025-05-10,2025-05-20
502805,104186,2025-05-10,2025-05-19
502806,104201,2025-05-10,2025-10-27
502807,104199,2025-05-10,2025-05-16
502808,104192,2025-05-10,2025-08-18
502809,104194,2025-05-10,2025-07-13
502810,104196,2025-05-10,2025-11-02
502811,104198,2025-05-10,2025-05-13
502812,104177,2025-05-10,2025-06-09
502813,104200,2025-05-10,2026-04-12
502814,104191,2025-05-10,2025-05-15
502815,104176,2025-05-10,2025-10-25
502816,104189,2025-05-10,2025-05-21
502817,104173,2025-05-10,2025-09-22
502818,104149,2025-05-10,2025-05-20
502819,104150,2025-05-10,2025-05-12
502820,104152,2025-05-10,2025-10-25
502821,104153,2025-05-10,2025-05-16
502822,104155,2025-05-10,2025-06-03
502823,104157,2025-05-10,2025-05-11
502824,104159,2025-05-10,2025-07-14
502825,104175,2025-05-10,2025-05-26
502826,104163,2025-05-10,2025-06-04
502827,104165,2025-05-10,2025-05-14
502828,104167,2025-05-10,2025-08-13
502829,104168,2025-05-10,2025-05-12
502830,104170,2025-05-10,
502831,104171,2025-05-10,2025-10-23
502832,104161,2025-05-10,2025-08-20
502833,104230,2025-05-11,2026-02-12
502834,104231,2025-05-11,2025-11-03
502835,104234,2025-05-11,2025-08-06
502836,104235,2025-05-11,2025-06-21
502837,104236,2025-05-11,2025-08-27
502838,104237,2025-05-11,2025-08-22
502839,104239,2025-05-11,2025-05-21
502840,104243,2025-05-11,2025-11-03
502841,104242,2025-05-11,2025-07-05
502842,104245,2025-05-11,2025-05-16
502843,104246,2025-05-11,2025-09-17
502844,104248,2025-05-11,2025-05-28
502845,104250,2025-05-11,2025-06-14
502846,104229,2025-05-11,2025-06-16
502847,104240,2025-05-11,2025-08-23
502848,104227,2025-05-11,2025-07-23
502849,104232,2025-05-11,2026-04-19
502850,104224,2025-05-11,
502851,104225,2025-05-11,2025-06-28
502852,100657,2025-05-11,
502853,104202,2025-05-11,2025-05-12
502854,104204,2025-05-11,2026-03-23
502855,104207,2025-05-11,2025-05-30
502856,104209,2025-05-11,2025-07-16
502857,104211,2025-05-11,2025-05-25
502858,104205,2025-05-11,2025-07-08
502859,104215,2025-05-11,2025-11-29
502860,104216,2025-05-11,2025-06-22
502861,104218,2025-05-11,2025-06-25
502862,101485,2025-05-11,2025-05-21
502863,104220,2025-05-11,2025-07-07
502864,104221,2025-05-11,2025-05-14
502865,104223,2025-05-11,2025-05-16
502866,104213,2025-05-11,2025-05-16
502867,104264,2025-05-12,2026-06-12
502868,104273,2025-05-12,2026-01-16
502869,104272,2025-05-12,2025-08-11
502870,104270,2025-05-12,2025-06-04
502871,104268,2025-05-12,2025-07-06
502872,104267,2025-05-12,2025-06-04
502873,104266,2025-05-12,2025-06-13
502874,104263,2025-05-12,2025-09-04
502875,104255,2025-05-12,2025-11-09
502876,104260,2025-05-12,2025-05-26
502877,104258,2025-05-12,2025-05-22
502878,104257,2025-05-12,2025-09-03
502879,104256,2025-05-12,2025-06-08
502880,104254,2025-05-12,2025-09-03
502881,104252,2025-05-12,2025-05-16
502882,104251,2025-05-12,2025-07-17
502883,104261,2025-05-12,2025-05-16
502884,104297,2025-05-13,2025-05-23
502885,104295,2025-05-13,2025-06-13
502886,104293,2025-05-13,2025-10-26
502887,104291,2025-05-13,2025-05-15
502888,104290,2025-05-13,2025-06-28
502889,104285,2025-05-13,2025-05-27
502890,104287,2025-05-13,2025-08-12
502891,104284,2025-05-13,2025-08-29
502892,104288,2025-05-13,2025-05-19
502893,104281,2025-05-13,2025-06-07
502894,104279,2025-05-13,2025-07-14
502895,104278,2025-05-13,2025-08-19
502896,104276,2025-05-13,2025-07-15
502897,104275,2025-05-13,2025-08-10
502898,104274,2025-05-13,2026-05-11
502899,104282,2025-05-13,2025-05-30
502900,104321,2025-05-14,2025-06-19
502901,104323,2025-05-14,2025-07-06
502902,104325,2025-05-14,2025-06-11
502903,104327,2025-05-14,2025-05-27
502904,104329,2025-05-14,2025-05-22
502905,104330,2025-05-14,2026-02-17
502906,104335,2025-05-14,2025-09-24
502907,104333,2025-05-14,2025-07-09
502908,104320,2025-05-14,2025-05-15
502909,104336,2025-05-14,2025-05-18
502910,104338,2025-05-14,2025-05-22
502911,104339,2025-05-14,2025-08-30
502912,104331,2025-05-14,2025-07-08
502913,104319,2025-05-14,2025-06-02
502914,104324,2025-05-14,2025-08-03
502915,104316,2025-05-14,2025-06-30
502916,104317,2025-05-14,2025-05-20
502917,104299,2025-05-14,
502918,104300,2025-05-14,2025-06-15
502919,104301,2025-05-14,2025-05-24
502920,104305,2025-05-14,2026-03-19
502921,104306,2025-05-14,2025-06-25
502922,104303,2025-05-14,
502923,104309,2025-05-14,2026-01-20
502924,104311,2025-05-14,2025-08-20
502925,104313,2025-05-14,2025-09-06
502926,104314,2025-05-14,2025-06-30
502927,104307,2025-05-14,2025-05-18
502928,104376,2025-05-15,2026-01-30
502929,104369,2025-05-15,2025-05-18
502930,104371,2025-05-15,2025-08-09
502931,104372,2025-05-15,2025-07-16
502932,104374,2025-05-15,
502933,104375,2025-05-15,2025-07-25
502934,104378,2025-05-15,2026-04-19
502935,104389,2025-05-15,2025-10-17
502936,104382,2025-05-15,2025-09-23
502937,104393,2025-05-15,2025-05-22
502938,104384,2025-05-15,2025-05-26
502939,104386,2025-05-15,2025-10-20
502940,104387,2025-05-15,2025-05-25
502941,104391,2025-05-15,2025-11-02
502942,104368,2025-05-15,2025-07-19
502943,104380,2025-05-15,
502944,104367,2025-05-15,2025-05-18
502945,104347,2025-05-15,2025-05-25
502946,104363,2025-05-15,2025-12-21
502947,104340,2025-05-15,2025-09-19
502948,104365,2025-05-15,2025-11-17
502949,104343,2025-05-15,2025-08-01
502950,104345,2025-05-15,2025-08-21
502951,104348,2025-05-15,2025-06-20
502952,104349,2025-05-15,2025-05-17
502953,104350,2025-05-15,2025-08-29
502954,104342,2025-05-15,2025-05-17
502955,104352,2025-05-15,2025-09-02
502956,104354,2025-05-15,
502957,104356,2025-05-15,2025-05-17
502958,104357,2025-05-15,2025-05-17
502959,104359,2025-05-15,2025-05-16
502960,104361,2025-05-15,2025-07-03
502961,104351,2025-05-15,2025-05-28
502962,104413,2025-05-16,2025-05-25
502963,104414,2025-05-16,2025-09-14
502964,104416,2025-05-16,2025-05-24
502965,104417,2025-05-16,2025-06-10
502966,104418,2025-05-16,2025-07-06
502967,104425,2025-05-16,2025-05-31
502968,104423,2025-05-16,2025-06-05
502969,104427,2025-05-16,2025-08-21
502970,104428,2025-05-16,2025-07-15
502971,104412,2025-05-16,2025-07-05
502972,104421,2025-05-16,2025-10-14
502973,104410,2025-05-16,
502974,104419,2025-05-16,2025-05-22
502975,104407,2025-05-16,2025-06-02
502976,102901,2025-05-16,2025-11-08
502977,104394,2025-05-16,2025-06-06
502978,104395,2025-05-16,2025-08-14
502979,104397,2025-05-16,2025-09-12
502980,104398,2025-05-16,2025-07-12
502981,104408,2025-05-16,2025-05-31
502982,104400,2025-05-16,2025-05-23
502983,104402,2025-05-16,2025-06-24
502984,104403,2025-05-16,2025-05-19
502985,104405,2025-05-16,2025-05-22
502986,104406,2025-05-16,
502987,104399,2025-05-16,2025-05-17
502988,104455,2025-05-17,2025-05-30
502989,104453,2025-05-17,2025-05-22
502990,104456,2025-05-17,2025-06-12
502991,104457,2025-05-17,2025-05-23
502992,104458,2025-05-17,2025-06-26
502993,104459,2025-05-17,2025-06-13
502994,104460,2025-05-17,2026-05-06
502995,104467,2025-05-17,2025-12-24
502996,104464,2025-05-17,2025-07-02
502997,104465,2025-05-17,2025-05-30
502998,104452,2025-05-17,2025-06-01
502999,104468,2025-05-17,2025-06-23
503000,104470,2025-05-17,2025-08-01
503001,104472,2025-05-17,2025-05-23
503002,104462,2025-05-17,2026-01-07
503003,104451,2025-05-17,2025-08-01
503004,104450,2025-05-17,2025-05-28
503005,104449,2025-05-17,2026-06-06
503006,104430,2025-05-17,2025-05-22
503007,104432,2025-05-17,2025-07-06
503008,104433,2025-05-17,2025-06-06
503009,104435,2025-05-17,2026-03-15
503010,104436,2025-05-17,2025-08-02
503011,104438,2025-05-17,2025-06-03
503012,104437,2025-05-17,2025-08-27
503013,104442,2025-05-17,2025-06-10
503014,104443,2025-05-17,2025-06-18
503015,104445,2025-05-17,2025-09-26
503016,104446,2025-05-17,2025-05-25
503017,104447,2025-05-17,2025-08-16
503018,104440,2025-05-17,2025-09-18
503019,104504,2025-05-18,2025-05-21
503020,104498,2025-05-18,2025-05-24
503021,104499,2025-05-18,2025-06-14
503022,104500,2025-05-18,2025-08-08
503023,104502,2025-05-18,2025-09-27
503024,104505,2025-05-18,2026-01-14
503025,104514,2025-05-18,2025-08-03
503026,104509,2025-05-18,2025-06-17
503027,104510,2025-05-18,2025-05-25
503028,104512,2025-05-18,2025-07-29
503029,104516,2025-05-18,2025-06-06
503030,104517,2025-05-18,2026-03-22
503031,104496,2025-05-18,2025-08-12
503032,104508,2025-05-18,2025-08-20
503033,104495,2025-05-18,2025-08-01
503034,104506,2025-05-18,2025-08-05
503035,104491,2025-05-18,2025-05-19
503036,104473,2025-05-18,2025-06-02
503037,104475,2025-05-18,
503038,104477,2025-05-18,2025-05-21
503039,104479,2025-05-18,2025-06-05
503040,104481,2025-05-18,2025-06-01
503041,104483,2025-05-18,2025-06-14
503042,104482,2025-05-18,2025-08-26
503043,104486,2025-05-18,2026-02-25
503044,104487,2025-05-18,2026-07-27
503045,104488,2025-05-18,2025-07-03
503046,104489,2025-05-18,2025-05-22
503047,104490,2025-05-18,2025-05-21
503048,104484,2025-05-18,2025-08-14
503049,104493,2025-05-18,
503050,104536,2025-05-19,2025-05-30
503051,104544,2025-05-19,2025-05-31
503052,104538,2025-05-19,2025-06-04
503053,104540,2025-05-19,2026-03-16
503054,104542,2025-05-19,2025-05-21
503055,104552,2025-05-19,2025-06-09
503056,104548,2025-05-19,2025-05-23
503057,104550,2025-05-19,2025-07-27
503058,104535,2025-05-19,2025-11-11
503059,101911,2025-05-19,2026-03-04
503060,104546,2025-05-19,2026-01-11
503061,104534,2025-05-19,2026-06-14
503062,104545,2025-05-19,2025-05-30
503063,104530,2025-05-19,2026-01-02
503064,104529,2025-05-19,2025-06-07
503065,104527,2025-05-19,2025-11-30
503066,104526,2025-05-19,2025-07-18
503067,104525,2025-05-19,2025-11-26
503068,104523,2025-05-19,2025-06-19
503069,104522,2025-05-19,2025-09-07
503070,104521,2025-05-19,2025-07-24
503071,104520,2025-05-19,2025-06-26
503072,104519,2025-05-19,2025-06-06
503073,104532,2025-05-19,2025-06-27
503074,104571,2025-05-20,2025-09-14
503075,104572,2025-05-20,2025-06-13
503076,104574,2025-05-20,2025-07-22
503077,104575,2025-05-20,2025-06-27
503078,104577,2025-05-20,2025-05-23
503079,104587,2025-05-20,2025-05-31
503080,104581,2025-05-20,
503081,104583,2025-05-20,2025-12-06
503082,104585,2025-05-20,2025-05-25
503083,104589,2025-05-20,2025-09-08
503084,104579,2025-05-20,2025-07-24
503085,104569,2025-05-20,2026-06-29
503086,104565,2025-05-20,2025-06-18
503087,104566,2025-05-20,2025-10-11
503088,101766,2025-05-20,2025-09-14
503089,104568,2025-05-20,2025-06-30
503090,104555,2025-05-20,2025-05-31
503091,104556,2025-05-20,2025-06-08
503092,104557,2025-05-20,2025-09-08
503093,104554,2025-05-20,2025-05-23
503094,104560,2025-05-20,2025-11-10
503095,104561,2025-05-20,2025-06-04
503096,104563,2025-05-20,2025-07-29
503097,104564,2025-05-20,2025-05-29
503098,104558,2025-05-20,2025-05-23
503099,104617,2025-05-21,2026-05-31
503100,104619,2025-05-21,2025-06-13
503101,104620,2025-05-21,2025-06-23
503102,104621,2025-05-21,
503103,104623,2025-05-21,2025-05-27
503104,104622,2025-05-21,2026-06-27
503105,104624,2025-05-21,2025-06-15
503106,104633,2025-05-21,2025-06-13
503107,104630,2025-05-21,2025-05-26
503108,104632,2025-05-21,2025-06-15
503109,104634,2025-05-21,2025-09-03
503110,104635,2025-05-21,2025-08-09
503111,104637,2025-05-21,2025-11-09
503112,104616,2025-05-21,2026-05-16
503113,104626,2025-05-21,2025-06-16
503114,104614,2025-05-21,2025-08-06
503115,104628,2025-05-21,2025-06-10
503116,104610,2025-05-21,2025-05-24
503117,104591,2025-05-21,2025-06-08
503118,104592,2025-05-21,2025-05-22
503119,104594,2025-05-21,2025-11-23
503120,104595,2025-05-21,2025-05-23
503121,104598,2025-05-21,2025-06-04
503122,104612,2025-05-21,2025-08-11
503123,104599,2025-05-21,2025-09-10
503124,104596,2025-05-21,2026-04-05
503125,104601,2025-05-21,2025-12-10
503126,104603,2025-05-21,2025-11-21
503127,104604,2025-05-21,2025-05-30
503128,104605,2025-05-21,2025-05-24
503129,104607,2025-05-21,2025-07-06
503130,104609,2025-05-21,
503131,104600,2025-05-21,2025-09-14
503132,104653,2025-05-22,2025-11-30
503133,104661,2025-05-22,2025-06-02
503134,104660,2025-05-22,2026-06-03
503135,104658,2025-05-22,2025-10-31
503136,104656,2025-05-22,2025-07-06
503137,104655,2025-05-22,2025-06-25
503138,104654,2025-05-22,2025-05-28
503139,104652,2025-05-22,2025-05-30
503140,104647,2025-05-22,2025-07-20
503141,104649,2025-05-22,2025-07-06
503142,104646,2025-05-22,2025-05-26
503143,104644,2025-05-22,2025-09-05
503144,104643,2025-05-22,2025-05-29
503145,104642,2025-05-22,2025-08-29
503146,104640,2025-05-22,2025-06-27
503147,104639,2025-05-22,2025-05-26
503148,104651,2025-05-22,2025-06-28
503149,104689,2025-05-23,2025-06-22
503150,104691,2025-05-23,2025-08-19
503151,104693,2025-05-23,2025-06-17
503152,104694,2025-05-23,2025-08-17
503153,104695,2025-05-23,2025-06-03
503154,104701,2025-05-23,2025-07-11
503155,104698,2025-05-23,2025-10-02
503156,104700,2025-05-23,2025-05-31
503157,104702,2025-05-23,2026-07-07
503158,104703,2025-05-23,2025-11-14
503159,104688,2025-05-23,2025-07-25
503160,104696,2025-05-23,2025-06-07
503161,104686,2025-05-23,2025-05-27
503162,104673,2025-05-23,2025-06-11
503163,104683,2025-05-23,2025-08-31
503164,104684,2025-05-23,2025-05-30
503165,104663,2025-05-23,2026-05-12
503166,104665,2025-05-23,2025-08-23
503167,104669,2025-05-23,2025-06-20
503168,104671,2025-05-23,
503169,104667,2025-05-23,2025-06-18
503170,104674,2025-05-23,2025-05-28
503171,104676,2025-05-23,2025-08-31
503172,104678,2025-05-23,2025-06-03
503173,104680,2025-05-23,2025-09-23
503174,104682,2025-05-23,2025-09-01
503175,104742,2025-05-24,2025-06-22
503176,104734,2025-05-24,2025-06-01
503177,104735,2025-05-24,2025-05-29
503178,104737,2025-05-24,2026-04-08
503179,104738,2025-05-24,2025-06-19
503180,104740,2025-05-24,2025-06-07
503181,104758,2025-05-24,2025-09-07
503182,104743,2025-05-24,2025-07-15
503183,104754,2025-05-24,2025-10-17
503184,104747,2025-05-24,2025-06-08
503185,104748,2025-05-24,
503186,104750,2025-05-24,2025-08-05
503187,104752,2025-05-24,2025-05-26
503188,104755,2025-05-24,2025-06-07
503189,104757,2025-05-24,2025-07-07
503190,104732,2025-05-24,2025-09-25
503191,104745,2025-05-24,2025-09-24
503192,104731,2025-05-24,2025-07-11
503193,104733,2025-05-24,2025-06-03
503194,104728,2025-05-24,2025-05-31
503195,104730,2025-05-24,2026-01-16
503196,104706,2025-05-24,2025-06-15
503197,104708,2025-05-24,2025-06-16
503198,104710,2025-05-24,2025-11-11
503199,104712,2025-05-24,2025-06-01
503200,104714,2025-05-24,2025-05-26
503201,104716,2025-05-24,2025-08-06
503202,104704,2025-05-24,2025-05-25
503203,104719,2025-05-24,2026-02-12
503204,104717,2025-05-24,2025-05-27
503205,104724,2025-05-24,2025-06-19
503206,104726,2025-05-24,2025-07-20
503207,104721,2025-05-24,2025-06-10
503208,104720,2025-05-24,2026-07-14
503209,104723,2025-05-24,2025-09-11
503210,104781,2025-05-25,2025-05-27
503211,104782,2025-05-25,
503212,104783,2025-05-25,2025-12-30
503213,104785,2025-05-25,2025-06-15
503214,104787,2025-05-25,2025-05-29
503215,104789,2025-05-25,2025-06-04
503216,104791,2025-05-25,2025-06-10
503217,104795,2025-05-25,2025-06-14
503218,104796,2025-05-25,2025-06-25
503219,104797,2025-05-25,2025-08-30
503220,104799,2025-05-25,2025-07-06
503221,104780,2025-05-25,2025-10-07
503222,104792,2025-05-25,2025-08-16
503223,104779,2025-05-25,2025-06-13
503224,104794,2025-05-25,
503225,104777,2025-05-25,2025-08-06
503226,104778,2025-05-25,2025-05-28
503227,104760,2025-05-25,2025-07-02
503228,104761,2025-05-25,2025-05-26
503229,104764,2025-05-25,2025-10-03
503230,104766,2025-05-25,2025-06-04
503231,104762,2025-05-25,2025-11-17
503232,104769,2025-05-25,2025-08-18
503233,104771,2025-05-25,2025-06-01
503234,104773,2025-05-25,2026-06-28
503235,104775,2025-05-25,2025-05-28
503236,104767,2025-05-25,2025-06-03
503237,104827,2025-05-26,2025-10-23
503238,104821,2025-05-26,2025-06-29
503239,104822,2025-05-26,2025-05-27
503240,104824,2025-05-26,2025-06-02
503241,104825,2025-05-26,2025-06-16
503242,104828,2025-05-26,2025-06-10
503243,104838,2025-05-26,2025-09-15
503244,104831,2025-05-26,2025-07-22
503245,104832,2025-05-26,2025-06-03
503246,104834,2025-05-26,2025-08-27
503247,104836,2025-05-26,2025-07-16
503248,104839,2025-05-26,2025-05-28
503249,104841,2025-05-26,2025-06-30
503250,104830,2025-05-26,2025-06-30
503251,104819,2025-05-26,2025-05-29
503252,104816,2025-05-26,2025-06-10
503253,104815,2025-05-26,
503254,104814,2025-05-26,2025-09-29
503255,104813,2025-05-26,2025-05-30
503256,104811,2025-05-26,2025-06-10
503257,104809,2025-05-26,2025-07-01
503258,104808,2025-05-26,2026-05-28
503259,104807,2025-05-26,
503260,104806,2025-05-26,2026-03-01
503261,104804,2025-05-26,2025-08-26
503262,104802,2025-05-26,2025-05-27
503263,104801,2025-05-26,2025-06-14
503264,104817,2025-05-26,2025-06-20
503265,104861,2025-05-27,2025-10-06
503266,104862,2025-05-27,2025-10-06
503267,104863,2025-05-27,2025-08-01
503268,104865,2025-05-27,2025-05-28
503269,104871,2025-05-27,2025-06-18
503270,104867,2025-05-27,2025-06-24
503271,104869,2025-05-27,2025-06-10
503272,104860,2025-05-27,2025-07-10
503273,104873,2025-05-27,2025-12-24
503274,104866,2025-05-27,2026-05-03
503275,104874,2025-05-27,2025-07-13
503276,104858,2025-05-27,2025-05-29
503277,104855,2025-05-27,2025-06-20
503278,104856,2025-05-27,2025-06-05
503279,102581,2025-05-27,2026-07-06
503280,104843,2025-05-27,2025-08-14
503281,104845,2025-05-27,2025-05-28
503282,104846,2025-05-27,2025-06-12
503283,102018,2025-05-27,2025-07-06
503284,104848,2025-05-27,2025-06-02
503285,104850,2025-05-27,2025-06-15
503286,104852,2025-05-27,2025-05-30
503287,104853,2025-05-27,
503288,104847,2025-05-27,2025-06-04
503289,104890,2025-05-28,2025-07-31
503290,104902,2025-05-28,2025-06-06
503291,104901,2025-05-28,2025-05-29
503292,104899,2025-05-28,2025-07-17
503293,104898,2025-05-28,2025-08-14
503294,104896,2025-05-28,2025-06-07
503295,104894,2025-05-28,2025-06-15
503296,104893,2025-05-28,2025-06-30
503297,104889,2025-05-28,2025-12-19
503298,104891,2025-05-28,2025-07-16
503299,104885,2025-05-28,2025-08-06
503300,104884,2025-05-28,2025-06-25
503301,104882,2025-05-28,2025-06-14
503302,104881,2025-05-28,2025-05-29
503303,104879,2025-05-28,2025-06-02
503304,104877,2025-05-28,2026-02-03
503305,104875,2025-05-28,2025-09-08
503306,100758,2025-05-28,2025-08-08
503307,104887,2025-05-28,2025-06-27
503308,104932,2025-05-29,2025-10-29
503309,104934,2025-05-29,2025-06-14
503310,104935,2025-05-29,2025-06-08
503311,104936,2025-05-29,2025-06-09
503312,104937,2025-05-29,2025-06-18
503313,104939,2025-05-29,2025-06-01
503314,104940,2025-05-29,2025-06-03
503315,104946,2025-05-29,2025-07-25
503316,104942,2025-05-29,2025-06-02
503317,104943,2025-05-29,2025-06-14
503318,104945,2025-05-29,2025-09-16
503319,104947,2025-05-29,2025-07-20
503320,104949,2025-05-29,2025-07-06
503321,104950,2025-05-29,2026-02-08
503322,104930,2025-05-29,2026-02-01
503323,104941,2025-05-29,2025-06-13
503324,104929,2025-05-29,2025-06-25
503325,104913,2025-05-29,2025-06-02
503326,104926,2025-05-29,2025-07-28
503327,104904,2025-05-29,2025-06-04
503328,104906,2025-05-29,2025-07-01
503329,104928,2025-05-29,2025-08-18
503330,104908,2025-05-29,2025-07-11
503331,104910,2025-05-29,2025-07-15
503332,104912,2025-05-29,2025-07-13
503333,104915,2025-05-29,2025-09-03
503334,104907,2025-05-29,2025-06-04
503335,104917,2025-05-29,2025-06-05
503336,104919,2025-05-29,2025-06-04
503337,104921,2025-05-29,2025-07-20
503338,104922,2025-05-29,2025-10-04
503339,104924,2025-05-29,2025-06-04
503340,104925,2025-05-29,2025-07-19
503341,104916,2025-05-29,2025-06-10
503342,104970,2025-05-30,2025-05-31
503343,104972,2025-05-30,2025-07-11
503344,104973,2025-05-30,2025-06-16
503345,104974,2025-05-30,2025-06-01
503346,104976,2025-05-30,2025-06-01
503347,104984,2025-05-30,2025-06-07
503348,104980,2025-05-30,2026-01-13
503349,104982,2025-05-30,
503350,104985,2025-05-30,2025-06-04
503351,104978,2025-05-30,2025-07-11
503352,104968,2025-05-30,2026-01-22
503353,104955,2025-05-30,2025-07-26
503354,104966,2025-05-30,2025-06-30
503355,104964,2025-05-30,2025-06-12
503356,104962,2025-05-30,2025-08-13
503357,104960,2025-05-30,2025-06-02
503358,104959,2025-05-30,2026-02-07
503359,104957,2025-05-30,2026-02-03
503360,104956,2025-05-30,2025-06-27
503361,104953,2025-05-30,2026-06-30
503362,104951,2025-05-30,2025-11-04
503363,104967,2025-05-30,2025-06-17
503364,105012,2025-05-31,2025-06-20
503365,105015,2025-05-31,2026-05-17
503366,105016,2025-05-31,2025-06-21
503367,105017,2025-05-31,2025-06-18
503368,105018,2025-05-31,2025-07-10
503369,105019,2025-05-31,2025-11-23
503370,105023,2025-05-31,2025-09-20
503371,105021,2025-05-31,2025-07-11
503372,105022,2025-05-31,2025-06-19
503373,105010,2025-05-31,2025-06-14
503374,105024,2025-05-31,2025-06-27
503375,105026,2025-05-31,2025-07-26
503376,105027,2025-05-31,2025-07-26
503377,105020,2025-05-31,2025-08-06
503378,105009,2025-05-31,2025-07-02
503379,105014,2025-05-31,2025-09-04
503380,105005,2025-05-31,2025-06-08
503381,105007,2025-05-31,2025-06-15
503382,104986,2025-05-31,2025-09-07
503383,104987,2025-05-31,2025-06-25
503384,104989,2025-05-31,2025-06-17
503385,104993,2025-05-31,2025-06-06
503386,104994,2025-05-31,2025-06-28
503387,104991,2025-05-31,
503388,104998,2025-05-31,2025-12-27
503389,104999,2025-05-31,2026-01-04
503390,105001,2025-05-31,2025-06-20
503391,105002,2025-05-31,2025-09-25
503392,105003,2025-05-31,2025-07-02
503393,105004,2025-05-31,2025-06-09
503394,104996,2025-05-31,2025-06-08
503395,105067,2025-06-01,2025-06-03
503396,105060,2025-06-01,2025-08-21
503397,105061,2025-06-01,2025-08-17
503398,105062,2025-06-01,2025-06-16
503399,105064,2025-06-01,2025-07-06
503400,105065,2025-06-01,2025-06-17
503401,105069,2025-06-01,2025-10-17
503402,105084,2025-06-01,2025-07-16
503403,105072,2025-06-01,2025-08-03
503404,105074,2025-06-01,2025-08-22
503405,105076,2025-06-01,2025-10-06
503406,105078,2025-06-01,2026-01-05
503407,105079,2025-06-01,2025-06-27
503408,105080,2025-06-01,2025-07-14
503409,105058,2025-06-01,2025-06-11
503410,105070,2025-06-01,2025-06-24
503411,105056,2025-06-01,2025-07-08
503412,105082,2025-06-01,2026-02-21
503413,105052,2025-06-01,2025-06-06
503414,105054,2025-06-01,2025-06-20
503415,105029,2025-06-01,2025-06-30
503416,105032,2025-06-01,2025-09-17
503417,105034,2025-06-01,2025-06-18
503418,105036,2025-06-01,2025-07-18
503419,105037,2025-06-01,2025-09-17
503420,105038,2025-06-01,2025-07-26
503421,105031,2025-06-01,2025-07-05
503422,105041,2025-06-01,2026-02-23
503423,105042,2025-06-01,2025-06-26
503424,105043,2025-06-01,2025-06-06
503425,105045,2025-06-01,2025-08-02
503426,105046,2025-06-01,2025-06-27
503427,105048,2025-06-01,2025-06-23
503428,105050,2025-06-01,2025-09-19
503429,105040,2025-06-01,2025-06-05
503430,105103,2025-06-02,2025-06-12
503431,105104,2025-06-02,2025-06-11
503432,105105,2025-06-02,2025-07-13
503433,105107,2025-06-02,2025-06-14
503434,105109,2025-06-02,2025-08-15
503435,105115,2025-06-02,2025-09-03
503436,105112,2025-06-02,
503437,105113,2025-06-02,2025-06-05
503438,105116,2025-06-02,2025-06-17
503439,105120,2025-06-02,2025-07-17
503440,105102,2025-06-02,2025-10-26
503441,105111,2025-06-02,2025-07-22
503442,105101,2025-06-02,2026-06-28
503443,105118,2025-06-02,2025-06-07
503444,105099,2025-06-02,2026-01-12
503445,105100,2025-06-02,2025-06-12
503446,105085,2025-06-02,2025-09-04
503447,105087,2025-06-02,2025-06-14
503448,105088,2025-06-02,2025-06-08
503449,105089,2025-06-02,2025-07-07
503450,101288,2025-06-02,2026-01-12
503451,105091,2025-06-02,2025-06-05
503452,105092,2025-06-02,2025-10-04
503453,105093,2025-06-02,2025-10-12
503454,105095,2025-06-02,2025-06-22
503455,105097,2025-06-02,2025-06-21
503456,105090,2025-06-02,2026-01-06
503457,105141,2025-06-03,2025-08-29
503458,105143,2025-06-03,2025-07-27
503459,105145,2025-06-03,2025-06-30
503460,105147,2025-06-03,2025-06-15
503461,105149,2025-06-03,2025-06-08
503462,105153,2025-06-03,2025-09-02
503463,105152,2025-06-03,
503464,105155,2025-06-03,2025-11-14
503465,105156,2025-06-03,2025-08-01
503466,105157,2025-06-03,2025-06-25
503467,105158,2025-06-03,2025-10-01
503468,105151,2025-06-03,2025-09-05
503469,105137,2025-06-03,2025-07-26
503470,105139,2025-06-03,2025-08-22
503471,105135,2025-06-03,2025-12-23
503472,105136,2025-06-03,2025-11-12
503473,102965,2025-06-03,2025-06-04
503474,105121,2025-06-03,2025-06-04
503475,105123,2025-06-03,2025-07-27
503476,105124,2025-06-03,2025-06-21
503477,105122,2025-06-03,2025-06-05
503478,105126,2025-06-03,2025-06-05
503479,105128,2025-06-03,2025-06-16
503480,105129,2025-06-03,2025-06-14
503481,105131,2025-06-03,2025-07-21
503482,105133,2025-06-03,
503483,105125,2025-06-03,2025-07-28
503484,105192,2025-06-04,2025-06-24
503485,105206,2025-06-04,2025-07-11
503486,105188,2025-06-04,2025-08-12
503487,105189,2025-06-04,2025-08-28
503488,105191,2025-06-04,2025-08-07
503489,105194,2025-06-04,2025-06-16
503490,105204,2025-06-04,2025-07-10
503491,105196,2025-06-04,2025-07-16
503492,105197,2025-06-04,2025-10-30
503493,105199,2025-06-04,2025-07-02
503494,105201,2025-06-04,2025-07-27
503495,105203,2025-06-04,2025-06-28
503496,105186,2025-06-04,2025-08-23
503497,105195,2025-06-04,2025-08-10
503498,105184,2025-06-04,
503499,105179,2025-06-04,2025-07-06
503500,105181,2025-06-04,2025-06-05
503501,105183,2025-06-04,2025-06-11
503502,105161,2025-06-04,2025-06-09
503503,105163,2025-06-04,2025-11-28
503504,105164,2025-06-04,2025-06-28
503505,105165,2025-06-04,2025-06-27
503506,105167,2025-06-04,2025-07-08
503507,105160,2025-06-04,2026-04-28
503508,105170,2025-06-04,2025-07-12
503509,105172,2025-06-04,
503510,105174,2025-06-04,
503511,105176,2025-06-04,2025-07-01
503512,105177,2025-06-04,2025-07-19
503513,105169,2025-06-04,2025-06-05
503514,105230,2025-06-05,2025-11-25
503515,105231,2025-06-05,2025-06-19
503516,105233,2025-06-05,2025-07-22
503517,105235,2025-06-05,
503518,105237,2025-06-05,2025-06-25
503519,105242,2025-06-05,2025-07-22
503520,105240,2025-06-05,2025-08-19
503521,105244,2025-06-05,2026-02-24
503522,105245,2025-06-05,2025-06-18
503523,105229,2025-06-05,2026-06-16
503524,105238,2025-06-05,2025-06-14
503525,105227,2025-06-05,2025-08-30
503526,105225,2025-06-05,2025-09-06
503527,105224,2025-06-05,2025-11-19
503528,105207,2025-06-05,2026-01-08
503529,105209,2025-06-05,
503530,105212,2025-06-05,2025-06-12
503531,105213,2025-06-05,2026-03-06
503532,105211,2025-06-05,2025-06-07
503533,105217,2025-06-05,2025-09-15
503534,105219,2025-06-05,2025-06-08
503535,105221,2025-06-05,2026-03-30
503536,105222,2025-06-05,2025-08-27
503537,105215,2025-06-05,2025-06-09
503538,105280,2025-06-06,2026-04-16
503539,105273,2025-06-06,2026-03-10
503540,105275,2025-06-06,2025-09-02
503541,105277,2025-06-06,
503542,105279,2025-06-06,2025-06-13
503543,105281,2025-06-06,2025-07-06
503544,105289,2025-06-06,2025-06-08
503545,105284,2025-06-06,2025-09-13
503546,105285,2025-06-06,2025-08-10
503547,105286,2025-06-06,2026-06-12
503548,105271,2025-06-06,2025-07-04
503549,105288,2025-06-06,2025-06-29
503550,105282,2025-06-06,2025-06-10
503551,105269,2025-06-06,2025-12-12
503552,105247,2025-06-06,2025-06-17
503553,105266,2025-06-06,2026-07-14
503554,105267,2025-06-06,2025-08-09
503555,105246,2025-06-06,2025-07-15
503556,105249,2025-06-06,2026-04-14
503557,105250,2025-06-06,2026-07-16
503558,105253,2025-06-06,2025-06-20
503559,105254,2025-06-06,2025-07-12
503560,105251,2025-06-06,2025-06-07
503561,105257,2025-06-06,2025-06-12
503562,105259,2025-06-06,2026-02-28
503563,105261,2025-06-06,2025-08-01
503564,105263,2025-06-06,2025-08-13
503565,105265,2025-06-06,2025-06-26
503566,105255,2025-06-06,2025-11-18
503567,105317,2025-06-07,2025-09-30
503568,105313,2025-06-07,2025-11-06
503569,105315,2025-06-07,2025-08-01
503570,105332,2025-06-07,
503571,105319,2025-06-07,2025-08-23
503572,105312,2025-06-07,2025-10-12
503573,105322,2025-06-07,2025-06-09
503574,105324,2025-06-07,2026-06-14
503575,105326,2025-06-07,2026-01-13
503576,105328,2025-06-07,2025-09-07
503577,105330,2025-06-07,
503578,105321,2025-06-07,2026-02-07
503579,105310,2025-06-07,2025-08-04
503580,105316,2025-06-07,2025-09-04
503581,105308,2025-06-07,2025-07-24
503582,105309,2025-06-07,2025-06-25
503583,105290,2025-06-07,2025-08-08
503584,105292,2025-06-07,2025-06-27
503585,105294,2025-06-07,2025-07-10
503586,105295,2025-06-07,2025-06-08
503587,105293,2025-06-07,2025-06-08
503588,105298,2025-06-07,2025-06-08
503589,105300,2025-06-07,2025-07-10
503590,105302,2025-06-07,2025-06-17
503591,105304,2025-06-07,2025-08-04
503592,105306,2025-06-07,2025-06-10
503593,105296,2025-06-07,2025-07-13
503594,105372,2025-06-08,2025-09-06
503595,105361,2025-06-08,2025-06-15
503596,105363,2025-06-08,2025-12-31
503597,105365,2025-06-08,2025-06-09
503598,105366,2025-06-08,2025-06-20
503599,105368,2025-06-08,2025-06-09
503600,105374,2025-06-08,2025-09-21
503601,105384,2025-06-08,2025-07-06
503602,105376,2025-06-08,2025-08-27
503603,105378,2025-06-08,2025-09-13
503604,105380,2025-06-08,
503605,105382,2025-06-08,2025-08-23
503606,105360,2025-06-08,2025-07-06
503607,105386,2025-06-08,
503608,105375,2025-06-08,2025-06-20
503609,105358,2025-06-08,2025-06-21
503610,105370,2025-06-08,2025-09-19
503611,105354,2025-06-08,2025-06-14
503612,105356,2025-06-08,2026-01-13
503613,105333,2025-06-08,2025-08-16
503614,105334,2025-06-08,2025-10-03
503615,105336,2025-06-08,2025-06-13
503616,105339,2025-06-08,2025-07-06
503617,105340,2025-06-08,2025-07-13
503618,105341,2025-06-08,2026-02-10
503619,105337,2025-06-08,2025-06-29
503620,105344,2025-06-08,2025-08-09
503621,105346,2025-06-08,
503622,105347,2025-06-08,
503623,105348,2025-06-08,2025-06-10
503624,105350,2025-06-08,2025-06-09
503625,105352,2025-06-08,2025-09-20
503626,105343,2025-06-08,2025-06-18
503627,105409,2025-06-09,2025-06-10
503628,105400,2025-06-09,2025-07-18
503629,105408,2025-06-09,2025-07-07
503630,105406,2025-06-09,2025-06-25
503631,105405,2025-06-09,2025-06-16
503632,105403,2025-06-09,2025-06-13
503633,105402,2025-06-09,2025-07-17
503634,105401,2025-06-09,2025-11-11
503635,105398,2025-06-09,2025-11-19
503636,105392,2025-06-09,2025-06-19
503637,105396,2025-06-09,2025-06-13
503638,105394,2025-06-09,2025-06-30
503639,105391,2025-06-09,2025-08-23
503640,105389,2025-06-09,2025-06-22
503641,105388,2025-06-09,2025-07-04
503642,105387,2025-06-09,2025-08-23
503643,105397,2025-06-09,2025-10-06
503644,105432,2025-06-10,2025-07-05
503645,105434,2025-06-10,2025-06-13
503646,105436,2025-06-10,2025-07-01
503647,105438,2025-06-10,
503648,105442,2025-06-10,2025-06-11
503649,105441,2025-06-10,2025-08-15
503650,105430,2025-06-10,2025-07-11
503651,105444,2025-06-10,2025-06-17
503652,105439,2025-06-10,
503653,105429,2025-06-10,2025-06-22
503654,105427,2025-06-10,2025-06-18
503655,105426,2025-06-10,2025-10-09
503656,105424,2025-06-10,2025-06-17
503657,105422,2025-06-10,2025-07-01
503658,105420,2025-06-10,2026-06-15
503659,105418,2025-06-10,2025-08-14
503660,105417,2025-06-10,2025-06-13
503661,105415,2025-06-10,2025-07-02
503662,105413,2025-06-10,2025-06-13
503663,105411,2025-06-10,2025-06-11
503664,105469,2025-06-11,2025-06-12
503665,105471,2025-06-11,2025-06-23
503666,105473,2025-06-11,2025-06-27
503667,105474,2025-06-11,2026-06-05
503668,105476,2025-06-11,2025-08-12
503669,105484,2025-06-11,2025-07-10
503670,105479,2025-06-11,
503671,105481,2025-06-11,2025-09-13
503672,105482,2025-06-11,2025-06-15
503673,105467,2025-06-11,2025-06-17
503674,105486,2025-06-11,2025-07-04
503675,105477,2025-06-11,2026-04-07
503676,105465,2025-06-11,2025-07-15
503677,105488,2025-06-11,2025-06-25
503678,105462,2025-06-11,2025-06-20
503679,105463,2025-06-11,2025-10-11
503680,105446,2025-06-11,2026-03-06
503681,105447,2025-06-11,2025-09-17
503682,105450,2025-06-11,2025-07-27
503683,105451,2025-06-11,2026-06-16
503684,105449,2025-06-11,2025-06-18
503685,105453,2025-06-11,2025-10-26
503686,105455,2025-06-11,2025-06-12
503687,105457,2025-06-11,2025-07-01
503688,105458,2025-06-11,2025-07-27
503689,105460,2025-06-11,2025-06-17
503690,105452,2025-06-11,2025-12-26
503691,105513,2025-06-12,2025-06-28
503692,105507,2025-06-12,2026-05-06
503693,105508,2025-06-12,
503694,105509,2025-06-12,2025-07-26
503695,105511,2025-06-12,2026-05-26
503696,105514,2025-06-12,2025-06-14
503697,105523,2025-06-12,2025-06-16
503698,105517,2025-06-12,
503699,105518,2025-06-12,2025-11-06
503700,105519,2025-06-12,2025-10-10
503701,105521,2025-06-12,2025-07-30
503702,105525,2025-06-12,2026-01-19
503703,105516,2025-06-12,2025-09-28
503704,105505,2025-06-12,2025-06-21
503705,105503,2025-06-12,2025-06-18
503706,105502,2025-06-12,2025-07-19
503707,105501,2025-06-12,2025-07-22
503708,105499,2025-06-12,
503709,105497,2025-06-12,2025-08-09
503710,105496,2025-06-12,2025-07-11
503711,105495,2025-06-12,2025-06-13
503712,105493,2025-06-12,2026-01-03
503713,105492,2025-06-12,2025-08-05
503714,105491,2025-06-12,2025-07-13
503715,105490,2025-06-12,2025-08-12
503716,105504,2025-06-12,2025-10-01
503717,101447,2025-06-12,2025-06-20
503718,105545,2025-06-13,
503719,105546,2025-06-13,2025-12-20
503720,105548,2025-06-13,2025-07-16
503721,105549,2025-06-13,2026-01-25
503722,105544,2025-06-13,2025-06-18
503723,105552,2025-06-13,2025-06-15
503724,105553,2025-06-13,2025-07-22
503725,105554,2025-06-13,2025-06-16
503726,105555,2025-06-13,2025-07-04
503727,105551,2025-06-13,2025-07-04
503728,105542,2025-06-13,2025-09-21
503729,105530,2025-06-13,2025-06-18
503730,105539,2025-06-13,2025-07-13
503731,105527,2025-06-13,2025-09-27
503732,105529,2025-06-13,2025-10-27
503733,105541,2025-06-13,2025-11-26
503734,105532,2025-06-13,2025-07-29
503735,102837,2025-06-13,2025-08-16
503736,105534,2025-06-13,2026-03-01
503737,105536,2025-06-13,2025-07-01
503738,105537,2025-06-13,2025-06-28
503739,105533,2025-06-13,2025-10-07
503740,105605,2025-06-14,2025-10-30
503741,105594,2025-06-14,2025-07-10
503742,105595,2025-06-14,2025-07-24
503743,105598,2025-06-14,2025-07-01
503744,105599,2025-06-14,2025-06-20
503745,105600,2025-06-14,2025-07-18
503746,105601,2025-06-14,2025-09-02
503747,105603,2025-06-14,2025-08-06
503748,105606,2025-06-14,2025-07-10
503749,105613,2025-06-14,2025-06-15
503750,105609,2025-06-14,2025-08-22
503751,105610,2025-06-14,2025-06-18
503752,105612,2025-06-14,2025-06-23
503753,105592,2025-06-14,2026-01-26
503754,105615,2025-06-14,2025-07-12
503755,105617,2025-06-14,2025-06-15
503756,105619,2025-06-14,2025-11-22
503757,105620,2025-06-14,2025-06-20
503758,105607,2025-06-14,2026-01-13
503759,105590,2025-06-14,2025-08-20
503760,105596,2025-06-14,2025-06-17
503761,105587,2025-06-14,2026-04-12
503762,105556,2025-06-14,2025-09-20
503763,105589,2025-06-14,2025-09-02
503764,105560,2025-06-14,2025-11-26
503765,105562,2025-06-14,2026-06-04
503766,105564,2025-06-14,2025-07-10
503767,105566,2025-06-14,2025-07-12
503768,105568,2025-06-14,2025-08-07
503769,105569,2025-06-14,2025-06-15
503770,105571,2025-06-14,2025-06-20
503771,105558,2025-06-14,2026-03-14
503772,105574,2025-06-14,2025-07-17
503773,105572,2025-06-14,2025-07-31
503774,105584,2025-06-14,2025-06-29
503775,105583,2025-06-14,2025-06-18
503776,105586,2025-06-14,2026-04-23
503777,105579,2025-06-14,2025-06-24
503778,105578,2025-06-14,2025-07-22
503779,105576,2025-06-14,2025-08-15
503780,105581,2025-06-14,2025-06-17
503781,105667,2025-06-15,2025-09-01
503782,105655,2025-06-15,2025-07-24
503783,105649,2025-06-15,2025-08-08
503784,105650,2025-06-15,2025-07-01
503785,105652,2025-06-15,2025-06-19
503786,105653,2025-06-15,2025-08-17
503787,105654,2025-06-15,2025-07-12
503788,105656,2025-06-15,2026-03-02
503789,105661,2025-06-15,2025-07-03
503790,105659,2025-06-15,2025-06-17
503791,105660,2025-06-15,2026-06-02
503792,105662,2025-06-15,2025-07-28
503793,105663,2025-06-15,2025-07-08
503794,105664,2025-06-15,
503795,105666,2025-06-15,2025-07-27
503796,105647,2025-06-15,2025-08-02
503797,105658,2025-06-15,2025-08-25
503798,105645,2025-06-15,
503799,105640,2025-06-15,2025-11-01
503800,105642,2025-06-15,2025-07-06
503801,105644,2025-06-15,2025-06-26
503802,105622,2025-06-15,2025-07-25
503803,105623,2025-06-15,2026-01-01
503804,105624,2025-06-15,2025-08-04
503805,105627,2025-06-15,2025-06-16
503806,105628,2025-06-15,2025-06-17
503807,105625,2025-06-15,2025-07-12
503808,105631,2025-06-15,2025-08-27
503809,105633,2025-06-15,2025-08-20
503810,105634,2025-06-15,2025-07-02
503811,105636,2025-06-15,2025-06-16
503812,105637,2025-06-15,2025-10-30
503813,105638,2025-06-15,2025-07-07
503814,105629,2025-06-15,2025-11-22
503815,105674,2025-06-16,2025-09-06
503816,105682,2025-06-16,2025-11-05
503817,105680,2025-06-16,2025-10-05
503818,105679,2025-06-16,2025-10-23
503819,105677,2025-06-16,2025-11-05
503820,105676,2025-06-16,2025-06-18
503821,105673,2025-06-16,2025-07-15
503822,105669,2025-06-16,2025-12-19
503823,105671,2025-06-16,2025-06-27
503824,105670,2025-06-16,2025-06-18
503825,105668,2025-06-16,2025-10-21
503826,101537,2025-06-16,2025-11-05
503827,101970,2025-06-16,2026-01-21
503828,105672,2025-06-16,2025-09-03
503829,105700,2025-06-17,2025-06-19
503830,105709,2025-06-17,2025-09-03
503831,105708,2025-06-17,2025-11-29
503832,105711,2025-06-17,2025-07-31
503833,105706,2025-06-17,2025-11-15
503834,105704,2025-06-17,2025-06-26
503835,105703,2025-06-17,2025-06-21
503836,105702,2025-06-17,2025-10-16
503837,105701,2025-06-17,2025-06-26
503838,105698,2025-06-17,2025-08-14
503839,105684,2025-06-17,2025-06-29
503840,105694,2025-06-17,2026-03-28
503841,105692,2025-06-17,2025-07-17
503842,105691,2025-06-17,2025-08-29
503843,105690,2025-06-17,2026-01-12
503844,105688,2025-06-17,2025-10-29
503845,105686,2025-06-17,2025-07-03
503846,100562,2025-06-17,2025-06-22
503847,105696,2025-06-17,2025-12-14
503848,105737,2025-06-18,2026-03-15
503849,105738,2025-06-18,2025-06-20
503850,105740,2025-06-18,2025-07-08
503851,105742,2025-06-18,2025-08-29
503852,105744,2025-06-18,2026-01-22
503853,105745,2025-06-18,2025-07-25
503854,105751,2025-06-18,2025-07-26
503855,105747,2025-06-18,2025-12-07
503856,105749,2025-06-18,2025-08-18
503857,105753,2025-06-18,2025-07-01
503858,105754,2025-06-18,2025-07-18
503859,105756,2025-06-18,2025-06-22
503860,105736,2025-06-18,2025-06-27
503861,105746,2025-06-18,2025-06-27
503862,105735,2025-06-18,2025-06-28
503863,105757,2025-06-18,2025-08-10
503864,105731,2025-06-18,2025-07-25
503865,105733,2025-06-18,2025-06-25
503866,101925,2025-06-18,2025-06-29
503867,105713,2025-06-18,2025-09-19
503868,105714,2025-06-18,2025-07-23
503869,105716,2025-06-18,2025-07-11
503870,105718,2025-06-18,2025-06-22
503871,102882,2025-06-18,2025-06-25
503872,105721,2025-06-18,2025-07-01
503873,105722,2025-06-18,2025-07-16
503874,105724,2025-06-18,2026-05-17
503875,105726,2025-06-18,2025-06-29
503876,105728,2025-06-18,2025-07-06
503877,105729,2025-06-18,2025-07-15
503878,105720,2025-06-18,2025-06-27
503879,105787,2025-06-19,2025-06-21
503880,105788,2025-06-19,
503881,105789,2025-06-19,2025-08-14
503882,105791,2025-06-19,2025-07-17
503883,105792,2025-06-19,2025-08-08
503884,105794,2025-06-19,2025-07-12
503885,105801,2025-06-19,2025-06-24
503886,105798,2025-06-19,2025-08-10
503887,105800,2025-06-19,2025-08-10
503888,105802,2025-06-19,2025-06-20
503889,105805,2025-06-19,2025-09-02
503890,105806,2025-06-19,2025-12-18
503891,105786,2025-06-19,
503892,105796,2025-06-19,2025-06-20
503893,105785,2025-06-19,2025-08-11
503894,105804,2025-06-19,2025-06-26
503895,105781,2025-06-19,2025-06-21
503896,105783,2025-06-19,2025-08-11
503897,105761,2025-06-19,2025-07-05
503898,105762,2025-06-19,2025-08-11
503899,105764,2025-06-19,2025-10-18
503900,105766,2025-06-19,2025-06-24
503901,105768,2025-06-19,2025-07-30
503902,105759,2025-06-19,2025-07-04
503903,105772,2025-06-19,2025-06-23
503904,105774,2025-06-19,2026-03-21
503905,105775,2025-06-19,2026-07-07
503906,105777,2025-06-19,2026-04-28
503907,105778,2025-06-19,2025-07-13
503908,105779,2025-06-19,2025-08-27
503909,105770,2025-06-19,2026-01-03
503910,105832,2025-06-20,2025-06-23
503911,105833,2025-06-20,
503912,105834,2025-06-20,2026-04-01
503913,105835,2025-06-20,2025-09-17
503914,105836,2025-06-20,2025-07-13
503915,105837,2025-06-20,2025-08-22
503916,105842,2025-06-20,2026-03-14
503917,105839,2025-06-20,2026-05-23
503918,105841,2025-06-20,
503919,105844,2025-06-20,2025-06-24
503920,105846,2025-06-20,2025-06-30
503921,105848,2025-06-20,2025-11-26
503922,105849,2025-06-20,2026-01-17
503923,105838,2025-06-20,2025-06-21
503924,105831,2025-06-20,2025-06-21
503925,105828,2025-06-20,2026-06-21
503926,105826,2025-06-20,2025-07-31
503927,105830,2025-06-20,2025-08-21
503928,105808,2025-06-20,2025-10-16
503929,105810,2025-06-20,2025-08-17
503930,105813,2025-06-20,2025-09-27
503931,105815,2025-06-20,2025-06-29
503932,105811,2025-06-20,2025-07-23
503933,105818,2025-06-20,2025-06-23
503934,105820,2025-06-20,2025-10-20
503935,105821,2025-06-20,2025-10-07
503936,105822,2025-06-20,2025-11-25
503937,105824,2025-06-20,2025-06-25
503938,105816,2025-06-20,2025-06-27
503939,105880,2025-06-21,2025-12-23
503940,105873,2025-06-21,2025-07-28
503941,105875,2025-06-21,2025-09-29
503942,105877,2025-06-21,2025-08-26
503943,105879,2025-06-21,2025-07-18
503944,105882,2025-06-21,2025-10-04
503945,105871,2025-06-21,
503946,105884,2025-06-21,2025-11-01
503947,105885,2025-06-21,2025-09-16
503948,105886,2025-06-21,2025-07-13
503949,105887,2025-06-21,2025-06-28
503950,105888,2025-06-21,2026-03-16
503951,105883,2025-06-21,2025-07-10
503952,105869,2025-06-21,2025-07-05
503953,105863,2025-06-21,2026-07-21
503954,105867,2025-06-21,2025-08-14
503955,105850,2025-06-21,2026-05-13
503956,105852,2025-06-21,2025-06-22
503957,105855,2025-06-21,2025-07-15
503958,105857,2025-06-21,2025-07-30
503959,105859,2025-06-21,2025-07-05
503960,105854,2025-06-21,2025-07-11
503961,105862,2025-06-21,2025-06-28
503962,100445,2025-06-21,2025-08-14
503963,105864,2025-06-21,2025-06-26
503964,105866,2025-06-21,
503965,105860,2025-06-21,2025-09-11
503966,105868,2025-06-21,2025-06-24
503967,105930,2025-06-22,2025-09-14
503968,105919,2025-06-22,2026-04-22
503969,105921,2025-06-22,2025-10-25
503970,105922,2025-06-22,2025-08-22
503971,105924,2025-06-22,2025-10-31
503972,105926,2025-06-22,2025-07-15
503973,105928,2025-06-22,2026-03-04
503974,105940,2025-06-22,2025-06-23
503975,105935,2025-06-22,2025-07-01
503976,105936,2025-06-22,2025-07-01
503977,105937,2025-06-22,2025-06-27
503978,105939,2025-06-22,2025-06-23
503979,105918,2025-06-22,2025-06-30
503980,105941,2025-06-22,2025-06-30
503981,105943,2025-06-22,
503982,105934,2025-06-22,2026-01-14
503983,105916,2025-06-22,2025-07-06
503984,105932,2025-06-22,2025-06-24
503985,105912,2025-06-22,2026-02-02
503986,105889,2025-06-22,2025-11-06
503987,105891,2025-06-22,2025-07-03
503988,105892,2025-06-22,2025-06-23
503989,105895,2025-06-22,2025-06-27
503990,105897,2025-06-22,2025-07-27
503991,105898,2025-06-22,2025-07-09
503992,105900,2025-06-22,2026-03-27
503993,105894,2025-06-22,2025-06-29
503994,105903,2025-06-22,2025-08-06
503995,105905,2025-06-22,2025-07-16
503996,105906,2025-06-22,2025-11-27
503997,105908,2025-06-22,2025-07-06
503998,105910,2025-06-22,2025-06-28
503999,105911,2025-06-22,2025-11-08
504000,105901,2025-06-22,2025-07-21
504001,105914,2025-06-22,2025-08-13
504002,105960,2025-06-23,2025-07-01
504003,105971,2025-06-23,2025-07-04
504004,105969,2025-06-23,2025-06-30
504005,105967,2025-06-23,2025-07-25
504006,105966,2025-06-23,2025-08-12
504007,105965,2025-06-23,2025-06-24
504008,105964,2025-06-23,2025-07-11
504009,105962,2025-06-23,2025-12-08
504010,105956,2025-06-23,2025-06-27
504011,105954,2025-06-23,2025-07-04
504012,105953,2025-06-23,2025-06-26
504013,105951,2025-06-23,
504014,105949,2025-06-23,2025-08-19
504015,105947,2025-06-23,2025-07-04
504016,105946,2025-06-23,2025-08-29
504017,105944,2025-06-23,2025-06-27
504018,105958,2025-06-23,2026-04-24
504019,105999,2025-06-24,2025-06-28
504020,106001,2025-06-24,2025-11-23
504021,106003,2025-06-24,
504022,106004,2025-06-24,2025-07-12
504023,106006,2025-06-24,2026-03-16
504024,106008,2025-06-24,2025-07-19
504025,106014,2025-06-24,2025-11-19
504026,106011,2025-06-24,2025-06-26
504027,106013,2025-06-24,2025-10-13
504028,106015,2025-06-24,2025-07-29
504029,105998,2025-06-24,2026-04-14
504030,106017,2025-06-24,2025-08-18
504031,106018,2025-06-24,2025-09-28
504032,106009,2025-06-24,2025-07-14
504033,105997,2025-06-24,2025-09-06
504034,105975,2025-06-24,2025-07-08
504035,105994,2025-06-24,2025-07-17
504036,105973,2025-06-24,2025-12-21
504037,105976,2025-06-24,2025-08-10
504038,105978,2025-06-24,2025-07-03
504039,105979,2025-06-24,2025-06-25
504040,105981,2025-06-24,2025-07-09
504041,105982,2025-06-24,2025-06-25
504042,105996,2025-06-24,2025-06-29
504043,105986,2025-06-24,2025-07-10
504044,105987,2025-06-24,2025-06-28
504045,105989,2025-06-24,
504046,105991,2025-06-24,2025-07-05
504047,105992,2025-06-24,2025-08-20
504048,105984,2025-06-24,2025-07-05
504049,106044,2025-06-25,2025-09-03
504050,106046,2025-06-25,2025-11-13
504051,106048,2025-06-25,2025-08-19
504052,106050,2025-06-25,2026-04-07
504053,106051,2025-06-25,2025-09-12
504054,106056,2025-06-25,2025-08-01
504055,106054,2025-06-25,2025-07-07
504056,106057,2025-06-25,2025-12-17
504057,106059,2025-06-25,2026-01-19
504058,106060,2025-06-25,2025-07-25
504059,106043,2025-06-25,2025-06-28
504060,106052,2025-06-25,2026-04-22
504061,106039,2025-06-25,2025-08-19
504062,106041,2025-06-25,2025-07-06
504063,106022,2025-06-25,2025-08-11
504064,106036,2025-06-25,
504065,106034,2025-06-25,2026-05-19
504066,106032,2025-06-25,2025-07-02
504067,106030,2025-06-25,2025-06-30
504068,106028,2025-06-25,2026-07-23
504069,106027,2025-06-25,2025-07-26
504070,106025,2025-06-25,2025-07-10
504071,106023,2025-06-25,2025-06-27
504072,106021,2025-06-25,2025-08-12
504073,106019,2025-06-25,2025-10-16
504074,106038,2025-06-25,2025-07-01
504075,106094,2025-06-26,2025-06-30
504076,106093,2025-06-26,2025-08-07
504077,106091,2025-06-26,2025-08-10
504078,106087,2025-06-26,
504079,106088,2025-06-26,2025-09-17
504080,106095,2025-06-26,2025-07-12
504081,106089,2025-06-26,2025-10-06
504082,106096,2025-06-26,2025-08-20
504083,106104,2025-06-26,2025-07-23
504084,106098,2025-06-26,2025-07-02
504085,106099,2025-06-26,2025-08-28
504086,106107,2025-06-26,2025-07-08
504087,106101,2025-06-26,2025-07-23
504088,106103,2025-06-26,2026-01-12
504089,106105,2025-06-26,2025-07-01
504090,106106,2025-06-26,2025-07-01
504091,106097,2025-06-26,2026-04-13
504092,106085,2025-06-26,2025-09-11
504093,106100,2025-06-26,2025-07-22
504094,106082,2025-06-26,2025-07-04
504095,106084,2025-06-26,2025-08-01
504096,106061,2025-06-26,2025-11-19
504097,106063,2025-06-26,2025-09-26
504098,106065,2025-06-26,2026-02-02
504099,106067,2025-06-26,2025-11-22
504100,106069,2025-06-26,2025-11-10
504101,106070,2025-06-26,2025-11-23
504102,106062,2025-06-26,2025-07-02
504103,106074,2025-06-26,2025-09-18
504104,106072,2025-06-26,2025-06-28
504105,106079,2025-06-26,2026-01-03
504106,106078,2025-06-26,2025-08-09
504107,106081,2025-06-26,2025-09-28
504108,106076,2025-06-26,2025-07-14
504109,106075,2025-06-26,2025-06-27
504110,106077,2025-06-26,
504111,106128,2025-06-27,2025-06-30
504112,106146,2025-06-27,2026-01-31
504113,106145,2025-06-27,
504114,106143,2025-06-27,2025-08-04
504115,106141,2025-06-27,2025-07-04
504116,106140,2025-06-27,2025-07-16
504117,106138,2025-06-27,2025-09-18
504118,106136,2025-06-27,2025-08-28
504119,106134,2025-06-27,2026-01-19
504120,106132,2025-06-27,2025-09-24
504121,106130,2025-06-27,2025-12-19
504122,106129,2025-06-27,2025-08-22
504123,106126,2025-06-27,2025-07-01
504124,106142,2025-06-27,2025-07-31
504125,106124,2025-06-27,2025-08-03
504126,106109,2025-06-27,2025-09-27
504127,106110,2025-06-27,2025-08-06
504128,106112,2025-06-27,
504129,106113,2025-06-27,2026-04-11
504130,106115,2025-06-27,2025-07-06
504131,103566,2025-06-27,2025-06-28
504132,106118,2025-06-27,2025-08-25
504133,106116,2025-06-27,2025-07-19
504134,106122,2025-06-27,2025-11-25
504135,106125,2025-06-27,2025-09-26
504136,106119,2025-06-27,2025-07-30
504137,106121,2025-06-27,2025-09-03
504138,106182,2025-06-28,
504139,106166,2025-06-28,2025-12-09
504140,106181,2025-06-28,2025-08-06
504141,106180,2025-06-28,2025-07-19
504142,106177,2025-06-28,2025-10-23
504143,106176,2025-06-28,2025-07-13
504144,106174,2025-06-28,2025-07-01
504145,106172,2025-06-28,2025-06-30
504146,106170,2025-06-28,2025-07-14
504147,106169,2025-06-28,2025-07-10
504148,106167,2025-06-28,2025-11-13
504149,106178,2025-06-28,2025-07-05
504150,106165,2025-06-28,2025-10-03
504151,106162,2025-06-28,2025-11-28
504152,106164,2025-06-28,2025-07-24
504153,106147,2025-06-28,2025-07-21
504154,106148,2025-06-28,2025-07-28
504155,106151,2025-06-28,2025-07-05
504156,106153,2025-06-28,2025-07-08
504157,106150,2025-06-28,2025-07-24
504158,106156,2025-06-28,
504159,106158,2025-06-28,2025-11-19
504160,106159,2025-06-28,2025-07-11
504161,106161,2025-06-28,
504162,106155,2025-06-28,2025-07-25
504163,106214,2025-06-29,2025-07-06
504164,106228,2025-06-29,2025-07-23
504165,106211,2025-06-29,2025-07-27
504166,106212,2025-06-29,2025-08-17
504167,106213,2025-06-29,2026-04-09
504168,106215,2025-06-29,2025-10-02
504169,106226,2025-06-29,2025-07-28
504170,106219,2025-06-29,2025-07-24
504171,106221,2025-06-29,2025-07-07
504172,106223,2025-06-29,2025-08-11
504173,106225,2025-06-29,2025-08-27
504174,106208,2025-06-29,2026-01-13
504175,106227,2025-06-29,2025-07-02
504176,106217,2025-06-29,2025-07-13
504177,106206,2025-06-29,2026-03-25
504178,106209,2025-06-29,2025-12-26
504179,106202,2025-06-29,2025-11-23
504180,106204,2025-06-29,2025-08-05
504181,101243,2025-06-29,2025-11-06
504182,106183,2025-06-29,
504183,106186,2025-06-29,
504184,106188,2025-06-29,2025-07-01
504185,106189,2025-06-29,
504186,106184,2025-06-29,2025-08-11
504187,106191,2025-06-29,2026-06-21
504188,106192,2025-06-29,2025-07-03
504189,106194,2025-06-29,2025-07-08
504190,106196,2025-06-29,2025-07-24
504191,106198,2025-06-29,2025-09-02
504192,106200,2025-06-29,2025-08-26
504193,106190,2025-06-29,2025-06-30
504194,106243,2025-06-30,2025-08-08
504195,106253,2025-06-30,2025-07-25
504196,106251,2025-06-30,
504197,106249,2025-06-30,2025-12-23
504198,106248,2025-06-30,2025-07-04
504199,106247,2025-06-30,2025-08-27
504200,106246,2025-06-30,2025-07-29
504201,106245,2025-06-30,
504202,106241,2025-06-30,2025-08-15
504203,106252,2025-06-30,2025-07-14
504204,106238,2025-06-30,2025-09-09
504205,106237,2025-06-30,2026-01-06
504206,106235,2025-06-30,2025-07-05
504207,106234,2025-06-30,2025-07-26
504208,106232,2025-06-30,2025-07-05
504209,106231,2025-06-30,2025-08-22
504210,106230,2025-06-30,2025-12-06
504211,106239,2025-06-30,2026-03-12
504212,106272,2025-07-01,2026-04-12
504213,106273,2025-07-01,2025-07-12
504214,106274,2025-07-01,2025-08-23
504215,106276,2025-07-01,2026-04-19
504216,106282,2025-07-01,2026-03-28
504217,106279,2025-07-01,2025-08-03
504218,106281,2025-07-01,
504219,106284,2025-07-01,2025-07-14
504220,106286,2025-07-01,2025-08-29
504221,106277,2025-07-01,2025-07-08
504222,106269,2025-07-01,2025-08-15
504223,106271,2025-07-01,2025-11-05
504224,106266,2025-07-01,2025-07-12
504225,106267,2025-07-01,2025-12-11
504226,106254,2025-07-01,2025-07-16
504227,106255,2025-07-01,2025-08-10
504228,106257,2025-07-01,2025-08-30
504229,103036,2025-07-01,2025-07-20
504230,106259,2025-07-01,2025-07-26
504231,106261,2025-07-01,2025-07-26
504232,106262,2025-07-01,2025-08-03
504233,106264,2025-07-01,2025-08-19
504234,106258,2025-07-01,2025-08-29
504235,106306,2025-07-02,2025-10-05
504236,106308,2025-07-02,2025-07-29
504237,106310,2025-07-02,
504238,106312,2025-07-02,2025-07-10
504239,106313,2025-07-02,2025-12-09
504240,106319,2025-07-02,2025-12-03
504241,106321,2025-07-02,2025-07-21
504242,106322,2025-07-02,2026-01-08
504243,106305,2025-07-02,2025-10-20
504244,106324,2025-07-02,2025-07-06
504245,106317,2025-07-02,2025-07-11
504246,106303,2025-07-02,2025-12-04
504247,106315,2025-07-02,2025-07-06
504248,106301,2025-07-02,2025-07-16
504249,100322,2025-07-02,2025-07-10
504250,106302,2025-07-02,2025-07-11
504251,106287,2025-07-02,2025-07-28
504252,106288,2025-07-02,2025-08-20
504253,106292,2025-07-02,2025-11-05
504254,106290,2025-07-02,2025-09-21
504255,106295,2025-07-02,2025-07-06
504256,106296,2025-07-02,
504257,106298,2025-07-02,2025-07-14
504258,106299,2025-07-02,2026-02-24
504259,106293,2025-07-02,2026-02-13
504260,106349,2025-07-03,2025-07-09
504261,106355,2025-07-03,2025-07-06
504262,106351,2025-07-03,2025-08-12
504263,106353,2025-07-03,2025-07-05
504264,106354,2025-07-03,2025-07-25
504265,106357,2025-07-03,2026-02-12
504266,106365,2025-07-03,2025-08-08
504267,106359,2025-07-03,2025-07-28
504268,106361,2025-07-03,2025-09-17
504269,106363,2025-07-03,2025-07-08
504270,106364,2025-07-03,2025-07-25
504271,106347,2025-07-03,2025-07-31
504272,106367,2025-07-03,2026-02-19
504273,106358,2025-07-03,2026-05-01
504274,106346,2025-07-03,2025-07-14
504275,106366,2025-07-03,2025-07-15
504276,106343,2025-07-03,2025-08-03
504277,106344,2025-07-03,2025-07-04
504278,106325,2025-07-03,2025-11-23
504279,106327,2025-07-03,2025-07-17
504280,106331,2025-07-03,2025-08-06
504281,106333,2025-07-03,2025-07-24
504282,106329,2025-07-03,2025-07-09
504283,106337,2025-07-03,2025-08-02
504284,106338,2025-07-03,2025-10-15
504285,106340,2025-07-03,2025-07-21
504286,106341,2025-07-03,
504287,106335,2025-07-03,2025-07-24
504288,106392,2025-07-04,2026-03-08
504289,106389,2025-07-04,2025-07-27
504290,106390,2025-07-04,2025-08-18
504291,106391,2025-07-04,2025-07-12
504292,106394,2025-07-04,2025-09-25
504293,106403,2025-07-04,2025-07-11
504294,106397,2025-07-04,2025-09-11
504295,106399,2025-07-04,2025-07-16
504296,106401,2025-07-04,2025-08-02
504297,106385,2025-07-04,2025-07-26
504298,106404,2025-07-04,2025-07-06
504299,106396,2025-07-04,2025-07-30
504300,106384,2025-07-04,2026-05-12
504301,106387,2025-07-04,2025-07-14
504302,106381,2025-07-04,2025-11-21
504303,106379,2025-07-04,2025-07-19
504304,106378,2025-07-04,2025-10-12
504305,106376,2025-07-04,2025-09-02
504306,106375,2025-07-04,2025-09-18
504307,106373,2025-07-04,2025-07-12
504308,106372,2025-07-04,2025-07-15
504309,106370,2025-07-04,2025-07-09
504310,106369,2025-07-04,2025-07-26
504311,101010,2025-07-04,2025-07-11
504312,106382,2025-07-04,2026-02-13
504313,106439,2025-07-05,2025-07-13
504314,106438,2025-07-05,2025-10-04
504315,106433,2025-07-05,2025-07-11
504316,106436,2025-07-05,2025-07-13
504317,106434,2025-07-05,2026-01-09
504318,106441,2025-07-05,2025-08-16
504319,106437,2025-07-05,2025-08-09
504320,106443,2025-07-05,2025-08-04
504321,106453,2025-07-05,2025-08-16
504322,106446,2025-07-05,2025-12-17
504323,106448,2025-07-05,2025-08-20
504324,106450,2025-07-05,2025-10-24
504325,106452,2025-07-05,2025-11-10
504326,106454,2025-07-05,2025-07-16
504327,106456,2025-07-05,2025-10-20
504328,106458,2025-07-05,2025-11-28
504329,106431,2025-07-05,2025-11-11
504330,106445,2025-07-05,2025-07-18
504331,106429,2025-07-05,2025-08-02
504332,106427,2025-07-05,2025-09-05
504333,106426,2025-07-05,2025-10-29
504334,100155,2025-07-05,2026-01-19
504335,106405,2025-07-05,2025-09-06
504336,106406,2025-07-05,2025-07-06
504337,106408,2025-07-05,2025-07-16
504338,106409,2025-07-05,2025-12-06
504339,106411,2025-07-05,2025-11-21
504340,106413,2025-07-05,
504341,103104,2025-07-05,2025-07-17
504342,106416,2025-07-05,2025-08-20
504343,106417,2025-07-05,
504344,106419,2025-07-05,2026-06-27
504345,106421,2025-07-05,2025-07-11
504346,106423,2025-07-05,2026-04-09
504347,106425,2025-07-05,2025-07-27
504348,106415,2025-07-05,2025-07-20
504349,106483,2025-07-06,2025-12-09
504350,106484,2025-07-06,2025-07-13
504351,106485,2025-07-06,2025-07-11
504352,106487,2025-07-06,2025-08-08
504353,106489,2025-07-06,2025-08-20
504354,106491,2025-07-06,2025-08-06
504355,106493,2025-07-06,2025-07-09
504356,106500,2025-07-06,2025-07-10
504357,106497,2025-07-06,
504358,106499,2025-07-06,2025-07-10
504359,106501,2025-07-06,2025-09-05
504360,106503,2025-07-06,2025-08-05
504361,106482,2025-07-06,2025-08-27
504362,106504,2025-07-06,2025-07-25
504363,106506,2025-07-06,
504364,106495,2025-07-06,2026-01-07
504365,106480,2025-07-06,2025-07-21
504366,106477,2025-07-06,2025-07-22
504367,106463,2025-07-06,2025-07-09
504368,106476,2025-07-06,2025-07-23
504369,106475,2025-07-06,2025-08-10
504370,106473,2025-07-06,2025-11-10
504371,106471,2025-07-06,2025-07-11
504372,106470,2025-07-06,2026-04-07
504373,106468,2025-07-06,2025-09-07
504374,106466,2025-07-06,2025-07-21
504375,106465,2025-07-06,2025-09-25
504376,106464,2025-07-06,2025-07-29
504377,106462,2025-07-06,
504378,106460,2025-07-06,2025-09-01
504379,106459,2025-07-06,2025-09-19
504380,106478,2025-07-06,2025-07-13
504381,106530,2025-07-07,2025-08-12
504382,106528,2025-07-07,2025-07-15
504383,106525,2025-07-07,2025-07-09
504384,106526,2025-07-07,2025-07-14
504385,106532,2025-07-07,2026-01-06
504386,106527,2025-07-07,2025-07-18
504387,106533,2025-07-07,2026-01-09
504388,106544,2025-07-07,2025-10-26
504389,106536,2025-07-07,2025-07-16
504390,106538,2025-07-07,2025-08-08
504391,106540,2025-07-07,2026-01-14
504392,106542,2025-07-07,2025-07-26
504393,106545,2025-07-07,2025-07-19
504394,106534,2025-07-07,2025-07-18
504395,106524,2025-07-07,2025-08-06
504396,106541,2025-07-07,2025-07-15
504397,106520,2025-07-07,2026-03-09
504398,102420,2025-07-07,2025-07-28
504399,106522,2025-07-07,
504400,106508,2025-07-07,2026-01-02
504401,106510,2025-07-07,2025-09-15
504402,106512,2025-07-07,2025-07-22
504403,106507,2025-07-07,2025-12-12
504404,106514,2025-07-07,2025-07-08
504405,106516,2025-07-07,2025-12-05
504406,106517,2025-07-07,2025-07-11
504407,106518,2025-07-07,2025-07-15
504408,106513,2025-07-07,2026-08-01
504409,106574,2025-07-08,2025-07-23
504410,106565,2025-07-08,2025-08-20
504411,106567,2025-07-08,2025-07-09
504412,106568,2025-07-08,2025-11-11
504413,106570,2025-07-08,2025-07-16
504414,106572,2025-07-08,2025-08-10
504415,106575,2025-07-08,2025-07-23
504416,106582,2025-07-08,2025-07-24
504417,106577,2025-07-08,2025-07-19
504418,106578,2025-07-08,2025-10-04
504419,106580,2025-07-08,2025-08-06
504420,106564,2025-07-08,2025-09-06
504421,106583,2025-07-08,2025-08-18
504422,106586,2025-07-08,2026-01-26
504423,106576,2025-07-08,2025-07-17
504424,106562,2025-07-08,2025-10-05
504425,106585,2025-07-08,2025-07-31
504426,106559,2025-07-08,2025-08-15
504427,100267,2025-07-08,2025-11-24
504428,100796,2025-07-08,2025-07-12
504429,100025,2025-07-08,2025-10-12
504430,106546,2025-07-08,
504431,106547,2025-07-08,2025-07-19
504432,106549,2025-07-08,
504433,106561,2025-07-08,2025-07-12
504434,106551,2025-07-08,2025-07-11
504435,106552,2025-07-08,2025-07-09
504436,106554,2025-07-08,2025-07-11
504437,106555,2025-07-08,2026-01-04
504438,106556,2025-07-08,2026-04-01
504439,106557,2025-07-08,2025-09-02
504440,106550,2025-07-08,2026-03-26
504441,106609,2025-07-09,
504442,106611,2025-07-09,2025-09-19
504443,106613,2025-07-09,2026-04-04
504444,106614,2025-07-09,2025-12-10
504445,106615,2025-07-09,2025-07-17
504446,106616,2025-07-09,2025-08-21
504447,106621,2025-07-09,2025-08-09
504448,106619,2025-07-09,2025-07-11
504449,106622,2025-07-09,2025-07-12
504450,106624,2025-07-09,2025-07-17
504451,106607,2025-07-09,2025-08-02
504452,106627,2025-07-09,2025-09-23
504453,106617,2025-07-09,2025-08-02
504454,106626,2025-07-09,2025-09-07
504455,106606,2025-07-09,2025-07-13
504456,106603,2025-07-09,2025-07-14
504457,106604,2025-07-09,2026-04-21
504458,104479,2025-07-09,2026-06-28
504459,106587,2025-07-09,
504460,106588,2025-07-09,2026-01-31
504461,106592,2025-07-09,2025-08-04
504462,106593,2025-07-09,2026-02-01
504463,106590,2025-07-09,2025-07-30
504464,106595,2025-07-09,
504465,106597,2025-07-09,2025-09-24
504466,106598,2025-07-09,2025-07-16
504467,106600,2025-07-09,2025-07-19
504468,106601,2025-07-09,2025-08-05
504469,106594,2025-07-09,2025-09-28
504470,106659,2025-07-10,2025-07-11
504471,106654,2025-07-10,2025-07-21
504472,106656,2025-07-10,2026-01-21
504473,106673,2025-07-10,2025-08-24
504474,106657,2025-07-10,2025-07-14
504475,106661,2025-07-10,2025-08-20
504476,106671,2025-07-10,
504477,106664,2025-07-10,2025-08-25
504478,106665,2025-07-10,2025-07-26
504479,106667,2025-07-10,2025-07-15
504480,106668,2025-07-10,2025-07-11
504481,106669,2025-07-10,2025-10-11
504482,106652,2025-07-10,
504483,106663,2025-07-10,
504484,106651,2025-07-10,2025-07-11
504485,106643,2025-07-10,2025-07-25
504486,106648,2025-07-10,2026-02-20
504487,106629,2025-07-10,2025-07-25
504488,106631,2025-07-10,
504489,106632,2025-07-10,2025-07-31
504490,106633,2025-07-10,2025-07-11
504491,106635,2025-07-10,2025-10-20
504492,106636,2025-07-10,2025-08-16
504493,106649,2025-07-10,2026-06-22
504494,106639,2025-07-10,2025-07-11
504495,106640,2025-07-10,2025-07-29
504496,106642,2025-07-10,2025-08-26
504497,106645,2025-07-10,2025-07-11
504498,106646,2025-07-10,2025-07-27
504499,106647,2025-07-10,2025-08-20
504500,106637,2025-07-10,2025-12-14
504501,106695,2025-07-11,
504502,106697,2025-07-11,2025-07-12
504503,106700,2025-07-11,2025-07-22
504504,106702,2025-07-11,2025-07-14
504505,106703,2025-07-11,2025-07-26
504506,106707,2025-07-11,2025-07-22
504507,106706,2025-07-11,2025-08-22
504508,106693,2025-07-11,2025-07-22
504509,106709,2025-07-11,2025-07-14
504510,106710,2025-07-11,
504511,106704,2025-07-11,2025-07-12
504512,106692,2025-07-11,2025-07-21
504513,106698,2025-07-11,2025-08-18
504514,106689,2025-07-11,2025-08-13
504515,106691,2025-07-11,2025-07-31
504516,106675,2025-07-11,2025-07-12
504517,106677,2025-07-11,2025-08-03
504518,106678,2025-07-11,2025-07-23
504519,106681,2025-07-11,2025-09-18
504520,106679,2025-07-11,2025-09-10
504521,106683,2025-07-11,2025-12-10
504522,106684,2025-07-11,2025-07-25
504523,106685,2025-07-11,2026-02-28
504524,106687,2025-07-11,2025-07-18
504525,106682,2025-07-11,2025-09-23
504526,106739,2025-07-12,2025-11-29
504527,106735,2025-07-12,2025-09-14
504528,106736,2025-07-12,2025-07-20
504529,106737,2025-07-12,2025-07-21
504530,106738,2025-07-12,2025-07-27
504531,106740,2025-07-12,2025-08-10
504532,106748,2025-07-12,2025-09-07
504533,106743,2025-07-12,2025-08-30
504534,106744,2025-07-12,2025-07-15
504535,106745,2025-07-12,2025-09-10
504536,106746,2025-07-12,2025-08-21
504537,106750,2025-07-12,2026-06-03
504538,106734,2025-07-12,2025-09-11
504539,106742,2025-07-12,2025-11-12
504540,106732,2025-07-12,2025-08-31
504541,106725,2025-07-12,2025-09-28
504542,106730,2025-07-12,
504543,106731,2025-07-12,2025-08-13
504544,106711,2025-07-12,2025-07-28
504545,106712,2025-07-12,2025-07-16
504546,106715,2025-07-12,2025-10-02
504547,106717,2025-07-12,2025-07-19
504548,106719,2025-07-12,2025-11-28
504549,106714,2025-07-12,2025-09-25
504550,106722,2025-07-12,2025-12-27
504551,106724,2025-07-12,
504552,106727,2025-07-12,2025-07-17
504553,106728,2025-07-12,2025-07-15
504554,106729,2025-07-12,2025-08-23
504555,106721,2025-07-12,2025-11-24
504556,106785,2025-07-13,2025-08-04
504557,106797,2025-07-13,2025-07-30
504558,106786,2025-07-13,2025-07-15
504559,106788,2025-07-13,2025-10-09
504560,106789,2025-07-13,2025-11-29
504561,106791,2025-07-13,2025-08-25
504562,106793,2025-07-13,2025-07-25
504563,106795,2025-07-13,2025-10-10
504564,106799,2025-07-13,2025-07-19
504565,106808,2025-07-13,2025-10-01
504566,106813,2025-07-13,2025-07-24
504567,106802,2025-07-13,2025-10-15
504568,106803,2025-07-13,2025-07-21
504569,106805,2025-07-13,2025-10-04
504570,106807,2025-07-13,2025-09-10
504571,106809,2025-07-13,2025-08-01
504572,106810,2025-07-13,2025-07-14
504573,106811,2025-07-13,2025-09-11
504574,106783,2025-07-13,2026-04-21
504575,106800,2025-07-13,2025-07-16
504576,106782,2025-07-13,2026-04-08
504577,106762,2025-07-13,2025-08-19
504578,106779,2025-07-13,2025-07-14
504579,106780,2025-07-13,
504580,106751,2025-07-13,2025-07-26
504581,106753,2025-07-13,2025-07-14
504582,106754,2025-07-13,2025-07-14
504583,106756,2025-07-13,2026-01-22
504584,106758,2025-07-13,2025-07-17
504585,106759,2025-07-13,2025-08-04
504586,106761,2025-07-13,2025-12-02
504587,106764,2025-07-13,2025-09-03
504588,106757,2025-07-13,2025-08-08
504589,106768,2025-07-13,2025-07-17
504590,106777,2025-07-13,2025-09-09
504591,106776,2025-07-13,2025-07-31
504592,106774,2025-07-13,2025-07-19
504593,106773,2025-07-13,2025-07-14
504594,106766,2025-07-13,2025-08-04
504595,106770,2025-07-13,2025-08-16
504596,106769,2025-07-13,2026-02-10
504597,106772,2025-07-13,2025-08-16
504598,106851,2025-07-14,2025-08-24
504599,106849,2025-07-14,2025-07-20
504600,106848,2025-07-14,2025-08-14
504601,106836,2025-07-14,2025-08-12
504602,106845,2025-07-14,2025-08-14
504603,106843,2025-07-14,2025-10-20
504604,106842,2025-07-14,2025-08-29
504605,106841,2025-07-14,2025-07-29
504606,106839,2025-07-14,2025-07-15
504607,106838,2025-07-14,2025-10-31
504608,106837,2025-07-14,2026-03-04
504609,106847,2025-07-14,2025-07-28
504610,106834,2025-07-14,2025-08-11
504611,106831,2025-07-14,2026-06-11
504612,106832,2025-07-14,2025-07-24
504613,106815,2025-07-14,
504614,106816,2025-07-14,2025-07-15
504615,106818,2025-07-14,2025-07-21
504616,106819,2025-07-14,
504617,106828,2025-07-14,2025-07-31
504618,106822,2025-07-14,2025-12-03
504619,106824,2025-07-14,2025-10-03
504620,106826,2025-07-14,2025-08-10
504621,106829,2025-07-14,2025-08-03
504622,106830,2025-07-14,2025-08-04
504623,106821,2025-07-14,2026-05-04
504624,106872,2025-07-15,2025-07-18
504625,106874,2025-07-15,2025-08-06
504626,106876,2025-07-15,2025-11-01
504627,106877,2025-07-15,2025-07-21
504628,106882,2025-07-15,2025-07-28
504629,106881,2025-07-15,2025-11-06
504630,106883,2025-07-15,2025-07-16
504631,106885,2025-07-15,2026-04-23
504632,106870,2025-07-15,2025-07-30
504633,106879,2025-07-15,2025-10-12
504634,106886,2025-07-15,2025-11-07
504635,106867,2025-07-15,2025-07-29
504636,106866,2025-07-15,2025-09-06
504637,106865,2025-07-15,2025-09-23
504638,106863,2025-07-15,2025-07-31
504639,106861,2025-07-15,2025-07-26
504640,106859,2025-07-15,2025-07-26
504641,106858,2025-07-15,2025-10-15
504642,106857,2025-07-15,2025-10-29
504643,106856,2025-07-15,2025-07-30
504644,106855,2025-07-15,2026-01-27
504645,106853,2025-07-15,2025-07-20
504646,106869,2025-07-15,2025-09-18
504647,106908,2025-07-16,2026-03-18
504648,106909,2025-07-16,2026-05-21
504649,106910,2025-07-16,2025-08-07
504650,106911,2025-07-16,2025-07-25
504651,106913,2025-07-16,2025-09-01
504652,106922,2025-07-16,
504653,106917,2025-07-16,
504654,106918,2025-07-16,2025-07-28
504655,106919,2025-07-16,
504656,106921,2025-07-16,2025-12-26
504657,106907,2025-07-16,2025-08-02
504658,106915,2025-07-16,2025-07-17
504659,106906,2025-07-16,2025-09-09
504660,106903,2025-07-16,2026-03-09
504661,106889,2025-07-16,2025-07-24
504662,106901,2025-07-16,
504663,106900,2025-07-16,2025-07-20
504664,106899,2025-07-16,2025-08-16
504665,106897,2025-07-16,2026-01-28
504666,106896,2025-07-16,2025-11-06
504667,106894,2025-07-16,2025-07-24
504668,106892,2025-07-16,2025-10-26
504669,106891,2025-07-16,2025-07-17
504670,106905,2025-07-16,2025-08-03
504671,106888,2025-07-16,2025-07-24
504672,106887,2025-07-16,2026-02-21
504673,106944,2025-07-17,2025-07-19
504674,106946,2025-07-17,2025-08-19
504675,106948,2025-07-17,2025-11-10
504676,106943,2025-07-17,2025-07-29
504677,106952,2025-07-17,2025-07-29
504678,106953,2025-07-17,2025-07-19
504679,106950,2025-07-17,2026-01-07
504680,106941,2025-07-17,
504681,106932,2025-07-17,
504682,106937,2025-07-17,2025-09-26
504683,106935,2025-07-17,2025-07-26
504684,106933,2025-07-17,
504685,106930,2025-07-17,2025-07-25
504686,106928,2025-07-17,2025-08-23
504687,106926,2025-07-17,2025-09-02
504688,106924,2025-07-17,2025-09-08
504689,106939,2025-07-17,2025-07-21
504690,106976,2025-07-18,2025-11-21
504691,106975,2025-07-18,2025-09-04
504692,106973,2025-07-18,
504693,106971,2025-07-18,2025-07-21
504694,106967,2025-07-18,2025-10-17
504695,106966,2025-07-18,2025-09-04
504696,106965,2025-07-18,2025-08-05
504697,106969,2025-07-18,2025-07-28
504698,106962,2025-07-18,2025-09-04
504699,106961,2025-07-18,2026-01-20
504700,106959,2025-07-18,2025-08-06
504701,106958,2025-07-18,
504702,106956,2025-07-18,2025-12-29
504703,106954,2025-07-18,2026-03-08
504704,106963,2025-07-18,2025-09-01
504705,107003,2025-07-19,2025-07-23
504706,107005,2025-07-19,2025-08-28
504707,107006,2025-07-19,2025-10-01
504708,107008,2025-07-19,2025-09-30
504709,107009,2025-07-19,2025-11-06
504710,107011,2025-07-19,2025-09-19
504711,107015,2025-07-19,
504712,107013,2025-07-19,
504713,107022,2025-07-19,2026-01-05
504714,107016,2025-07-19,2026-07-14
504715,107018,2025-07-19,2026-04-25
504716,107020,2025-07-19,
504717,107002,2025-07-19,2025-08-21
504718,107012,2025-07-19,2025-10-13
504719,107001,2025-07-19,2025-10-13
504720,106983,2025-07-19,2025-12-22
504721,106999,2025-07-19,2025-07-28
504722,107000,2025-07-19,2026-01-31
504723,106978,2025-07-19,2025-08-11
504724,106980,2025-07-19,
504725,106982,2025-07-19,2025-08-22
504726,106986,2025-07-19,2025-08-19
504727,106987,2025-07-19,2025-10-21
504728,106984,2025-07-19,2025-07-28
504729,106990,2025-07-19,2025-08-28
504730,106992,2025-07-19,2025-07-28
504731,106994,2025-07-19,2025-07-30
504732,106996,2025-07-19,2026-06-16
504733,106997,2025-07-19,2025-07-24
504734,106989,2025-07-19,2025-07-26
504735,107053,2025-07-20,2025-09-16
504736,107047,2025-07-20,2026-06-20
504737,107049,2025-07-20,2026-02-23
504738,107051,2025-07-20,2025-07-31
504739,107052,2025-07-20,2025-08-14
504740,107055,2025-07-20,2025-07-21
504741,107067,2025-07-20,2025-07-31
504742,107058,2025-07-20,2025-09-20
504743,107060,2025-07-20,2025-09-18
504744,107062,2025-07-20,2025-10-06
504745,107064,2025-07-20,2025-08-22
504746,107065,2025-07-20,2025-09-25
504747,107068,2025-07-20,2025-07-26
504748,107057,2025-07-20,2025-10-29
504749,107044,2025-07-20,2025-08-09
504750,107046,2025-07-20,2025-08-28
504751,107041,2025-07-20,
504752,107043,2025-07-20,
504753,107023,2025-07-20,2025-09-12
504754,107024,2025-07-20,2025-09-06
504755,107027,2025-07-20,2025-08-21
504756,107029,2025-07-20,2025-07-24
504757,107031,2025-07-20,2025-10-24
504758,107025,2025-07-20,2025-09-08
504759,107034,2025-07-20,2025-07-30
504760,107036,2025-07-20,2026-03-27
504761,107037,2025-07-20,2025-08-31
504762,107038,2025-07-20,2025-07-31
504763,107039,2025-07-20,2025-07-25
504764,107032,2025-07-20,2025-08-24
504765,107100,2025-07-21,
504766,107092,2025-07-21,2025-07-22
504767,107093,2025-07-21,2025-07-28
504768,107094,2025-07-21,2025-08-18
504769,107096,2025-07-21,2025-09-26
504770,107097,2025-07-21,2025-09-18
504771,107098,2025-07-21,2025-11-19
504772,107102,2025-07-21,2025-10-10
504773,107112,2025-07-21,2025-07-30
504774,107106,2025-07-21,2025-09-19
504775,107107,2025-07-21,2025-08-19
504776,107108,2025-07-21,2026-03-09
504777,107109,2025-07-21,2025-08-30
504778,107111,2025-07-21,2026-03-15
504779,107114,2025-07-21,2025-07-28
504780,107091,2025-07-21,2025-12-07
504781,107104,2025-07-21,2025-08-15
504782,107090,2025-07-21,2025-09-16
504783,107074,2025-07-21,2025-10-09
504784,107087,2025-07-21,2025-12-25
504785,100002,2025-07-21,2025-08-17
504786,107071,2025-07-21,2025-07-27
504787,107073,2025-07-21,2025-07-24
504788,107088,2025-07-21,2025-07-31
504789,107075,2025-07-21,2025-08-15
504790,107077,2025-07-21,2025-07-28
504791,107069,2025-07-21,2025-10-22
504792,107079,2025-07-21,2025-09-18
504793,107078,2025-07-21,2025-07-23
504794,107085,2025-07-21,2025-10-26
504795,107086,2025-07-21,2025-07-31
504796,107082,2025-07-21,2025-08-15
504797,107080,2025-07-21,2025-08-16
504798,107083,2025-07-21,2025-07-26
504799,107128,2025-07-22,2025-08-02
504800,107145,2025-07-22,2025-07-26
504801,107143,2025-07-22,2025-11-17
504802,107142,2025-07-22,2025-08-14
504803,107139,2025-07-22,2025-08-11
504804,107138,2025-07-22,
504805,107136,2025-07-22,2025-08-14
504806,107134,2025-07-22,2025-08-12
504807,107133,2025-07-22,2025-11-20
504808,107131,2025-07-22,2026-04-24
504809,107129,2025-07-22,2026-02-03
504810,107127,2025-07-22,2025-08-16
504811,107141,2025-07-22,2026-02-11
504812,107125,2025-07-22,2025-07-26
504813,107126,2025-07-22,2025-07-27
504814,101981,2025-07-22,2025-08-15
504815,100899,2025-07-22,2025-07-24
504816,101957,2025-07-22,
504817,101931,2025-07-22,2025-10-17
504818,107117,2025-07-22,2025-07-30
504819,107119,2025-07-22,2025-09-01
504820,107121,2025-07-22,2025-09-15
504821,107123,2025-07-22,2025-08-01
504822,107115,2025-07-22,2025-07-28
504823,107176,2025-07-23,
504824,107174,2025-07-23,2026-03-09
504825,107163,2025-07-23,2025-09-12
504826,107173,2025-07-23,2025-10-08
504827,107171,2025-07-23,
504828,107169,2025-07-23,
504829,107168,2025-07-23,2026-01-12
504830,107167,2025-07-23,2025-08-03
504831,107166,2025-07-23,2025-08-15
504832,107161,2025-07-23,2025-07-25
504833,107164,2025-07-23,2025-09-09
504834,107158,2025-07-23,2025-07-30
504835,107156,2025-07-23,2025-09-13
504836,107154,2025-07-23,2025-10-05
504837,107152,2025-07-23,2025-08-14
504838,107150,2025-07-23,2025-07-31
504839,107148,2025-07-23,2025-07-29
504840,107147,2025-07-23,2025-09-05
504841,100633,2025-07-23,
504842,107159,2025-07-23,2026-02-18
504843,107203,2025-07-24,2025-09-04
504844,107204,2025-07-24,2025-08-09
504845,107206,2025-07-24,2025-09-27
504846,107208,2025-07-24,2025-08-03
504847,107210,2025-07-24,
504848,107211,2025-07-24,2025-08-20
504849,107212,2025-07-24,2025-08-20
504850,107217,2025-07-24,2025-07-31
504851,107215,2025-07-24,2025-10-15
504852,107216,2025-07-24,2025-08-02
504853,107219,2025-07-24,2025-08-02
504854,107220,2025-07-24,2025-08-05
504855,107202,2025-07-24,2025-12-27
504856,107222,2025-07-24,2026-01-29
504857,107214,2025-07-24,2025-11-29
504858,107200,2025-07-24,2026-05-14
504859,107190,2025-07-24,2025-08-31
504860,107196,2025-07-24,2026-03-18
504861,107178,2025-07-24,2025-08-08
504862,107179,2025-07-24,2025-12-03
504863,107181,2025-07-24,2025-08-07
504864,107183,2025-07-24,2025-08-24
504865,107185,2025-07-24,2026-05-10
504866,107187,2025-07-24,2025-08-18
504867,103231,2025-07-24,2026-01-25
504868,107198,2025-07-24,
504869,107191,2025-07-24,2025-09-21
504870,107192,2025-07-24,2025-07-25
504871,107193,2025-07-24,2025-08-15
504872,107194,2025-07-24,2025-07-27
504873,107195,2025-07-24,2025-11-06
504874,107189,2025-07-24,2025-08-07
504875,107247,2025-07-25,2025-08-21
504876,107249,2025-07-25,2025-09-05
504877,107250,2025-07-25,2025-09-18
504878,107252,2025-07-25,2026-02-04
504879,107253,2025-07-25,2026-06-18
504880,107255,2025-07-25,2025-08-12
504881,107265,2025-07-25,2026-02-08
504882,107258,2025-07-25,2025-08-10
504883,107260,2025-07-25,
504884,107262,2025-07-25,2025-09-26
504885,107263,2025-07-25,2025-07-28
504886,107264,2025-07-25,2025-10-13
504887,107246,2025-07-25,2025-09-01
504888,107257,2025-07-25,
504889,107261,2025-07-25,2025-07-27
504890,107244,2025-07-25,2025-07-30
504891,107241,2025-07-25,2026-03-07
504892,107243,2025-07-25,2025-08-05
504893,107223,2025-07-25,2026-06-30
504894,107225,2025-07-25,2025-08-03
504895,107229,2025-07-25,2025-07-29
504896,107231,2025-07-25,2025-12-07
504897,107227,2025-07-25,2025-08-01
504898,107234,2025-07-25,2025-10-20
504899,107236,2025-07-25,2025-09-26
504900,107237,2025-07-25,2025-09-19
504901,107238,2025-07-25,2025-11-27
504902,107240,2025-07-25,2025-08-19
504903,107232,2025-07-25,2025-07-29
504904,107298,2025-07-26,2025-11-30
504905,107291,2025-07-26,2025-08-03
504906,107292,2025-07-26,2025-08-04
504907,107294,2025-07-26,2025-08-16
504908,107295,2025-07-26,2025-10-21
504909,107296,2025-07-26,2025-09-11
504910,107299,2025-07-26,2025-10-16
504911,107308,2025-07-26,2025-11-24
504912,107302,2025-07-26,2026-03-14
504913,107303,2025-07-26,2025-08-20
504914,107306,2025-07-26,2025-08-19
504915,107307,2025-07-26,2025-08-03
504916,107290,2025-07-26,
504917,107310,2025-07-26,2025-09-21
504918,107301,2025-07-26,2025-10-30
504919,107289,2025-07-26,2026-03-03
504920,107304,2025-07-26,2025-08-05
504921,107286,2025-07-26,2025-08-22
504922,107266,2025-07-26,2025-08-03
504923,107268,2025-07-26,2025-07-27
504924,107272,2025-07-26,2025-09-16
504925,107274,2025-07-26,2025-09-26
504926,107276,2025-07-26,2025-08-05
504927,107270,2025-07-26,2025-08-25
504928,107279,2025-07-26,2025-09-30
504929,107281,2025-07-26,2025-08-10
504930,107283,2025-07-26,2026-05-02
504931,107284,2025-07-26,2025-09-13
504932,107285,2025-07-26,2025-08-06
504933,107278,2025-07-26,2025-07-30
504934,107287,2025-07-26,2025-07-29
504935,107347,2025-07-27,2025-10-19
504936,107340,2025-07-27,
504937,107341,2025-07-27,2025-08-02
504938,107342,2025-07-27,
504939,107343,2025-07-27,2026-03-10
504940,107344,2025-07-27,2025-08-07
504941,107346,2025-07-27,
504942,107362,2025-07-27,2025-08-18
504943,107352,2025-07-27,2025-08-03
504944,107354,2025-07-27,2025-07-29
504945,107356,2025-07-27,2025-07-31
504946,107358,2025-07-27,2025-08-01
504947,107360,2025-07-27,2025-10-18
504948,107338,2025-07-27,2025-09-18
504949,107364,2025-07-27,2025-07-28
504950,107366,2025-07-27,2025-12-03
504951,107350,2025-07-27,2025-08-06
504952,107336,2025-07-27,2025-09-11
504953,107349,2025-07-27,2025-07-29
504954,107333,2025-07-27,2025-10-11
504955,107334,2025-07-27,2025-08-29
504956,104321,2025-07-27,2025-11-15
504957,104177,2025-07-27,2025-08-21
504958,107312,2025-07-27,2025-08-09
504959,107314,2025-07-27,2025-07-30
504960,107315,2025-07-27,2025-10-15
504961,107319,2025-07-27,2025-09-21
504962,107317,2025-07-27,2025-10-28
504963,107322,2025-07-27,2025-08-05
504964,107324,2025-07-27,2025-11-05
504965,107326,2025-07-27,2025-10-15
504966,107327,2025-07-27,2025-08-12
504967,107329,2025-07-27,2025-07-31
504968,107330,2025-07-27,2025-10-05
504969,107331,2025-07-27,2025-12-14
504970,107320,2025-07-27,2025-07-28
504971,107386,2025-07-28,2025-09-19
504972,107382,2025-07-28,2025-08-22
504973,107384,2025-07-28,2025-08-20
504974,107387,2025-07-28,2025-08-27
504975,107398,2025-07-28,2025-08-02
504976,107390,2025-07-28,2025-10-14
504977,107392,2025-07-28,2025-07-29
504978,107394,2025-07-28,2025-08-18
504979,107396,2025-07-28,2025-08-13
504980,107381,2025-07-28,2025-09-16
504981,107388,2025-07-28,2025-10-27
504982,107380,2025-07-28,2026-02-01
504983,107374,2025-07-28,2025-08-09
504984,107378,2025-07-28,2025-10-18
504985,107376,2025-07-28,2025-08-17
504986,107375,2025-07-28,2026-03-09
504987,107372,2025-07-28,2026-04-28
504988,107370,2025-07-28,2025-09-01
504989,107369,2025-07-28,2025-08-05
504990,107367,2025-07-28,2025-08-02
504991,107379,2025-07-28,2026-05-10
504992,100231,2025-07-28,
504993,107414,2025-07-29,2025-10-25
504994,107415,2025-07-29,2025-07-30
504995,107417,2025-07-29,2025-08-15
504996,107419,2025-07-29,
504997,107428,2025-07-29,
504998,107422,2025-07-29,2025-08-14
504999,107423,2025-07-29,
505000,107426,2025-07-29,2025-08-17
505001,107425,2025-07-29,2025-08-02
505002,107421,2025-07-29,2026-03-12
505003,107412,2025-07-29,2025-08-21
505004,107409,2025-07-29,2025-07-30
505005,107407,2025-07-29,2025-08-04
505006,107405,2025-07-29,2025-10-12
505007,107404,2025-07-29,2025-09-25
505008,107403,2025-07-29,2025-08-12
505009,107401,2025-07-29,2025-08-22
505010,107400,2025-07-29,2025-08-19
505011,107399,2025-07-29,2025-08-20
505012,107410,2025-07-29,2025-09-27
505013,107453,2025-07-30,2025-08-24
505014,107456,2025-07-30,2025-09-25
505015,107457,2025-07-30,2025-09-30
505016,107459,2025-07-30,2026-04-30
505017,107460,2025-07-30,2025-07-31
505018,107465,2025-07-30,
505019,107462,2025-07-30,2025-08-28
505020,107463,2025-07-30,
505021,107451,2025-07-30,2025-08-22
505022,107467,2025-07-30,2025-08-07
505023,107469,2025-07-30,2025-09-21
505024,107461,2025-07-30,2025-09-28
505025,107450,2025-07-30,2025-08-21
505026,107454,2025-07-30,2025-08-17
505027,107446,2025-07-30,2025-11-02
505028,107448,2025-07-30,2025-09-26
505029,107430,2025-07-30,2025-08-13
505030,104128,2025-07-30,2025-08-15
505031,107434,2025-07-30,2025-09-15
505032,107436,2025-07-30,2025-10-05
505033,107432,2025-07-30,2025-10-12
505034,107439,2025-07-30,2025-08-04
505035,107441,2025-07-30,2025-08-14
505036,107443,2025-07-30,2025-08-05
505037,107444,2025-07-30,
505038,107437,2025-07-30,2025-08-15
505039,107493,2025-07-31,
505040,107495,2025-07-31,2025-12-29
505041,107497,2025-07-31,2025-10-21
505042,107498,2025-07-31,2026-05-15
505043,107499,2025-07-31,2025-08-05
505044,107500,2025-07-31,2025-09-15
505045,107502,2025-07-31,2025-10-02
505046,107509,2025-07-31,2026-04-09
505047,107504,2025-07-31,2026-02-09
505048,107505,2025-07-31,2026-05-22
505049,107507,2025-07-31,2026-05-14
505050,107512,2025-07-31,2025-08-19
505051,107511,2025-07-31,2025-10-28
505052,107491,2025-07-31,
505053,107503,2025-07-31,2025-08-13
505054,107490,2025-07-31,2025-08-09
505055,107475,2025-07-31,2026-01-14
505056,107487,2025-07-31,2025-08-01
505057,100921,2025-07-31,2025-11-18
505058,107488,2025-07-31,2025-08-07
505059,107470,2025-07-31,2026-03-12
505060,107471,2025-07-31,2025-08-11
505061,107472,2025-07-31,2025-08-08
505062,107476,2025-07-31,2025-10-19
505063,107473,2025-07-31,2025-08-05
505064,107479,2025-07-31,2025-12-02
505065,107480,2025-07-31,2025-08-19
505066,107482,2025-07-31,2025-08-01
505067,107483,2025-07-31,2025-12-01
505068,107484,2025-07-31,2026-01-18
505069,107485,2025-07-31,2026-03-08
505070,107478,2025-07-31,2025-08-10
505071,107542,2025-08-01,2025-08-25
505072,107537,2025-08-01,2025-10-17
505073,107539,2025-08-01,2025-08-16
505074,107541,2025-08-01,2025-08-19
505075,107544,2025-08-01,2025-12-06
505076,107535,2025-08-01,
505077,107547,2025-08-01,2026-03-04
505078,107549,2025-08-01,2025-11-23
505079,107551,2025-08-01,2026-04-03
505080,107552,2025-08-01,2026-03-12
505081,107553,2025-08-01,2025-08-16
505082,107545,2025-08-01,
505083,107533,2025-08-01,2025-08-05
505084,107522,2025-08-01,2025-08-17
505085,107531,2025-08-01,2025-08-04
505086,107514,2025-08-01,2025-08-03
505087,107517,2025-08-01,
505088,107519,2025-08-01,2025-08-03
505089,107520,2025-08-01,2026-03-04
505090,107521,2025-08-01,2025-10-18
505091,107515,2025-08-01,2025-08-10
505092,107524,2025-08-01,
505093,107525,2025-08-01,2025-09-03
505094,107527,2025-08-01,2025-09-04
505095,107529,2025-08-01,2025-09-24
505096,107532,2025-08-01,2025-11-06
505097,107568,2025-08-02,2025-09-22
505098,107581,2025-08-02,2025-08-16
505099,107579,2025-08-02,2025-09-23
505100,107577,2025-08-02,2025-08-17
505101,107576,2025-08-02,2025-08-14
505102,107575,2025-08-02,2025-09-10
505103,107573,2025-08-02,2026-04-07
505104,107572,2025-08-02,2026-03-28
505105,107570,2025-08-02,2025-08-21
505106,107566,2025-08-02,
505107,107567,2025-08-02,2025-08-24
505108,107563,2025-08-02,2025-09-03
505109,107562,2025-08-02,2026-01-20
505110,107561,2025-08-02,2026-04-02
505111,107560,2025-08-02,2025-11-21
505112,107558,2025-08-02,2025-08-26
505113,107557,2025-08-02,
505114,107556,2025-08-02,2025-08-07
505115,107555,2025-08-02,2025-08-12
505116,107564,2025-08-02,2026-02-06
505117,107608,2025-08-03,2025-12-05
505118,107610,2025-08-03,
505119,107612,2025-08-03,2025-11-19
505120,107613,2025-08-03,2025-08-13
505121,107615,2025-08-03,2025-08-11
505122,107617,2025-08-03,2026-01-26
505123,107618,2025-08-03,2025-08-05
505124,107627,2025-08-03,2025-08-10
505125,107620,2025-08-03,2025-12-07
505126,107622,2025-08-03,2025-10-01
505127,107625,2025-08-03,2025-11-14
505128,107629,2025-08-03,2025-08-06
505129,107630,2025-08-03,2025-08-29
505130,107619,2025-08-03,2025-09-16
505131,107606,2025-08-03,2025-08-18
505132,107623,2025-08-03,2025-08-05
505133,107602,2025-08-03,2025-08-05
505134,107604,2025-08-03,2025-08-25
505135,107582,2025-08-03,2025-08-15
505136,107583,2025-08-03,2025-08-04
505137,107584,2025-08-03,2026-06-30
505138,107588,2025-08-03,2026-02-01
505139,107590,2025-08-03,2025-10-25
505140,107586,2025-08-03,2025-08-20
505141,107594,2025-08-03,2025-08-24
505142,107595,2025-08-03,2025-08-31
505143,107597,2025-08-03,2025-08-14
505144,107598,2025-08-03,2025-10-27
505145,107600,2025-08-03,2025-09-03
505146,107592,2025-08-03,2025-10-25
505147,107661,2025-08-04,2026-02-02
505148,107654,2025-08-04,2025-11-14
505149,107656,2025-08-04,2025-09-05
505150,107657,2025-08-04,2025-08-09
505151,107659,2025-08-04,2026-02-21
505152,107663,2025-08-04,2025-08-19
505153,107673,2025-08-04,2025-10-28
505154,107665,2025-08-04,2026-02-22
505155,107667,2025-08-04,2025-12-16
505156,107669,2025-08-04,2025-08-09
505157,107671,2025-08-04,
505158,107652,2025-08-04,2025-08-27
505159,107674,2025-08-04,2025-08-26
505160,107664,2025-08-04,2025-08-20
505161,107651,2025-08-04,2025-08-08
505162,107658,2025-08-04,2025-08-17
505163,107648,2025-08-04,2025-08-12
505164,107646,2025-08-04,2025-08-05
505165,107644,2025-08-04,2025-09-21
505166,107642,2025-08-04,
505167,107641,2025-08-04,2025-08-29
505168,107639,2025-08-04,2025-11-12
505169,107637,2025-08-04,2025-08-08
505170,107636,2025-08-04,2025-09-11
505171,107635,2025-08-04,2025-10-27
505172,107633,2025-08-04,2025-08-19
505173,107631,2025-08-04,2025-10-07
505174,107649,2025-08-04,2025-11-07
505175,101485,2025-08-04,2025-08-05
505176,107691,2025-08-05,2025-09-10
505177,107693,2025-08-05,2025-08-07
505178,107695,2025-08-05,2025-08-06
505179,107703,2025-08-05,2025-08-21
505180,107699,2025-08-05,
505181,107700,2025-08-05,2025-08-08
505182,107702,2025-08-05,2025-10-04
505183,107690,2025-08-05,2026-01-08
505184,107697,2025-08-05,2025-09-27
505185,107688,2025-08-05,2025-09-27
505186,107681,2025-08-05,2025-09-30
505187,107685,2025-08-05,2025-08-08
505188,107683,2025-08-05,2025-08-14
505189,107682,2025-08-05,2025-08-23
505190,107679,2025-08-05,2026-03-20
505191,107677,2025-08-05,2025-10-20
505192,107676,2025-08-05,2025-08-24
505193,103195,2025-08-05,2025-08-28
505194,107687,2025-08-05,2025-08-24
505195,107731,2025-08-06,2025-10-21
505196,107735,2025-08-06,2025-12-18
505197,107730,2025-08-06,2026-07-07
505198,107728,2025-08-06,2025-08-07
505199,107732,2025-08-06,2026-03-29
505200,107733,2025-08-06,2025-10-20
505201,107734,2025-08-06,2025-10-07
505202,107736,2025-08-06,2025-09-14
505203,107747,2025-08-06,2026-05-15
505204,107739,2025-08-06,2025-08-19
505205,107741,2025-08-06,2025-08-19
505206,107742,2025-08-06,2025-10-21
505207,107743,2025-08-06,
505208,107746,2025-08-06,2026-03-15
505209,107726,2025-08-06,2025-11-16
505210,107749,2025-08-06,2025-08-10
505211,107738,2025-08-06,2025-08-08
505212,107724,2025-08-06,2025-10-30
505213,107745,2025-08-06,2025-08-27
505214,107721,2025-08-06,
505215,107722,2025-08-06,2025-09-22
505216,104357,2025-08-06,2025-08-23
505217,107705,2025-08-06,2025-09-07
505218,107706,2025-08-06,2025-09-09
505219,107708,2025-08-06,2025-10-04
505220,107709,2025-08-06,
505221,107711,2025-08-06,2025-10-20
505222,101733,2025-08-06,2025-09-04
505223,107713,2025-08-06,2025-08-08
505224,107715,2025-08-06,2025-10-24
505225,107716,2025-08-06,2025-09-01
505226,107717,2025-08-06,2025-10-02
505227,107718,2025-08-06,
505228,107720,2025-08-06,2025-08-13
505229,107712,2025-08-06,2025-10-30
505230,107774,2025-08-07,2025-09-21
505231,107776,2025-08-07,2026-01-24
505232,107777,2025-08-07,2025-08-16
505233,107779,2025-08-07,2025-11-21
505234,107781,2025-08-07,2026-01-17
505235,107783,2025-08-07,2025-08-08
505236,107784,2025-08-07,2025-08-23
505237,107789,2025-08-07,2025-08-17
505238,107787,2025-08-07,2025-09-25
505239,107790,2025-08-07,2025-09-08
505240,107791,2025-08-07,2025-08-26
505241,107792,2025-08-07,2025-08-09
505242,107773,2025-08-07,2025-10-23
505243,107794,2025-08-07,2025-09-23
505244,107785,2025-08-07,
505245,107772,2025-08-07,2025-08-17
505246,107768,2025-08-07,2025-08-08
505247,107753,2025-08-07,2025-08-15
505248,102616,2025-08-07,2026-07-24
505249,104520,2025-08-07,2025-09-25
505250,107751,2025-08-07,2025-09-23
505251,107754,2025-08-07,2025-09-28
505252,107770,2025-08-07,2025-08-14
505253,107757,2025-08-07,2025-08-17
505254,107756,2025-08-07,
505255,107760,2025-08-07,2026-04-04
505256,107761,2025-08-07,2025-08-09
505257,107763,2025-08-07,2025-08-20
505258,107765,2025-08-07,2025-09-24
505259,107766,2025-08-07,2026-04-08
505260,107758,2025-08-07,2025-08-23
505261,107824,2025-08-08,2025-09-22
505262,107822,2025-08-08,2025-08-11
505263,107821,2025-08-08,2025-08-17
505264,107816,2025-08-08,2025-08-09
505265,107818,2025-08-08,2025-09-02
505266,107826,2025-08-08,2025-08-23
505267,107819,2025-08-08,2026-01-14
505268,107827,2025-08-08,2025-10-10
505269,107840,2025-08-08,2025-09-24
505270,107830,2025-08-08,2025-09-25
505271,107832,2025-08-08,2025-08-26
505272,107833,2025-08-08,2025-08-24
505273,107834,2025-08-08,2025-11-03
505274,107835,2025-08-08,
505275,107839,2025-08-08,2025-11-24
505276,107828,2025-08-08,2025-09-06
505277,107814,2025-08-08,2025-08-28
505278,107837,2025-08-08,2025-09-09
505279,107812,2025-08-08,2025-09-11
505280,107795,2025-08-08,2025-09-15
505281,107797,2025-08-08,2025-09-17
505282,107798,2025-08-08,2025-11-10
505283,107800,2025-08-08,2025-08-13
505284,107801,2025-08-08,2025-08-25
505285,107813,2025-08-08,2025-08-29
505286,107804,2025-08-08,2025-08-22
505287,107806,2025-08-08,2025-08-23
505288,107808,2025-08-08,2025-08-17
505289,107809,2025-08-08,2025-10-18
505290,107811,2025-08-08,2025-08-27
505291,107803,2025-08-08,2025-09-20
505292,107865,2025-08-09,
505293,107866,2025-08-09,2025-10-16
505294,107867,2025-08-09,2026-03-28
505295,107869,2025-08-09,
505296,107871,2025-08-09,
505297,107873,2025-08-09,2025-09-06
505298,107875,2025-08-09,2025-09-01
505299,107881,2025-08-09,2025-08-22
505300,107879,2025-08-09,
505301,107882,2025-08-09,2025-12-04
505302,107884,2025-08-09,2026-07-08
505303,107886,2025-08-09,2026-04-02
505304,107863,2025-08-09,2025-11-15
505305,107888,2025-08-09,2025-10-10
505306,107890,2025-08-09,2025-08-12
505307,107877,2025-08-09,2026-07-09
505308,107861,2025-08-09,2025-10-08
505309,107887,2025-08-09,2025-08-18
505310,107857,2025-08-09,2025-08-21
505311,102129,2025-08-09,2025-12-03
505312,107859,2025-08-09,2026-05-21
505313,105503,2025-08-09,2025-12-12
505314,107841,2025-08-09,2025-08-12
505315,107842,2025-08-09,2025-08-10
505316,107843,2025-08-09,2025-09-09
505317,107845,2025-08-09,2025-08-13
505318,101890,2025-08-09,
505319,107847,2025-08-09,
505320,107849,2025-08-09,2025-11-02
505321,107850,2025-08-09,2025-08-15
505322,107851,2025-08-09,2025-11-06
505323,107852,2025-08-09,2025-10-05
505324,107853,2025-08-09,2026-05-02
505325,107855,2025-08-09,2025-11-08
505326,107846,2025-08-09,2025-09-07
505327,107915,2025-08-10,2025-08-19
505328,107917,2025-08-10,2025-08-11
505329,107919,2025-08-10,2026-06-14
505330,107920,2025-08-10,2026-05-23
505331,107921,2025-08-10,2025-08-27
505332,107922,2025-08-10,2025-11-25
505333,107923,2025-08-10,2025-12-20
505334,107927,2025-08-10,2026-06-27
505335,107925,2025-08-10,2025-08-24
505336,107926,2025-08-10,2025-08-20
505337,107928,2025-08-10,2026-01-21
505338,107930,2025-08-10,2025-08-11
505339,107932,2025-08-10,2025-08-12
505340,107934,2025-08-10,2025-08-28
505341,107924,2025-08-10,2025-08-12
505342,107913,2025-08-10,2025-12-04
505343,107909,2025-08-10,2026-01-12
505344,107910,2025-08-10,2025-08-11
505345,107912,2025-08-10,2026-01-10
505346,103127,2025-08-10,2025-08-21
505347,107892,2025-08-10,2025-08-18
505348,107894,2025-08-10,2025-08-20
505349,107895,2025-08-10,2026-02-23
505350,107896,2025-08-10,2026-01-29
505351,107897,2025-08-10,2025-09-06
505352,103597,2025-08-10,2025-09-18
505353,107900,2025-08-10,
505354,107901,2025-08-10,2025-08-22
505355,107902,2025-08-10,2025-08-17
505356,107903,2025-08-10,2025-09-01
505357,107905,2025-08-10,2025-08-27
505358,107907,2025-08-10,2026-03-14
505359,107898,2025-08-10,2025-09-03
505360,107957,2025-08-11,2025-09-17
505361,107958,2025-08-11,2026-01-27
505362,107959,2025-08-11,2026-01-27
505363,107960,2025-08-11,
505364,107962,2025-08-11,2025-08-16
505365,107969,2025-08-11,2025-08-16
505366,107966,2025-08-11,2025-10-25
505367,107967,2025-08-11,2025-08-20
505368,107970,2025-08-11,2025-09-26
505369,107972,2025-08-11,2025-08-14
505370,107956,2025-08-11,2025-10-03
505371,107964,2025-08-11,2025-09-28
505372,107955,2025-08-11,2026-04-06
505373,107968,2025-08-11,2025-10-09
505374,107953,2025-08-11,2025-08-16
505375,100039,2025-08-11,2025-08-12
505376,107936,2025-08-11,2025-08-18
505377,107938,2025-08-11,2025-08-12
505378,107939,2025-08-11,2025-10-21
505379,107940,2025-08-11,2025-09-12
505380,107942,2025-08-11,
505381,107954,2025-08-11,2025-11-29
505382,107946,2025-08-11,2025-10-16
505383,107947,2025-08-11,2025-09-01
505384,107948,2025-08-11,2025-12-21
505385,107950,2025-08-11,2025-10-16
505386,107952,2025-08-11,2025-10-26
505387,107944,2025-08-11,2025-08-24
505388,108017,2025-08-12,
505389,108009,2025-08-12,2025-08-14
505390,108011,2025-08-12,
505391,108012,2025-08-12,2025-09-04
505392,108013,2025-08-12,2025-10-14
505393,108015,2025-08-12,2025-08-13
505394,108019,2025-08-12,2025-10-26
505395,108031,2025-08-12,2025-08-19
505396,108022,2025-08-12,2025-08-13
505397,108024,2025-08-12,2025-08-31
505398,108026,2025-08-12,2026-06-18
505399,108027,2025-08-12,2026-01-09
505400,108029,2025-08-12,2025-11-26
505401,108007,2025-08-12,2025-08-18
505402,108033,2025-08-12,2025-08-15
505403,108020,2025-08-12,2026-02-08
505404,108003,2025-08-12,2025-08-16
505405,108005,2025-08-12,2026-02-12
505406,102170,2025-08-12,2026-07-22
505407,108002,2025-08-12,2026-01-08
505408,107974,2025-08-12,2025-12-09
505409,107976,2025-08-12,2025-08-23
505410,107978,2025-08-12,2025-09-15
505411,107980,2025-08-12,2026-05-11
505412,107983,2025-08-12,2025-12-08
505413,107985,2025-08-12,2025-08-15
505414,107982,2025-08-12,2025-12-05
505415,107989,2025-08-12,2025-10-10
505416,107990,2025-08-12,2025-10-14
505417,107992,2025-08-12,
505418,107994,2025-08-12,2025-08-15
505419,107996,2025-08-12,2025-08-15
505420,107998,2025-08-12,2025-08-27
505421,108000,2025-08-12,2025-10-15
505422,107987,2025-08-12,2026-06-25
505423,108072,2025-08-13,2026-06-03
505424,108063,2025-08-13,2025-08-21
505425,108065,2025-08-13,
505426,108067,2025-08-13,2025-09-16
505427,108069,2025-08-13,2025-08-23
505428,108071,2025-08-13,2025-09-09
505429,108074,2025-08-13,2025-10-02
505430,108062,2025-08-13,2025-09-03
505431,108078,2025-08-13,2025-10-03
505432,108080,2025-08-13,2025-10-23
505433,108081,2025-08-13,2025-08-25
505434,108084,2025-08-13,2025-09-05
505435,108086,2025-08-13,
505436,108088,2025-08-13,2025-11-10
505437,108090,2025-08-13,
505438,108076,2025-08-13,2025-08-20
505439,108060,2025-08-13,2025-11-24
505440,108082,2025-08-13,2025-11-04
505441,108057,2025-08-13,2026-01-08
505442,108058,2025-08-13,2025-08-16
505443,108036,2025-08-13,2025-08-22
505444,108037,2025-08-13,2025-09-06
505445,108039,2025-08-13,2025-08-14
505446,108041,2025-08-13,2026-01-05
505447,108043,2025-08-13,2025-12-28
505448,108044,2025-08-13,2025-11-17
505449,108045,2025-08-13,2025-08-18
505450,108035,2025-08-13,2025-10-09
505451,108049,2025-08-13,2025-12-01
505452,108050,2025-08-13,2025-08-23
505453,108051,2025-08-13,2025-11-15
505454,108052,2025-08-13,2025-09-19
505455,108053,2025-08-13,2025-10-16
505456,108055,2025-08-13,
505457,108047,2025-08-13,2025-10-27
505458,108056,2025-08-13,2025-09-06
505459,108116,2025-08-14,
505460,108118,2025-08-14,2026-03-12
505461,108120,2025-08-14,2025-11-18
505462,108121,2025-08-14,
505463,108123,2025-08-14,2025-11-01
505464,108124,2025-08-14,2025-10-18
505465,108125,2025-08-14,2025-09-29
505466,108130,2025-08-14,2026-07-09
505467,108129,2025-08-14,
505468,108131,2025-08-14,2025-08-16
505469,108133,2025-08-14,2025-08-19
505470,108135,2025-08-14,2026-06-16
505471,108136,2025-08-14,
505472,108115,2025-08-14,2025-08-28
505473,108138,2025-08-14,2025-08-24
505474,108126,2025-08-14,2025-11-24
505475,108114,2025-08-14,2026-03-20
505476,108127,2025-08-14,2025-10-20
505477,108111,2025-08-14,2025-08-15
505478,108112,2025-08-14,2025-08-23
505479,108092,2025-08-14,2025-10-12
505480,108093,2025-08-14,2026-04-17
505481,108094,2025-08-14,2025-12-25
505482,108095,2025-08-14,2025-08-29
505483,108096,2025-08-14,2025-08-29
505484,108097,2025-08-14,2026-01-26
505485,100719,2025-08-14,2025-09-04
505486,108100,2025-08-14,2025-08-15
505487,108102,2025-08-14,2026-01-05
505488,108104,2025-08-14,2025-08-19
505489,108106,2025-08-14,2025-09-08
505490,108107,2025-08-14,2026-04-26
505491,108109,2025-08-14,2025-08-18
505492,108110,2025-08-14,
505493,108098,2025-08-14,2025-10-19
505494,108160,2025-08-15,
505495,108162,2025-08-15,2025-10-14
505496,108163,2025-08-15,2025-08-21
505497,108165,2025-08-15,2025-09-03
505498,108166,2025-08-15,2025-08-22
505499,108174,2025-08-15,2025-08-24
505500,108170,2025-08-15,2025-08-16
505501,108172,2025-08-15,2025-08-18
505502,108175,2025-08-15,2025-08-17
505503,108177,2025-08-15,2025-12-29
505504,108178,2025-08-15,2025-09-18
505505,108159,2025-08-15,2025-09-24
505506,108168,2025-08-15,2025-09-24
505507,108157,2025-08-15,2025-09-01
505508,108153,2025-08-15,2025-11-11
505509,108154,2025-08-15,2025-08-20
505510,108156,2025-08-15,2025-08-24
505511,108139,2025-08-15,2025-08-31
505512,108140,2025-08-15,2025-09-09
505513,108142,2025-08-15,2026-05-22
505514,108143,2025-08-15,2026-02-06
505515,108141,2025-08-15,2025-08-17
505516,108146,2025-08-15,2026-05-13
505517,108148,2025-08-15,2026-01-05
505518,108149,2025-08-15,2025-10-13
505519,108151,2025-08-15,2025-08-17
505520,108145,2025-08-15,2025-08-22
505521,108208,2025-08-16,2025-12-26
505522,108202,2025-08-16,2025-10-09
505523,108204,2025-08-16,2026-03-14
505524,108205,2025-08-16,2025-11-06
505525,108207,2025-08-16,
505526,108210,2025-08-16,2025-08-22
505527,108219,2025-08-16,2025-10-25
505528,108212,2025-08-16,2025-09-24
505529,108213,2025-08-16,2026-03-26
505530,108215,2025-08-16,2026-05-15
505531,108217,2025-08-16,2025-08-20
505532,108201,2025-08-16,2025-09-16
505533,108211,2025-08-16,2025-10-03
505534,108200,2025-08-16,2025-09-16
505535,108192,2025-08-16,2025-08-26
505536,108196,2025-08-16,2025-09-03
505537,100156,2025-08-16,2025-09-17
505538,108182,2025-08-16,2025-09-28
505539,108183,2025-08-16,
505540,108184,2025-08-16,2025-10-28
505541,108186,2025-08-16,2025-08-23
505542,108180,2025-08-16,2025-09-01
505543,108189,2025-08-16,
505544,108190,2025-08-16,2025-11-30
505545,108198,2025-08-16,2025-09-09
505546,108194,2025-08-16,2025-08-23
505547,108188,2025-08-16,2026-01-22
505548,108265,2025-08-17,2025-09-24
505549,108254,2025-08-17,2025-09-17
505550,108256,2025-08-17,2026-03-01
505551,108258,2025-08-17,2025-08-24
505552,108259,2025-08-17,2025-09-12
505553,108260,2025-08-17,2025-08-20
505554,108261,2025-08-17,2025-12-26
505555,108262,2025-08-17,2025-08-23
505556,108263,2025-08-17,2025-08-24
505557,108267,2025-08-17,
505558,108277,2025-08-17,2025-08-23
505559,108270,2025-08-17,2025-10-14
505560,108272,2025-08-17,2025-09-26
505561,108274,2025-08-17,2025-10-06
505562,108275,2025-08-17,2026-01-03
505563,108253,2025-08-17,2026-03-14
505564,108278,2025-08-17,2025-11-22
505565,108279,2025-08-17,2025-09-02
505566,108280,2025-08-17,
505567,108281,2025-08-17,2025-08-23
505568,108269,2025-08-17,2025-09-09
505569,108252,2025-08-17,2025-12-27
505570,108249,2025-08-17,2025-12-01
505571,108227,2025-08-17,2026-01-16
505572,106373,2025-08-17,2025-10-07
505573,108220,2025-08-17,2025-11-30
505574,108222,2025-08-17,2025-09-28
505575,108224,2025-08-17,2025-11-20
505576,108225,2025-08-17,2025-08-27
505577,108226,2025-08-17,
505578,108250,2025-08-17,2026-01-21
505579,108229,2025-08-17,2025-08-31
505580,108231,2025-08-17,2025-08-29
505581,108233,2025-08-17,2025-09-05
505582,108232,2025-08-17,2025-10-23
505583,108236,2025-08-17,2025-09-09
505584,108237,2025-08-17,2025-08-20
505585,108239,2025-08-17,2025-11-27
505586,108240,2025-08-17,2025-10-29
505587,108241,2025-08-17,2025-10-07
505588,108243,2025-08-17,2025-08-21
505589,108244,2025-08-17,2025-08-31
505590,108245,2025-08-17,2025-08-19
505591,108247,2025-08-17,2025-10-18
505592,108234,2025-08-17,2025-08-21
505593,108305,2025-08-18,2025-10-05
505594,108303,2025-08-18,2025-08-28
505595,108304,2025-08-18,2025-08-19
505596,108307,2025-08-18,2025-08-27
505597,108301,2025-08-18,2025-09-17
505598,108311,2025-08-18,2025-10-09
505599,108316,2025-08-18,2025-09-10
505600,108314,2025-08-18,2025-09-12
505601,108309,2025-08-18,2025-08-31
505602,108300,2025-08-18,2025-09-23
505603,108313,2025-08-18,2025-08-23
505604,108296,2025-08-18,2025-08-21
505605,108283,2025-08-18,2025-08-25
505606,108284,2025-08-18,
505607,108285,2025-08-18,2025-09-26
505608,108287,2025-08-18,2025-08-26
505609,108298,2025-08-18,2025-10-22
505610,108289,2025-08-18,2025-08-21
505611,108291,2025-08-18,2025-12-15
505612,108292,2025-08-18,2025-09-27
505613,108294,2025-08-18,2026-02-18
505614,108288,2025-08-18,2025-08-24
505615,108333,2025-08-19,2025-10-07
505616,108344,2025-08-19,2025-12-22
505617,108343,2025-08-19,2025-10-02
505618,108342,2025-08-19,
505619,108341,2025-08-19,
505620,108340,2025-08-19,2025-12-06
505621,108339,2025-08-19,2025-09-16
505622,108338,2025-08-19,2025-11-05
505623,108336,2025-08-19,2025-09-10
505624,108334,2025-08-19,2026-02-08
505625,108331,2025-08-19,2025-08-27
505626,108335,2025-08-19,2025-12-31
505627,108328,2025-08-19,2025-09-05
505628,108330,2025-08-19,2025-10-22
505629,108319,2025-08-19,2025-10-30
505630,108320,2025-08-19,2025-09-09
505631,108322,2025-08-19,2025-08-22
505632,108317,2025-08-19,2025-09-28
505633,108324,2025-08-19,2026-04-17
505634,108325,2025-08-19,2025-09-02
505635,108327,2025-08-19,2026-07-11
505636,108323,2025-08-19,2025-08-21
505637,108376,2025-08-20,2025-08-24
505638,108388,2025-08-20,2026-01-23
505639,108378,2025-08-20,2025-08-29
505640,108379,2025-08-20,2025-09-10
505641,108381,2025-08-20,2025-08-21
505642,108383,2025-08-20,2025-12-26
505643,108385,2025-08-20,2026-07-03
505644,108386,2025-08-20,2026-05-09
505645,108404,2025-08-20,2026-03-26
505646,108396,2025-08-20,2026-05-29
505647,108391,2025-08-20,2025-10-01
505648,108392,2025-08-20,2025-09-13
505649,108394,2025-08-20,2025-09-25
505650,108397,2025-08-20,2025-08-25
505651,108399,2025-08-20,2025-09-12
505652,108402,2025-08-20,2025-09-06
505653,108400,2025-08-20,2025-09-24
505654,108374,2025-08-20,2025-08-31
505655,108389,2025-08-20,2025-09-04
505656,108372,2025-08-20,2025-09-09
505657,108356,2025-08-20,2025-12-17
505658,108368,2025-08-20,2025-10-03
505659,102326,2025-08-20,2025-09-24
505660,106534,2025-08-20,2025-09-24
505661,108370,2025-08-20,2025-08-22
505662,108346,2025-08-20,
505663,108348,2025-08-20,2025-12-14
505664,108350,2025-08-20,2026-03-05
505665,108353,2025-08-20,2025-11-14
505666,108354,2025-08-20,2025-10-08
505667,108352,2025-08-20,2025-12-06
505668,108359,2025-08-20,2025-08-22
505669,108361,2025-08-20,2025-09-25
505670,108362,2025-08-20,2026-04-11
505671,108363,2025-08-20,2025-09-24
505672,108364,2025-08-20,2026-01-23
505673,108365,2025-08-20,2025-12-06
505674,108367,2025-08-20,2025-10-17
505675,108358,2025-08-20,2025-09-16
505676,108429,2025-08-21,2025-10-04
505677,108423,2025-08-21,
505678,108425,2025-08-21,2025-12-03
505679,108427,2025-08-21,2025-10-07
505680,108431,2025-08-21,2026-01-13
505681,108438,2025-08-21,2025-08-22
505682,108434,2025-08-21,2026-02-28
505683,108440,2025-08-21,2025-08-23
505684,108436,2025-08-21,2026-04-10
505685,108437,2025-08-21,2025-09-02
505686,108422,2025-08-21,2025-09-06
505687,108433,2025-08-21,2026-05-09
505688,108421,2025-08-21,2026-04-19
505689,108405,2025-08-21,2025-09-06
505690,108418,2025-08-21,2025-09-10
505691,108419,2025-08-21,2025-09-21
505692,108408,2025-08-21,2026-07-02
505693,108410,2025-08-21,2025-09-04
505694,108412,2025-08-21,2025-10-30
505695,108406,2025-08-21,2025-08-27
505696,108415,2025-08-21,2025-12-17
505697,108416,2025-08-21,2025-10-06
505698,108417,2025-08-21,
505699,108413,2025-08-21,2025-08-24
505700,108472,2025-08-22,2026-02-28
505701,108466,2025-08-22,2026-06-30
505702,108468,2025-08-22,2025-09-17
505703,108469,2025-08-22,2025-09-08
505704,108470,2025-08-22,2025-10-08
505705,108471,2025-08-22,2026-04-25
505706,108474,2025-08-22,2025-08-25
505707,108480,2025-08-22,2025-09-07
505708,108476,2025-08-22,2026-04-13
505709,108477,2025-08-22,2025-09-05
505710,108479,2025-08-22,2025-09-10
505711,108464,2025-08-22,2025-09-09
505712,108482,2025-08-22,2025-09-13
505713,108484,2025-08-22,2025-08-29
505714,108485,2025-08-22,2025-12-20
505715,108475,2025-08-22,2025-12-13
505716,108463,2025-08-22,2025-10-15
505717,108467,2025-08-22,2025-10-06
505718,108459,2025-08-22,2025-10-18
505719,108461,2025-08-22,2025-08-27
505720,108442,2025-08-22,2025-12-09
505721,108444,2025-08-22,2025-09-18
505722,108448,2025-08-22,2025-08-30
505723,108450,2025-08-22,2026-01-13
505724,108452,2025-08-22,2025-12-15
505725,108446,2025-08-22,2025-09-30
505726,108455,2025-08-22,2025-11-12
505727,108456,2025-08-22,2025-12-21
505728,108457,2025-08-22,2025-09-01
505729,108458,2025-08-22,2025-09-09
505730,108453,2025-08-22,2025-10-16
505731,108520,2025-08-23,2025-09-23
505732,108506,2025-08-23,2025-08-31
505733,108508,2025-08-23,2026-02-08
505734,108510,2025-08-23,2025-11-07
505735,108512,2025-08-23,2025-08-26
505736,108514,2025-08-23,2025-10-19
505737,108516,2025-08-23,2025-11-06
505738,108518,2025-08-23,2026-03-05
505739,108523,2025-08-23,2025-08-26
505740,108534,2025-08-23,2025-11-27
505741,108525,2025-08-23,2025-09-30
505742,108527,2025-08-23,2025-11-20
505743,108528,2025-08-23,2025-10-16
505744,108529,2025-08-23,2025-08-24
505745,108532,2025-08-23,2025-09-22
505746,108531,2025-08-23,2025-09-08
505747,108530,2025-08-23,2026-04-21
505748,108505,2025-08-23,2025-10-22
505749,108524,2025-08-23,2025-09-08
505750,108504,2025-08-23,2025-10-15
505751,108521,2025-08-23,
505752,108500,2025-08-23,2026-01-16
505753,103332,2025-08-23,2026-04-10
505754,102456,2025-08-23,2025-08-31
505755,104712,2025-08-23,2025-09-16
505756,108486,2025-08-23,2025-08-28
505757,108487,2025-08-23,2026-03-24
505758,108489,2025-08-23,2025-09-10
505759,103774,2025-08-23,2025-08-24
505760,108502,2025-08-23,2025-12-14
505761,108491,2025-08-23,2025-09-29
505762,108490,2025-08-23,2025-10-06
505763,108499,2025-08-23,
505764,108496,2025-08-23,2025-10-02
505765,108498,2025-08-23,2025-09-15
505766,108494,2025-08-23,2025-11-25
505767,108493,2025-08-23,2026-01-11
505768,108495,2025-08-23,2025-09-21
505769,108567,2025-08-24,
505770,108569,2025-08-24,2025-10-11
505771,108570,2025-08-24,2025-09-21
505772,108572,2025-08-24,
505773,108583,2025-08-24,2025-10-16
505774,108574,2025-08-24,
505775,108576,2025-08-24,2025-09-30
505776,108577,2025-08-24,2025-11-04
505777,108579,2025-08-24,2025-08-30
505778,108581,2025-08-24,2025-09-19
505779,108585,2025-08-24,2025-12-29
505780,108589,2025-08-24,2025-09-11
505781,108587,2025-08-24,2025-09-02
505782,108588,2025-08-24,2025-11-05
505783,108590,2025-08-24,2025-08-26
505784,108592,2025-08-24,2025-08-29
505785,108594,2025-08-24,2025-09-08
505786,108565,2025-08-24,2025-12-08
505787,108597,2025-08-24,2025-09-03
505788,108598,2025-08-24,2025-09-21
505789,108599,2025-08-24,2025-10-06
505790,108601,2025-08-24,
505791,108586,2025-08-24,2025-09-03
505792,108596,2025-08-24,2025-11-06
505793,108564,2025-08-24,2025-09-08
505794,108561,2025-08-24,2025-09-30
505795,100366,2025-08-24,2026-02-25
505796,100584,2025-08-24,2025-12-01
505797,108562,2025-08-24,2025-11-07
505798,108535,2025-08-24,2025-10-05
505799,108537,2025-08-24,2025-12-27
505800,108538,2025-08-24,2025-08-26
505801,108540,2025-08-24,2025-09-26
505802,108542,2025-08-24,2025-11-22
505803,108543,2025-08-24,2025-11-20
505804,108539,2025-08-24,2025-10-31
505805,108547,2025-08-24,2025-08-25
505806,108560,2025-08-24,2025-10-04
505807,108559,2025-08-24,2025-10-03
505808,108545,2025-08-24,2025-09-15
505809,108556,2025-08-24,2025-09-17
505810,108557,2025-08-24,2025-08-26
505811,108552,2025-08-24,2025-09-10
505812,108550,2025-08-24,2025-09-25
505813,108548,2025-08-24,2025-09-04
505814,108554,2025-08-24,
505815,108623,2025-08-25,2025-08-30
505816,108633,2025-08-25,2025-10-17
505817,108622,2025-08-25,2025-10-06
505818,108626,2025-08-25,
505819,108628,2025-08-25,2025-09-10
505820,108629,2025-08-25,2025-10-09
505821,108631,2025-08-25,2026-03-11
505822,108634,2025-08-25,
505823,108650,2025-08-25,2025-09-12
505824,108636,2025-08-25,2025-09-02
505825,108637,2025-08-25,
505826,108639,2025-08-25,2025-10-18
505827,108641,2025-08-25,2025-09-21
505828,108643,2025-08-25,
505829,108645,2025-08-25,2025-09-07
505830,108648,2025-08-25,2025-08-26
505831,108646,2025-08-25,2026-02-17
505832,108635,2025-08-25,2025-08-28
505833,108621,2025-08-25,2025-11-06
505834,108625,2025-08-25,2025-08-26
505835,108618,2025-08-25,2025-09-04
505836,101947,2025-08-25,2025-09-15
505837,108619,2025-08-25,2025-10-29
505838,108602,2025-08-25,2025-10-27
505839,108603,2025-08-25,2025-10-28
505840,108607,2025-08-25,2025-09-21
505841,108608,2025-08-25,2025-08-30
505842,108609,2025-08-25,2025-09-10
505843,108605,2025-08-25,2025-08-26
505844,108611,2025-08-25,2025-09-22
505845,108612,2025-08-25,2025-10-06
505846,108614,2025-08-25,2025-09-03
505847,108615,2025-08-25,2025-08-28
505848,108616,2025-08-25,2026-05-09
505849,108617,2025-08-25,2025-12-17
505850,108610,2025-08-25,2025-08-26
505851,108683,2025-08-26,2025-09-01
505852,108676,2025-08-26,2025-09-04
505853,108677,2025-08-26,2025-10-23
505854,108678,2025-08-26,2025-10-22
505855,108679,2025-08-26,2025-09-25
505856,108680,2025-08-26,2025-08-28
505857,108682,2025-08-26,2026-03-11
505858,108685,2025-08-26,2025-09-20
505859,108693,2025-08-26,2025-09-01
505860,108687,2025-08-26,2025-09-17
505861,108688,2025-08-26,2026-04-21
505862,108690,2025-08-26,2025-09-01
505863,108691,2025-08-26,2025-09-07
505864,108692,2025-08-26,2025-09-30
505865,108675,2025-08-26,2026-06-27
505866,108695,2025-08-26,2025-09-08
505867,108686,2025-08-26,2025-09-17
505868,108674,2025-08-26,2025-08-28
505869,108669,2025-08-26,2025-08-29
505870,108671,2025-08-26,2025-11-02
505871,101715,2025-08-26,2025-10-12
505872,108673,2025-08-26,2025-10-16
505873,108652,2025-08-26,
505874,108653,2025-08-26,2025-10-03
505875,108655,2025-08-26,2025-09-16
505876,108657,2025-08-26,2026-04-25
505877,108656,2025-08-26,2025-09-20
505878,108661,2025-08-26,2025-09-19
505879,108663,2025-08-26,2026-02-16
505880,108664,2025-08-26,2026-04-27
505881,108666,2025-08-26,
505882,108667,2025-08-26,2025-09-05
505883,108659,2025-08-26,2025-09-07
505884,108722,2025-08-27,2025-08-28
505885,108718,2025-08-27,2025-11-03
505886,108719,2025-08-27,
505887,108717,2025-08-27,2025-08-31
505888,108721,2025-08-27,
505889,108723,2025-08-27,
505890,108733,2025-08-27,2026-02-17
505891,108726,2025-08-27,2025-09-13
505892,108736,2025-08-27,2025-10-22
505893,108729,2025-08-27,2025-09-04
505894,108735,2025-08-27,2025-09-17
505895,108731,2025-08-27,2025-09-09
505896,108715,2025-08-27,2025-09-07
505897,108724,2025-08-27,2026-04-18
505898,108713,2025-08-27,2025-09-02
505899,108728,2025-08-27,2025-09-02
505900,108711,2025-08-27,2025-12-01
505901,103671,2025-08-27,2025-12-12
505902,104516,2025-08-27,2026-02-02
505903,108712,2025-08-27,2025-12-09
505904,108696,2025-08-27,2025-09-01
505905,108697,2025-08-27,2025-08-31
505906,108700,2025-08-27,2025-09-11
505907,108699,2025-08-27,2025-12-18
505908,108703,2025-08-27,2025-10-23
505909,108704,2025-08-27,2025-09-06
505910,108706,2025-08-27,2025-09-28
505911,108708,2025-08-27,2025-09-02
505912,108709,2025-08-27,2025-08-30
505913,108710,2025-08-27,2025-09-20
505914,108701,2025-08-27,2026-01-28
505915,108764,2025-08-28,2026-06-24
505916,108759,2025-08-28,2025-09-15
505917,108761,2025-08-28,2026-03-20
505918,108763,2025-08-28,2025-10-10
505919,108766,2025-08-28,2025-09-12
505920,108771,2025-08-28,2025-11-03
505921,108768,2025-08-28,2025-08-29
505922,108769,2025-08-28,2025-10-05
505923,108770,2025-08-28,2025-09-21
505924,108757,2025-08-28,2025-09-19
505925,108767,2025-08-28,2025-10-25
505926,108755,2025-08-28,2025-12-06
505927,108753,2025-08-28,2025-12-16
505928,108752,2025-08-28,2025-09-17
505929,108737,2025-08-28,2025-09-02
505930,108738,2025-08-28,2026-03-30
505931,108741,2025-08-28,2026-02-21
505932,108742,2025-08-28,2026-01-09
505933,108739,2025-08-28,2026-01-09
505934,108745,2025-08-28,2025-10-28
505935,108747,2025-08-28,2026-02-02
505936,108749,2025-08-28,2025-10-27
505937,108751,2025-08-28,2026-01-08
505938,108743,2025-08-28,
505939,108808,2025-08-29,2025-09-18
505940,108800,2025-08-29,2025-09-20
505941,108802,2025-08-29,2025-09-19
505942,108804,2025-08-29,2025-08-30
505943,108806,2025-08-29,2025-10-07
505944,108807,2025-08-29,2025-09-23
505945,108810,2025-08-29,2025-08-30
505946,108818,2025-08-29,2025-09-03
505947,108813,2025-08-29,2026-02-04
505948,108815,2025-08-29,2025-09-12
505949,108816,2025-08-29,2025-11-02
505950,108823,2025-08-29,
505951,108799,2025-08-29,2026-06-21
505952,108820,2025-08-29,
505953,108821,2025-08-29,2025-09-16
505954,108812,2025-08-29,2025-09-09
505955,108798,2025-08-29,2025-08-30
505956,108772,2025-08-29,2025-09-17
505957,108795,2025-08-29,2025-10-23
505958,101230,2025-08-29,2025-12-16
505959,108796,2025-08-29,2025-09-17
505960,108774,2025-08-29,2025-09-19
505961,108776,2025-08-29,2025-10-12
505962,108779,2025-08-29,2025-11-24
505963,108780,2025-08-29,2025-10-07
505964,108777,2025-08-29,
505965,108784,2025-08-29,2025-12-28
505966,108785,2025-08-29,2025-09-21
505967,108787,2025-08-29,2025-08-30
505968,108789,2025-08-29,2025-10-10
505969,108791,2025-08-29,
505970,108793,2025-08-29,2025-10-11
505971,108782,2025-08-29,2026-02-17
505972,108852,2025-08-30,2025-11-15
505973,108845,2025-08-30,2025-09-04
505974,108847,2025-08-30,2025-11-08
505975,108849,2025-08-30,2025-09-10
505976,108850,2025-08-30,2026-04-25
505977,108854,2025-08-30,2025-09-01
505978,108861,2025-08-30,2025-09-28
505979,108856,2025-08-30,2025-09-13
505980,108857,2025-08-30,
505981,108858,2025-08-30,2025-09-02
505982,108843,2025-08-30,2025-09-07
505983,108859,2025-08-30,2025-09-07
505984,108855,2025-08-30,2025-09-17
505985,108842,2025-08-30,2026-03-30
505986,108825,2025-08-30,2025-09-15
505987,108840,2025-08-30,2025-09-03
505988,108824,2025-08-30,
505989,108826,2025-08-30,
505990,108827,2025-08-30,2026-07-05
505991,108829,2025-08-30,2026-02-27
505992,108831,2025-08-30,2025-10-26
505993,108841,2025-08-30,2025-12-06
505994,108834,2025-08-30,2025-09-03
505995,108835,2025-08-30,2025-10-06
505996,108837,2025-08-30,
505997,108839,2025-08-30,2025-09-07
505998,108833,2025-08-30,2025-10-13
505999,108907,2025-08-31,
506000,108895,2025-08-31,2026-03-19
506001,108896,2025-08-31,2025-11-13
506002,108898,2025-08-31,2025-09-09
506003,108899,2025-08-31,2025-09-16
506004,108901,2025-08-31,2025-09-16
506005,108903,2025-08-31,2025-12-27
506006,108905,2025-08-31,2025-09-02
506007,108908,2025-08-31,2025-11-01
506008,108916,2025-08-31,2025-12-27
506009,108910,2025-08-31,2025-09-23
506010,108911,2025-08-31,2026-02-14
506011,108913,2025-08-31,2025-09-04
506012,108914,2025-08-31,2025-10-08
506013,108891,2025-08-31,
506014,108918,2025-08-31,2025-09-15
506015,108920,2025-08-31,2025-09-14
506016,108922,2025-08-31,2025-09-27
506017,108924,2025-08-31,2025-10-11
506018,108909,2025-08-31,2025-09-01
506019,108890,2025-08-31,2025-09-17
506020,108893,2025-08-31,2025-11-15
506021,108887,2025-08-31,2025-09-05
506022,104198,2025-08-31,
506023,103293,2025-08-31,2025-09-13
506024,108889,2025-08-31,2026-04-19
506025,108862,2025-08-31,2025-09-08
506026,108863,2025-08-31,2025-10-03
506027,108865,2025-08-31,2025-11-24
506028,108866,2025-08-31,2025-10-15
506029,108870,2025-08-31,2025-09-07
506030,108872,2025-08-31,2026-02-24
506031,108868,2025-08-31,2025-09-05
506032,108874,2025-08-31,2025-09-01
506033,108876,2025-08-31,2025-09-04
506034,108877,2025-08-31,2026-02-04
506035,108879,2025-08-31,2026-01-28
506036,108881,2025-08-31,2025-11-10
506037,108882,2025-08-31,2025-10-10
506038,108883,2025-08-31,2025-10-28
506039,108885,2025-08-31,2026-03-08
506040,108873,2025-08-31,2025-10-20
506041,108961,2025-09-01,2026-01-14
506042,108952,2025-09-01,2025-10-26
506043,108954,2025-09-01,2025-09-08
506044,108955,2025-09-01,2025-09-19
506045,108957,2025-09-01,2026-01-19
506046,108959,2025-09-01,2025-09-26
506047,108962,2025-09-01,2025-12-29
506048,108975,2025-09-01,
506049,108965,2025-09-01,2025-09-02
506050,108966,2025-09-01,2025-10-03
506051,108967,2025-09-01,2025-12-20
506052,108969,2025-09-01,2025-09-03
506053,108971,2025-09-01,
506054,108973,2025-09-01,2026-02-26
506055,108951,2025-09-01,2025-09-02
506056,108964,2025-09-01,
506057,108950,2025-09-01,2025-09-12
506058,108953,2025-09-01,2025-10-06
506059,108948,2025-09-01,2025-09-07
506060,104419,2025-09-01,2025-09-02
506061,108926,2025-09-01,2025-09-28
506062,108927,2025-09-01,
506063,108929,2025-09-01,2025-10-24
506064,108931,2025-09-01,2025-09-16
506065,108934,2025-09-01,2026-03-14
506066,108936,2025-09-01,
506067,108933,2025-09-01,2025-11-04
506068,108939,2025-09-01,2026-06-30
506069,108941,2025-09-01,2026-04-12
506070,108943,2025-09-01,2025-09-16
506071,108944,2025-09-01,2026-06-21
506072,108946,2025-09-01,2025-09-02
506073,108937,2025-09-01,2026-01-30
506074,108949,2025-09-01,2025-11-09
506075,109009,2025-09-02,2025-09-22
506076,109000,2025-09-02,2026-05-16
506077,109002,2025-09-02,2025-09-24
506078,109004,2025-09-02,2025-10-08
506079,109005,2025-09-02,2025-10-22
506080,109007,2025-09-02,2025-09-03
506081,109019,2025-09-02,2025-09-20
506082,109014,2025-09-02,
506083,109016,2025-09-02,2025-09-25
506084,109017,2025-09-02,2025-09-29
506085,109018,2025-09-02,2025-09-12
506086,108999,2025-09-02,2025-09-08
506087,109021,2025-09-02,
506088,109012,2025-09-02,2025-10-31
506089,108998,2025-09-02,2025-09-11
506090,109011,2025-09-02,2025-11-13
506091,108995,2025-09-02,2025-12-29
506092,108977,2025-09-02,2026-01-25
506093,108996,2025-09-02,2025-10-03
506094,108980,2025-09-02,2025-10-20
506095,108981,2025-09-02,2026-06-30
506096,108983,2025-09-02,2026-01-25
506097,108979,2025-09-02,2025-09-18
506098,108986,2025-09-02,2025-10-31
506099,108988,2025-09-02,2026-01-10
506100,108989,2025-09-02,2025-10-25
506101,108991,2025-09-02,2025-09-13
506102,108993,2025-09-02,2025-09-03
506103,108984,2025-09-02,2026-02-21
506104,109046,2025-09-03,2025-09-04
506105,109044,2025-09-03,2025-09-13
506106,109043,2025-09-03,2025-10-07
506107,109041,2025-09-03,2025-10-09
506108,109039,2025-09-03,2025-11-09
506109,109037,2025-09-03,2025-09-04
506110,109036,2025-09-03,2026-06-06
506111,109033,2025-09-03,2025-09-11
506112,109035,2025-09-03,2025-10-17
506113,109031,2025-09-03,2025-09-07
506114,109030,2025-09-03,2025-11-20
506115,109028,2025-09-03,2025-09-06
506116,109027,2025-09-03,2025-09-23
506117,109025,2025-09-03,2025-10-22
506118,109023,2025-09-03,
506119,104760,2025-09-03,2025-09-19
506120,109032,2025-09-03,2025-09-10
506121,109071,2025-09-04,2025-10-28
506122,109072,2025-09-04,
506123,109074,2025-09-04,2025-09-23
506124,109076,2025-09-04,2025-09-05
506125,109077,2025-09-04,2025-12-30
506126,109079,2025-09-04,2025-09-16
506127,109081,2025-09-04,2025-09-09
506128,109088,2025-09-04,2025-09-09
506129,109085,2025-09-04,2025-09-30
506130,109086,2025-09-04,2026-01-04
506131,109090,2025-09-04,2025-10-05
506132,109091,2025-09-04,2025-09-26
506133,109093,2025-09-04,2025-09-12
506134,109095,2025-09-04,2026-01-26
506135,109070,2025-09-04,2026-02-10
506136,109083,2025-09-04,2025-12-28
506137,109069,2025-09-04,2026-01-06
506138,109048,2025-09-04,2025-11-04
506139,109066,2025-09-04,2025-10-07
506140,105502,2025-09-04,2025-09-05
506141,109067,2025-09-04,2026-05-17
506142,109050,2025-09-04,2025-09-18
506143,109054,2025-09-04,2025-09-20
506144,109056,2025-09-04,2025-09-12
506145,109057,2025-09-04,2025-09-18
506146,109052,2025-09-04,2025-09-19
506147,109060,2025-09-04,2025-09-19
506148,109061,2025-09-04,2025-09-17
506149,109062,2025-09-04,2025-12-18
506150,109064,2025-09-04,
506151,109065,2025-09-04,2025-12-19
506152,109059,2025-09-04,2025-09-30
506153,109126,2025-09-05,2026-03-18
506154,109117,2025-09-05,2025-10-01
506155,109119,2025-09-05,2026-06-17
506156,109121,2025-09-05,2025-10-02
506157,109122,2025-09-05,2025-09-18
506158,109123,2025-09-05,
506159,109124,2025-09-05,2025-12-24
506160,109128,2025-09-05,
506161,109136,2025-09-05,2025-09-09
506162,109132,2025-09-05,2025-10-23
506163,109133,2025-09-05,
506164,109134,2025-09-05,2025-09-24
506165,109135,2025-09-05,2025-09-07
506166,109116,2025-09-05,2025-09-08
506167,109138,2025-09-05,2025-09-27
506168,109139,2025-09-05,2025-09-23
506169,109130,2025-09-05,2025-10-30
506170,109115,2025-09-05,
506171,109111,2025-09-05,2025-09-06
506172,109112,2025-09-05,2025-10-02
506173,105403,2025-09-05,2025-09-17
506174,109114,2025-09-05,2025-10-07
506175,109097,2025-09-05,2025-09-06
506176,109099,2025-09-05,2026-03-25
506177,109101,2025-09-05,2025-12-30
506178,109102,2025-09-05,2025-09-14
506179,109103,2025-09-05,2025-09-22
506180,100817,2025-09-05,2025-11-23
506181,109105,2025-09-05,2025-09-08
506182,109107,2025-09-05,2025-12-09
506183,109108,2025-09-05,2025-09-11
506184,109109,2025-09-05,2025-09-10
506185,109110,2025-09-05,2025-10-02
506186,109104,2025-09-05,2026-03-08
506187,109170,2025-09-06,2025-09-23
506188,109159,2025-09-06,2025-10-04
506189,109160,2025-09-06,2025-10-29
506190,109161,2025-09-06,2025-09-10
506191,109162,2025-09-06,2026-02-17
506192,109166,2025-09-06,2025-11-24
506193,109164,2025-09-06,2025-09-18
506194,109156,2025-09-06,2026-05-05
506195,109168,2025-09-06,
506196,109167,2025-09-06,2025-09-10
506197,109163,2025-09-06,2025-09-14
506198,109154,2025-09-06,2025-09-07
506199,109158,2025-09-06,2026-03-13
506200,109151,2025-09-06,2025-09-27
506201,102722,2025-09-06,2025-12-13
506202,109140,2025-09-06,2025-10-14
506203,109142,2025-09-06,2025-09-29
506204,109143,2025-09-06,2025-12-28
506205,109153,2025-09-06,2025-11-27
506206,109147,2025-09-06,
506207,109148,2025-09-06,
506208,109150,2025-09-06,
506209,109145,2025-09-06,2025-09-08
506210,109215,2025-09-07,
506211,109206,2025-09-07,2025-10-02
506212,109208,2025-09-07,2026-03-08
506213,109209,2025-09-07,2025-09-25
506214,109211,2025-09-07,2025-09-29
506215,109213,2025-09-07,2025-09-18
506216,109214,2025-09-07,2025-10-11
506217,109216,2025-09-07,2026-06-29
506218,109222,2025-09-07,2025-12-04
506219,109219,2025-09-07,2025-09-11
506220,109220,2025-09-07,2025-11-02
506221,109203,2025-09-07,2025-11-12
506222,109224,2025-09-07,2025-09-15
506223,109225,2025-09-07,2025-11-20
506224,109226,2025-09-07,2025-09-15
506225,109228,2025-09-07,2025-10-22
506226,109230,2025-09-07,2025-11-05
506227,109218,2025-09-07,2025-12-04
506228,109201,2025-09-07,2026-01-11
506229,109204,2025-09-07,2025-09-08
506230,109199,2025-09-07,2025-12-22
506231,103027,2025-09-07,2025-09-09
506232,109200,2025-09-07,2025-09-29
506233,109172,2025-09-07,2026-03-09
506234,109174,2025-09-07,2025-09-23
506235,109175,2025-09-07,2025-09-08
506236,109177,2025-09-07,2025-09-12
506237,109179,2025-09-07,
506238,109181,2025-09-07,2025-09-09
506239,109178,2025-09-07,2025-10-08
506240,109185,2025-09-07,2025-10-04
506241,109187,2025-09-07,2025-09-24
506242,109188,2025-09-07,2025-09-11
506243,109190,2025-09-07,2025-09-12
506244,109192,2025-09-07,2025-09-20
506245,109193,2025-09-07,2025-10-10
506246,109195,2025-09-07,
506247,109197,2025-09-07,
506248,109183,2025-09-07,2025-10-14
506249,109266,2025-09-08,2025-11-20
506250,109258,2025-09-08,2025-12-24
506251,109260,2025-09-08,2026-01-26
506252,109261,2025-09-08,2025-09-20
506253,109263,2025-09-08,2025-09-13
506254,109264,2025-09-08,2025-09-27
506255,109267,2025-09-08,2025-11-15
506256,109256,2025-09-08,2025-09-09
506257,109270,2025-09-08,2025-09-15
506258,109272,2025-09-08,
506259,109274,2025-09-08,2026-03-11
506260,109276,2025-09-08,2025-11-14
506261,109278,2025-09-08,2026-01-05
506262,109279,2025-09-08,2025-10-26
506263,109268,2025-09-08,2026-03-22
506264,109255,2025-09-08,2025-10-16
506265,109273,2025-09-08,
506266,109251,2025-09-08,2025-09-11
506267,109234,2025-09-08,2025-09-12
506268,109253,2025-09-08,2025-09-10
506269,109235,2025-09-08,2026-02-14
506270,109236,2025-09-08,2026-03-17
506271,109238,2025-09-08,2026-02-28
506272,109239,2025-09-08,2025-12-14
506273,109232,2025-09-08,2026-06-19
506274,109243,2025-09-08,2025-10-22
506275,109245,2025-09-08,2025-09-12
506276,109246,2025-09-08,2025-10-10
506277,109248,2025-09-08,2025-11-10
506278,109249,2025-09-08,2025-11-14
506279,109241,2025-09-08,2025-09-28
506280,109301,2025-09-09,2026-06-01
506281,109303,2025-09-09,2026-02-15
506282,109304,2025-09-09,2025-09-18
506283,109305,2025-09-09,2025-12-04
506284,109306,2025-09-09,2025-09-11
506285,109307,2025-09-09,2026-01-17
506286,109313,2025-09-09,2025-09-16
506287,109311,2025-09-09,2025-09-23
506288,109315,2025-09-09,2025-09-24
506289,109316,2025-09-09,2025-09-10
506290,109318,2025-09-09,2025-09-21
506291,109299,2025-09-09,2026-03-01
506292,109309,2025-09-09,2026-01-14
506293,109298,2025-09-09,2025-11-12
506294,109297,2025-09-09,2026-01-13
506295,109296,2025-09-09,2025-11-12
506296,101701,2025-09-09,2025-09-27
506297,104423,2025-09-09,2026-03-27
506298,109281,2025-09-09,2025-09-22
506299,109282,2025-09-09,2025-09-17
506300,109286,2025-09-09,2025-10-07
506301,109287,2025-09-09,2025-09-19
506302,109284,2025-09-09,2025-09-10
506303,109290,2025-09-09,2025-10-10
506304,109291,2025-09-09,2025-09-26
506305,109293,2025-09-09,2025-10-18
506306,109294,2025-09-09,2025-10-31
506307,109295,2025-09-09,2025-11-12
506308,109288,2025-09-09,2025-10-27
506309,109357,2025-09-10,2025-09-30
506310,109351,2025-09-10,2026-02-05
506311,109352,2025-09-10,2026-04-03
506312,109354,2025-09-10,2026-01-18
506313,109356,2025-09-10,2025-09-14
506314,109359,2025-09-10,2026-07-05
506315,109370,2025-09-10,
506316,109362,2025-09-10,2025-09-26
506317,109364,2025-09-10,2026-07-05
506318,109365,2025-09-10,2026-02-04
506319,109366,2025-09-10,2025-11-30
506320,109368,2025-09-10,2025-09-25
506321,109350,2025-09-10,2026-03-26
506322,109360,2025-09-10,2025-09-16
506323,109348,2025-09-10,2026-01-27
506324,109323,2025-09-10,2025-09-11
506325,109344,2025-09-10,2025-09-13
506326,109346,2025-09-10,2025-09-15
506327,109319,2025-09-10,2026-02-20
506328,109321,2025-09-10,
506329,109327,2025-09-10,2025-10-21
506330,109329,2025-09-10,
506331,109330,2025-09-10,2026-07-24
506332,109325,2025-09-10,
506333,109334,2025-09-10,2025-12-09
506334,109335,2025-09-10,2025-09-30
506335,109337,2025-09-10,2025-11-24
506336,109339,2025-09-10,2025-09-27
506337,109341,2025-09-10,2026-02-25
506338,109343,2025-09-10,2025-09-23
506339,109332,2025-09-10,2025-09-19
506340,109406,2025-09-11,2025-09-14
506341,109397,2025-09-11,2025-09-13
506342,109398,2025-09-11,2025-10-12
506343,109399,2025-09-11,2025-09-28
506344,109401,2025-09-11,2025-10-06
506345,109403,2025-09-11,2025-09-17
506346,109405,2025-09-11,2025-09-27
506347,109408,2025-09-11,2025-12-16
506348,109421,2025-09-11,2025-09-15
506349,109411,2025-09-11,
506350,109413,2025-09-11,2025-10-06
506351,109415,2025-09-11,2025-10-09
506352,109417,2025-09-11,2025-11-17
506353,109419,2025-09-11,2026-01-26
506354,109423,2025-09-11,2025-09-19
506355,109396,2025-09-11,2025-09-16
506356,109409,2025-09-11,2025-09-20
506357,109394,2025-09-11,2026-01-07
506358,109379,2025-09-11,2025-09-28
506359,109391,2025-09-11,2026-02-15
506360,109371,2025-09-11,2026-04-22
506361,109372,2025-09-11,2025-11-17
506362,109373,2025-09-11,2025-09-24
506363,109375,2025-09-11,2025-09-15
506364,109376,2025-09-11,2026-01-13
506365,109377,2025-09-11,2026-05-10
506366,109380,2025-09-11,2025-10-03
506367,109393,2025-09-11,2025-09-17
506368,109382,2025-09-11,2025-09-16
506369,109383,2025-09-11,2025-09-25
506370,109385,2025-09-11,2025-10-15
506371,109387,2025-09-11,2025-09-30
506372,109388,2025-09-11,2025-09-22
506373,109389,2025-09-11,2025-10-27
506374,109381,2025-09-11,
506375,109477,2025-09-12,2025-09-15
506376,109451,2025-09-12,
506377,109453,2025-09-12,2026-02-20
506378,109454,2025-09-12,2025-11-01
506379,109456,2025-09-12,2025-10-21
506380,109458,2025-09-12,2025-10-01
506381,109459,2025-09-12,2025-10-15
506382,109461,2025-09-12,
506383,109467,2025-09-12,2025-09-21
506384,109463,2025-09-12,2026-01-09
506385,109465,2025-09-12,
506386,109469,2025-09-12,2026-01-11
506387,109470,2025-09-12,2025-09-18
506388,109472,2025-09-12,2025-09-18
506389,109474,2025-09-12,2025-12-25
506390,109449,2025-09-12,2025-09-17
506391,109462,2025-09-12,2025-10-14
506392,109475,2025-09-12,2025-10-10
506393,109448,2025-09-12,2025-12-01
506394,109445,2025-09-12,2025-09-20
506395,109446,2025-09-12,2025-12-28
506396,109424,2025-09-12,
506397,109426,2025-09-12,2025-09-14
506398,109429,2025-09-12,2025-11-01
506399,109430,2025-09-12,2026-04-16
506400,109431,2025-09-12,2026-03-20
506401,109432,2025-09-12,2025-09-15
506402,109427,2025-09-12,2025-09-24
506403,109436,2025-09-12,2026-01-19
506404,109437,2025-09-12,2025-12-22
506405,109439,2025-09-12,2026-01-31
506406,109441,2025-09-12,2025-10-19
506407,109442,2025-09-12,2025-10-04
506408,109443,2025-09-12,2025-09-13
506409,109434,2025-09-12,2025-09-20
506410,109513,2025-09-13,2025-09-29
506411,109506,2025-09-13,2025-09-17
506412,109507,2025-09-13,
506413,109508,2025-09-13,2025-12-26
506414,109509,2025-09-13,
506415,109510,2025-09-13,2025-11-26
506416,109511,2025-09-13,2026-03-09
506417,109512,2025-09-13,2025-09-25
506418,109514,2025-09-13,2025-09-23
506419,109526,2025-09-13,2025-11-22
506420,109516,2025-09-13,2025-09-28
506421,109527,2025-09-13,2025-10-30
506422,109517,2025-09-13,2025-10-06
506423,109519,2025-09-13,2025-10-14
506424,109520,2025-09-13,2025-11-12
506425,109504,2025-09-13,2025-10-27
506426,109524,2025-09-13,
506427,109522,2025-09-13,2025-09-28
506428,109515,2025-09-13,2026-04-29
506429,109502,2025-09-13,2025-09-19
506430,109483,2025-09-13,2025-12-19
506431,109499,2025-09-13,2025-11-14
506432,100362,2025-09-13,2025-09-27
506433,102466,2025-09-13,2025-09-24
506434,109479,2025-09-13,2026-03-23
506435,109481,2025-09-13,2025-09-22
506436,109482,2025-09-13,2025-09-22
506437,109485,2025-09-13,2025-09-20
506438,109487,2025-09-13,2025-12-18
506439,109488,2025-09-13,2025-10-27
506440,109500,2025-09-13,2025-12-09
506441,109490,2025-09-13,2025-09-15
506442,109491,2025-09-13,2025-11-10
506443,109492,2025-09-13,2025-09-15
506444,109493,2025-09-13,2025-11-04
506445,109494,2025-09-13,2026-05-18
506446,109496,2025-09-13,2025-09-18
506447,109497,2025-09-13,2025-10-15
506448,109489,2025-09-13,2025-10-27
506449,109553,2025-09-14,2026-06-18
506450,109555,2025-09-14,2025-09-15
506451,109556,2025-09-14,2025-10-08
506452,109558,2025-09-14,2026-07-02
506453,109560,2025-09-14,2025-09-30
506454,109562,2025-09-14,2025-09-24
506455,109563,2025-09-14,2025-11-10
506456,109567,2025-09-14,2026-01-14
506457,109565,2025-09-14,2025-09-24
506458,109566,2025-09-14,2025-09-19
506459,109569,2025-09-14,2026-02-03
506460,109570,2025-09-14,2025-10-25
506461,109571,2025-09-14,2025-12-03
506462,109573,2025-09-14,2026-05-05
506463,109551,2025-09-14,2026-03-15
506464,109564,2025-09-14,2025-12-29
506465,109550,2025-09-14,2025-10-25
506466,109543,2025-09-14,
506467,109547,2025-09-14,2025-09-18
506468,103077,2025-09-14,2025-09-25
506469,109529,2025-09-14,2026-01-03
506470,109549,2025-09-14,2025-10-31
506471,109532,2025-09-14,2025-09-27
506472,109533,2025-09-14,2025-10-30
506473,109534,2025-09-14,2026-02-02
506474,109535,2025-09-14,2025-11-10
506475,109531,2025-09-14,2026-02-20
506476,109537,2025-09-14,
506477,109539,2025-09-14,2026-03-14
506478,109541,2025-09-14,2025-09-15
506479,109545,2025-09-14,2025-10-02
506480,109546,2025-09-14,2026-06-07
506481,109536,2025-09-14,2025-09-23
506482,109591,2025-09-15,2026-04-09
506483,109592,2025-09-15,2025-10-19
506484,109594,2025-09-15,2025-09-19
506485,109597,2025-09-15,2025-09-21
506486,109600,2025-09-15,2025-09-24
506487,109601,2025-09-15,2025-12-04
506488,109603,2025-09-15,2025-09-18
506489,109602,2025-09-15,2025-09-16
506490,109590,2025-09-15,2026-02-23
506491,109598,2025-09-15,2025-10-10
506492,109589,2025-09-15,2025-09-18
506493,109595,2025-09-15,2025-09-24
506494,109586,2025-09-15,2025-11-05
506495,109574,2025-09-15,2025-10-12
506496,109576,2025-09-15,2025-11-08
506497,109577,2025-09-15,2025-09-18
506498,109578,2025-09-15,2026-01-04
506499,109587,2025-09-15,2025-11-25
506500,109582,2025-09-15,2025-11-05
506501,109583,2025-09-15,2025-11-13
506502,109584,2025-09-15,2025-10-26
506503,109585,2025-09-15,2025-11-11
506504,109580,2025-09-15,2025-09-16
506505,109629,2025-09-16,
506506,109630,2025-09-16,2025-09-19
506507,109632,2025-09-16,2025-09-21
506508,109634,2025-09-16,2025-11-16
506509,109635,2025-09-16,2026-01-16
506510,109640,2025-09-16,2026-02-05
506511,109639,2025-09-16,2025-11-23
506512,109641,2025-09-16,2025-10-09
506513,109642,2025-09-16,2025-11-07
506514,109627,2025-09-16,2025-10-01
506515,109645,2025-09-16,2025-10-08
506516,109637,2025-09-16,2025-12-10
506517,109625,2025-09-16,2025-09-22
506518,109644,2025-09-16,2025-09-23
506519,109622,2025-09-16,2025-12-06
506520,109605,2025-09-16,2025-11-16
506521,109607,2025-09-16,2025-10-05
506522,109609,2025-09-16,2025-11-21
506523,109611,2025-09-16,2025-11-01
506524,109613,2025-09-16,2026-01-11
506525,102619,2025-09-16,
506526,109615,2025-09-16,2025-09-20
506527,109614,2025-09-16,2025-09-21
506528,109620,2025-09-16,2025-09-25
506529,109624,2025-09-16,2025-12-31
506530,109617,2025-09-16,2025-10-04
506531,109619,2025-09-16,2025-09-18
506532,109678,2025-09-17,2025-10-06
506533,109664,2025-09-17,2025-12-04
506534,109677,2025-09-17,2026-01-28
506535,109676,2025-09-17,
506536,109673,2025-09-17,2025-09-24
506537,109671,2025-09-17,2026-01-08
506538,109670,2025-09-17,2025-11-24
506539,109669,2025-09-17,2025-09-28
506540,109668,2025-09-17,2025-11-01
506541,109667,2025-09-17,2025-10-11
506542,109665,2025-09-17,2026-03-31
506543,109674,2025-09-17,
506544,109661,2025-09-17,2025-11-03
506545,109660,2025-09-17,2025-11-11
506546,109659,2025-09-17,2025-12-30
506547,109658,2025-09-17,2025-09-24
506548,109657,2025-09-17,2025-09-29
506549,109656,2025-09-17,
506550,109654,2025-09-17,2025-11-10
506551,109653,2025-09-17,2025-09-29
506552,109651,2025-09-17,2025-11-27
506553,109649,2025-09-17,
506554,109648,2025-09-17,2025-12-23
506555,109647,2025-09-17,2025-09-27
506556,109663,2025-09-17,2026-05-18
506557,109698,2025-09-18,2025-11-02
506558,109700,2025-09-18,2025-09-20
506559,109702,2025-09-18,2026-01-08
506560,109703,2025-09-18,2025-10-09
506561,109696,2025-09-18,2026-01-24
506562,109713,2025-09-18,2025-11-29
506563,109707,2025-09-18,2026-01-24
506564,109709,2025-09-18,
506565,109711,2025-09-18,2025-11-13
506566,109704,2025-09-18,2025-11-05
506567,109694,2025-09-18,2025-11-01
506568,109706,2025-09-18,2025-12-08
506569,109691,2025-09-18,2025-10-16
506570,109692,2025-09-18,2025-09-28
506571,100316,2025-09-18,2026-07-03
506572,109681,2025-09-18,2026-04-07
506573,109682,2025-09-18,2025-10-16
506574,109679,2025-09-18,2026-01-15
506575,109686,2025-09-18,2025-09-26
506576,109687,2025-09-18,2026-02-09
506577,109689,2025-09-18,2025-10-18
506578,109690,2025-09-18,
506579,109684,2025-09-18,2025-09-27
506580,109745,2025-09-19,2025-12-29
506581,109734,2025-09-19,2025-10-03
506582,109736,2025-09-19,2026-01-07
506583,109737,2025-09-19,
506584,109739,2025-09-19,2025-10-24
506585,109743,2025-09-19,2026-03-26
506586,109746,2025-09-19,2025-09-23
506587,109752,2025-09-19,2025-10-05
506588,109749,2025-09-19,2025-09-20
506589,109750,2025-09-19,2025-09-20
506590,109751,2025-09-19,2025-10-10
506591,109732,2025-09-19,2025-09-23
506592,109753,2025-09-19,2025-10-09
506593,109754,2025-09-19,2025-11-04
506594,109748,2025-09-19,2026-01-04
506595,109730,2025-09-19,2026-05-02
506596,109741,2025-09-19,2025-10-25
506597,109727,2025-09-19,
506598,109729,2025-09-19,2025-10-12
506599,100827,2025-09-19,2025-10-22
506600,109716,2025-09-19,2026-02-16
506601,109717,2025-09-19,2025-10-07
506602,109718,2025-09-19,2025-09-27
506603,109719,2025-09-19,2025-11-29
506604,109714,2025-09-19,2025-09-20
506605,109722,2025-09-19,2025-12-21
506606,109723,2025-09-19,2025-09-28
506607,109724,2025-09-19,2025-09-22
506608,109725,2025-09-19,2025-11-22
506609,109726,2025-09-19,2025-10-13
506610,109721,2025-09-19,
506611,109801,2025-09-20,2025-09-22
506612,109799,2025-09-20,2025-10-20
506613,109798,2025-09-20,2026-05-09
506614,109796,2025-09-20,2025-10-02
506615,109794,2025-09-20,2025-09-22
506616,109793,2025-09-20,2025-12-15
506617,109792,2025-09-20,2025-10-11
506618,109802,2025-09-20,2025-10-24
506619,109790,2025-09-20,2026-03-14
506620,109795,2025-09-20,2025-10-17
506621,109804,2025-09-20,2025-10-08
506622,109815,2025-09-20,2025-09-23
506623,109807,2025-09-20,2025-10-02
506624,109809,2025-09-20,2025-12-02
506625,109810,2025-09-20,2026-03-17
506626,109812,2025-09-20,2025-10-10
506627,109813,2025-09-20,2025-11-13
506628,109816,2025-09-20,2025-11-04
506629,109818,2025-09-20,2025-10-30
506630,109819,2025-09-20,2025-12-27
506631,109822,2025-09-20,2025-10-15
506632,109820,2025-09-20,
506633,109789,2025-09-20,2025-09-22
506634,109805,2025-09-20,2026-01-18
506635,109788,2025-09-20,2025-10-06
506636,109800,2025-09-20,2025-10-23
506637,109785,2025-09-20,2026-07-28
506638,109786,2025-09-20,
506639,109755,2025-09-20,2025-09-30
506640,109757,2025-09-20,2026-02-03
506641,109760,2025-09-20,2025-09-21
506642,109762,2025-09-20,2025-10-05
506643,109764,2025-09-20,2025-10-13
506644,109766,2025-09-20,2025-10-30
506645,109768,2025-09-20,2025-09-22
506646,109769,2025-09-20,2025-11-19
506647,109759,2025-09-20,2025-10-23
506648,109772,2025-09-20,2025-10-04
506649,109774,2025-09-20,2025-10-19
506650,109775,2025-09-20,2025-09-23
506651,109777,2025-09-20,2025-09-23
506652,109779,2025-09-20,2025-09-29
506653,109780,2025-09-20,2025-12-25
506654,109782,2025-09-20,2025-09-23
506655,109770,2025-09-20,2025-09-30
506656,109783,2025-09-20,2025-10-07
506657,109863,2025-09-21,2026-01-12
506658,109841,2025-09-21,2026-05-27
506659,109843,2025-09-21,
506660,109845,2025-09-21,
506661,109846,2025-09-21,2025-09-22
506662,109848,2025-09-21,2025-10-08
506663,109851,2025-09-21,2025-10-12
506664,109857,2025-09-21,
506665,109854,2025-09-21,2025-09-26
506666,109855,2025-09-21,2025-10-03
506667,109858,2025-09-21,2025-10-22
506668,109860,2025-09-21,2025-11-07
506669,109862,2025-09-21,2025-10-22
506670,109839,2025-09-21,2026-02-10
506671,109852,2025-09-21,2025-09-29
506672,109838,2025-09-21,2025-10-17
506673,109849,2025-09-21,2025-09-23
506674,109836,2025-09-21,2025-09-23
506675,100976,2025-09-21,2026-02-01
506676,104058,2025-09-21,2025-10-10
506677,109823,2025-09-21,2025-09-22
506678,109825,2025-09-21,2026-01-09
506679,109827,2025-09-21,2025-09-23
506680,102634,2025-09-21,2025-09-29
506681,109829,2025-09-21,2025-10-14
506682,109828,2025-09-21,2026-01-04
506683,109835,2025-09-21,2025-11-11
506684,109837,2025-09-21,2025-09-24
506685,109832,2025-09-21,2025-09-23
506686,109830,2025-09-21,
506687,109834,2025-09-21,2025-10-26
506688,109877,2025-09-22,2026-01-12
506689,109891,2025-09-22,2025-09-23
506690,109890,2025-09-22,2025-12-31
506691,109888,2025-09-22,2025-09-27
506692,109886,2025-09-22,2025-09-23
506693,109884,2025-09-22,2025-09-29
506694,109882,2025-09-22,2025-10-17
506695,109880,2025-09-22,2026-01-04
506696,109879,2025-09-22,2025-12-31
506697,109889,2025-09-22,2026-01-29
506698,109875,2025-09-22,2025-10-05
506699,109872,2025-09-22,2025-09-29
506700,109871,2025-09-22,2025-10-16
506701,109869,2025-09-22,2025-12-27
506702,109868,2025-09-22,2025-12-15
506703,109867,2025-09-22,2025-11-10
506704,109865,2025-09-22,2025-09-24
506705,109864,2025-09-22,2025-10-22
506706,106143,2025-09-22,2025-09-26
506707,106032,2025-09-22,2026-01-12
506708,109874,2025-09-22,2025-09-23
506709,109926,2025-09-23,2026-01-06
506710,109924,2025-09-23,2025-12-24
506711,109920,2025-09-23,2026-01-20
506712,109927,2025-09-23,
506713,109918,2025-09-23,2025-09-27
506714,109922,2025-09-23,2025-09-25
506715,109929,2025-09-23,2026-07-24
506716,109936,2025-09-23,2025-10-29
506717,109931,2025-09-23,2025-12-22
506718,109933,2025-09-23,2025-10-08
506719,109934,2025-09-23,2025-10-11
506720,109937,2025-09-23,
506721,109917,2025-09-23,2025-10-02
506722,109939,2025-09-23,2026-04-01
506723,109930,2025-09-23,2025-11-21
506724,109916,2025-09-23,2025-12-18
506725,109893,2025-09-23,
506726,109913,2025-09-23,
506727,109894,2025-09-23,2025-10-05
506728,109895,2025-09-23,2025-10-12
506729,109896,2025-09-23,2025-10-01
506730,109898,2025-09-23,2025-11-19
506731,109900,2025-09-23,2025-10-13
506732,109902,2025-09-23,2025-10-07
506733,109914,2025-09-23,2025-12-01
506734,109905,2025-09-23,2025-09-25
506735,109907,2025-09-23,2025-09-27
506736,109909,2025-09-23,2025-12-13
506737,109911,2025-09-23,2025-12-16
506738,109912,2025-09-23,2025-09-26
506739,109903,2025-09-23,2026-03-26
506740,109959,2025-09-24,2025-11-01
506741,109961,2025-09-24,2025-10-21
506742,109962,2025-09-24,2025-11-16
506743,109963,2025-09-24,
506744,109964,2025-09-24,2025-11-10
506745,109965,2025-09-24,2025-10-06
506746,109966,2025-09-24,
506747,109971,2025-09-24,2025-09-25
506748,109969,2025-09-24,2025-12-07
506749,109972,2025-09-24,2025-10-07
506750,109973,2025-09-24,2026-06-10
506751,109975,2025-09-24,
506752,109958,2025-09-24,2025-10-20
506753,109979,2025-09-24,2026-01-04
506754,109967,2025-09-24,2025-11-03
506755,109977,2025-09-24,2026-05-28
506756,109956,2025-09-24,2025-09-28
506757,109954,2025-09-24,2026-05-28
506758,109955,2025-09-24,2025-09-25
506759,101013,2025-09-24,2025-10-07
506760,109941,2025-09-24,2025-09-26
506761,109942,2025-09-24,2025-10-01
506762,109943,2025-09-24,2025-10-14
506763,105576,2025-09-24,2025-10-09
506764,109946,2025-09-24,2026-04-08
506765,109948,2025-09-24,2025-12-11
506766,109949,2025-09-24,2025-10-22
506767,109951,2025-09-24,2025-10-07
506768,109953,2025-09-24,2025-12-10
506769,109945,2025-09-24,2025-09-25
506770,110016,2025-09-25,2025-11-02
506771,110006,2025-09-25,2026-04-20
506772,110008,2025-09-25,2025-10-03
506773,110010,2025-09-25,2025-10-29
506774,110012,2025-09-25,2025-09-29
506775,110013,2025-09-25,2025-10-29
506776,110014,2025-09-25,2026-01-31
506777,110018,2025-09-25,2025-10-20
506778,110030,2025-09-25,
506779,110020,2025-09-25,2025-11-12
506780,110021,2025-09-25,2026-01-25
506781,110023,2025-09-25,2025-10-01
506782,110024,2025-09-25,2025-10-07
506783,110028,2025-09-25,2026-01-07
506784,110026,2025-09-25,2025-10-01
506785,110025,2025-09-25,2026-03-30
506786,110019,2025-09-25,2025-11-14
506787,110003,2025-09-25,2025-11-02
506788,110005,2025-09-25,
506789,109999,2025-09-25,2025-11-09
506790,106329,2025-09-25,2025-10-18
506791,110001,2025-09-25,2025-10-13
506792,109981,2025-09-25,
506793,109983,2025-09-25,2025-11-19
506794,109984,2025-09-25,2026-01-12
506795,109986,2025-09-25,2026-03-09
506796,109985,2025-09-25,2025-11-02
506797,109989,2025-09-25,2026-02-09
506798,109990,2025-09-25,2025-09-27
506799,109992,2025-09-25,
506800,109993,2025-09-25,
506801,109995,2025-09-25,2025-10-05
506802,109997,2025-09-25,2025-11-08
506803,109988,2025-09-25,2025-10-07
506804,110058,2025-09-26,2025-10-09
506805,110051,2025-09-26,2025-10-31
506806,110054,2025-09-26,2025-10-16
506807,110056,2025-09-26,2026-04-21
506808,110059,2025-09-26,2025-09-27
506809,110070,2025-09-26,2026-02-13
506810,110063,2025-09-26,2025-10-13
506811,110065,2025-09-26,2025-10-07
506812,110067,2025-09-26,2025-10-10
506813,110068,2025-09-26,2025-10-21
506814,110049,2025-09-26,2025-09-27
506815,110061,2025-09-26,2025-11-05
506816,110048,2025-09-26,2025-10-01
506817,110053,2025-09-26,2025-11-05
506818,110045,2025-09-26,2026-04-02
506819,110046,2025-09-26,2025-10-05
506820,103291,2025-09-26,2026-02-16
506821,102723,2025-09-26,2025-12-24
506822,110032,2025-09-26,2026-06-01
506823,110034,2025-09-26,2025-10-10
506824,110035,2025-09-26,2025-10-01
506825,104184,2025-09-26,2025-10-20
506826,110038,2025-09-26,2025-10-15
506827,110039,2025-09-26,
506828,110041,2025-09-26,2026-03-25
506829,110042,2025-09-26,2026-02-08
506830,110044,2025-09-26,2025-12-12
506831,110037,2025-09-26,2025-10-13
506832,110102,2025-09-27,2025-09-29
506833,110114,2025-09-27,2026-01-15
506834,110104,2025-09-27,2025-10-12
506835,110105,2025-09-27,2025-10-09
506836,110106,2025-09-27,
506837,110107,2025-09-27,
506838,110109,2025-09-27,2025-10-18
506839,110111,2025-09-27,2025-10-31
506840,110113,2025-09-27,2025-10-04
506841,110116,2025-09-27,2025-10-01
506842,110127,2025-09-27,2025-09-28
506843,110120,2025-09-27,2025-10-04
506844,110121,2025-09-27,2026-01-01
506845,110122,2025-09-27,2026-07-19
506846,110124,2025-09-27,2026-05-29
506847,110125,2025-09-27,2026-02-22
506848,110129,2025-09-27,2025-10-01
506849,110130,2025-09-27,2026-05-29
506850,110132,2025-09-27,2025-10-13
506851,110101,2025-09-27,2025-11-14
506852,110134,2025-09-27,2026-07-17
506853,110099,2025-09-27,2025-09-30
506854,110118,2025-09-27,
506855,110096,2025-09-27,2025-10-02
506856,110097,2025-09-27,
506857,110073,2025-09-27,2025-09-29
506858,110074,2025-09-27,2025-10-21
506859,110075,2025-09-27,2025-12-06
506860,110076,2025-09-27,2025-09-28
506861,110077,2025-09-27,2026-01-15
506862,110078,2025-09-27,
506863,110079,2025-09-27,2026-02-15
506864,110080,2025-09-27,2026-01-24
506865,110081,2025-09-27,2026-06-24
506866,110072,2025-09-27,2025-10-07
506867,110084,2025-09-27,2025-12-11
506868,110086,2025-09-27,2025-10-09
506869,110087,2025-09-27,2025-09-29
506870,110089,2025-09-27,2025-09-28
506871,110090,2025-09-27,2025-09-30
506872,110091,2025-09-27,2025-10-10
506873,110092,2025-09-27,2025-12-16
506874,110093,2025-09-27,2025-10-26
506875,110094,2025-09-27,2025-11-30
506876,110095,2025-09-27,2025-10-10
506877,110082,2025-09-27,2025-10-04
506878,110181,2025-09-28,2025-10-02
506879,110179,2025-09-28,2025-12-03
506880,110178,2025-09-28,2025-12-02
506881,110171,2025-09-28,2025-12-02
506882,110174,2025-09-28,2025-11-01
506883,110173,2025-09-28,2025-10-02
506884,110182,2025-09-28,2025-10-12
506885,110176,2025-09-28,2026-02-21
506886,110184,2025-09-28,2026-03-20
506887,110193,2025-09-28,2026-02-19
506888,110186,2025-09-28,2025-11-29
506889,110187,2025-09-28,2025-10-04
506890,110189,2025-09-28,2025-10-11
506891,110191,2025-09-28,2025-10-03
506892,110195,2025-09-28,2026-03-12
506893,110196,2025-09-28,2026-01-22
506894,110197,2025-09-28,2025-10-10
506895,110199,2025-09-28,2025-09-30
506896,110170,2025-09-28,2025-10-27
506897,110185,2025-09-28,2025-10-14
506898,110168,2025-09-28,2026-05-29
506899,110163,2025-09-28,2025-10-09
506900,110166,2025-09-28,2025-11-26
506901,107953,2025-09-28,2025-09-30
506902,110167,2025-09-28,2025-10-24
506903,110137,2025-09-28,2025-12-23
506904,110139,2025-09-28,2025-10-08
506905,110141,2025-09-28,2026-03-15
506906,110143,2025-09-28,
506907,110145,2025-09-28,2025-10-09
506908,110146,2025-09-28,2025-10-16
506909,110148,2025-09-28,
506910,110136,2025-09-28,2026-02-27
506911,110151,2025-09-28,2025-10-13
506912,110153,2025-09-28,2025-10-15
506913,110155,2025-09-28,2026-03-08
506914,110157,2025-09-28,2025-10-05
506915,110158,2025-09-28,2025-10-02
506916,110160,2025-09-28,2026-06-09
506917,110162,2025-09-28,2025-10-06
506918,110164,2025-09-28,2026-01-06
506919,110150,2025-09-28,2026-05-12
506920,110226,2025-09-29,2025-10-18
506921,110227,2025-09-29,
506922,110228,2025-09-29,2025-10-31
506923,110229,2025-09-29,2026-06-05
506924,110231,2025-09-29,2025-12-23
506925,110232,2025-09-29,2026-01-11
506926,110234,2025-09-29,2025-10-19
506927,110242,2025-09-29,2026-02-24
506928,110238,2025-09-29,2025-11-19
506929,110239,2025-09-29,2025-10-01
506930,110241,2025-09-29,2025-11-17
506931,110244,2025-09-29,2025-10-09
506932,110246,2025-09-29,2025-12-15
506933,110247,2025-09-29,2025-10-29
506934,110224,2025-09-29,2025-10-24
506935,110236,2025-09-29,2025-10-03
506936,110221,2025-09-29,2026-02-22
506937,110222,2025-09-29,2025-10-08
506938,110218,2025-09-29,2025-12-02
506939,103634,2025-09-29,2026-04-01
506940,110200,2025-09-29,2026-01-02
506941,110201,2025-09-29,
506942,110203,2025-09-29,2025-10-22
506943,110205,2025-09-29,2026-01-03
506944,110206,2025-09-29,2025-11-15
506945,110207,2025-09-29,2026-02-08
506946,110219,2025-09-29,2026-01-16
506947,110209,2025-09-29,2025-11-28
506948,110211,2025-09-29,2025-10-06
506949,110212,2025-09-29,
506950,110214,2025-09-29,2025-10-16
506951,110216,2025-09-29,2025-11-19
506952,110208,2025-09-29,2025-10-28
506953,110267,2025-09-30,2025-11-27
506954,110268,2025-09-30,2025-10-31
506955,110270,2025-09-30,
506956,110271,2025-09-30,2025-10-14
506957,110272,2025-09-30,2025-10-05
506958,110274,2025-09-30,2025-10-01
506959,110279,2025-09-30,2025-11-29
506960,110277,2025-09-30,2025-12-16
506961,110281,2025-09-30,2025-10-04
506962,110283,2025-09-30,2025-10-11
506963,110287,2025-09-30,2025-10-19
506964,110265,2025-09-30,
506965,110275,2025-09-30,2025-10-12
506966,110263,2025-09-30,2025-10-01
506967,110285,2025-09-30,2025-10-06
506968,110259,2025-09-30,2025-10-09
506969,110261,2025-09-30,2026-01-17
506970,101549,2025-09-30,
506971,110249,2025-09-30,2025-10-15
506972,110250,2025-09-30,2025-10-25
506973,110248,2025-09-30,2025-11-19
506974,110253,2025-09-30,2025-10-04
506975,110255,2025-09-30,2025-10-04
506976,110257,2025-09-30,2026-02-09
506977,110258,2025-09-30,2026-05-15
506978,110252,2025-09-30,2025-12-27
506979,110311,2025-10-01,2025-10-31
506980,110305,2025-10-01,2025-11-08
506981,110306,2025-10-01,2025-10-06
506982,110308,2025-10-01,2025-10-19
506983,110310,2025-10-01,2026-01-11
506984,110312,2025-10-01,2025-10-14
506985,110320,2025-10-01,2025-10-17
506986,110315,2025-10-01,2025-11-04
506987,110317,2025-10-01,2025-10-04
506988,110318,2025-10-01,2025-10-27
506989,110322,2025-10-01,2025-10-15
506990,110323,2025-10-01,2025-10-21
506991,110314,2025-10-01,2025-10-09
506992,110302,2025-10-01,2026-03-22
506993,110304,2025-10-01,2025-10-26
506994,110300,2025-10-01,2025-10-18
506995,110301,2025-10-01,2025-10-13
506996,110289,2025-10-01,2025-12-18
506997,110290,2025-10-01,2026-05-04
506998,110291,2025-10-01,2026-02-07
506999,110288,2025-10-01,2025-11-06
507000,110294,2025-10-01,2025-12-25
507001,110295,2025-10-01,2025-10-15
507002,110296,2025-10-01,2025-10-09
507003,110298,2025-10-01,2026-02-01
507004,110293,2025-10-01,2026-01-02
507005,110358,2025-10-02,
507006,110350,2025-10-02,2025-10-21
507007,110352,2025-10-02,2026-01-06
507008,110353,2025-10-02,2026-01-20
507009,110354,2025-10-02,2025-12-17
507010,110356,2025-10-02,
507011,110357,2025-10-02,2026-06-23
507012,110359,2025-10-02,2025-12-03
507013,110372,2025-10-02,2025-12-15
507014,110362,2025-10-02,2026-01-30
507015,110363,2025-10-02,2025-10-13
507016,110374,2025-10-02,2025-12-20
507017,110365,2025-10-02,2025-11-19
507018,110370,2025-10-02,2025-11-30
507019,110368,2025-10-02,2025-10-13
507020,110348,2025-10-02,2025-12-01
507021,110366,2025-10-02,2025-12-09
507022,110360,2025-10-02,2025-10-22
507023,110346,2025-10-02,2025-12-18
507024,110326,2025-10-02,2025-10-03
507025,110343,2025-10-02,2025-10-04
507026,100763,2025-10-02,
507027,106580,2025-10-02,2026-01-01
507028,110345,2025-10-02,2025-10-24
507029,110324,2025-10-02,2026-02-11
507030,110328,2025-10-02,2025-10-22
507031,110329,2025-10-02,2025-11-01
507032,110330,2025-10-02,2025-11-02
507033,102984,2025-10-02,
507034,110332,2025-10-02,2025-10-15
507035,110334,2025-10-02,2026-04-14
507036,110336,2025-10-02,2026-01-10
507037,110337,2025-10-02,2025-10-03
507038,110339,2025-10-02,2026-04-21
507039,110340,2025-10-02,2025-11-14
507040,110342,2025-10-02,2026-04-03
507041,110331,2025-10-02,2026-02-18
507042,110396,2025-10-03,
507043,110397,2025-10-03,2025-11-12
507044,110399,2025-10-03,2025-10-12
507045,110401,2025-10-03,2025-11-17
507046,110403,2025-10-03,2025-11-29
507047,110404,2025-10-03,2025-10-12
507048,110408,2025-10-03,2025-10-23
507049,110406,2025-10-03,2026-06-25
507050,110407,2025-10-03,2025-10-08
507051,110410,2025-10-03,2025-10-24
507052,110412,2025-10-03,2025-10-25
507053,110394,2025-10-03,2026-02-26
507054,110405,2025-10-03,
507055,110393,2025-10-03,2025-11-14
507056,110395,2025-10-03,2026-04-05
507057,110390,2025-10-03,2025-10-12
507058,110392,2025-10-03,2026-01-12
507059,107270,2025-10-03,2025-10-14
507060,110375,2025-10-03,2026-05-29
507061,110377,2025-10-03,2025-11-19
507062,110378,2025-10-03,2025-10-04
507063,110380,2025-10-03,2025-10-13
507064,110376,2025-10-03,2025-10-29
507065,110383,2025-10-03,2025-12-25
507066,110385,2025-10-03,2026-08-02
507067,110386,2025-10-03,2025-12-18
507068,110387,2025-10-03,2025-10-04
507069,110389,2025-10-03,2025-10-20
507070,110381,2025-10-03,2025-10-11
507071,110463,2025-10-04,2025-11-11
507072,110453,2025-10-04,2025-10-22
507073,110454,2025-10-04,2025-11-17
507074,110456,2025-10-04,2025-11-28
507075,110449,2025-10-04,
507076,110458,2025-10-04,2026-05-01
507077,110460,2025-10-04,2025-10-26
507078,110462,2025-10-04,2025-10-07
507079,110465,2025-10-04,2025-11-28
507080,110474,2025-10-04,2026-01-26
507081,110467,2025-10-04,2025-10-05
507082,110468,2025-10-04,2025-10-09
507083,110470,2025-10-04,2025-10-12
507084,110472,2025-10-04,
507085,110475,2025-10-04,2025-10-06
507086,110476,2025-10-04,2026-01-17
507087,110477,2025-10-04,
507088,110478,2025-10-04,2025-10-10
507089,110447,2025-10-04,2025-12-15
507090,110466,2025-10-04,2025-12-02
507091,110446,2025-10-04,
507092,110451,2025-10-04,2026-04-25
507093,110442,2025-10-04,2026-03-04
507094,110444,2025-10-04,2026-06-09
507095,110413,2025-10-04,2025-10-07
507096,110415,2025-10-04,2025-10-10
507097,110416,2025-10-04,2025-10-30
507098,110417,2025-10-04,2026-05-03
507099,110419,2025-10-04,2026-04-15
507100,110422,2025-10-04,
507101,110424,2025-10-04,2025-12-09
507102,110426,2025-10-04,2025-10-06
507103,110420,2025-10-04,2025-12-05
507104,110429,2025-10-04,2025-11-26
507105,110427,2025-10-04,2025-10-15
507106,110438,2025-10-04,2025-12-08
507107,110436,2025-10-04,2026-04-25
507108,110434,2025-10-04,2025-10-19
507109,110440,2025-10-04,2025-10-10
507110,110432,2025-10-04,2025-11-23
507111,110430,2025-10-04,2026-01-08
507112,110433,2025-10-04,2025-11-05
507113,110518,2025-10-05,2026-02-19
507114,110509,2025-10-05,2025-10-23
507115,110510,2025-10-05,2025-11-21
507116,110511,2025-10-05,2025-10-16
507117,110513,2025-10-05,2025-10-26
507118,110515,2025-10-05,2025-12-03
507119,110516,2025-10-05,2026-01-08
507120,110520,2025-10-05,2026-01-18
507121,110533,2025-10-05,
507122,110522,2025-10-05,2026-01-28
507123,110524,2025-10-05,2026-07-18
507124,110526,2025-10-05,2025-10-13
507125,110527,2025-10-05,
507126,110529,2025-10-05,2025-10-30
507127,110530,2025-10-05,2025-10-12
507128,110532,2025-10-05,2026-01-31
507129,110507,2025-10-05,2025-10-20
507130,110521,2025-10-05,2025-11-03
507131,110506,2025-10-05,2025-11-19
507132,110500,2025-10-05,2026-05-19
507133,110503,2025-10-05,2025-10-29
507134,100575,2025-10-05,
507135,110505,2025-10-05,2026-01-10
507136,110482,2025-10-05,2025-12-04
507137,110483,2025-10-05,2026-01-03
507138,110484,2025-10-05,2026-05-06
507139,110486,2025-10-05,2026-03-03
507140,110487,2025-10-05,2025-10-10
507141,110488,2025-10-05,2025-10-12
507142,110480,2025-10-05,2025-10-06
507143,110490,2025-10-05,
507144,110492,2025-10-05,2025-11-21
507145,110493,2025-10-05,2026-05-09
507146,110494,2025-10-05,2026-01-03
507147,110496,2025-10-05,2025-10-24
507148,110498,2025-10-05,2026-03-05
507149,110499,2025-10-05,2026-06-08
507150,110502,2025-10-05,2025-10-12
507151,110489,2025-10-05,2025-10-08
507152,110584,2025-10-06,2026-01-31
507153,110565,2025-10-06,2025-11-21
507154,110566,2025-10-06,2025-11-29
507155,110568,2025-10-06,
507156,110570,2025-10-06,2025-10-17
507157,110572,2025-10-06,2026-07-19
507158,110579,2025-10-06,2025-10-25
507159,110575,2025-10-06,2026-02-05
507160,110576,2025-10-06,2025-11-19
507161,110578,2025-10-06,2026-05-27
507162,110581,2025-10-06,2025-10-20
507163,110582,2025-10-06,2026-03-11
507164,110563,2025-10-06,2026-01-25
507165,110573,2025-10-06,
507166,110561,2025-10-06,2026-04-06
507167,110555,2025-10-06,2026-03-20
507168,110558,2025-10-06,2026-05-25
507169,110559,2025-10-06,2025-10-20
507170,110537,2025-10-06,2025-12-10
507171,110539,2025-10-06,2025-10-09
507172,110541,2025-10-06,2026-03-24
507173,110542,2025-10-06,2025-11-28
507174,110544,2025-10-06,2025-10-07
507175,110535,2025-10-06,2025-12-23
507176,110548,2025-10-06,2025-10-27
507177,110549,2025-10-06,2025-10-10
507178,110551,2025-10-06,2025-10-20
507179,110553,2025-10-06,2025-12-03
507180,110557,2025-10-06,2026-02-07
507181,110546,2025-10-06,2025-10-08
507182,110604,2025-10-07,2025-11-21
507183,110605,2025-10-07,2025-11-12
507184,110607,2025-10-07,2025-11-16
507185,110609,2025-10-07,2025-10-24
507186,110614,2025-10-07,
507187,110613,2025-10-07,
507188,110615,2025-10-07,2025-10-26
507189,110616,2025-10-07,2025-10-16
507190,110603,2025-10-07,2025-10-17
507191,110611,2025-10-07,2025-11-08
507192,110601,2025-10-07,2025-10-10
507193,110598,2025-10-07,
507194,110597,2025-10-07,2025-12-06
507195,110595,2025-10-07,2025-10-14
507196,110594,2025-10-07,2026-01-08
507197,110593,2025-10-07,2025-11-16
507198,110592,2025-10-07,
507199,110590,2025-10-07,2025-11-07
507200,110588,2025-10-07,
507201,110586,2025-10-07,2026-02-08
507202,110600,2025-10-07,2025-11-13
507203,110637,2025-10-08,2026-03-01
507204,110639,2025-10-08,2025-12-04
507205,110641,2025-10-08,2025-10-09
507206,110642,2025-10-08,2025-11-01
507207,110643,2025-10-08,2026-05-07
507208,110644,2025-10-08,2025-10-25
507209,110649,2025-10-08,2025-12-13
507210,110646,2025-10-08,2025-11-18
507211,110647,2025-10-08,2025-10-13
507212,110648,2025-10-08,2026-06-20
507213,110651,2025-10-08,2026-07-29
507214,110645,2025-10-08,2026-02-01
507215,110636,2025-10-08,2026-03-06
507216,110618,2025-10-08,2026-02-18
507217,110633,2025-10-08,2025-10-12
507218,110634,2025-10-08,2025-12-06
507219,103033,2025-10-08,
507220,110619,2025-10-08,2025-11-25
507221,110622,2025-10-08,2025-11-22
507222,110624,2025-10-08,2025-10-09
507223,110621,2025-10-08,2026-01-13
507224,110628,2025-10-08,2025-10-11
507225,110629,2025-10-08,2025-10-09
507226,110631,2025-10-08,2026-03-27
507227,110632,2025-10-08,2025-10-09
507228,110626,2025-10-08,
507229,110686,2025-10-09,2026-01-11
507230,110680,2025-10-09,2026-01-03
507231,110681,2025-10-09,2025-11-07
507232,110682,2025-10-09,2026-01-25
507233,110684,2025-10-09,2025-10-24
507234,110688,2025-10-09,2025-10-18
507235,110698,2025-10-09,2025-10-10
507236,110691,2025-10-09,
507237,110692,2025-10-09,
507238,110694,2025-10-09,2025-11-13
507239,110696,2025-10-09,2026-06-15
507240,110700,2025-10-09,
507241,110679,2025-10-09,2025-10-30
507242,110690,2025-10-09,2025-10-29
507243,110677,2025-10-09,2025-10-17
507244,110657,2025-10-09,2025-11-02
507245,110674,2025-10-09,2025-10-20
507246,105372,2025-10-09,2025-11-01
507247,110653,2025-10-09,2025-10-19
507248,110655,2025-10-09,2025-10-23
507249,110656,2025-10-09,2025-11-22
507250,110659,2025-10-09,2026-03-03
507251,110661,2025-10-09,2025-10-12
507252,104985,2025-10-09,2025-10-10
507253,110665,2025-10-09,2026-03-22
507254,110663,2025-10-09,2025-11-30
507255,110673,2025-10-09,2025-11-15
507256,110671,2025-10-09,2026-06-02
507257,110675,2025-10-09,2025-12-13
507258,110667,2025-10-09,2025-10-10
507259,110669,2025-10-09,2025-12-05
507260,110720,2025-10-10,2025-12-07
507261,110739,2025-10-10,2025-11-06
507262,110737,2025-10-10,2026-07-07
507263,110736,2025-10-10,2025-10-11
507264,110740,2025-10-10,
507265,110732,2025-10-10,2026-02-05
507266,110731,2025-10-10,2026-04-25
507267,110729,2025-10-10,2025-11-26
507268,110728,2025-10-10,2025-11-10
507269,110726,2025-10-10,2025-11-15
507270,110724,2025-10-10,2026-07-21
507271,110722,2025-10-10,2025-10-15
507272,110721,2025-10-10,
507273,110734,2025-10-10,2026-01-28
507274,110718,2025-10-10,
507275,110715,2025-10-10,2025-10-12
507276,110716,2025-10-10,2026-02-03
507277,110701,2025-10-10,2025-12-16
507278,110702,2025-10-10,2025-10-27
507279,110704,2025-10-10,2025-11-05
507280,110706,2025-10-10,
507281,110703,2025-10-10,2025-10-11
507282,110708,2025-10-10,2025-10-30
507283,110710,2025-10-10,2025-11-21
507284,110712,2025-10-10,2025-10-11
507285,110714,2025-10-10,2026-04-13
507286,110707,2025-10-10,
507287,110768,2025-10-11,2025-12-14
507288,110762,2025-10-11,2025-10-25
507289,110763,2025-10-11,2025-11-15
507290,110765,2025-10-11,2025-10-20
507291,110767,2025-10-11,2026-01-30
507292,110770,2025-10-11,2025-11-12
507293,110783,2025-10-11,2025-11-04
507294,110776,2025-10-11,2025-11-06
507295,110778,2025-10-11,2025-10-17
507296,110780,2025-10-11,2025-10-22
507297,110782,2025-10-11,2025-10-13
507298,110761,2025-10-11,2025-12-20
507299,110785,2025-10-11,2025-10-15
507300,110772,2025-10-11,2026-03-25
507301,110760,2025-10-11,2026-06-28
507302,110774,2025-10-11,2025-12-21
507303,110758,2025-10-11,2026-06-21
507304,110742,2025-10-11,2025-11-08
507305,110743,2025-10-11,2025-10-14
507306,110745,2025-10-11,2025-10-16
507307,110747,2025-10-11,2025-11-06
507308,110748,2025-10-11,
507309,110759,2025-10-11,2025-11-28
507310,110751,2025-10-11,2025-12-06
507311,110753,2025-10-11,2025-10-26
507312,110754,2025-10-11,2026-03-11
507313,110756,2025-10-11,2025-11-02
507314,110750,2025-10-11,2025-11-22
507315,110809,2025-10-12,2025-10-27
507316,110804,2025-10-12,2025-10-16
507317,110805,2025-10-12,2025-10-21
507318,110806,2025-10-12,2025-11-26
507319,110808,2025-10-12,2025-10-18
507320,110811,2025-10-12,2025-11-15
507321,110823,2025-10-12,2025-11-16
507322,110813,2025-10-12,
507323,110815,2025-10-12,2025-11-22
507324,110817,2025-10-12,2026-02-19
507325,110819,2025-10-12,2025-10-29
507326,110803,2025-10-12,2025-11-30
507327,110824,2025-10-12,2025-10-22
507328,110812,2025-10-12,2025-10-26
507329,110802,2025-10-12,
507330,110821,2025-10-12,2025-12-18
507331,110798,2025-10-12,2026-04-08
507332,110796,2025-10-12,2025-10-29
507333,110795,2025-10-12,2026-01-18
507334,110793,2025-10-12,2026-01-24
507335,110792,2025-10-12,2025-12-20
507336,110791,2025-10-12,2025-12-15
507337,110789,2025-10-12,2025-10-15
507338,110787,2025-10-12,2025-10-20
507339,101886,2025-10-12,2025-10-15
507340,104473,2025-10-12,2026-01-15
507341,110800,2025-10-12,2026-02-14
507342,110850,2025-10-13,2025-11-03
507343,110846,2025-10-13,2025-10-28
507344,110847,2025-10-13,2025-12-12
507345,110852,2025-10-13,2025-11-19
507346,110848,2025-10-13,2025-12-29
507347,110854,2025-10-13,2025-11-15
507348,110863,2025-10-13,2025-12-14
507349,110858,2025-10-13,2025-12-05
507350,110859,2025-10-13,2026-06-19
507351,110861,2025-10-13,2026-07-29
507352,110864,2025-10-13,
507353,110865,2025-10-13,2025-11-13
507354,110866,2025-10-13,2026-04-24
507355,110856,2025-10-13,2025-11-05
507356,110843,2025-10-13,2025-10-15
507357,110844,2025-10-13,
507358,110839,2025-10-13,2025-10-18
507359,110841,2025-10-13,2025-10-14
507360,103519,2025-10-13,2025-10-24
507361,101010,2025-10-13,2025-10-30
507362,110826,2025-10-13,2025-11-18
507363,110828,2025-10-13,2025-11-03
507364,102742,2025-10-13,
507365,110832,2025-10-13,2025-10-26
507366,110834,2025-10-13,2025-10-19
507367,110835,2025-10-13,2025-11-21
507368,110837,2025-10-13,2026-07-14
507369,110830,2025-10-13,2025-12-17
507370,110888,2025-10-14,2025-10-17
507371,110893,2025-10-14,2025-12-02
507372,110889,2025-10-14,2026-03-15
507373,110890,2025-10-14,2025-10-18
507374,110891,2025-10-14,2025-12-18
507375,110907,2025-10-14,2025-10-22
507376,110894,2025-10-14,2025-12-23
507377,110906,2025-10-14,2025-10-22
507378,110897,2025-10-14,2025-11-14
507379,110899,2025-10-14,2025-10-17
507380,110901,2025-10-14,2026-01-27
507381,110904,2025-10-14,2025-11-24
507382,110886,2025-10-14,2025-11-04
507383,110903,2025-10-14,2025-12-30
507384,110895,2025-10-14,2026-06-07
507385,110884,2025-10-14,2026-06-24
507386,110875,2025-10-14,
507387,110882,2025-10-14,2025-11-03
507388,104678,2025-10-14,
507389,107602,2025-10-14,
507390,101804,2025-10-14,2025-10-25
507391,107164,2025-10-14,2025-12-16
507392,110868,2025-10-14,2026-06-08
507393,110870,2025-10-14,
507394,110883,2025-10-14,2026-03-01
507395,110872,2025-10-14,2026-04-25
507396,110873,2025-10-14,2026-05-21
507397,110876,2025-10-14,2025-10-28
507398,110878,2025-10-14,2025-10-18
507399,110880,2025-10-14,2026-02-15
507400,110881,2025-10-14,2025-10-25
507401,110871,2025-10-14,2025-11-03
507402,110932,2025-10-15,2025-10-20
507403,110933,2025-10-15,2025-10-25
507404,110934,2025-10-15,2025-12-03
507405,110936,2025-10-15,2025-11-09
507406,110938,2025-10-15,2025-11-18
507407,110939,2025-10-15,2025-12-13
507408,110940,2025-10-15,2025-11-21
507409,110941,2025-10-15,2025-10-23
507410,110943,2025-10-15,2026-05-26
507411,110949,2025-10-15,2026-02-19
507412,110947,2025-10-15,2025-10-20
507413,110950,2025-10-15,2025-11-16
507414,110952,2025-10-15,2025-10-19
507415,110954,2025-10-15,2026-02-10
507416,110931,2025-10-15,2025-10-16
507417,110958,2025-10-15,2025-10-22
507418,110960,2025-10-15,2025-10-16
507419,110961,2025-10-15,2025-10-22
507420,110945,2025-10-15,2025-12-20
507421,110956,2025-10-15,2026-04-06
507422,110928,2025-10-15,2025-11-05
507423,110927,2025-10-15,2025-10-25
507424,110929,2025-10-15,2025-11-29
507425,110908,2025-10-15,2026-03-24
507426,110909,2025-10-15,2025-11-18
507427,110911,2025-10-15,2025-10-24
507428,110914,2025-10-15,
507429,110916,2025-10-15,2025-10-18
507430,110917,2025-10-15,2026-03-13
507431,110913,2025-10-15,2025-11-11
507432,110920,2025-10-15,2026-03-22
507433,110921,2025-10-15,2025-10-18
507434,110922,2025-10-15,2026-02-10
507435,110923,2025-10-15,2025-11-05
507436,110924,2025-10-15,
507437,110925,2025-10-15,2025-10-24
507438,110919,2025-10-15,
507439,110994,2025-10-16,2026-01-11
507440,110985,2025-10-16,
507441,110986,2025-10-16,2025-11-18
507442,110988,2025-10-16,2025-10-20
507443,110990,2025-10-16,2026-03-01
507444,110992,2025-10-16,2025-10-20
507445,110995,2025-10-16,2026-01-10
507446,111006,2025-10-16,2025-12-15
507447,110998,2025-10-16,2026-01-12
507448,111001,2025-10-16,2026-01-01
507449,111003,2025-10-16,2025-12-01
507450,110983,2025-10-16,2025-12-01
507451,111010,2025-10-16,2025-10-21
507452,111008,2025-10-16,2025-10-28
507453,111004,2025-10-16,2025-11-02
507454,110997,2025-10-16,2026-01-23
507455,110982,2025-10-16,2026-02-04
507456,111000,2025-10-16,
507457,110980,2025-10-16,2026-04-11
507458,110978,2025-10-16,2025-12-15
507459,110976,2025-10-16,2026-06-12
507460,110974,2025-10-16,2026-05-01
507461,110973,2025-10-16,
507462,110971,2025-10-16,2025-10-17
507463,110969,2025-10-16,
507464,110968,2025-10-16,2025-11-12
507465,110966,2025-10-16,2025-11-20
507466,110964,2025-10-16,2025-10-25
507467,110962,2025-10-16,2025-11-10
507468,101505,2025-10-16,2025-10-25
507469,108397,2025-10-16,
507470,110981,2025-10-16,2025-11-19
507471,101285,2025-10-16,2025-11-01
507472,111036,2025-10-17,2026-02-22
507473,111032,2025-10-17,2025-10-23
507474,111033,2025-10-17,2025-11-07
507475,111037,2025-10-17,2025-11-02
507476,111034,2025-10-17,2025-11-08
507477,111038,2025-10-17,
507478,111044,2025-10-17,2026-01-15
507479,111040,2025-10-17,2025-11-10
507480,111041,2025-10-17,2025-12-30
507481,111043,2025-10-17,
507482,111031,2025-10-17,2025-12-14
507483,111046,2025-10-17,2025-10-25
507484,111039,2025-10-17,2025-10-19
507485,111030,2025-10-17,2025-10-18
507486,111029,2025-10-17,2025-12-14
507487,111013,2025-10-17,2025-11-11
507488,111026,2025-10-17,2026-02-04
507489,111025,2025-10-17,2026-01-13
507490,111024,2025-10-17,2025-10-21
507491,111023,2025-10-17,2026-04-11
507492,111022,2025-10-17,2025-12-17
507493,111021,2025-10-17,
507494,111019,2025-10-17,2026-01-23
507495,111017,2025-10-17,2025-12-29
507496,111015,2025-10-17,2025-11-08
507497,111012,2025-10-17,2026-03-07
507498,102336,2025-10-17,2025-11-02
507499,111027,2025-10-17,2026-05-06
507500,111077,2025-10-18,2025-11-27
507501,111076,2025-10-18,2025-12-15
507502,111075,2025-10-18,2026-01-01
507503,111069,2025-10-18,2025-10-24
507504,111071,2025-10-18,2025-12-26
507505,111079,2025-10-18,2026-03-11
507506,111073,2025-10-18,2025-11-18
507507,111080,2025-10-18,2026-04-21
507508,111089,2025-10-18,2025-10-23
507509,111082,2025-10-18,2026-02-14
507510,111084,2025-10-18,2025-11-18
507511,111085,2025-10-18,2025-11-15
507512,111086,2025-10-18,2025-11-25
507513,111088,2025-10-18,2025-10-24
507514,111094,2025-10-18,2025-11-16
507515,111092,2025-10-18,2025-11-24
507516,111081,2025-10-18,2025-11-08
507517,111067,2025-10-18,2025-11-01
507518,111091,2025-10-18,2026-05-05
507519,111065,2025-10-18,2025-11-23
507520,111066,2025-10-18,2025-10-27
507521,100372,2025-10-18,2025-12-09
507522,111047,2025-10-18,2025-11-13
507523,111050,2025-10-18,2025-11-04
507524,111051,2025-10-18,2025-10-23
507525,111052,2025-10-18,2025-12-27
507526,111048,2025-10-18,2026-05-24
507527,111055,2025-10-18,2026-07-18
507528,111057,2025-10-18,2025-10-31
507529,111059,2025-10-18,2025-10-21
507530,111061,2025-10-18,2026-01-05
507531,111062,2025-10-18,2025-10-26
507532,111064,2025-10-18,2026-01-31
507533,111054,2025-10-18,
507534,111129,2025-10-19,2025-10-21
507535,111120,2025-10-19,2026-07-29
507536,111121,2025-10-19,2026-01-02
507537,111123,2025-10-19,2025-11-06
507538,111124,2025-10-19,2025-11-26
507539,111126,2025-10-19,2025-10-23
507540,111128,2025-10-19,
507541,111130,2025-10-19,2025-11-06
507542,111140,2025-10-19,2025-10-27
507543,111133,2025-10-19,2026-01-16
507544,111135,2025-10-19,2025-12-24
507545,111139,2025-10-19,2025-11-05
507546,111119,2025-10-19,
507547,111141,2025-10-19,2025-10-20
507548,111142,2025-10-19,2025-11-30
507549,111144,2025-10-19,2025-12-17
507550,111131,2025-10-19,2025-11-20
507551,111118,2025-10-19,2025-10-28
507552,111137,2025-10-19,2025-11-13
507553,111115,2025-10-19,2025-12-21
507554,111116,2025-10-19,
507555,106038,2025-10-19,2025-10-25
507556,111095,2025-10-19,2025-11-16
507557,111096,2025-10-19,2026-03-17
507558,111098,2025-10-19,2025-11-16
507559,111099,2025-10-19,2025-10-26
507560,111100,2025-10-19,2025-11-16
507561,101139,2025-10-19,2025-10-30
507562,111104,2025-10-19,2025-10-23
507563,111105,2025-10-19,2025-10-25
507564,111107,2025-10-19,2025-12-02
507565,111109,2025-10-19,2026-02-27
507566,111113,2025-10-19,2025-12-12
507567,111111,2025-10-19,2026-01-17
507568,111102,2025-10-19,2025-10-28
507569,111171,2025-10-20,2025-10-25
507570,111172,2025-10-20,
507571,111174,2025-10-20,2025-10-29
507572,111175,2025-10-20,2025-11-18
507573,111176,2025-10-20,2025-12-29
507574,111178,2025-10-20,2025-12-03
507575,111180,2025-10-20,2025-10-25
507576,111184,2025-10-20,2025-10-30
507577,111183,2025-10-20,2025-12-12
507578,111186,2025-10-20,2025-10-26
507579,111188,2025-10-20,2025-10-29
507580,111189,2025-10-20,2026-05-18
507581,111191,2025-10-20,2025-11-28
507582,111170,2025-10-20,2025-10-25
507583,111192,2025-10-20,2025-12-02
507584,111194,2025-10-20,2025-10-21
507585,111181,2025-10-20,2025-12-02
507586,111168,2025-10-20,2025-10-21
507587,111162,2025-10-20,2026-01-17
507588,111165,2025-10-20,2026-02-08
507589,102079,2025-10-20,
507590,107051,2025-10-20,2025-11-20
507591,111166,2025-10-20,2025-10-24
507592,111147,2025-10-20,2026-01-19
507593,111149,2025-10-20,2025-11-30
507594,111150,2025-10-20,2025-11-12
507595,111152,2025-10-20,2026-04-23
507596,111146,2025-10-20,2025-10-27
507597,111156,2025-10-20,2026-03-12
507598,111157,2025-10-20,2025-10-23
507599,111159,2025-10-20,2025-10-31
507600,111160,2025-10-20,2025-12-10
507601,111161,2025-10-20,2025-10-26
507602,111164,2025-10-20,2025-10-29
507603,111154,2025-10-20,2025-12-29
507604,111208,2025-10-21,2025-11-02
507605,111209,2025-10-21,2026-02-06
507606,111210,2025-10-21,2026-02-12
507607,111211,2025-10-21,2025-11-07
507608,111216,2025-10-21,2026-02-02
507609,111214,2025-10-21,2025-11-22
507610,111218,2025-10-21,2025-11-27
507611,111220,2025-10-21,2025-12-09
507612,111213,2025-10-21,2026-01-08
507613,111207,2025-10-21,
507614,111205,2025-10-21,2025-10-27
507615,111203,2025-10-21,2026-04-23
507616,111202,2025-10-21,2025-11-07
507617,111200,2025-10-21,
507618,111199,2025-10-21,2026-03-02
507619,111198,2025-10-21,2025-11-17
507620,111196,2025-10-21,2025-11-09
507621,111206,2025-10-21,2026-04-11
507622,111249,2025-10-22,2025-11-01
507623,111250,2025-10-22,2025-11-02
507624,111252,2025-10-22,2025-12-22
507625,111254,2025-10-22,2026-02-20
507626,111255,2025-10-22,2025-11-10
507627,111256,2025-10-22,2026-01-06
507628,111257,2025-10-22,2025-11-16
507629,111259,2025-10-22,2026-01-05
507630,111264,2025-10-22,2025-11-10
507631,111263,2025-10-22,
507632,111247,2025-10-22,2026-01-24
507633,111265,2025-10-22,2025-10-23
507634,111267,2025-10-22,2025-11-25
507635,111269,2025-10-22,2025-11-07
507636,111270,2025-10-22,2025-11-03
507637,111272,2025-10-22,2026-07-29
507638,111261,2025-10-22,2026-01-03
507639,111245,2025-10-22,2025-10-27
507640,111268,2025-10-22,2026-04-06
507641,111241,2025-10-22,2026-01-09
507642,104587,2025-10-22,2025-10-30
507643,106542,2025-10-22,2025-12-26
507644,111223,2025-10-22,2025-11-02
507645,111224,2025-10-22,2026-03-13
507646,111225,2025-10-22,2025-12-11
507647,111226,2025-10-22,2025-11-23
507648,111228,2025-10-22,2025-10-25
507649,111222,2025-10-22,2025-10-28
507650,111231,2025-10-22,2026-08-03
507651,111240,2025-10-22,2025-10-23
507652,111229,2025-10-22,2025-11-12
507653,111238,2025-10-22,2026-01-27
507654,111243,2025-10-22,
507655,111236,2025-10-22,2025-10-24
507656,111234,2025-10-22,2025-10-25
507657,111233,2025-10-22,
507658,111299,2025-10-23,2025-11-04
507659,111297,2025-10-23,2025-11-09
507660,111295,2025-10-23,2026-02-04
507661,111294,2025-10-23,2025-12-05
507662,111293,2025-10-23,2025-11-02
507663,111291,2025-10-23,2026-06-21
507664,111289,2025-10-23,
507665,111287,2025-10-23,2026-04-15
507666,111285,2025-10-23,2026-01-03
507667,111296,2025-10-23,2026-01-13
507668,111284,2025-10-23,
507669,111281,2025-10-23,2026-02-16
507670,111280,2025-10-23,2025-12-26
507671,111278,2025-10-23,2026-01-01
507672,111276,2025-10-23,
507673,111275,2025-10-23,2026-05-20
507674,111274,2025-10-23,2026-01-21
507675,103727,2025-10-23,2026-04-29
507676,111283,2025-10-23,
507677,111343,2025-10-24,2025-12-01
507678,111342,2025-10-24,2025-10-30
507679,111356,2025-10-24,2025-11-12
507680,111336,2025-10-24,2025-10-31
507681,111339,2025-10-24,2025-12-18
507682,111338,2025-10-24,2026-01-21
507683,111344,2025-10-24,2026-01-30
507684,111335,2025-10-24,2025-11-26
507685,111341,2025-10-24,2025-10-29
507686,111345,2025-10-24,2025-12-01
507687,111350,2025-10-24,2025-11-07
507688,111347,2025-10-24,2025-12-14
507689,111349,2025-10-24,2025-12-11
507690,111351,2025-10-24,2025-10-31
507691,111352,2025-10-24,
507692,111353,2025-10-24,2025-12-21
507693,111333,2025-10-24,2025-10-30
507694,111357,2025-10-24,2025-10-30
507695,111359,2025-10-24,2025-12-01
507696,111355,2025-10-24,2025-11-28
507697,111346,2025-10-24,2025-10-29
507698,111332,2025-10-24,2026-06-05
507699,111318,2025-10-24,2026-03-16
507700,111328,2025-10-24,2025-11-03
507701,111330,2025-10-24,2026-01-27
507702,102606,2025-10-24,2025-12-07
507703,111301,2025-10-24,2025-12-28
507704,111303,2025-10-24,
507705,111305,2025-10-24,2025-11-23
507706,111308,2025-10-24,2025-12-01
507707,111310,2025-10-24,2025-10-28
507708,111311,2025-10-24,2026-02-08
507709,111307,2025-10-24,2025-10-25
507710,111315,2025-10-24,2026-01-09
507711,111316,2025-10-24,2025-10-31
507712,111320,2025-10-24,2025-11-08
507713,111321,2025-10-24,2025-11-17
507714,111323,2025-10-24,2025-10-31
507715,111325,2025-10-24,2025-11-07
507716,111327,2025-10-24,2025-11-05
507717,111313,2025-10-24,2025-10-27
507718,111389,2025-10-25,
507719,111382,2025-10-25,2025-11-26
507720,111383,2025-10-25,2026-01-12
507721,111384,2025-10-25,2025-12-15
507722,111386,2025-10-25,2025-10-26
507723,111388,2025-10-25,2025-11-07
507724,111391,2025-10-25,2025-12-01
507725,111406,2025-10-25,2025-11-06
507726,111395,2025-10-25,2025-11-08
507727,111397,2025-10-25,2025-12-15
507728,111398,2025-10-25,2026-07-12
507729,111400,2025-10-25,2026-03-03
507730,111401,2025-10-25,2025-11-14
507731,111402,2025-10-25,2025-11-25
507732,111404,2025-10-25,
507733,111380,2025-10-25,2025-10-28
507734,111393,2025-10-25,2025-12-06
507735,111378,2025-10-25,2026-06-14
507736,111374,2025-10-25,2026-01-10
507737,111376,2025-10-25,2026-03-02
507738,107079,2025-10-25,2025-11-26
507739,105949,2025-10-25,2026-04-06
507740,111377,2025-10-25,2025-11-17
507741,111360,2025-10-25,2025-11-01
507742,111362,2025-10-25,2026-01-07
507743,111363,2025-10-25,2026-06-05
507744,111365,2025-10-25,2026-02-24
507745,101238,2025-10-25,2025-11-11
507746,111367,2025-10-25,2025-10-31
507747,111369,2025-10-25,2025-12-20
507748,111371,2025-10-25,2025-12-04
507749,111372,2025-10-25,2026-05-06
507750,111373,2025-10-25,2025-10-26
507751,111375,2025-10-25,2025-11-28
507752,111366,2025-10-25,2025-10-27
507753,111432,2025-10-26,
507754,111434,2025-10-26,2025-11-09
507755,111435,2025-10-26,2025-11-23
507756,111453,2025-10-26,2025-10-29
507757,111437,2025-10-26,2026-05-13
507758,111439,2025-10-26,2025-11-20
507759,111446,2025-10-26,2025-11-05
507760,111442,2025-10-26,2025-11-23
507761,111444,2025-10-26,2025-10-27
507762,111447,2025-10-26,2025-11-16
507763,111430,2025-10-26,2025-11-17
507764,111451,2025-10-26,2025-12-17
507765,111449,2025-10-26,2025-10-30
507766,111440,2025-10-26,2025-12-12
507767,111428,2025-10-26,2025-12-29
507768,111418,2025-10-26,2025-11-16
507769,111425,2025-10-26,2025-10-30
507770,111427,2025-10-26,2025-10-31
507771,111407,2025-10-26,2026-02-23
507772,111409,2025-10-26,2025-11-10
507773,111412,2025-10-26,2025-11-15
507774,111414,2025-10-26,2025-10-29
507775,111410,2025-10-26,2026-02-23
507776,111417,2025-10-26,2025-12-04
507777,111419,2025-10-26,2025-11-06
507778,111420,2025-10-26,2026-05-06
507779,111422,2025-10-26,2025-11-09
507780,111423,2025-10-26,2025-11-12
507781,111415,2025-10-26,2026-01-10
507782,111480,2025-10-27,
507783,111474,2025-10-27,2026-02-17
507784,111475,2025-10-27,2025-11-05
507785,111477,2025-10-27,2026-01-22
507786,111479,2025-10-27,2025-10-29
507787,111481,2025-10-27,2025-11-15
507788,111489,2025-10-27,2025-11-29
507789,111483,2025-10-27,2026-04-22
507790,111484,2025-10-27,2025-12-19
507791,111485,2025-10-27,2025-12-13
507792,111487,2025-10-27,2025-10-28
507793,111472,2025-10-27,2025-12-23
507794,111490,2025-10-27,
507795,111482,2025-10-27,2026-07-25
507796,111471,2025-10-27,2025-11-03
507797,111469,2025-10-27,2026-06-21
507798,111455,2025-10-27,2025-11-19
507799,111467,2025-10-27,2026-03-06
507800,111465,2025-10-27,2025-11-12
507801,111464,2025-10-27,2025-11-18
507802,111463,2025-10-27,2025-12-02
507803,111461,2025-10-27,2026-06-26
507804,111459,2025-10-27,
507805,111457,2025-10-27,2025-11-05
507806,111456,2025-10-27,
507807,106621,2025-10-27,2025-11-20
507808,111468,2025-10-27,2025-11-30
507809,100472,2025-10-27,2026-04-08
507810,111521,2025-10-28,2026-04-09
507811,111520,2025-10-28,2025-12-07
507812,111514,2025-10-28,2025-11-24
507813,111517,2025-10-28,2025-11-02
507814,111515,2025-10-28,2026-04-12
507815,111523,2025-10-28,
507816,111519,2025-10-28,2026-07-10
507817,111524,2025-10-28,2025-11-02
507818,111537,2025-10-28,2025-12-16
507819,111527,2025-10-28,2026-02-10
507820,111529,2025-10-28,2025-11-05
507821,111530,2025-10-28,2025-11-01
507822,111532,2025-10-28,2025-11-04
507823,111536,2025-10-28,
507824,111534,2025-10-28,2025-11-06
507825,111533,2025-10-28,2026-04-07
507826,111526,2025-10-28,2026-04-04
507827,111512,2025-10-28,
507828,111493,2025-10-28,2026-01-20
507829,111510,2025-10-28,2026-01-28
507830,111511,2025-10-28,2025-11-06
507831,103787,2025-10-28,2025-11-07
507832,107354,2025-10-28,2025-10-30
507833,111491,2025-10-28,2025-11-18
507834,111494,2025-10-28,2025-10-29
507835,111496,2025-10-28,2025-10-30
507836,111497,2025-10-28,2025-11-01
507837,102408,2025-10-28,2025-11-19
507838,111500,2025-10-28,2025-11-19
507839,111502,2025-10-28,
507840,111503,2025-10-28,2025-10-29
507841,111505,2025-10-28,
507842,111507,2025-10-28,2025-11-01
507843,111509,2025-10-28,2026-02-20
507844,111498,2025-10-28,2025-11-07
507845,111567,2025-10-29,2025-11-11
507846,111569,2025-10-29,2025-12-10
507847,111571,2025-10-29,
507848,111573,2025-10-29,2025-11-09
507849,111574,2025-10-29,
507850,111575,2025-10-29,2025-11-24
507851,111576,2025-10-29,2025-11-04
507852,111581,2025-10-29,2026-02-23
507853,111579,2025-10-29,2026-03-12
507854,111580,2025-10-29,2026-02-19
507855,111583,2025-10-29,2025-12-06
507856,111584,2025-10-29,2025-11-04
507857,111586,2025-10-29,2025-11-24
507858,111588,2025-10-29,2025-11-26
507859,111565,2025-10-29,2026-02-10
507860,111577,2025-10-29,2025-11-03
507861,111564,2025-10-29,2025-11-28
507862,111541,2025-10-29,2025-11-09
507863,111561,2025-10-29,2025-11-01
507864,111563,2025-10-29,2025-11-01
507865,111539,2025-10-29,2026-05-19
507866,111542,2025-10-29,
507867,111545,2025-10-29,2026-01-06
507868,111546,2025-10-29,2026-01-26
507869,111547,2025-10-29,2026-01-02
507870,111544,2025-10-29,2025-11-22
507871,111551,2025-10-29,2025-12-09
507872,111553,2025-10-29,2026-05-09
507873,111555,2025-10-29,
507874,111557,2025-10-29,2025-10-31
507875,111559,2025-10-29,2026-07-12
507876,111549,2025-10-29,2025-11-02
507877,111615,2025-10-30,2025-11-24
507878,111608,2025-10-30,2025-12-09
507879,111610,2025-10-30,2025-12-21
507880,111611,2025-10-30,2025-11-21
507881,111612,2025-10-30,2026-05-27
507882,111614,2025-10-30,2026-06-05
507883,111617,2025-10-30,2025-11-03
507884,111628,2025-10-30,2026-02-10
507885,111620,2025-10-30,2025-11-19
507886,111621,2025-10-30,2025-11-17
507887,111623,2025-10-30,2025-12-14
507888,111625,2025-10-30,
507889,111626,2025-10-30,2026-01-01
507890,111630,2025-10-30,2025-11-11
507891,111632,2025-10-30,2025-11-13
507892,111618,2025-10-30,2025-11-01
507893,111605,2025-10-30,2026-01-31
507894,111606,2025-10-30,2025-11-24
507895,111602,2025-10-30,2025-11-09
507896,111604,2025-10-30,2025-11-06
507897,104361,2025-10-30,2025-11-03
507898,111589,2025-10-30,
507899,111591,2025-10-30,2026-02-20
507900,111592,2025-10-30,2026-02-01
507901,111594,2025-10-30,2025-12-15
507902,107503,2025-10-30,2025-11-30
507903,111596,2025-10-30,2025-10-31
507904,111597,2025-10-30,2025-11-11
507905,111598,2025-10-30,2026-03-22
507906,111599,2025-10-30,2025-11-01
507907,111601,2025-10-30,2025-12-06
507908,111595,2025-10-30,2026-01-27
507909,111673,2025-10-31,2026-03-21
507910,111662,2025-10-31,2025-11-02
507911,111664,2025-10-31,2025-11-07
507912,111665,2025-10-31,2025-11-15
507913,111667,2025-10-31,2026-03-17
507914,111669,2025-10-31,
507915,111671,2025-10-31,2025-12-20
507916,111672,2025-10-31,2026-07-28
507917,111674,2025-10-31,2026-04-01
507918,111660,2025-10-31,2025-11-01
507919,111677,2025-10-31,2026-03-20
507920,111679,2025-10-31,2026-02-19
507921,111680,2025-10-31,2026-01-26
507922,111682,2025-10-31,2025-11-08
507923,111683,2025-10-31,2025-11-08
507924,111688,2025-10-31,
507925,111687,2025-10-31,
507926,111685,2025-10-31,
507927,111676,2025-10-31,2025-11-01
507928,111658,2025-10-31,2025-11-27
507929,111646,2025-10-31,2025-12-31
507930,111655,2025-10-31,2026-01-10
507931,109485,2025-10-31,2025-12-01
507932,111633,2025-10-31,2025-12-15
507933,111636,2025-10-31,2025-11-04
507934,111638,2025-10-31,2026-01-12
507935,111640,2025-10-31,2025-12-03
507936,111642,2025-10-31,2025-11-02
507937,111643,2025-10-31,2025-11-14
507938,111634,2025-10-31,
507939,111656,2025-10-31,2025-11-27
507940,111648,2025-10-31,2025-12-10
507941,111650,2025-10-31,2025-11-03
507942,111651,2025-10-31,2025-12-17
507943,111652,2025-10-31,
507944,111654,2025-10-31,2025-11-05
507945,111645,2025-10-31,2025-12-05
507946,111733,2025-11-01,2025-11-07
507947,111732,2025-11-01,2026-06-11
507948,111730,2025-11-01,2025-11-21
507949,111729,2025-11-01,2025-12-09
507950,111723,2025-11-01,2025-11-02
507951,111727,2025-11-01,2025-11-11
507952,111725,2025-11-01,2025-11-09
507953,111721,2025-11-01,
507954,111735,2025-11-01,2025-11-19
507955,111728,2025-11-01,2025-12-11
507956,111737,2025-11-01,
507957,111750,2025-11-01,2025-11-20
507958,111741,2025-11-01,2025-11-18
507959,111742,2025-11-01,2025-11-09
507960,111744,2025-11-01,2025-11-03
507961,111745,2025-11-01,2026-02-21
507962,111747,2025-11-01,2025-11-16
507963,111748,2025-11-01,2025-11-07
507964,111719,2025-11-01,
507965,111752,2025-11-01,2025-11-02
507966,111754,2025-11-01,2025-11-18
507967,111756,2025-11-01,2025-11-24
507968,111739,2025-11-01,2025-11-06
507969,111717,2025-11-01,2025-11-02
507970,111715,2025-11-01,2026-02-02
507971,111696,2025-11-01,2025-11-05
507972,101191,2025-11-01,2025-11-13
507973,111716,2025-11-01,2025-11-11
507974,111690,2025-11-01,2025-11-17
507975,111692,2025-11-01,2026-02-25
507976,111694,2025-11-01,2026-01-17
507977,111695,2025-11-01,2025-11-24
507978,111697,2025-11-01,2026-02-04
507979,111699,2025-11-01,
507980,101735,2025-11-01,2025-11-12
507981,111701,2025-11-01,2026-01-18
507982,111703,2025-11-01,2026-03-13
507983,111704,2025-11-01,2026-02-22
507984,111706,2025-11-01,2026-03-27
507985,111708,2025-11-01,2025-12-15
507986,111709,2025-11-01,2026-01-10
507987,111710,2025-11-01,2025-11-22
507988,111711,2025-11-01,
507989,111712,2025-11-01,2025-12-14
507990,111714,2025-11-01,
507991,111702,2025-11-01,
507992,111787,2025-11-02,2025-11-03
507993,111786,2025-11-02,2025-11-07
507994,111785,2025-11-02,2026-01-31
507995,111780,2025-11-02,2026-07-11
507996,111782,2025-11-02,2026-04-08
507997,111802,2025-11-02,2025-12-11
507998,111783,2025-11-02,2025-11-22
507999,111788,2025-11-02,2026-01-02
508000,111798,2025-11-02,2025-11-24
508001,111792,2025-11-02,2025-11-30
508002,111793,2025-11-02,2025-11-03
508003,111794,2025-11-02,2025-11-03
508004,111795,2025-11-02,2025-12-27
508005,111797,2025-11-02,2025-11-11
508006,111801,2025-11-02,2025-11-06
508007,111799,2025-11-02,2025-12-06
508008,111790,2025-11-02,2025-11-06
508009,111778,2025-11-02,
508010,111766,2025-11-02,2025-11-19
508011,111775,2025-11-02,2026-05-01
508012,103673,2025-11-02,2026-03-18
508013,111758,2025-11-02,2025-11-07
508014,111759,2025-11-02,2026-01-29
508015,111760,2025-11-02,2025-11-07
508016,111761,2025-11-02,2025-11-29
508017,111763,2025-11-02,
508018,100565,2025-11-02,2025-11-10
508019,111767,2025-11-02,2026-05-25
508020,111764,2025-11-02,2025-11-09
508021,111774,2025-11-02,2025-12-26
508022,111772,2025-11-02,2026-04-20
508023,111777,2025-11-02,2025-11-21
508024,111770,2025-11-02,2025-12-04
508025,111769,2025-11-02,2025-12-08
508026,111771,2025-11-02,2025-11-22
508027,111843,2025-11-03,2026-01-17
508028,111825,2025-11-03,2025-11-22
508029,111827,2025-11-03,2026-02-09
508030,111828,2025-11-03,
508031,111829,2025-11-03,
508032,111830,2025-11-03,2026-04-25
508033,111831,2025-11-03,2025-11-10
508034,111834,2025-11-03,2025-11-07
508035,111836,2025-11-03,2025-11-05
508036,111840,2025-11-03,2026-02-09
508037,111841,2025-11-03,2025-11-23
508038,111823,2025-11-03,2025-11-24
508039,111842,2025-11-03,2025-12-10
508040,111833,2025-11-03,2026-01-28
508041,111838,2025-11-03,2026-03-09
508042,111822,2025-11-03,2025-11-04
508043,111819,2025-11-03,2025-11-18
508044,111821,2025-11-03,2026-03-01
508045,100913,2025-11-03,2025-12-30
508046,105801,2025-11-03,2025-11-11
508047,111805,2025-11-03,2025-12-12
508048,111807,2025-11-03,2026-02-11
508049,111809,2025-11-03,2025-11-09
508050,111804,2025-11-03,2026-01-18
508051,111811,2025-11-03,2026-03-13
508052,111813,2025-11-03,2025-12-08
508053,111815,2025-11-03,2026-04-20
508054,111817,2025-11-03,2026-06-19
508055,111818,2025-11-03,2025-11-05
508056,111810,2025-11-03,2025-11-04
508057,111882,2025-11-04,2025-12-31
508058,111873,2025-11-04,2025-11-26
508059,111875,2025-11-04,2025-11-16
508060,111876,2025-11-04,2025-11-05
508061,111878,2025-11-04,2026-01-24
508062,111880,2025-11-04,2026-03-06
508063,111881,2025-11-04,2025-12-13
508064,111884,2025-11-04,2026-01-21
508065,111893,2025-11-04,2026-03-01
508066,111897,2025-11-04,2026-01-01
508067,111887,2025-11-04,2025-11-05
508068,111889,2025-11-04,2026-07-04
508069,111890,2025-11-04,2026-06-17
508070,111891,2025-11-04,2025-11-05
508071,111872,2025-11-04,2025-11-16
508072,111895,2025-11-04,2025-11-20
508073,111886,2025-11-04,2026-02-24
508074,111870,2025-11-04,2025-12-07
508075,111852,2025-11-04,2025-12-25
508076,111867,2025-11-04,2026-06-27
508077,111869,2025-11-04,2025-11-18
508078,102219,2025-11-04,2025-12-24
508079,102221,2025-11-04,2025-11-13
508080,111845,2025-11-04,2025-12-10
508081,111847,2025-11-04,2026-02-18
508082,111851,2025-11-04,2025-11-26
508083,111853,2025-11-04,2025-11-08
508084,111855,2025-11-04,2025-11-16
508085,111849,2025-11-04,2025-11-27
508086,111858,2025-11-04,2025-11-05
508087,111859,2025-11-04,2026-01-21
508088,111860,2025-11-04,2026-03-19
508089,111861,2025-11-04,2025-11-28
508090,111862,2025-11-04,2026-02-03
508091,111864,2025-11-04,2026-02-07
508092,111866,2025-11-04,2026-01-27
508093,111857,2025-11-04,2026-02-19
508094,111937,2025-11-05,2025-12-19
508095,111928,2025-11-05,2025-11-17
508096,111930,2025-11-05,2026-04-24
508097,111931,2025-11-05,2025-11-21
508098,111933,2025-11-05,2025-11-16
508099,111934,2025-11-05,
508100,111935,2025-11-05,2025-11-20
508101,111938,2025-11-05,2025-11-10
508102,111950,2025-11-05,2025-11-13
508103,111940,2025-11-05,2025-11-19
508104,111941,2025-11-05,2025-11-07
508105,111942,2025-11-05,2025-12-15
508106,111944,2025-11-05,2025-12-06
508107,111945,2025-11-05,2026-01-18
508108,111947,2025-11-05,2025-11-12
508109,111948,2025-11-05,2025-11-18
508110,111926,2025-11-05,2025-11-08
508111,111939,2025-11-05,2025-11-06
508112,111925,2025-11-05,
508113,111923,2025-11-05,2025-11-13
508114,111921,2025-11-05,2026-03-04
508115,106253,2025-11-05,2025-11-14
508116,111899,2025-11-05,2026-07-03
508117,111900,2025-11-05,2026-02-02
508118,111902,2025-11-05,
508119,111904,2025-11-05,2025-12-16
508120,111906,2025-11-05,2025-11-07
508121,111908,2025-11-05,2025-11-12
508122,111901,2025-11-05,2026-01-21
508123,111910,2025-11-05,2025-12-02
508124,111912,2025-11-05,2025-12-21
508125,111914,2025-11-05,2026-02-03
508126,111916,2025-11-05,2026-01-19
508127,111918,2025-11-05,2026-05-27
508128,111920,2025-11-05,2025-12-20
508129,111909,2025-11-05,2025-11-13
508130,111989,2025-11-06,
508131,111980,2025-11-06,2025-12-08
508132,111982,2025-11-06,2025-11-16
508133,112008,2025-11-06,
508134,111983,2025-11-06,2026-03-03
508135,111984,2025-11-06,2026-01-10
508136,111985,2025-11-06,2025-11-08
508137,111987,2025-11-06,2026-01-01
508138,111990,2025-11-06,2026-04-09
508139,112006,2025-11-06,
508140,111993,2025-11-06,2025-11-07
508141,111995,2025-11-06,2025-11-07
508142,111996,2025-11-06,2026-08-01
508143,111998,2025-11-06,2025-11-27
508144,111999,2025-11-06,2025-11-29
508145,112001,2025-11-06,2026-06-02
508146,111978,2025-11-06,2025-11-17
508147,112004,2025-11-06,2026-02-17
508148,112002,2025-11-06,2026-01-30
508149,111991,2025-11-06,2026-05-08
508150,111977,2025-11-06,
508151,111969,2025-11-06,2025-11-23
508152,111974,2025-11-06,2025-11-07
508153,111953,2025-11-06,2025-12-04
508154,111954,2025-11-06,2026-02-11
508155,111955,2025-11-06,2025-11-16
508156,111957,2025-11-06,
508157,111958,2025-11-06,
508158,111960,2025-11-06,2025-11-18
508159,111961,2025-11-06,
508160,111952,2025-11-06,2025-11-22
508161,111964,2025-11-06,2025-11-29
508162,111962,2025-11-06,2025-11-15
508163,111973,2025-11-06,2026-03-29
508164,111971,2025-11-06,2026-02-12
508165,111975,2025-11-06,2025-11-12
508166,111967,2025-11-06,2026-02-13
508167,111965,2025-11-06,2025-11-24
508168,111970,2025-11-06,2025-12-22
508169,112023,2025-11-07,2026-03-25
508170,112025,2025-11-07,2026-05-17
508171,112027,2025-11-07,2025-12-07
508172,112028,2025-11-07,2025-12-09
508173,112030,2025-11-07,2025-11-19
508174,112032,2025-11-07,
508175,112033,2025-11-07,2025-11-13
508176,112036,2025-11-07,2026-03-27
508177,112040,2025-11-07,2025-11-24
508178,112042,2025-11-07,2026-01-09
508179,112043,2025-11-07,2025-12-28
508180,112022,2025-11-07,2026-05-10
508181,112034,2025-11-07,2026-01-22
508182,112038,2025-11-07,2026-02-22
508183,112020,2025-11-07,2025-11-21
508184,112017,2025-11-07,2025-12-13
508185,112016,2025-11-07,2025-11-24
508186,112015,2025-11-07,2026-03-05
508187,112014,2025-11-07,2025-11-15
508188,112013,2025-11-07,
508189,112011,2025-11-07,2025-11-19
508190,112010,2025-11-07,2025-12-28
508191,102562,2025-11-07,2025-11-18
508192,112019,2025-11-07,2025-11-09
508193,104862,2025-11-07,2026-05-02
508194,112085,2025-11-08,
508195,112084,2025-11-08,2025-11-10
508196,112083,2025-11-08,2026-03-08
508197,112081,2025-11-08,2026-02-07
508198,112077,2025-11-08,2025-11-15
508199,112079,2025-11-08,2025-12-05
508200,112086,2025-11-08,2025-11-21
508201,112075,2025-11-08,2025-11-10
508202,112073,2025-11-08,2026-03-18
508203,112080,2025-11-08,2026-03-26
508204,112087,2025-11-08,2025-11-16
508205,112093,2025-11-08,2026-01-08
508206,112090,2025-11-08,2026-03-25
508207,112091,2025-11-08,
508208,112092,2025-11-08,2025-12-14
508209,112094,2025-11-08,2025-12-20
508210,112098,2025-11-08,
508211,112100,2025-11-08,2025-12-30
508212,112102,2025-11-08,2025-11-13
508213,112103,2025-11-08,2025-12-08
508214,112097,2025-11-08,2025-11-21
508215,112095,2025-11-08,2026-03-26
508216,112088,2025-11-08,2025-11-09
508217,112072,2025-11-08,2026-02-08
508218,112068,2025-11-08,2025-11-11
508219,112069,2025-11-08,2025-11-10
508220,105926,2025-11-08,2025-11-11
508221,112071,2025-11-08,2026-06-08
508222,104252,2025-11-08,2025-11-10
508223,112045,2025-11-08,2026-02-17
508224,112046,2025-11-08,2025-11-17
508225,112048,2025-11-08,2025-11-21
508226,112049,2025-11-08,2026-01-01
508227,112051,2025-11-08,2025-11-30
508228,112052,2025-11-08,2026-05-14
508229,104297,2025-11-08,2025-11-22
508230,112054,2025-11-08,2026-01-22
508231,112053,2025-11-08,2025-11-10
508232,112064,2025-11-08,2025-12-13
508233,112062,2025-11-08,2025-11-25
508234,112066,2025-11-08,2026-02-10
508235,112059,2025-11-08,2025-11-17
508236,112057,2025-11-08,2026-01-08
508237,112055,2025-11-08,2025-12-14
508238,112060,2025-11-08,2025-11-11
508239,112137,2025-11-09,2025-11-11
508240,112139,2025-11-09,2025-12-20
508241,112141,2025-11-09,
508242,112150,2025-11-09,2026-01-14
508243,112142,2025-11-09,2026-04-01
508244,112143,2025-11-09,2025-12-30
508245,112144,2025-11-09,
508246,112145,2025-11-09,2026-02-21
508247,112147,2025-11-09,2025-11-17
508248,112148,2025-11-09,2025-11-22
508249,112149,2025-11-09,2026-01-06
508250,112152,2025-11-09,2026-01-02
508251,112158,2025-11-09,2026-05-15
508252,112154,2025-11-09,2025-12-12
508253,112156,2025-11-09,2026-05-17
508254,112160,2025-11-09,2025-11-11
508255,112162,2025-11-09,2026-02-21
508256,112164,2025-11-09,
508257,112165,2025-11-09,2025-11-14
508258,112166,2025-11-09,2026-05-10
508259,112136,2025-11-09,2025-12-21
508260,112170,2025-11-09,2025-11-13
508261,112172,2025-11-09,2025-11-10
508262,112173,2025-11-09,2025-11-21
508263,112153,2025-11-09,2025-12-29
508264,112134,2025-11-09,2026-01-02
508265,112168,2025-11-09,2026-01-03
508266,112131,2025-11-09,2026-06-21
508267,112133,2025-11-09,2025-11-27
508268,107034,2025-11-09,2025-11-10
508269,104092,2025-11-09,2025-11-29
508270,103035,2025-11-09,2025-12-24
508271,103258,2025-11-09,2026-04-01
508272,112104,2025-11-09,2026-04-03
508273,112105,2025-11-09,2026-01-22
508274,112107,2025-11-09,2025-11-12
508275,112111,2025-11-09,2025-11-17
508276,112112,2025-11-09,2026-02-12
508277,112114,2025-11-09,2025-12-11
508278,112109,2025-11-09,2026-01-03
508279,112118,2025-11-09,2026-01-14
508280,112119,2025-11-09,2026-01-29
508281,112120,2025-11-09,2026-03-12
508282,112121,2025-11-09,2025-12-21
508283,112122,2025-11-09,2025-11-25
508284,112124,2025-11-09,2025-11-28
508285,112116,2025-11-09,
508286,112125,2025-11-09,2026-03-16
508287,112127,2025-11-09,2026-07-22
508288,112128,2025-11-09,2025-12-03
508289,112130,2025-11-09,2026-01-22
508290,112211,2025-11-10,2025-11-11
508291,112209,2025-11-10,2025-12-18
508292,112204,2025-11-10,
508293,112203,2025-11-10,2025-12-14
508294,112213,2025-11-10,2026-01-25
508295,112208,2025-11-10,2025-11-12
508296,112215,2025-11-10,2026-01-17
508297,112227,2025-11-10,2025-12-03
508298,112217,2025-11-10,2025-11-17
508299,112219,2025-11-10,2025-12-05
508300,112221,2025-11-10,2026-04-10
508301,112222,2025-11-10,2025-11-25
508302,112224,2025-11-10,2025-12-04
508303,112225,2025-11-10,
508304,112201,2025-11-10,2026-02-09
508305,112216,2025-11-10,2026-01-12
508306,112200,2025-11-10,2025-11-20
508307,112206,2025-11-10,2025-12-28
508308,112196,2025-11-10,2025-11-22
508309,101529,2025-11-10,2026-01-03
508310,112175,2025-11-10,2025-12-05
508311,112198,2025-11-10,2026-03-04
508312,112178,2025-11-10,2025-11-11
508313,112180,2025-11-10,2026-01-24
508314,112182,2025-11-10,2026-02-14
508315,112184,2025-11-10,2026-03-09
508316,112176,2025-11-10,2026-02-12
508317,112186,2025-11-10,2025-12-02
508318,112187,2025-11-10,2025-11-21
508319,112188,2025-11-10,2026-01-18
508320,112190,2025-11-10,2026-04-19
508321,112192,2025-11-10,2025-12-24
508322,112194,2025-11-10,2025-11-16
508323,112185,2025-11-10,2025-12-05
508324,112240,2025-11-11,2025-12-25
508325,112242,2025-11-11,2025-11-12
508326,112244,2025-11-11,2026-01-07
508327,112246,2025-11-11,2025-11-13
508328,112250,2025-11-11,2025-11-18
508329,112248,2025-11-11,2025-12-21
508330,112252,2025-11-11,2025-12-01
508331,112254,2025-11-11,2025-12-14
508332,112247,2025-11-11,2025-12-04
508333,112238,2025-11-11,2025-12-02
508334,112235,2025-11-11,2026-02-12
508335,112234,2025-11-11,2025-11-14
508336,112233,2025-11-11,2025-11-21
508337,112232,2025-11-11,2026-06-25
508338,112231,2025-11-11,2025-11-14
508339,112230,2025-11-11,2026-06-26
508340,112229,2025-11-11,2025-11-12
508341,112228,2025-11-11,2025-12-16
508342,101175,2025-11-11,2025-11-21
508343,112237,2025-11-11,2025-11-20
508344,112279,2025-11-12,2025-12-04
508345,112280,2025-11-12,2026-01-28
508346,112281,2025-11-12,2026-02-15
508347,112283,2025-11-12,2025-12-13
508348,112284,2025-11-12,
508349,112285,2025-11-12,2025-12-07
508350,112291,2025-11-12,2025-12-14
508351,112287,2025-11-12,2025-11-26
508352,112289,2025-11-12,2026-04-23
508353,112292,2025-11-12,2026-01-03
508354,112294,2025-11-12,2025-12-13
508355,112295,2025-11-12,
508356,112286,2025-11-12,2025-11-13
508357,112277,2025-11-12,
508358,112272,2025-11-12,2026-05-13
508359,112274,2025-11-12,2025-11-25
508360,112275,2025-11-12,2026-02-15
508361,102271,2025-11-12,2025-12-31
508362,112255,2025-11-12,2025-11-24
508363,112258,2025-11-12,2026-02-27
508364,112259,2025-11-12,2025-11-20
508365,112260,2025-11-12,
508366,112257,2025-11-12,2025-11-13
508367,112263,2025-11-12,2025-11-18
508368,112264,2025-11-12,2025-11-15
508369,112266,2025-11-12,2025-11-28
508370,112268,2025-11-12,2025-12-27
508371,112270,2025-11-12,2025-12-24
508372,112262,2025-11-12,2025-11-15
508373,112336,2025-11-13,
508374,112325,2025-11-13,2026-02-20
508375,112327,2025-11-13,2025-11-24
508376,112329,2025-11-13,2025-11-23
508377,112331,2025-11-13,2025-12-09
508378,112332,2025-11-13,2025-11-24
508379,112334,2025-11-13,2026-01-30
508380,112337,2025-11-13,2026-03-30
508381,112345,2025-11-13,2025-11-16
508382,112339,2025-11-13,2026-05-20
508383,112340,2025-11-13,2026-05-12
508384,112341,2025-11-13,2026-02-20
508385,112342,2025-11-13,
508386,112344,2025-11-13,2025-12-26
508387,112323,2025-11-13,2025-12-07
508388,112346,2025-11-13,2025-11-26
508389,112348,2025-11-13,2026-02-26
508390,112338,2025-11-13,2026-02-04
508391,112322,2025-11-13,2026-02-13
508392,112321,2025-11-13,2025-12-14
508393,112302,2025-11-13,2026-02-22
508394,112319,2025-11-13,
508395,112296,2025-11-13,2025-12-17
508396,112297,2025-11-13,2025-11-19
508397,112299,2025-11-13,2025-11-30
508398,112300,2025-11-13,2025-12-14
508399,112304,2025-11-13,2025-12-06
508400,109017,2025-11-13,
508401,112307,2025-11-13,2026-01-10
508402,112305,2025-11-13,2025-11-19
508403,112310,2025-11-13,2025-11-26
508404,112311,2025-11-13,2025-11-22
508405,112312,2025-11-13,2026-04-05
508406,112313,2025-11-13,
508407,112315,2025-11-13,2025-11-21
508408,112316,2025-11-13,2025-12-29
508409,112317,2025-11-13,2025-11-17
508410,112309,2025-11-13,2026-05-31
508411,112381,2025-11-14,2025-11-23
508412,112379,2025-11-14,2026-02-16
508413,112378,2025-11-14,2026-03-25
508414,112373,2025-11-14,
508415,112375,2025-11-14,
508416,112383,2025-11-14,2026-04-26
508417,112376,2025-11-14,2025-11-22
508418,112384,2025-11-14,2025-12-06
508419,112397,2025-11-14,2025-12-26
508420,112387,2025-11-14,2026-01-07
508421,112389,2025-11-14,2026-02-09
508422,112391,2025-11-14,2025-12-11
508423,112393,2025-11-14,
508424,112395,2025-11-14,2025-11-25
508425,112399,2025-11-14,2025-11-16
508426,112385,2025-11-14,2026-02-04
508427,112372,2025-11-14,2026-03-14
508428,112382,2025-11-14,
508429,112369,2025-11-14,2025-11-20
508430,112371,2025-11-14,2025-11-16
508431,110407,2025-11-14,2025-12-04
508432,109139,2025-11-14,2026-02-19
508433,112349,2025-11-14,2025-11-21
508434,112351,2025-11-14,
508435,112353,2025-11-14,2026-02-28
508436,112355,2025-11-14,
508437,112357,2025-11-14,
508438,112350,2025-11-14,2025-11-23
508439,112360,2025-11-14,2025-11-16
508440,112362,2025-11-14,2025-12-14
508441,112363,2025-11-14,
508442,112364,2025-11-14,2025-12-01
508443,112366,2025-11-14,2026-05-29
508444,112358,2025-11-14,2025-11-17
508445,112368,2025-11-14,2026-04-13
508446,112438,2025-11-15,2026-02-21
508447,112447,2025-11-15,2026-01-14
508448,112445,2025-11-15,2025-12-15
508449,112444,2025-11-15,2026-03-01
508450,112441,2025-11-15,2026-05-11
508451,112442,2025-11-15,2025-11-17
508452,112439,2025-11-15,2026-03-04
508453,112448,2025-11-15,2025-11-20
508454,112443,2025-11-15,2025-12-02
508455,112450,2025-11-15,2025-11-16
508456,112463,2025-11-15,
508457,112454,2025-11-15,2026-05-27
508458,112456,2025-11-15,2025-11-22
508459,112457,2025-11-15,2025-12-17
508460,112459,2025-11-15,2025-12-21
508461,112460,2025-11-15,2025-12-16
508462,112461,2025-11-15,2025-12-04
508463,112462,2025-11-15,2025-11-30
508464,112465,2025-11-15,2026-03-09
508465,112466,2025-11-15,2025-12-02
508466,112467,2025-11-15,2026-02-26
508467,112452,2025-11-15,
508468,112434,2025-11-15,2026-02-20
508469,112436,2025-11-15,2026-01-17
508470,112431,2025-11-15,
508471,112433,2025-11-15,2026-05-09
508472,112401,2025-11-15,2026-01-05
508473,112402,2025-11-15,
508474,112404,2025-11-15,2026-03-13
508475,112405,2025-11-15,2025-12-24
508476,112406,2025-11-15,2025-11-18
508477,112407,2025-11-15,2025-12-24
508478,112409,2025-11-15,2025-11-17
508479,112411,2025-11-15,
508480,112413,2025-11-15,2025-11-27
508481,112400,2025-11-15,2026-06-16
508482,112416,2025-11-15,2025-11-17
508483,112414,2025-11-15,2025-11-16
508484,112427,2025-11-15,2025-12-16
508485,112426,2025-11-15,2026-05-04
508486,112424,2025-11-15,2025-11-19
508487,112429,2025-11-15,2026-03-23
508488,112421,2025-11-15,2025-12-12
508489,112420,2025-11-15,2025-11-18
508490,112418,2025-11-15,2025-11-20
508491,112417,2025-11-15,2025-12-25
508492,112422,2025-11-15,2026-06-28
508493,112512,2025-11-16,2025-11-29
508494,112502,2025-11-16,2025-11-22
508495,112504,2025-11-16,2025-12-20
508496,112506,2025-11-16,2026-05-30
508497,112507,2025-11-16,2025-11-19
508498,112508,2025-11-16,2025-11-23
508499,112510,2025-11-16,2025-11-28
508500,112511,2025-11-16,2025-12-05
508501,112514,2025-11-16,2026-01-23
508502,112522,2025-11-16,2025-11-24
508503,112517,2025-11-16,2026-03-18
508504,112518,2025-11-16,2026-06-25
508505,112519,2025-11-16,2026-02-15
508506,112521,2025-11-16,2025-12-16
508507,112524,2025-11-16,2025-12-14
508508,112525,2025-11-16,2026-02-09
508509,112526,2025-11-16,2025-12-21
508510,112501,2025-11-16,2025-11-30
508511,112528,2025-11-16,2025-11-17
508512,112516,2025-11-16,2025-11-24
508513,112499,2025-11-16,
508514,112482,2025-11-16,
508515,112496,2025-11-16,2026-01-05
508516,110095,2025-11-16,2025-12-12
508517,112468,2025-11-16,2025-12-14
508518,112472,2025-11-16,2025-12-09
508519,112473,2025-11-16,2025-12-21
508520,112475,2025-11-16,2025-11-25
508521,112476,2025-11-16,2026-04-23
508522,112478,2025-11-16,2026-02-15
508523,112479,2025-11-16,2025-12-04
508524,112481,2025-11-16,2025-11-23
508525,112470,2025-11-16,
508526,112484,2025-11-16,2025-11-19
508527,112486,2025-11-16,2026-02-18
508528,112487,2025-11-16,2025-12-07
508529,112489,2025-11-16,2026-01-05
508530,112490,2025-11-16,
508531,112492,2025-11-16,2026-02-27
508532,112493,2025-11-16,
508533,112495,2025-11-16,2025-12-14
508534,112498,2025-11-16,2025-11-17
508535,112555,2025-11-17,2025-11-21
508536,112557,2025-11-17,2026-05-14
508537,112559,2025-11-17,2026-01-09
508538,112561,2025-11-17,
508539,112563,2025-11-17,2026-05-06
508540,112565,2025-11-17,
508541,112574,2025-11-17,2026-01-06
508542,112569,2025-11-17,2026-01-07
508543,112570,2025-11-17,2026-02-16
508544,112572,2025-11-17,2025-12-09
508545,112575,2025-11-17,2025-12-25
508546,112576,2025-11-17,2025-12-30
508547,112554,2025-11-17,2025-12-03
508548,112567,2025-11-17,2025-12-05
508549,112553,2025-11-17,2026-07-04
508550,112551,2025-11-17,2025-11-22
508551,112532,2025-11-17,
508552,101163,2025-11-17,2026-01-17
508553,112530,2025-11-17,2025-11-18
508554,112531,2025-11-17,2025-12-02
508555,112534,2025-11-17,2026-06-21
508556,112536,2025-11-17,2025-12-09
508557,112552,2025-11-17,2026-02-13
508558,112537,2025-11-17,2026-04-05
508559,112540,2025-11-17,
508560,112542,2025-11-17,2025-12-04
508561,112544,2025-11-17,2025-11-27
508562,112546,2025-11-17,2026-01-10
508563,112547,2025-11-17,2026-02-08
508564,112549,2025-11-17,2025-12-30
508565,112539,2025-11-17,2025-12-12
508566,112612,2025-11-18,2025-11-24
508567,112611,2025-11-18,2025-12-02
508568,112609,2025-11-18,2025-12-03
508569,112605,2025-11-18,2025-12-31
508570,112606,2025-11-18,2025-11-25
508571,112630,2025-11-18,
508572,112613,2025-11-18,2026-01-29
508573,112608,2025-11-18,2025-12-25
508574,112614,2025-11-18,2025-11-20
508575,112627,2025-11-18,2026-07-07
508576,112617,2025-11-18,2025-11-22
508577,112619,2025-11-18,2026-03-22
508578,112621,2025-11-18,2025-11-27
508579,112623,2025-11-18,2026-01-13
508580,112624,2025-11-18,2025-12-19
508581,112625,2025-11-18,2026-05-01
508582,112628,2025-11-18,2025-12-03
508583,112616,2025-11-18,2025-12-27
508584,112603,2025-11-18,2025-12-27
508585,112598,2025-11-18,2025-11-28
508586,112599,2025-11-18,2025-12-03
508587,108696,2025-11-18,2025-12-19
508588,112578,2025-11-18,2025-12-31
508589,112580,2025-11-18,2026-02-19
508590,112581,2025-11-18,2026-01-01
508591,112582,2025-11-18,2025-11-24
508592,112583,2025-11-18,2025-12-04
508593,112585,2025-11-18,2025-12-04
508594,112601,2025-11-18,2025-11-28
508595,112588,2025-11-18,2026-02-14
508596,112589,2025-11-18,2026-03-29
508597,112591,2025-11-18,2026-01-10
508598,112593,2025-11-18,
508599,112594,2025-11-18,2025-11-23
508600,112596,2025-11-18,2025-11-20
508601,112587,2025-11-18,2026-04-13
508602,112652,2025-11-19,2025-12-10
508603,112654,2025-11-19,2025-12-13
508604,112655,2025-11-19,2025-11-20
508605,112656,2025-11-19,2026-05-11
508606,112657,2025-11-19,
508607,112658,2025-11-19,2026-02-03
508608,112664,2025-11-19,2025-12-30
508609,112662,2025-11-19,2025-11-24
508610,112663,2025-11-19,2025-11-22
508611,112666,2025-11-19,2025-11-29
508612,112668,2025-11-19,
508613,112669,2025-11-19,2026-05-07
508614,112651,2025-11-19,2025-12-08
508615,112660,2025-11-19,2025-11-22
508616,112671,2025-11-19,2025-11-23
508617,112650,2025-11-19,2025-12-12
508618,112647,2025-11-19,2025-11-30
508619,112649,2025-11-19,2025-12-07
508620,105941,2025-11-19,2026-03-01
508621,104060,2025-11-19,2025-12-15
508622,112631,2025-11-19,2026-07-11
508623,112634,2025-11-19,2025-11-22
508624,112636,2025-11-19,2025-11-24
508625,112637,2025-11-19,2025-12-03
508626,112632,2025-11-19,2025-11-20
508627,112640,2025-11-19,2025-12-30
508628,112641,2025-11-19,2025-11-25
508629,112642,2025-11-19,2026-02-03
508630,112643,2025-11-19,2025-11-20
508631,112644,2025-11-19,2026-02-01
508632,112646,2025-11-19,2026-02-06
508633,112638,2025-11-19,
508634,112702,2025-11-20,2025-11-25
508635,112694,2025-11-20,2025-11-23
508636,112696,2025-11-20,2026-04-23
508637,112698,2025-11-20,2025-12-05
508638,112699,2025-11-20,2026-03-23
508639,112700,2025-11-20,2025-12-05
508640,112705,2025-11-20,2025-12-01
508641,112717,2025-11-20,2026-04-07
508642,112708,2025-11-20,2025-12-15
508643,112709,2025-11-20,2025-11-24
508644,112710,2025-11-20,2025-11-27
508645,112711,2025-11-20,
508646,112713,2025-11-20,2025-12-26
508647,112715,2025-11-20,2025-11-22
508648,112693,2025-11-20,2026-01-20
508649,112707,2025-11-20,2025-11-22
508650,112692,2025-11-20,2025-12-21
508651,112704,2025-11-20,
508652,112688,2025-11-20,2026-04-05
508653,102682,2025-11-20,2026-01-17
508654,112672,2025-11-20,2025-11-25
508655,112673,2025-11-20,2026-01-02
508656,112675,2025-11-20,2025-11-29
508657,112676,2025-11-20,2026-07-21
508658,112678,2025-11-20,2026-03-24
508659,112690,2025-11-20,2025-11-22
508660,110426,2025-11-20,2026-03-31
508661,112681,2025-11-20,2026-05-22
508662,112682,2025-11-20,2026-07-28
508663,112684,2025-11-20,2026-06-18
508664,112685,2025-11-20,2026-04-11
508665,112686,2025-11-20,2025-12-18
508666,112687,2025-11-20,2026-04-24
508667,112679,2025-11-20,2025-12-06
508668,112736,2025-11-21,2025-12-05
508669,112738,2025-11-21,2025-12-19
508670,112739,2025-11-21,2025-12-11
508671,112740,2025-11-21,2026-02-24
508672,112742,2025-11-21,2025-11-23
508673,112746,2025-11-21,2026-01-08
508674,112744,2025-11-21,2026-03-26
508675,112745,2025-11-21,2025-12-25
508676,112747,2025-11-21,
508677,112749,2025-11-21,2026-06-07
508678,112734,2025-11-21,2025-12-02
508679,112743,2025-11-21,2025-12-15
508680,112733,2025-11-21,2025-12-02
508681,112731,2025-11-21,2026-03-25
508682,112729,2025-11-21,2026-03-02
508683,112727,2025-11-21,
508684,112725,2025-11-21,2025-11-24
508685,112723,2025-11-21,2025-11-22
508686,112722,2025-11-21,2026-03-16
508687,112721,2025-11-21,2026-05-20
508688,112720,2025-11-21,2025-11-22
508689,112719,2025-11-21,2026-01-25
508690,112718,2025-11-21,2026-01-25
508691,104079,2025-11-21,2025-12-17
508692,112788,2025-11-22,2025-12-09
508693,112787,2025-11-22,2026-03-26
508694,112786,2025-11-22,2025-11-25
508695,112780,2025-11-22,2025-12-17
508696,112783,2025-11-22,2026-02-02
508697,112782,2025-11-22,2025-12-10
508698,112789,2025-11-22,2025-11-28
508699,112784,2025-11-22,
508700,112790,2025-11-22,2025-12-04
508701,112798,2025-11-22,2025-12-09
508702,112794,2025-11-22,2025-11-28
508703,112796,2025-11-22,
508704,112797,2025-11-22,2025-12-12
508705,112778,2025-11-22,2025-11-27
508706,112799,2025-11-22,2026-01-05
508707,112804,2025-11-22,2026-03-06
508708,112802,2025-11-22,2025-12-11
508709,112800,2025-11-22,2025-12-17
508710,112792,2025-11-22,2025-11-24
508711,112777,2025-11-22,2025-11-23
508712,112806,2025-11-22,2025-12-05
508713,112774,2025-11-22,
508714,112775,2025-11-22,
508715,104320,2025-11-22,
508716,112751,2025-11-22,
508717,112752,2025-11-22,2026-02-07
508718,112756,2025-11-22,2025-12-11
508719,112758,2025-11-22,2026-03-07
508720,112760,2025-11-22,2025-12-07
508721,112754,2025-11-22,2026-01-23
508722,112762,2025-11-22,2025-12-04
508723,112763,2025-11-22,2026-06-08
508724,112765,2025-11-22,2025-12-10
508725,112767,2025-11-22,2025-12-02
508726,112769,2025-11-22,2026-01-03
508727,112771,2025-11-22,2025-11-30
508728,112773,2025-11-22,2025-12-05
508729,112761,2025-11-22,2026-01-05
508730,112841,2025-11-23,2025-12-30
508731,112834,2025-11-23,2025-12-04
508732,112835,2025-11-23,2025-12-30
508733,112836,2025-11-23,2026-02-12
508734,112837,2025-11-23,2026-01-03
508735,112838,2025-11-23,2025-12-19
508736,112839,2025-11-23,2025-11-24
508737,112842,2025-11-23,2026-05-26
508738,112856,2025-11-23,2026-02-17
508739,112845,2025-11-23,
508740,112847,2025-11-23,2025-12-15
508741,112850,2025-11-23,2026-02-18
508742,112852,2025-11-23,2026-01-17
508743,112854,2025-11-23,2025-11-26
508744,112855,2025-11-23,
508745,112832,2025-11-23,2025-11-26
508746,112857,2025-11-23,2026-06-23
508747,112843,2025-11-23,2026-04-25
508748,112830,2025-11-23,2025-12-12
508749,112849,2025-11-23,2026-03-13
508750,112827,2025-11-23,2026-02-02
508751,103554,2025-11-23,2026-06-16
508752,101904,2025-11-23,2025-12-12
508753,105217,2025-11-23,2026-01-05
508754,110434,2025-11-23,2025-12-11
508755,112807,2025-11-23,2025-11-26
508756,112809,2025-11-23,2025-11-24
508757,112810,2025-11-23,2026-03-31
508758,112828,2025-11-23,
508759,112814,2025-11-23,
508760,112816,2025-11-23,2025-12-29
508761,112818,2025-11-23,2025-12-26
508762,112820,2025-11-23,2025-11-25
508763,112822,2025-11-23,2025-12-27
508764,112824,2025-11-23,2025-12-05
508765,112826,2025-11-23,2026-02-10
508766,112812,2025-11-23,2026-05-01
508767,112878,2025-11-24,2026-01-01
508768,112880,2025-11-24,
508769,112881,2025-11-24,
508770,112882,2025-11-24,
508771,112884,2025-11-24,2025-12-30
508772,112886,2025-11-24,2025-11-29
508773,112893,2025-11-24,2025-11-25
508774,112890,2025-11-24,2025-11-26
508775,112891,2025-11-24,2025-11-30
508776,112894,2025-11-24,2025-12-30
508777,112876,2025-11-24,2025-11-25
508778,112897,2025-11-24,2026-01-20
508779,112888,2025-11-24,2025-12-20
508780,112896,2025-11-24,2025-12-02
508781,112875,2025-11-24,2025-12-10
508782,112872,2025-11-24,2025-12-11
508783,112873,2025-11-24,2026-01-03
508784,104488,2025-11-24,2025-12-02
508785,103514,2025-11-24,
508786,112859,2025-11-24,2025-11-25
508787,112860,2025-11-24,2025-11-29
508788,112862,2025-11-24,2025-11-29
508789,107193,2025-11-24,2025-12-20
508790,112865,2025-11-24,2025-11-26
508791,112866,2025-11-24,2025-11-25
508792,112868,2025-11-24,2025-11-25
508793,112870,2025-11-24,2025-12-30
508794,112871,2025-11-24,2026-01-30
508795,112864,2025-11-24,2025-12-25
508796,112927,2025-11-25,2026-04-13
508797,112922,2025-11-25,2025-12-06
508798,112923,2025-11-25,2025-12-11
508799,112924,2025-11-25,
508800,112926,2025-11-25,2026-01-21
508801,112939,2025-11-25,2026-03-31
508802,112928,2025-11-25,2025-12-03
508803,112937,2025-11-25,
508804,112931,2025-11-25,2025-12-26
508805,112932,2025-11-25,
508806,112933,2025-11-25,2025-12-26
508807,112934,2025-11-25,2025-12-21
508808,112935,2025-11-25,2026-02-10
508809,112938,2025-11-25,2025-11-27
508810,112920,2025-11-25,2025-12-12
508811,112930,2025-11-25,2026-02-09
508812,112918,2025-11-25,2025-11-28
508813,112907,2025-11-25,
508814,112914,2025-11-25,2025-12-13
508815,112916,2025-11-25,2025-11-29
508816,106962,2025-11-25,2026-01-12
508817,109644,2025-11-25,2025-12-06
508818,112900,2025-11-25,2026-06-21
508819,112901,2025-11-25,2025-12-02
508820,112903,2025-11-25,2026-01-07
508821,112898,2025-11-25,2025-11-29
508822,112905,2025-11-25,2025-12-15
508823,112908,2025-11-25,
508824,112910,2025-11-25,2026-04-07
508825,112911,2025-11-25,2025-12-04
508826,112912,2025-11-25,2026-02-05
508827,112904,2025-11-25,2025-11-26
508828,112978,2025-11-26,
508829,112969,2025-11-26,2026-03-17
508830,112970,2025-11-26,2026-03-29
508831,112972,2025-11-26,2026-06-11
508832,112974,2025-11-26,
508833,112975,2025-11-26,2026-02-06
508834,112976,2025-11-26,2026-03-26
508835,112980,2025-11-26,2025-12-03
508836,112991,2025-11-26,
508837,112983,2025-11-26,2025-12-09
508838,112985,2025-11-26,2025-12-18
508839,112986,2025-11-26,
508840,112988,2025-11-26,2025-12-21
508841,112990,2025-11-26,2025-12-09
508842,112992,2025-11-26,2026-05-16
508843,112993,2025-11-26,2025-11-28
508844,112994,2025-11-26,2025-12-02
508845,112982,2025-11-26,2025-11-28
508846,112966,2025-11-26,2026-01-29
508847,112967,2025-11-26,2025-12-17
508848,112964,2025-11-26,
508849,112965,2025-11-26,2025-12-13
508850,108311,2025-11-26,2025-11-30
508851,112940,2025-11-26,
508852,112941,2025-11-26,2026-01-16
508853,112944,2025-11-26,2025-12-08
508854,112946,2025-11-26,2025-12-10
508855,112948,2025-11-26,2026-01-10
508856,112942,2025-11-26,2025-11-28
508857,112952,2025-11-26,2026-01-13
508858,112953,2025-11-26,2025-12-21
508859,112955,2025-11-26,
508860,112957,2025-11-26,2026-06-23
508861,112959,2025-11-26,2025-12-02
508862,112961,2025-11-26,2025-12-03
508863,112950,2025-11-26,2026-03-06
508864,112962,2025-11-26,2025-12-07
508865,113029,2025-11-27,2025-12-03
508866,113028,2025-11-27,2026-03-26
508867,113027,2025-11-27,2025-12-25
508868,113022,2025-11-27,2025-12-16
508869,113023,2025-11-27,2025-11-30
508870,113021,2025-11-27,2025-12-04
508871,113031,2025-11-27,2026-06-28
508872,113025,2025-11-27,2025-11-29
508873,113033,2025-11-27,2025-12-17
508874,113048,2025-11-27,2025-12-30
508875,113036,2025-11-27,2025-12-15
508876,113037,2025-11-27,2025-12-02
508877,113039,2025-11-27,2025-12-11
508878,113040,2025-11-27,2025-12-25
508879,113042,2025-11-27,2025-12-29
508880,113044,2025-11-27,2025-12-06
508881,113050,2025-11-27,
508882,113047,2025-11-27,
508883,113046,2025-11-27,2026-04-01
508884,113035,2025-11-27,2025-12-02
508885,113018,2025-11-27,2026-02-06
508886,113019,2025-11-27,
508887,113015,2025-11-27,2026-03-15
508888,113017,2025-11-27,2025-12-17
508889,102560,2025-11-27,2026-06-09
508890,102590,2025-11-27,2025-11-29
508891,112996,2025-11-27,2025-12-22
508892,112998,2025-11-27,2025-12-10
508893,113000,2025-11-27,2026-01-28
508894,113001,2025-11-27,2026-05-08
508895,113003,2025-11-27,2025-12-13
508896,102416,2025-11-27,2026-02-07
508897,113006,2025-11-27,2026-01-22
508898,113007,2025-11-27,
508899,113008,2025-11-27,2025-12-06
508900,113009,2025-11-27,2025-12-05
508901,113014,2025-11-27,2025-11-28
508902,113005,2025-11-27,2025-12-05
508903,113011,2025-11-27,2026-01-07
508904,113012,2025-11-27,2025-12-03
508905,113088,2025-11-28,2026-03-22
508906,113086,2025-11-28,2025-12-27
508907,113085,2025-11-28,2025-12-01
508908,113081,2025-11-28,2026-01-10
508909,113089,2025-11-28,2025-12-14
508910,113079,2025-11-28,2025-12-05
508911,113078,2025-11-28,2026-06-08
508912,113083,2025-11-28,2026-03-01
508913,113090,2025-11-28,2026-07-12
508914,113096,2025-11-28,2025-12-26
508915,113093,2025-11-28,2025-12-05
508916,113094,2025-11-28,2025-12-07
508917,113097,2025-11-28,2025-12-08
508918,113099,2025-11-28,
508919,113100,2025-11-28,2026-01-24
508920,113077,2025-11-28,2026-02-10
508921,113101,2025-11-28,2026-02-28
508922,113102,2025-11-28,2025-12-02
508923,113104,2025-11-28,2026-03-04
508924,113105,2025-11-28,2025-12-27
508925,113092,2025-11-28,2026-01-15
508926,113075,2025-11-28,2025-12-12
508927,113071,2025-11-28,2025-12-06
508928,113073,2025-11-28,2025-11-30
508929,101447,2025-11-28,2026-02-02
508930,113074,2025-11-28,2026-06-13
508931,113052,2025-11-28,2026-01-13
508932,113053,2025-11-28,
508933,113054,2025-11-28,2026-02-23
508934,113057,2025-11-28,2025-12-06
508935,113059,2025-11-28,
508936,113056,2025-11-28,2026-07-08
508937,113061,2025-11-28,2026-01-10
508938,113062,2025-11-28,2025-12-15
508939,113064,2025-11-28,2025-12-09
508940,113065,2025-11-28,2026-03-01
508941,113066,2025-11-28,2026-04-08
508942,113068,2025-11-28,2025-12-11
508943,113069,2025-11-28,2025-12-06
508944,113060,2025-11-28,2026-01-19
508945,113136,2025-11-29,
508946,113129,2025-11-29,2025-12-02
508947,113130,2025-11-29,2025-12-07
508948,113131,2025-11-29,2025-12-05
508949,113133,2025-11-29,2025-12-24
508950,113134,2025-11-29,2026-01-20
508951,113138,2025-11-29,2025-12-30
508952,113147,2025-11-29,2025-12-27
508953,113152,2025-11-29,2025-12-03
508954,113142,2025-11-29,
508955,113144,2025-11-29,
508956,113149,2025-11-29,2026-05-25
508957,113151,2025-11-29,2025-12-13
508958,113128,2025-11-29,2026-01-11
508959,113146,2025-11-29,2025-12-06
508960,113140,2025-11-29,
508961,113127,2025-11-29,2025-12-20
508962,113110,2025-11-29,2025-12-02
508963,113124,2025-11-29,2026-02-07
508964,104202,2025-11-29,2025-12-02
508965,113107,2025-11-29,2025-12-12
508966,113109,2025-11-29,2026-03-07
508967,113125,2025-11-29,2025-12-17
508968,113114,2025-11-29,2026-06-20
508969,113112,2025-11-29,2025-12-11
508970,113116,2025-11-29,2025-12-01
508971,113117,2025-11-29,
508972,113119,2025-11-29,2026-02-28
508973,113121,2025-11-29,
508974,113122,2025-11-29,
508975,113115,2025-11-29,
508976,113202,2025-11-30,2025-12-14
508977,113200,2025-11-30,2025-12-21
508978,113199,2025-11-30,
508979,113198,2025-11-30,2025-12-06
508980,113189,2025-11-30,2025-12-16
508981,113194,2025-11-30,2026-02-26
508982,113193,2025-11-30,2026-05-31
508983,113191,2025-11-30,
508984,113203,2025-11-30,2026-01-17
508985,113196,2025-11-30,2025-12-04
508986,113204,2025-11-30,2026-01-26
508987,113214,2025-11-30,2026-01-28
508988,113207,2025-11-30,2025-12-01
508989,113208,2025-11-30,
508990,113210,2025-11-30,2026-04-17
508991,113212,2025-11-30,2025-12-24
508992,113188,2025-11-30,2026-05-30
508993,113215,2025-11-30,2025-12-19
508994,113217,2025-11-30,2025-12-26
508995,113218,2025-11-30,2025-12-02
508996,113219,2025-11-30,2026-06-18
508997,113221,2025-11-30,2026-01-03
508998,113206,2025-11-30,2026-01-20
508999,113185,2025-11-30,2026-01-02
509000,113187,2025-11-30,2026-01-27
509001,113154,2025-11-30,2026-03-01
509002,106089,2025-11-30,2026-04-30
509003,105964,2025-11-30,2025-12-05
509004,113184,2025-11-30,2026-04-25
509005,113156,2025-11-30,2026-05-17
509006,113158,2025-11-30,2026-02-21
509007,113159,2025-11-30,2026-01-27
509008,113161,2025-11-30,2026-04-17
509009,113163,2025-11-30,
509010,113165,2025-11-30,2025-12-10
509011,113167,2025-11-30,2025-12-23
509012,113162,2025-11-30,2026-01-19
509013,113169,2025-11-30,2025-12-22
509014,113171,2025-11-30,2026-01-18
509015,113173,2025-11-30,2025-12-01
509016,113175,2025-11-30,2026-01-17
509017,113177,2025-11-30,2025-12-08
509018,113179,2025-11-30,2026-01-24
509019,113180,2025-11-30,2025-12-06
509020,113168,2025-11-30,2025-12-07
509021,113182,2025-11-30,2025-12-04
509022,113183,2025-11-30,2026-01-21
509023,113253,2025-12-01,2025-12-03
509024,113252,2025-12-01,2025-12-18
509025,113250,2025-12-01,2025-12-08
509026,113245,2025-12-01,2025-12-29
509027,113247,2025-12-01,2025-12-04
509028,113255,2025-12-01,2025-12-21
509029,113249,2025-12-01,2026-04-17
509030,113256,2025-12-01,2025-12-02
509031,113243,2025-12-01,2025-12-24
509032,113260,2025-12-01,2025-12-19
509033,113261,2025-12-01,2026-03-20
509034,113262,2025-12-01,2025-12-09
509035,113264,2025-12-01,2025-12-09
509036,113265,2025-12-01,2025-12-27
509037,113268,2025-12-01,
509038,113267,2025-12-01,2026-04-05
509039,113258,2025-12-01,2026-04-19
509040,113241,2025-12-01,2026-01-27
509041,113231,2025-12-01,2026-02-21
509042,113237,2025-12-01,2025-12-07
509043,104743,2025-12-01,2025-12-16
509044,107412,2025-12-01,2025-12-14
509045,113222,2025-12-01,2026-07-20
509046,113223,2025-12-01,2025-12-07
509047,113225,2025-12-01,2026-04-25
509048,113226,2025-12-01,2025-12-29
509049,101364,2025-12-01,2025-12-12
509050,113229,2025-12-01,2026-04-12
509051,113228,2025-12-01,2026-03-07
509052,113235,2025-12-01,2026-01-30
509053,113234,2025-12-01,2025-12-03
509054,113239,2025-12-01,2026-01-22
509055,113232,2025-12-01,2026-04-25
509056,113317,2025-12-02,2026-07-27
509057,113292,2025-12-02,2026-02-05
509058,113293,2025-12-02,2025-12-20
509059,113295,2025-12-02,2026-04-24
509060,113297,2025-12-02,2025-12-30
509061,113299,2025-12-02,2026-01-19
509062,113301,2025-12-02,
509063,113302,2025-12-02,2025-12-20
509064,113304,2025-12-02,2026-02-21
509065,113306,2025-12-02,2026-07-07
509066,113308,2025-12-02,
509067,113321,2025-12-02,2026-04-22
509068,113312,2025-12-02,2026-01-24
509069,113313,2025-12-02,2025-12-15
509070,113314,2025-12-02,2026-03-23
509071,113291,2025-12-02,2025-12-23
509072,113316,2025-12-02,2026-05-18
509073,113319,2025-12-02,2025-12-13
509074,113310,2025-12-02,2026-02-04
509075,113289,2025-12-02,2026-07-08
509076,113285,2025-12-02,2025-12-20
509077,113287,2025-12-02,
509078,106646,2025-12-02,2026-01-05
509079,109263,2025-12-02,
509080,113269,2025-12-02,2026-01-01
509081,113270,2025-12-02,2025-12-04
509082,113272,2025-12-02,2026-01-10
509083,113273,2025-12-02,
509084,105624,2025-12-02,2025-12-03
509085,113276,2025-12-02,2026-02-06
509086,113277,2025-12-02,2025-12-24
509087,113279,2025-12-02,2025-12-29
509088,113280,2025-12-02,2025-12-15
509089,113282,2025-12-02,2026-05-29
509090,113283,2025-12-02,2025-12-12
509091,113284,2025-12-02,2025-12-27
509092,113275,2025-12-02,2026-01-13
509093,113345,2025-12-03,
509094,113346,2025-12-03,2025-12-10
509095,113347,2025-12-03,2026-02-08
509096,113349,2025-12-03,2026-07-13
509097,113351,2025-12-03,2026-01-29
509098,113353,2025-12-03,2026-03-22
509099,113355,2025-12-03,2026-01-07
509100,113361,2025-12-03,2026-05-13
509101,113357,2025-12-03,2026-04-16
509102,113359,2025-12-03,
509103,113362,2025-12-03,2026-02-03
509104,113344,2025-12-03,2025-12-27
509105,113364,2025-12-03,2025-12-16
509106,113366,2025-12-03,2026-01-23
509107,113356,2025-12-03,2025-12-23
509108,113342,2025-12-03,2025-12-04
509109,113335,2025-12-03,2025-12-23
509110,113339,2025-12-03,2026-04-04
509111,102960,2025-12-03,2025-12-27
509112,113323,2025-12-03,2025-12-23
509113,113326,2025-12-03,
509114,113328,2025-12-03,2025-12-17
509115,113329,2025-12-03,2026-02-14
509116,113330,2025-12-03,
509117,113324,2025-12-03,
509118,113332,2025-12-03,2025-12-25
509119,113334,2025-12-03,2025-12-30
509120,113340,2025-12-03,2025-12-12
509121,113337,2025-12-03,2026-02-19
509122,113338,2025-12-03,2026-07-25
509123,113331,2025-12-03,2026-01-04
509124,113411,2025-12-04,2025-12-07
509125,113396,2025-12-04,2025-12-23
509126,113398,2025-12-04,2025-12-22
509127,113400,2025-12-04,2025-12-12
509128,113402,2025-12-04,2026-07-20
509129,113404,2025-12-04,2026-01-05
509130,113406,2025-12-04,2026-01-30
509131,113408,2025-12-04,2026-02-01
509132,113410,2025-12-04,
509133,113412,2025-12-04,2026-01-13
509134,113425,2025-12-04,2026-05-23
509135,113415,2025-12-04,
509136,113417,2025-12-04,2026-04-30
509137,113419,2025-12-04,2026-01-16
509138,113421,2025-12-04,2025-12-18
509139,113423,2025-12-04,2025-12-16
509140,113395,2025-12-04,2026-01-02
509141,113427,2025-12-04,2025-12-07
509142,113429,2025-12-04,2026-06-19
509143,113431,2025-12-04,2026-02-07
509144,113414,2025-12-04,
509145,113394,2025-12-04,2026-01-01
509146,113392,2025-12-04,2025-12-22
509147,113370,2025-12-04,2026-02-10
509148,108863,2025-12-04,2025-12-17
509149,110780,2025-12-04,2026-02-04
509150,113367,2025-12-04,2025-12-06
509151,113368,2025-12-04,2025-12-19
509152,113393,2025-12-04,2026-01-03
509153,113371,2025-12-04,2026-01-09
509154,113372,2025-12-04,2026-07-01
509155,113374,2025-12-04,2026-01-11
509156,113376,2025-12-04,2026-03-11
509157,113378,2025-12-04,2026-01-05
509158,113375,2025-12-04,2026-01-03
509159,113382,2025-12-04,2025-12-18
509160,113383,2025-12-04,2025-12-13
509161,113384,2025-12-04,2025-12-11
509162,113385,2025-12-04,2026-02-13
509163,113386,2025-12-04,
509164,113387,2025-12-04,2025-12-10
509165,113388,2025-12-04,2026-02-14
509166,113390,2025-12-04,2026-02-02
509167,113391,2025-12-04,2026-03-02
509168,113380,2025-12-04,2026-01-16
509169,113456,2025-12-05,2025-12-20
509170,113468,2025-12-05,
509171,113454,2025-12-05,2025-12-25
509172,113455,2025-12-05,2025-12-22
509173,113458,2025-12-05,2025-12-20
509174,113452,2025-12-05,2026-05-06
509175,113461,2025-12-05,2026-01-10
509176,113462,2025-12-05,2025-12-15
509177,113464,2025-12-05,2025-12-18
509178,113465,2025-12-05,2025-12-18
509179,113467,2025-12-05,2025-12-19
509180,113459,2025-12-05,
509181,113450,2025-12-05,2026-04-01
509182,113446,2025-12-05,2025-12-25
509183,113447,2025-12-05,2026-01-18
509184,113449,2025-12-05,
509185,113433,2025-12-05,2025-12-19
509186,113436,2025-12-05,2025-12-07
509187,113437,2025-12-05,
509188,113439,2025-12-05,2025-12-30
509189,113434,2025-12-05,2026-01-16
509190,113442,2025-12-05,2026-04-26
509191,113443,2025-12-05,2026-01-21
509192,113444,2025-12-05,2026-02-08
509193,113445,2025-12-05,2026-02-28
509194,113440,2025-12-05,2025-12-20
509195,113511,2025-12-06,2025-12-20
509196,113501,2025-12-06,
509197,113502,2025-12-06,
509198,113503,2025-12-06,2026-01-27
509199,113505,2025-12-06,2025-12-23
509200,113507,2025-12-06,2026-07-13
509201,113509,2025-12-06,2026-01-08
509202,113513,2025-12-06,2026-02-13
509203,113521,2025-12-06,2025-12-11
509204,113516,2025-12-06,2026-01-08
509205,113517,2025-12-06,2025-12-19
509206,113518,2025-12-06,2025-12-11
509207,113520,2025-12-06,2025-12-16
509208,113522,2025-12-06,2025-12-14
509209,113523,2025-12-06,2025-12-13
509210,113525,2025-12-06,
509211,113515,2025-12-06,2025-12-09
509212,113498,2025-12-06,
509213,113500,2025-12-06,2025-12-25
509214,113494,2025-12-06,2025-12-25
509215,113496,2025-12-06,
509216,113472,2025-12-06,2025-12-18
509217,113474,2025-12-06,2026-03-20
509218,113476,2025-12-06,
509219,113478,2025-12-06,
509220,113479,2025-12-06,2026-02-28
509221,113480,2025-12-06,2025-12-16
509222,113482,2025-12-06,2026-01-17
509223,113470,2025-12-06,2025-12-24
509224,113484,2025-12-06,2026-01-24
509225,113486,2025-12-06,2025-12-22
509226,113487,2025-12-06,2026-07-29
509227,113488,2025-12-06,2026-03-30
509228,113490,2025-12-06,2025-12-11
509229,113491,2025-12-06,2025-12-27
509230,113492,2025-12-06,2025-12-12
509231,113493,2025-12-06,2026-07-30
509232,113483,2025-12-06,
509233,113553,2025-12-07,2026-03-07
509234,113576,2025-12-07,2025-12-16
509235,113557,2025-12-07,2026-05-20
509236,113559,2025-12-07,2025-12-18
509237,113560,2025-12-07,2026-03-28
509238,113562,2025-12-07,2026-01-13
509239,113563,2025-12-07,2025-12-09
509240,113569,2025-12-07,2026-01-28
509241,113566,2025-12-07,2026-03-31
509242,113568,2025-12-07,2026-01-17
509243,113571,2025-12-07,2026-05-01
509244,113573,2025-12-07,2026-01-19
509245,113575,2025-12-07,2026-01-15
509246,113551,2025-12-07,2025-12-09
509247,113565,2025-12-07,2026-01-21
509248,113549,2025-12-07,2025-12-08
509249,113555,2025-12-07,2026-01-19
509250,113545,2025-12-07,2025-12-12
509251,113527,2025-12-07,
509252,113528,2025-12-07,2026-05-06
509253,113530,2025-12-07,
509254,113531,2025-12-07,2026-01-02
509255,113532,2025-12-07,2025-12-09
509256,113534,2025-12-07,2025-12-08
509257,113535,2025-12-07,
509258,113547,2025-12-07,2025-12-11
509259,113538,2025-12-07,2026-02-08
509260,113539,2025-12-07,
509261,113540,2025-12-07,2025-12-10
509262,113542,2025-12-07,2025-12-29
509263,113543,2025-12-07,2025-12-17
509264,113544,2025-12-07,
509265,113537,2025-12-07,2026-01-19
509266,113601,2025-12-08,2026-05-28
509267,113604,2025-12-08,2026-02-03
509268,113606,2025-12-08,2026-05-28
509269,113607,2025-12-08,2026-07-12
509270,113609,2025-12-08,2026-01-26
509271,113611,2025-12-08,2025-12-29
509272,113615,2025-12-08,2025-12-21
509273,113613,2025-12-08,2025-12-11
509274,113600,2025-12-08,2026-01-10
509275,113616,2025-12-08,2026-01-20
509276,113617,2025-12-08,2025-12-12
509277,113619,2025-12-08,2025-12-26
509278,113612,2025-12-08,2025-12-15
509279,113598,2025-12-08,2026-01-08
509280,113603,2025-12-08,2025-12-21
509281,113595,2025-12-08,2025-12-16
509282,113596,2025-12-08,
509283,113578,2025-12-08,
509284,113579,2025-12-08,2026-05-16
509285,113581,2025-12-08,
509286,113584,2025-12-08,2025-12-18
509287,113586,2025-12-08,2026-02-15
509288,113582,2025-12-08,2026-03-01
509289,113589,2025-12-08,2025-12-09
509290,113590,2025-12-08,
509291,113591,2025-12-08,2025-12-20
509292,113593,2025-12-08,
509293,113588,2025-12-08,
509294,113645,2025-12-09,2025-12-20
509295,113638,2025-12-09,
509296,113640,2025-12-09,2025-12-20
509297,113641,2025-12-09,2026-02-22
509298,113642,2025-12-09,2025-12-26
509299,113644,2025-12-09,2025-12-10
509300,113646,2025-12-09,2025-12-20
509301,113657,2025-12-09,2025-12-26
509302,113648,2025-12-09,2026-01-24
509303,113650,2025-12-09,2025-12-10
509304,113652,2025-12-09,2025-12-17
509305,113654,2025-12-09,2026-02-24
509306,113655,2025-12-09,2026-01-20
509307,113637,2025-12-09,2025-12-11
509308,113647,2025-12-09,2025-12-10
509309,113636,2025-12-09,2026-01-05
509310,113658,2025-12-09,2025-12-20
509311,113633,2025-12-09,2026-01-07
509312,113635,2025-12-09,2026-01-14
509313,104605,2025-12-09,2025-12-20
509314,108708,2025-12-09,2025-12-13
509315,113620,2025-12-09,2026-01-05
509316,113622,2025-12-09,2025-12-10
509317,113653,2025-12-09,2026-03-02
509318,113626,2025-12-09,2026-05-23
509319,113627,2025-12-09,2025-12-13
509320,113624,2025-12-09,2026-01-25
509321,113628,2025-12-09,2026-01-14
509322,113631,2025-12-09,2026-02-03
509323,113629,2025-12-09,2025-12-15
509324,113678,2025-12-10,2026-04-14
509325,113679,2025-12-10,2026-01-01
509326,113680,2025-12-10,2025-12-14
509327,113682,2025-12-10,2025-12-12
509328,113684,2025-12-10,2026-07-12
509329,113685,2025-12-10,2025-12-24
509330,113689,2025-12-10,2026-02-09
509331,113688,2025-12-10,2026-06-22
509332,113676,2025-12-10,2026-01-06
509333,113691,2025-12-10,2026-01-07
509334,113693,2025-12-10,2026-03-10
509335,113697,2025-12-10,2026-01-24
509336,113698,2025-12-10,2025-12-20
509337,113686,2025-12-10,2025-12-27
509338,113675,2025-12-10,2026-02-08
509339,113695,2025-12-10,2026-04-04
509340,113671,2025-12-10,2026-01-15
509341,113670,2025-12-10,2026-01-18
509342,113668,2025-12-10,2025-12-11
509343,113667,2025-12-10,2026-02-14
509344,113665,2025-12-10,2026-02-02
509345,113664,2025-12-10,2026-02-08
509346,113663,2025-12-10,2026-03-17
509347,113661,2025-12-10,2025-12-20
509348,113660,2025-12-10,2026-04-20
509349,107683,2025-12-10,2025-12-27
509350,104989,2025-12-10,2025-12-31
509351,113673,2025-12-10,2026-04-06
509352,113730,2025-12-11,2026-01-04
509353,113728,2025-12-11,2025-12-24
509354,113722,2025-12-11,2026-01-01
509355,113725,2025-12-11,2026-03-25
509356,113724,2025-12-11,2025-12-12
509357,113732,2025-12-11,2026-03-04
509358,113727,2025-12-11,2026-01-21
509359,113733,2025-12-11,2026-01-07
509360,113740,2025-12-11,2026-01-05
509361,113735,2025-12-11,2026-04-28
509362,113736,2025-12-11,
509363,113738,2025-12-11,2026-03-06
509364,113742,2025-12-11,2025-12-20
509365,113744,2025-12-11,2026-01-13
509366,113745,2025-12-11,2026-04-21
509367,113747,2025-12-11,
509368,113734,2025-12-11,2026-01-02
509369,113721,2025-12-11,2026-01-06
509370,113717,2025-12-11,2026-05-18
509371,113716,2025-12-11,2026-03-25
509372,104314,2025-12-11,2026-01-26
509373,103142,2025-12-11,2025-12-28
509374,113719,2025-12-11,2026-01-14
509375,113699,2025-12-11,
509376,110399,2025-12-11,2026-01-08
509377,113701,2025-12-11,2026-01-29
509378,113702,2025-12-11,2025-12-21
509379,113700,2025-12-11,2025-12-17
509380,113705,2025-12-11,2026-01-13
509381,113706,2025-12-11,2026-02-22
509382,113708,2025-12-11,2026-01-24
509383,113710,2025-12-11,2025-12-27
509384,113712,2025-12-11,2026-03-10
509385,113714,2025-12-11,2025-12-23
509386,113703,2025-12-11,2025-12-12
509387,113764,2025-12-12,2025-12-17
509388,113766,2025-12-12,2026-03-18
509389,113767,2025-12-12,2026-01-09
509390,113769,2025-12-12,2025-12-15
509391,113774,2025-12-12,2025-12-14
509392,113772,2025-12-12,
509393,113776,2025-12-12,
509394,113778,2025-12-12,2026-02-23
509395,113770,2025-12-12,
509396,113762,2025-12-12,2025-12-26
509397,113761,2025-12-12,2026-01-15
509398,113757,2025-12-12,2025-12-21
509399,113756,2025-12-12,
509400,113754,2025-12-12,2026-01-13
509401,113752,2025-12-12,2026-01-30
509402,113750,2025-12-12,2026-02-03
509403,113749,2025-12-12,2026-01-06
509404,113748,2025-12-12,2025-12-30
509405,113759,2025-12-12,2025-12-13
509406,106847,2025-12-12,
509407,113841,2025-12-13,
509408,113840,2025-12-13,2026-01-12
509409,113839,2025-12-13,2026-02-23
509410,113837,2025-12-13,2026-01-09
509411,113836,2025-12-13,2026-03-25
509412,113827,2025-12-13,
509413,113832,2025-12-13,2025-12-15
509414,113831,2025-12-13,2025-12-18
509415,113828,2025-12-13,
509416,113842,2025-12-13,2025-12-14
509417,113826,2025-12-13,2025-12-24
509418,113834,2025-12-13,
509419,113844,2025-12-13,2025-12-29
509420,113850,2025-12-13,2026-05-17
509421,113848,2025-12-13,2026-01-06
509422,113849,2025-12-13,2025-12-24
509423,113824,2025-12-13,2025-12-25
509424,113851,2025-12-13,2026-02-20
509425,113853,2025-12-13,2025-12-25
509426,113854,2025-12-13,2026-06-01
509427,113856,2025-12-13,2026-03-04
509428,113857,2025-12-13,2025-12-26
509429,113859,2025-12-13,2025-12-18
509430,113861,2025-12-13,2025-12-16
509431,113863,2025-12-13,2026-01-13
509432,113864,2025-12-13,2025-12-22
509433,113846,2025-12-13,2025-12-21
509434,113822,2025-12-13,
509435,113829,2025-12-13,2026-01-01
509436,113819,2025-12-13,2026-01-15
509437,104105,2025-12-13,2026-02-07
509438,113780,2025-12-13,2026-02-25
509439,113781,2025-12-13,2026-01-19
509440,113821,2025-12-13,2026-03-29
509441,113785,2025-12-13,2026-04-03
509442,113787,2025-12-13,2025-12-26
509443,113789,2025-12-13,2025-12-21
509444,113791,2025-12-13,2026-03-24
509445,113792,2025-12-13,2026-02-24
509446,113793,2025-12-13,2026-02-25
509447,113795,2025-12-13,2025-12-17
509448,113796,2025-12-13,2025-12-16
509449,113797,2025-12-13,
509450,113783,2025-12-13,2026-01-19
509451,113801,2025-12-13,2026-04-29
509452,113799,2025-12-13,2026-04-12
509453,113815,2025-12-13,2025-12-22
509454,113817,2025-12-13,2025-12-31
509455,113812,2025-12-13,2025-12-25
509456,113811,2025-12-13,2026-02-13
509457,113814,2025-12-13,2026-01-11
509458,113808,2025-12-13,2025-12-14
509459,113807,2025-12-13,2026-02-18
509460,113806,2025-12-13,2026-07-30
509461,113804,2025-12-13,2025-12-27
509462,113802,2025-12-13,2025-12-15
509463,113809,2025-12-13,2025-12-31
509464,113896,2025-12-14,2026-06-25
509465,113897,2025-12-14,2026-02-08
509466,113898,2025-12-14,2025-12-28
509467,113899,2025-12-14,2026-01-11
509468,113901,2025-12-14,2025-12-15
509469,113903,2025-12-14,2026-05-07
509470,113905,2025-12-14,2026-03-19
509471,113907,2025-12-14,2026-02-14
509472,113909,2025-12-14,2025-12-16
509473,113919,2025-12-14,2026-05-15
509474,113913,2025-12-14,2025-12-15
509475,113914,2025-12-14,2026-01-07
509476,113916,2025-12-14,
509477,113917,2025-12-14,2026-01-12
509478,113920,2025-12-14,2026-06-07
509479,113922,2025-12-14,2026-02-06
509480,113924,2025-12-14,2026-07-26
509481,113923,2025-12-14,2026-04-11
509482,113895,2025-12-14,2026-02-10
509483,113911,2025-12-14,2026-02-11
509484,113893,2025-12-14,2026-03-08
509485,113872,2025-12-14,2026-02-06
509486,113890,2025-12-14,2026-06-11
509487,113892,2025-12-14,2025-12-29
509488,113867,2025-12-14,2026-01-07
509489,113868,2025-12-14,
509490,113869,2025-12-14,2025-12-24
509491,113870,2025-12-14,
509492,113873,2025-12-14,2026-07-02
509493,113875,2025-12-14,2025-12-18
509494,113876,2025-12-14,2025-12-23
509495,113866,2025-12-14,2026-01-12
509496,113880,2025-12-14,2025-12-29
509497,113881,2025-12-14,
509498,113883,2025-12-14,2026-01-06
509499,113884,2025-12-14,2026-02-24
509500,113886,2025-12-14,2025-12-27
509501,113888,2025-12-14,2026-03-06
509502,113889,2025-12-14,2025-12-26
509503,113878,2025-12-14,2026-05-20
509504,113948,2025-12-15,2025-12-30
509505,113949,2025-12-15,2026-04-28
509506,113951,2025-12-15,2025-12-16
509507,113952,2025-12-15,2025-12-23
509508,113954,2025-12-15,2026-01-17
509509,113956,2025-12-15,2025-12-22
509510,113959,2025-12-15,2025-12-18
509511,113958,2025-12-15,
509512,113961,2025-12-15,2025-12-20
509513,113963,2025-12-15,
509514,113964,2025-12-15,2026-02-18
509515,113966,2025-12-15,2026-01-08
509516,113947,2025-12-15,2026-02-03
509517,113957,2025-12-15,2025-12-21
509518,113945,2025-12-15,
509519,113938,2025-12-15,2026-02-04
509520,113942,2025-12-15,2026-04-18
509521,113944,2025-12-15,2025-12-22
509522,113925,2025-12-15,2025-12-20
509523,113927,2025-12-15,2026-01-27
509524,113930,2025-12-15,2026-04-01
509525,113931,2025-12-15,
509526,113928,2025-12-15,2026-04-08
509527,113935,2025-12-15,
509528,113936,2025-12-15,
509529,113939,2025-12-15,2026-03-04
509530,113941,2025-12-15,2026-05-14
509531,113933,2025-12-15,2026-03-10
509532,113986,2025-12-16,2025-12-28
509533,113979,2025-12-16,2025-12-29
509534,113981,2025-12-16,2026-01-31
509535,113982,2025-12-16,2025-12-24
509536,113987,2025-12-16,2025-12-25
509537,113978,2025-12-16,2025-12-18
509538,113990,2025-12-16,
509539,113992,2025-12-16,2026-01-29
509540,113994,2025-12-16,2025-12-31
509541,113995,2025-12-16,2026-05-22
509542,113993,2025-12-16,2026-03-28
509543,113989,2025-12-16,2026-04-23
509544,113977,2025-12-16,2026-02-15
509545,113984,2025-12-16,2026-07-08
509546,113975,2025-12-16,2026-01-09
509547,104614,2025-12-16,2025-12-21
509548,100825,2025-12-16,2025-12-18
509549,101879,2025-12-16,2025-12-27
509550,113967,2025-12-16,2025-12-17
509551,113968,2025-12-16,2026-01-12
509552,104221,2025-12-16,2026-02-24
509553,113970,2025-12-16,
509554,113971,2025-12-16,2026-01-22
509555,113972,2025-12-16,2026-05-01
509556,113973,2025-12-16,
509557,113976,2025-12-16,
509558,114014,2025-12-17,2025-12-28
509559,114015,2025-12-17,2026-03-11
509560,114016,2025-12-17,2026-01-16
509561,114018,2025-12-17,2025-12-23
509562,114019,2025-12-17,2026-04-20
509563,114021,2025-12-17,2026-01-31
509564,114022,2025-12-17,2025-12-18
509565,114025,2025-12-17,
509566,114026,2025-12-17,2026-03-12
509567,114028,2025-12-17,2026-01-19
509568,114030,2025-12-17,2025-12-18
509569,114013,2025-12-17,2026-01-01
509570,114032,2025-12-17,
509571,114036,2025-12-17,2026-01-12
509572,114023,2025-12-17,2026-07-17
509573,114012,2025-12-17,
509574,114034,2025-12-17,2026-02-09
509575,114010,2025-12-17,2026-04-16
509576,114011,2025-12-17,
509577,113996,2025-12-17,2026-02-21
509578,113998,2025-12-17,2025-12-19
509579,114001,2025-12-17,2025-12-28
509580,114002,2025-12-17,2025-12-27
509581,113999,2025-12-17,2026-01-12
509582,114004,2025-12-17,
509583,114005,2025-12-17,2025-12-21
509584,114006,2025-12-17,2025-12-29
509585,114008,2025-12-17,
509586,114003,2025-12-17,2026-01-13
509587,114060,2025-12-18,2026-02-06
509588,114053,2025-12-18,2026-02-21
509589,114055,2025-12-18,2026-02-05
509590,114056,2025-12-18,2026-01-25
509591,114058,2025-12-18,2026-02-15
509592,114061,2025-12-18,2025-12-22
509593,114072,2025-12-18,2026-02-06
509594,114064,2025-12-18,2025-12-24
509595,114066,2025-12-18,2026-01-03
509596,114068,2025-12-18,2025-12-23
509597,114070,2025-12-18,
509598,114073,2025-12-18,2026-01-10
509599,114063,2025-12-18,2026-02-23
509600,114051,2025-12-18,2026-05-22
509601,114052,2025-12-18,2025-12-29
509602,114047,2025-12-18,2025-12-31
509603,114045,2025-12-18,2026-01-02
509604,114043,2025-12-18,2026-03-14
509605,114042,2025-12-18,2025-12-29
509606,114041,2025-12-18,2025-12-25
509607,114039,2025-12-18,2025-12-23
509608,114038,2025-12-18,2025-12-19
509609,114037,2025-12-18,
509610,105074,2025-12-18,2025-12-30
509611,114049,2025-12-18,2026-04-14
509612,101370,2025-12-18,2025-12-30
509613,108437,2025-12-18,2026-01-03
509614,114109,2025-12-19,2026-01-30
509615,114107,2025-12-19,2025-12-25
509616,114104,2025-12-19,2025-12-23
509617,114105,2025-12-19,
509618,114110,2025-12-19,
509619,114103,2025-12-19,2026-05-01
509620,114106,2025-12-19,
509621,114112,2025-12-19,2025-12-25
509622,114120,2025-12-19,
509623,114116,2025-12-19,2025-12-22
509624,114117,2025-12-19,2026-02-28
509625,114118,2025-12-19,2026-01-29
509626,114119,2025-12-19,2025-12-20
509627,114126,2025-12-19,2026-03-03
509628,114102,2025-12-19,2026-01-08
509629,114124,2025-12-19,2026-01-31
509630,114122,2025-12-19,2026-05-11
509631,114114,2025-12-19,2026-01-14
509632,114101,2025-12-19,
509633,114090,2025-12-19,2025-12-29
509634,114097,2025-12-19,2025-12-21
509635,109288,2025-12-19,2026-04-04
509636,109995,2025-12-19,
509637,114075,2025-12-19,2025-12-28
509638,114077,2025-12-19,2026-02-03
509639,114078,2025-12-19,2026-05-16
509640,114080,2025-12-19,2026-03-06
509641,114082,2025-12-19,2026-02-15
509642,114084,2025-12-19,
509643,103402,2025-12-19,2026-05-21
509644,114087,2025-12-19,2026-02-28
509645,114086,2025-12-19,
509646,114095,2025-12-19,2026-05-15
509647,114094,2025-12-19,2026-06-12
509648,114099,2025-12-19,
509649,114091,2025-12-19,2026-07-24
509650,114089,2025-12-19,
509651,114092,2025-12-19,2025-12-20
509652,114155,2025-12-20,
509653,114156,2025-12-20,2026-01-10
509654,114158,2025-12-20,2025-12-31
509655,114160,2025-12-20,2026-01-08
509656,114161,2025-12-20,2026-04-04
509657,114163,2025-12-20,2025-12-22
509658,114164,2025-12-20,2026-01-28
509659,114166,2025-12-20,2026-04-11
509660,114167,2025-12-20,2025-12-23
509661,114171,2025-12-20,2025-12-23
509662,114173,2025-12-20,2026-02-28
509663,114174,2025-12-20,2025-12-25
509664,114176,2025-12-20,2026-07-14
509665,114177,2025-12-20,
509666,114153,2025-12-20,2026-03-03
509667,114179,2025-12-20,2026-05-25
509668,114169,2025-12-20,2025-12-25
509669,114172,2025-12-20,2025-12-28
509670,114152,2025-12-20,2026-01-03
509671,114149,2025-12-20,2025-12-25
509672,114150,2025-12-20,2026-01-26
509673,106635,2025-12-20,2026-01-31
509674,111380,2025-12-20,2026-02-17
509675,114127,2025-12-20,2026-03-16
509676,114131,2025-12-20,2026-02-21
509677,114133,2025-12-20,2025-12-30
509678,114135,2025-12-20,2025-12-22
509679,114129,2025-12-20,2026-04-14
509680,114138,2025-12-20,2026-08-03
509681,114139,2025-12-20,2026-04-03
509682,114140,2025-12-20,
509683,114142,2025-12-20,2026-05-18
509684,114144,2025-12-20,2026-06-06
509685,114145,2025-12-20,2026-01-13
509686,114147,2025-12-20,2025-12-26
509687,114136,2025-12-20,2026-02-20
509688,114216,2025-12-21,2026-01-03
509689,114208,2025-12-21,2026-06-25
509690,114210,2025-12-21,2026-04-14
509691,114212,2025-12-21,2026-05-11
509692,114213,2025-12-21,2026-03-15
509693,114214,2025-12-21,2025-12-23
509694,114215,2025-12-21,2026-01-06
509695,114217,2025-12-21,2026-01-09
509696,114206,2025-12-21,2025-12-22
509697,114220,2025-12-21,2025-12-27
509698,114222,2025-12-21,2026-01-08
509699,114224,2025-12-21,2026-01-05
509700,114226,2025-12-21,2026-01-01
509701,114227,2025-12-21,2025-12-28
509702,114228,2025-12-21,2026-03-04
509703,114229,2025-12-21,2026-01-31
509704,114231,2025-12-21,2025-12-27
509705,114219,2025-12-21,2025-12-23
509706,114204,2025-12-21,2026-01-09
509707,114186,2025-12-21,2026-01-03
509708,114202,2025-12-21,2026-04-30
509709,114203,2025-12-21,
509710,105701,2025-12-21,2025-12-22
509711,101733,2025-12-21,
509712,111427,2025-12-21,2026-02-13
509713,114181,2025-12-21,2025-12-28
509714,114183,2025-12-21,2026-02-06
509715,114185,2025-12-21,2026-01-10
509716,114188,2025-12-21,2025-12-29
509717,107127,2025-12-21,2026-02-03
509718,114192,2025-12-21,2025-12-22
509719,114194,2025-12-21,2025-12-28
509720,114195,2025-12-21,
509721,114197,2025-12-21,2026-01-16
509722,114198,2025-12-21,
509723,114199,2025-12-21,2026-01-02
509724,114201,2025-12-21,2025-12-25
509725,114190,2025-12-21,2026-04-11
509726,114282,2025-12-22,
509727,114260,2025-12-22,2025-12-23
509728,114262,2025-12-22,
509729,114263,2025-12-22,
509730,114264,2025-12-22,2026-04-26
509731,114265,2025-12-22,
509732,114267,2025-12-22,2026-06-19
509733,114268,2025-12-22,2025-12-23
509734,114275,2025-12-22,2025-12-30
509735,114271,2025-12-22,2026-01-11
509736,114273,2025-12-22,2026-03-02
509737,114274,2025-12-22,2025-12-27
509738,114276,2025-12-22,
509739,114278,2025-12-22,2026-05-23
509740,114279,2025-12-22,2026-02-05
509741,114280,2025-12-22,2026-01-19
509742,114269,2025-12-22,
509743,114258,2025-12-22,2026-03-31
509744,114254,2025-12-22,2026-01-27
509745,114255,2025-12-22,2026-02-08
509746,114256,2025-12-22,
509747,111928,2025-12-22,2025-12-23
509748,114233,2025-12-22,2026-01-08
509749,114234,2025-12-22,2026-01-15
509750,114237,2025-12-22,
509751,114238,2025-12-22,2026-01-06
509752,114240,2025-12-22,
509753,114235,2025-12-22,2026-01-09
509754,114243,2025-12-22,2026-01-31
509755,114245,2025-12-22,2026-04-19
509756,114247,2025-12-22,2026-01-05
509757,114249,2025-12-22,2026-01-19
509758,114251,2025-12-22,2026-01-16
509759,114252,2025-12-22,2026-06-21
509760,114241,2025-12-22,
509761,114310,2025-12-23,2025-12-24
509762,114303,2025-12-23,2026-04-26
509763,114305,2025-12-23,2026-01-12
509764,114307,2025-12-23,2026-03-08
509765,114308,2025-12-23,2026-02-17
509766,114309,2025-12-23,2026-01-17
509767,114312,2025-12-23,2025-12-30
509768,114323,2025-12-23,
509769,114315,2025-12-23,2026-01-28
509770,114316,2025-12-23,2026-02-26
509771,114317,2025-12-23,2026-01-10
509772,114318,2025-12-23,2026-01-25
509773,114320,2025-12-23,2026-01-26
509774,114324,2025-12-23,2026-02-11
509775,114321,2025-12-23,2026-01-05
509776,114314,2025-12-23,2025-12-25
509777,114301,2025-12-23,2026-01-08
509778,114297,2025-12-23,2026-01-11
509779,114298,2025-12-23,2025-12-29
509780,106824,2025-12-23,
509781,109972,2025-12-23,
509782,114300,2025-12-23,2026-01-03
509783,114286,2025-12-23,2026-04-22
509784,114287,2025-12-23,2026-02-27
509785,114284,2025-12-23,2025-12-31
509786,114290,2025-12-23,2026-04-03
509787,114292,2025-12-23,
509788,114294,2025-12-23,2026-03-25
509789,114295,2025-12-23,2026-01-01
509790,114296,2025-12-23,2025-12-30
509791,114288,2025-12-23,2026-02-16
509792,114360,2025-12-24,2026-04-29
509793,114351,2025-12-24,2026-02-07
509794,114352,2025-12-24,2025-12-29
509795,114354,2025-12-24,2026-01-02
509796,114356,2025-12-24,2025-12-30
509797,114358,2025-12-24,2026-01-05
509798,114362,2025-12-24,
509799,114373,2025-12-24,2026-02-09
509800,114366,2025-12-24,2026-03-12
509801,114368,2025-12-24,2026-04-09
509802,114370,2025-12-24,
509803,114372,2025-12-24,2026-06-08
509804,114348,2025-12-24,2026-01-02
509805,114374,2025-12-24,2025-12-25
509806,114375,2025-12-24,2026-01-03
509807,114364,2025-12-24,2026-01-23
509808,114347,2025-12-24,2025-12-30
509809,114349,2025-12-24,
509810,114344,2025-12-24,2026-01-27
509811,114345,2025-12-24,2026-06-30
509812,103904,2025-12-24,
509813,102947,2025-12-24,2026-01-24
509814,114327,2025-12-24,2026-04-08
509815,114329,2025-12-24,
509816,114331,2025-12-24,2026-03-05
509817,114326,2025-12-24,2026-02-23
509818,114335,2025-12-24,2026-01-21
509819,114337,2025-12-24,2026-01-06
509820,114338,2025-12-24,2026-01-11
509821,114340,2025-12-24,2026-03-05
509822,114341,2025-12-24,
509823,114342,2025-12-24,2026-01-09
509824,114333,2025-12-24,2026-01-12
509825,114413,2025-12-25,
509826,114403,2025-12-25,2025-12-31
509827,114404,2025-12-25,2026-04-09
509828,114405,2025-12-25,2026-01-03
509829,114406,2025-12-25,2026-04-30
509830,114408,2025-12-25,2026-01-12
509831,114409,2025-12-25,2026-05-14
509832,114411,2025-12-25,2025-12-27
509833,114415,2025-12-25,2026-01-09
509834,114425,2025-12-25,2026-04-03
509835,114417,2025-12-25,
509836,114419,2025-12-25,2026-04-17
509837,114420,2025-12-25,2026-01-02
509838,114422,2025-12-25,2026-01-19
509839,114424,2025-12-25,2026-02-01
509840,114427,2025-12-25,2026-01-12
509841,114429,2025-12-25,2026-01-07
509842,114402,2025-12-25,2025-12-28
509843,114416,2025-12-25,2026-01-03
509844,114400,2025-12-25,2026-03-03
509845,114388,2025-12-25,
509846,114397,2025-12-25,2026-01-08
509847,114376,2025-12-25,2026-06-23
509848,114377,2025-12-25,2026-01-16
509849,114379,2025-12-25,2026-01-10
509850,114382,2025-12-25,2026-01-18
509851,114383,2025-12-25,2026-03-29
509852,114385,2025-12-25,2026-02-26
509853,114386,2025-12-25,2025-12-26
509854,114381,2025-12-25,2026-02-20
509855,114389,2025-12-25,2026-01-13
509856,114391,2025-12-25,2026-01-30
509857,114392,2025-12-25,2026-01-06
509858,114393,2025-12-25,
509859,114394,2025-12-25,2026-04-06
509860,114395,2025-12-25,
509861,114396,2025-12-25,2026-01-22
509862,114399,2025-12-25,
509863,114472,2025-12-26,2026-01-01
509864,114471,2025-12-26,2026-04-19
509865,114470,2025-12-26,2025-12-31
509866,114468,2025-12-26,2026-01-03
509867,114461,2025-12-26,2026-02-05
509868,114465,2025-12-26,2026-01-19
509869,114464,2025-12-26,2026-01-12
509870,114459,2025-12-26,2026-01-03
509871,114473,2025-12-26,2026-02-28
509872,114467,2025-12-26,2026-01-03
509873,114475,2025-12-26,2026-02-18
509874,114487,2025-12-26,2026-01-24
509875,114478,2025-12-26,2026-01-16
509876,114479,2025-12-26,
509877,114481,2025-12-26,2026-01-01
509878,114483,2025-12-26,2026-03-26
509879,114485,2025-12-26,2026-07-19
509880,114486,2025-12-26,
509881,114457,2025-12-26,2026-06-12
509882,114489,2025-12-26,2026-03-22
509883,114491,2025-12-26,2026-01-13
509884,114492,2025-12-26,2026-01-10
509885,114477,2025-12-26,2026-05-02
509886,114456,2025-12-26,2026-01-01
509887,114463,2025-12-26,2026-02-09
509888,114453,2025-12-26,2026-01-08
509889,114455,2025-12-26,2026-01-11
509890,110074,2025-12-26,
509891,109988,2025-12-26,2026-01-01
509892,106698,2025-12-26,2026-06-29
509893,114430,2025-12-26,2025-12-28
509894,114431,2025-12-26,2026-02-27
509895,114434,2025-12-26,2026-02-13
509896,114435,2025-12-26,2026-01-08
509897,114436,2025-12-26,
509898,114438,2025-12-26,
509899,114439,2025-12-26,2026-02-23
509900,114433,2025-12-26,2025-12-27
509901,114441,2025-12-26,2026-01-26
509902,114451,2025-12-26,2026-03-16
509903,114440,2025-12-26,2026-01-07
509904,114449,2025-12-26,2026-05-09
509905,114448,2025-12-26,2026-03-26
509906,114450,2025-12-26,
509907,114446,2025-12-26,2026-01-14
509908,114444,2025-12-26,2025-12-30
509909,114442,2025-12-26,2026-01-28
509910,114447,2025-12-26,2026-02-01
509911,114547,2025-12-27,2026-01-28
509912,114536,2025-12-27,2026-01-19
509913,114535,2025-12-27,2026-02-20
509914,114537,2025-12-27,2026-05-03
509915,114539,2025-12-27,
509916,114541,2025-12-27,2026-01-09
509917,114542,2025-12-27,2026-01-25
509918,114543,2025-12-27,2025-12-28
509919,114544,2025-12-27,2026-01-02
509920,114545,2025-12-27,2026-03-02
509921,114546,2025-12-27,2026-01-30
509922,114549,2025-12-27,2025-12-30
509923,114562,2025-12-27,2026-01-06
509924,114551,2025-12-27,2026-06-24
509925,114552,2025-12-27,2025-12-30
509926,114554,2025-12-27,2026-01-05
509927,114556,2025-12-27,2026-01-02
509928,114557,2025-12-27,2025-12-28
509929,114558,2025-12-27,2026-01-16
509930,114559,2025-12-27,2026-01-02
509931,114564,2025-12-27,2025-12-28
509932,114560,2025-12-27,
509933,114563,2025-12-27,2026-01-12
509934,114534,2025-12-27,2026-01-02
509935,114550,2025-12-27,2026-01-07
509936,114532,2025-12-27,2026-04-12
509937,114495,2025-12-27,2026-01-13
509938,114529,2025-12-27,2026-01-06
509939,110053,2025-12-27,
509940,114530,2025-12-27,2026-01-20
509941,114496,2025-12-27,2026-01-07
509942,114497,2025-12-27,2026-07-16
509943,114499,2025-12-27,2026-08-02
509944,114501,2025-12-27,2026-05-14
509945,114503,2025-12-27,2025-12-28
509946,114504,2025-12-27,
509947,114506,2025-12-27,
509948,114507,2025-12-27,2026-01-01
509949,114508,2025-12-27,
509950,114493,2025-12-27,2026-07-28
509951,114511,2025-12-27,2026-04-20
509952,114510,2025-12-27,2026-01-01
509953,114525,2025-12-27,2026-04-18
509954,114523,2025-12-27,2026-04-23
509955,114522,2025-12-27,2026-04-06
509956,114521,2025-12-27,2026-01-13
509957,114527,2025-12-27,2026-01-28
509958,114518,2025-12-27,2026-03-25
509959,114516,2025-12-27,
509960,114515,2025-12-27,2026-02-03
509961,114513,2025-12-27,2026-01-07
509962,114520,2025-12-27,2026-07-03
509963,114604,2025-12-28,2025-12-29
509964,114593,2025-12-28,2026-03-17
509965,114595,2025-12-28,2025-12-29
509966,114596,2025-12-28,2026-01-22
509967,114597,2025-12-28,
509968,114598,2025-12-28,2026-01-21
509969,114600,2025-12-28,2026-05-30
509970,114602,2025-12-28,2026-01-31
509971,114606,2025-12-28,2026-01-03
509972,114612,2025-12-28,2026-05-07
509973,114608,2025-12-28,2026-01-07
509974,114609,2025-12-28,2026-01-01
509975,114610,2025-12-28,2026-01-15
509976,114611,2025-12-28,2026-01-02
509977,114613,2025-12-28,2026-03-24
509978,114615,2025-12-28,
509979,114618,2025-12-28,2025-12-31
509980,114616,2025-12-28,2026-01-23
509981,114607,2025-12-28,2026-01-18
509982,114590,2025-12-28,2026-04-29
509983,114592,2025-12-28,2025-12-29
509984,114587,2025-12-28,2026-02-03
509985,109777,2025-12-28,2026-04-18
509986,114588,2025-12-28,2026-01-01
509987,114566,2025-12-28,2026-01-02
509988,114568,2025-12-28,2026-02-07
509989,114569,2025-12-28,
509990,114570,2025-12-28,
509991,114572,2025-12-28,2026-01-27
509992,114574,2025-12-28,2025-12-31
509993,106081,2025-12-28,2026-01-11
509994,114576,2025-12-28,
509995,114578,2025-12-28,2026-02-07
509996,114579,2025-12-28,2026-01-20
509997,114581,2025-12-28,2026-02-15
509998,114582,2025-12-28,2026-01-27
509999,114584,2025-12-28,
510000,114586,2025-12-28,2026-03-07
510001,114575,2025-12-28,2026-02-25
510002,114640,2025-12-29,2026-01-07
510003,114642,2025-12-29,2026-01-10
510004,114643,2025-12-29,2026-03-23
510005,114645,2025-12-29,2026-01-05
510006,114647,2025-12-29,2026-05-05
510007,114649,2025-12-29,2026-01-03
510008,114651,2025-12-29,2026-03-22
510009,114657,2025-12-29,2026-01-23
510010,114654,2025-12-29,2026-04-26
510011,114655,2025-12-29,2026-01-22
510012,114658,2025-12-29,2026-01-03
510013,114659,2025-12-29,2026-03-07
510014,114660,2025-12-29,2025-12-30
510015,114638,2025-12-29,2026-02-03
510016,114652,2025-12-29,2026-04-02
510017,114637,2025-12-29,2026-05-27
510018,114633,2025-12-29,2026-01-08
510019,103530,2025-12-29,2026-04-25
510020,112369,2025-12-29,2026-02-20
510021,114635,2025-12-29,2026-01-06
510022,103088,2025-12-29,2026-01-24
510023,103217,2025-12-29,2026-01-24
510024,114621,2025-12-29,2026-01-11
510025,114623,2025-12-29,2026-01-21
510026,114620,2025-12-29,2026-01-10
510027,114626,2025-12-29,2026-01-10
510028,114628,2025-12-29,
510029,114630,2025-12-29,2026-03-28
510030,114631,2025-12-29,2026-01-27
510031,114632,2025-12-29,2026-04-17
510032,114624,2025-12-29,2026-01-01
510033,114695,2025-12-30,2026-06-10
510034,114686,2025-12-30,
510035,114688,2025-12-30,
510036,114692,2025-12-30,2026-02-27
510037,114694,2025-12-30,2026-06-12
510038,114697,2025-12-30,
510039,114685,2025-12-30,2026-01-02
510040,114699,2025-12-30,2026-07-11
510041,114700,2025-12-30,2026-02-08
510042,114701,2025-12-30,
510043,114702,2025-12-30,
510044,114704,2025-12-30,2026-02-12
510045,114706,2025-12-30,
510046,114705,2025-12-30,2026-03-20
510047,114698,2025-12-30,2026-01-19
510048,114683,2025-12-30,2026-01-16
510049,114690,2025-12-30,2025-12-31
510050,114679,2025-12-30,
510051,100434,2025-12-30,2025-12-31
510052,114661,2025-12-30,2026-03-12
510053,114663,2025-12-30,2026-01-07
510054,114665,2025-12-30,2025-12-31
510055,114666,2025-12-30,2026-01-15
510056,114667,2025-12-30,2026-03-08
510057,114668,2025-12-30,2026-07-18
510058,114681,2025-12-30,
510059,114670,2025-12-30,2026-02-14
510060,114672,2025-12-30,2026-06-01
510061,114673,2025-12-30,2025-12-31
510062,114674,2025-12-30,2026-01-03
510063,114675,2025-12-30,2026-05-20
510064,114677,2025-12-30,2026-01-07
510065,114669,2025-12-30,2026-01-26
510066,114742,2025-12-31,2026-01-06
510067,114744,2025-12-31,2026-04-24
510068,114746,2025-12-31,2026-01-21
510069,114748,2025-12-31,2026-03-01
510070,114749,2025-12-31,2026-01-16
510071,114750,2025-12-31,2026-01-28
510072,114751,2025-12-31,2026-01-26
510073,114752,2025-12-31,2026-02-09
510074,114753,2025-12-31,
510075,114759,2025-12-31,
510076,114756,2025-12-31,2026-02-01
510077,114757,2025-12-31,2026-06-24
510078,114761,2025-12-31,2026-02-08
510079,114762,2025-12-31,
510080,114764,2025-12-31,
510081,114740,2025-12-31,2026-03-06
510082,114768,2025-12-31,2026-03-28
510083,114770,2025-12-31,2026-01-17
510084,114772,2025-12-31,2026-02-06
510085,114754,2025-12-31,
510086,114766,2025-12-31,2026-02-25
510087,114739,2025-12-31,2026-01-07
510088,114736,2025-12-31,2026-03-02
510089,114738,2025-12-31,
510090,114707,2025-12-31,2026-05-18
510091,114709,2025-12-31,2026-03-19
510092,114711,2025-12-31,2026-01-02
510093,114713,2025-12-31,2026-01-12
510094,114716,2025-12-31,2026-01-07
510095,114718,2025-12-31,2026-07-28
510096,114720,2025-12-31,
510097,114715,2025-12-31,
510098,114723,2025-12-31,
510099,114722,2025-12-31,2026-04-14
510100,114733,2025-12-31,2026-02-09
510101,114731,2025-12-31,2026-04-22
510102,114729,2025-12-31,
510103,114735,2025-12-31,2026-02-14
510104,114726,2025-12-31,2026-02-07
510105,114725,2025-12-31,2026-01-17
510106,114727,2025-12-31,2026-01-04
510107,114808,2026-01-01,
510108,114798,2026-01-01,2026-03-04
510109,114799,2026-01-01,2026-01-04
510110,114801,2026-01-01,2026-01-18
510111,114802,2026-01-01,
510112,114804,2026-01-01,2026-01-10
510113,114806,2026-01-01,2026-01-02
510114,114810,2026-01-01,2026-06-04
510115,114821,2026-01-01,2026-02-06
510116,114814,2026-01-01,2026-01-10
510117,114815,2026-01-01,2026-01-16
510118,114816,2026-01-01,
510119,114818,2026-01-01,2026-06-02
510120,114820,2026-01-01,2026-04-17
510121,114823,2026-01-01,2026-06-26
510122,114796,2026-01-01,2026-01-13
510123,114812,2026-01-01,2026-01-24
510124,114795,2026-01-01,2026-01-02
510125,114825,2026-01-01,2026-01-19
510126,114793,2026-01-01,2026-01-15
510127,114794,2026-01-01,
510128,103724,2026-01-01,2026-03-15
510129,114774,2026-01-01,
510130,114776,2026-01-01,2026-06-05
510131,114777,2026-01-01,2026-01-05
510132,114779,2026-01-01,2026-01-16
510133,114780,2026-01-01,2026-02-08
510134,107291,2026-01-01,2026-01-25
510135,114783,2026-01-01,2026-03-07
510136,114784,2026-01-01,2026-02-14
510137,114785,2026-01-01,2026-01-02
510138,114787,2026-01-01,
510139,114788,2026-01-01,
510140,114789,2026-01-01,2026-01-16
510141,114791,2026-01-01,2026-07-03
510142,114781,2026-01-01,2026-01-20
510143,114851,2026-01-02,
510144,114853,2026-01-02,2026-04-29
510145,114854,2026-01-02,
510146,114855,2026-01-02,2026-01-11
510147,114857,2026-01-02,2026-02-24
510148,114859,2026-01-02,2026-06-06
510149,114863,2026-01-02,2026-01-03
510150,114861,2026-01-02,2026-04-14
510151,114862,2026-01-02,2026-01-09
510152,114864,2026-01-02,2026-01-18
510153,114865,2026-01-02,
510154,114849,2026-01-02,2026-01-08
510155,114867,2026-01-02,2026-01-17
510156,114860,2026-01-02,2026-01-27
510157,114847,2026-01-02,2026-01-11
510158,114850,2026-01-02,2026-02-20
510159,114844,2026-01-02,2026-01-24
510160,114846,2026-01-02,2026-02-04
510161,114827,2026-01-02,2026-04-27
510162,114830,2026-01-02,2026-01-23
510163,114832,2026-01-02,2026-03-18
510164,114834,2026-01-02,2026-01-06
510165,114835,2026-01-02,2026-02-10
510166,114828,2026-01-02,2026-02-05
510167,114838,2026-01-02,2026-03-01
510168,114839,2026-01-02,
510169,114841,2026-01-02,2026-02-02
510170,114843,2026-01-02,2026-01-17
510171,114837,2026-01-02,2026-01-07
510172,114921,2026-01-03,2026-06-03
510173,114906,2026-01-03,2026-06-23
510174,114908,2026-01-03,
510175,114909,2026-01-03,2026-03-03
510176,114912,2026-01-03,
510177,114914,2026-01-03,2026-01-04
510178,114904,2026-01-03,2026-06-21
510179,114915,2026-01-03,2026-02-05
510180,114917,2026-01-03,2026-04-23
510181,114919,2026-01-03,
510182,114922,2026-01-03,2026-03-04
510183,114933,2026-01-03,2026-01-06
510184,114926,2026-01-03,2026-01-04
510185,114928,2026-01-03,
510186,114930,2026-01-03,2026-03-06
510187,114931,2026-01-03,2026-02-13
510188,114935,2026-01-03,2026-01-30
510189,114936,2026-01-03,
510190,114937,2026-01-03,2026-07-13
510191,114940,2026-01-03,
510192,114938,2026-01-03,2026-06-05
510193,114903,2026-01-03,2026-02-18
510194,114924,2026-01-03,2026-01-10
510195,114902,2026-01-03,
510196,114911,2026-01-03,2026-01-07
510197,114900,2026-01-03,2026-04-12
510198,114901,2026-01-03,2026-01-12
510199,114869,2026-01-03,2026-02-09
510200,114870,2026-01-03,2026-01-05
510201,114871,2026-01-03,2026-07-23
510202,114872,2026-01-03,2026-01-06
510203,114874,2026-01-03,2026-01-06
510204,114875,2026-01-03,2026-01-04
510205,114877,2026-01-03,2026-04-21
510206,114879,2026-01-03,2026-01-24
510207,114881,2026-01-03,2026-03-29
510208,114876,2026-01-03,
510209,114885,2026-01-03,2026-05-09
510210,114898,2026-01-03,2026-04-11
510211,114883,2026-01-03,2026-02-02
510212,114895,2026-01-03,2026-02-26
510213,114894,2026-01-03,2026-01-04
510214,114892,2026-01-03,2026-01-27
510215,114896,2026-01-03,
510216,114890,2026-01-03,2026-07-09
510217,114888,2026-01-03,2026-03-24
510218,114887,2026-01-03,2026-01-24
510219,114983,2026-01-04,2026-01-10
510220,114974,2026-01-04,
510221,114975,2026-01-04,2026-02-14
510222,114976,2026-01-04,2026-03-26
510223,114978,2026-01-04,
510224,114979,2026-01-04,
510225,114980,2026-01-04,2026-02-11
510226,114982,2026-01-04,2026-04-19
510227,114972,2026-01-04,2026-01-06
510228,114985,2026-01-04,2026-03-26
510229,114999,2026-01-04,2026-01-20
510230,114987,2026-01-04,2026-02-09
510231,114988,2026-01-04,2026-01-28
510232,114990,2026-01-04,2026-07-16
510233,114992,2026-01-04,2026-01-08
510234,114994,2026-01-04,2026-03-03
510235,114996,2026-01-04,2026-03-20
510236,114997,2026-01-04,2026-02-17
510237,114998,2026-01-04,2026-01-07
510238,114970,2026-01-04,2026-01-12
510239,115000,2026-01-04,
510240,114986,2026-01-04,2026-03-13
510241,114968,2026-01-04,2026-01-11
510242,114964,2026-01-04,2026-02-11
510243,114966,2026-01-04,2026-01-05
510244,114967,2026-01-04,2026-01-10
510245,101896,2026-01-04,
510246,100750,2026-01-04,2026-01-10
510247,114942,2026-01-04,2026-01-08
510248,114943,2026-01-04,2026-03-12
510249,114944,2026-01-04,2026-03-21
510250,114946,2026-01-04,2026-01-06
510251,114948,2026-01-04,2026-01-07
510252,114950,2026-01-04,2026-03-11
510253,107932,2026-01-04,2026-01-10
510254,114953,2026-01-04,
510255,114955,2026-01-04,2026-02-10
510256,114957,2026-01-04,2026-02-26
510257,114958,2026-01-04,2026-04-18
510258,114959,2026-01-04,2026-01-27
510259,114961,2026-01-04,2026-01-17
510260,114963,2026-01-04,2026-01-18
510261,114965,2026-01-04,2026-02-16
510262,114951,2026-01-04,2026-02-05
510263,115033,2026-01-05,2026-06-07
510264,115032,2026-01-05,2026-02-22
510265,115026,2026-01-05,2026-05-14
510266,115028,2026-01-05,2026-07-29
510267,115027,2026-01-05,2026-06-25
510268,115034,2026-01-05,2026-01-23
510269,115030,2026-01-05,2026-03-29
510270,115035,2026-01-05,2026-01-08
510271,115039,2026-01-05,2026-02-15
510272,115037,2026-01-05,2026-01-15
510273,115038,2026-01-05,
510274,115040,2026-01-05,2026-05-15
510275,115042,2026-01-05,2026-03-21
510276,115024,2026-01-05,2026-01-26
510277,115043,2026-01-05,2026-03-09
510278,115044,2026-01-05,2026-05-25
510279,115036,2026-01-05,2026-01-29
510280,115023,2026-01-05,2026-01-15
510281,115025,2026-01-05,
510282,115020,2026-01-05,2026-01-10
510283,109519,2026-01-05,2026-04-17
510284,115002,2026-01-05,
510285,115004,2026-01-05,2026-01-19
510286,115005,2026-01-05,2026-01-17
510287,115006,2026-01-05,2026-02-14
510288,115010,2026-01-05,2026-02-28
510289,115012,2026-01-05,
510290,115008,2026-01-05,2026-03-02
510291,115014,2026-01-05,
510292,115015,2026-01-05,2026-03-24
510293,115016,2026-01-05,
510294,115017,2026-01-05,2026-02-23
510295,115021,2026-01-05,2026-01-06
510296,115018,2026-01-05,2026-04-22
510297,115013,2026-01-05,2026-02-05
510298,115071,2026-01-06,2026-01-20
510299,115064,2026-01-06,2026-01-11
510300,115067,2026-01-06,2026-03-30
510301,115068,2026-01-06,2026-01-07
510302,115069,2026-01-06,2026-03-11
510303,115073,2026-01-06,2026-01-16
510304,115085,2026-01-06,
510305,115076,2026-01-06,2026-01-28
510306,115078,2026-01-06,2026-01-18
510307,115080,2026-01-06,2026-01-07
510308,115082,2026-01-06,2026-01-07
510309,115084,2026-01-06,2026-05-09
510310,115063,2026-01-06,2026-04-21
510311,115075,2026-01-06,
510312,115061,2026-01-06,2026-01-26
510313,115065,2026-01-06,2026-02-27
510314,115058,2026-01-06,2026-01-21
510315,115056,2026-01-06,2026-02-16
510316,115055,2026-01-06,2026-01-12
510317,115054,2026-01-06,2026-02-15
510318,115052,2026-01-06,2026-03-13
510319,115050,2026-01-06,
510320,115048,2026-01-06,2026-01-28
510321,115047,2026-01-06,2026-01-18
510322,115045,2026-01-06,
510323,112942,2026-01-06,2026-01-26
510324,115060,2026-01-06,2026-08-03
510325,104275,2026-01-06,2026-03-25
510326,115131,2026-01-07,2026-01-21
510327,115130,2026-01-07,2026-01-30
510328,115158,2026-01-07,2026-03-25
510329,115127,2026-01-07,2026-01-19
510330,115120,2026-01-07,2026-01-23
510331,115125,2026-01-07,2026-02-19
510332,115123,2026-01-07,2026-01-28
510333,115121,2026-01-07,2026-01-08
510334,115133,2026-01-07,
510335,115119,2026-01-07,2026-02-13
510336,115126,2026-01-07,2026-01-12
510337,115135,2026-01-07,2026-02-06
510338,115143,2026-01-07,2026-01-10
510339,115137,2026-01-07,2026-02-18
510340,115139,2026-01-07,2026-02-01
510341,115140,2026-01-07,
510342,115142,2026-01-07,2026-01-14
510343,115145,2026-01-07,2026-01-23
510344,115147,2026-01-07,2026-02-22
510345,115149,2026-01-07,2026-01-13
510346,115156,2026-01-07,2026-03-25
510347,115155,2026-01-07,
510348,115153,2026-01-07,2026-03-27
510349,115151,2026-01-07,2026-03-12
510350,115117,2026-01-07,2026-01-24
510351,115136,2026-01-07,
510352,115115,2026-01-07,2026-02-12
510353,115128,2026-01-07,2026-03-20
510354,115112,2026-01-07,
510355,109445,2026-01-07,2026-01-15
510356,105779,2026-01-07,2026-01-19
510357,115113,2026-01-07,2026-03-10
510358,115087,2026-01-07,2026-02-07
510359,115091,2026-01-07,2026-01-23
510360,115092,2026-01-07,2026-01-31
510361,115094,2026-01-07,2026-05-09
510362,115096,2026-01-07,2026-01-29
510363,115097,2026-01-07,2026-02-05
510364,115089,2026-01-07,2026-05-21
510365,115100,2026-01-07,2026-01-11
510366,115101,2026-01-07,2026-01-12
510367,115103,2026-01-07,2026-03-11
510368,115105,2026-01-07,2026-02-01
510369,115106,2026-01-07,2026-04-22
510370,115107,2026-01-07,
510371,115108,2026-01-07,2026-05-27
510372,115109,2026-01-07,2026-04-26
510373,115098,2026-01-07,2026-01-08
510374,115110,2026-01-07,2026-02-17
510375,115208,2026-01-08,2026-06-24
510376,115206,2026-01-08,2026-03-01
510377,115205,2026-01-08,2026-02-19
510378,115204,2026-01-08,2026-01-29
510379,115203,2026-01-08,
510380,115198,2026-01-08,
510381,115201,2026-01-08,2026-05-27
510382,115200,2026-01-08,2026-02-12
510383,115197,2026-01-08,
510384,115210,2026-01-08,
510385,115202,2026-01-08,2026-03-26
510386,115212,2026-01-08,2026-05-10
510387,115224,2026-01-08,2026-01-23
510388,115214,2026-01-08,2026-02-17
510389,115216,2026-01-08,2026-01-12
510390,115217,2026-01-08,2026-04-29
510391,115219,2026-01-08,2026-01-11
510392,115220,2026-01-08,2026-01-11
510393,115222,2026-01-08,2026-01-13
510394,115223,2026-01-08,2026-01-18
510395,115196,2026-01-08,
510396,115225,2026-01-08,2026-03-26
510397,115227,2026-01-08,2026-01-31
510398,115229,2026-01-08,2026-01-25
510399,115231,2026-01-08,2026-01-24
510400,115213,2026-01-08,2026-05-28
510401,115195,2026-01-08,2026-01-13
510402,115188,2026-01-08,2026-03-21
510403,115191,2026-01-08,2026-01-15
510404,103174,2026-01-08,2026-01-11
510405,109190,2026-01-08,2026-02-25
510406,115193,2026-01-08,
510407,115160,2026-01-08,
510408,115162,2026-01-08,2026-01-29
510409,115164,2026-01-08,2026-03-05
510410,115168,2026-01-08,2026-06-23
510411,115169,2026-01-08,
510412,115171,2026-01-08,
510413,115166,2026-01-08,2026-06-20
510414,115174,2026-01-08,2026-01-23
510415,115189,2026-01-08,2026-02-05
510416,115186,2026-01-08,
510417,115172,2026-01-08,2026-06-08
510418,115183,2026-01-08,2026-01-15
510419,115184,2026-01-08,2026-05-22
510420,115179,2026-01-08,2026-06-23
510421,115178,2026-01-08,2026-02-02
510422,115176,2026-01-08,2026-03-21
510423,115181,2026-01-08,2026-02-02
510424,115256,2026-01-09,2026-01-26
510425,115263,2026-01-09,
510426,115257,2026-01-09,2026-02-02
510427,115258,2026-01-09,2026-02-06
510428,115259,2026-01-09,2026-02-23
510429,115260,2026-01-09,2026-02-05
510430,115261,2026-01-09,2026-01-13
510431,115278,2026-01-09,2026-05-12
510432,115255,2026-01-09,2026-01-14
510433,115267,2026-01-09,2026-01-27
510434,115268,2026-01-09,2026-01-17
510435,115269,2026-01-09,2026-04-30
510436,115273,2026-01-09,
510437,115275,2026-01-09,2026-01-25
510438,115276,2026-01-09,2026-02-14
510439,115277,2026-01-09,2026-06-26
510440,115271,2026-01-09,
510441,115265,2026-01-09,
510442,115254,2026-01-09,2026-02-03
510443,115239,2026-01-09,2026-02-28
510444,115251,2026-01-09,2026-03-13
510445,109290,2026-01-09,2026-01-31
510446,105537,2026-01-09,2026-01-15
510447,108735,2026-01-09,
510448,105430,2026-01-09,2026-05-14
510449,115233,2026-01-09,2026-01-15
510450,115235,2026-01-09,2026-03-01
510451,115237,2026-01-09,
510452,115238,2026-01-09,2026-02-21
510453,115252,2026-01-09,2026-04-04
510454,115241,2026-01-09,2026-02-03
510455,115242,2026-01-09,2026-06-12
510456,115243,2026-01-09,2026-02-18
510457,115245,2026-01-09,2026-02-24
510458,115247,2026-01-09,2026-01-12
510459,115249,2026-01-09,2026-01-26
510460,115250,2026-01-09,
510461,115240,2026-01-09,2026-01-22
510462,115310,2026-01-10,2026-01-28
510463,115311,2026-01-10,2026-01-27
510464,115313,2026-01-10,2026-04-11
510465,115314,2026-01-10,2026-02-16
510466,115316,2026-01-10,2026-07-26
510467,115317,2026-01-10,2026-03-31
510468,115319,2026-01-10,2026-01-30
510469,115320,2026-01-10,
510470,115325,2026-01-10,2026-01-26
510471,115322,2026-01-10,
510472,115323,2026-01-10,2026-01-19
510473,115327,2026-01-10,2026-01-15
510474,115329,2026-01-10,2026-02-04
510475,115331,2026-01-10,2026-02-06
510476,115333,2026-01-10,2026-07-10
510477,115309,2026-01-10,2026-03-07
510478,115334,2026-01-10,2026-04-19
510479,115321,2026-01-10,2026-02-12
510480,115307,2026-01-10,2026-07-13
510481,115305,2026-01-10,
510482,109945,2026-01-10,2026-01-13
510483,115303,2026-01-10,
510484,115279,2026-01-10,
510485,115280,2026-01-10,2026-02-06
510486,115282,2026-01-10,2026-02-07
510487,115285,2026-01-10,2026-01-27
510488,115287,2026-01-10,2026-01-29
510489,115288,2026-01-10,2026-03-18
510490,115289,2026-01-10,2026-04-30
510491,115283,2026-01-10,2026-01-20
510492,115292,2026-01-10,2026-03-27
510493,115294,2026-01-10,
510494,115295,2026-01-10,2026-01-27
510495,115296,2026-01-10,
510496,115298,2026-01-10,
510497,115299,2026-01-10,2026-01-21
510498,115291,2026-01-10,2026-02-01
510499,115301,2026-01-10,2026-07-01
510500,115374,2026-01-11,2026-04-23
510501,115373,2026-01-11,2026-01-13
510502,115372,2026-01-11,2026-04-23
510503,115368,2026-01-11,2026-01-13
510504,115369,2026-01-11,
510505,115366,2026-01-11,2026-01-28
510506,115375,2026-01-11,2026-04-07
510507,115371,2026-01-11,2026-04-01
510508,115377,2026-01-11,
510509,115364,2026-01-11,2026-02-16
510510,115379,2026-01-11,2026-03-12
510511,115381,2026-01-11,2026-01-16
510512,115382,2026-01-11,2026-01-15
510513,115383,2026-01-11,
510514,115385,2026-01-11,
510515,115387,2026-01-11,2026-01-18
510516,115389,2026-01-11,2026-02-19
510517,115393,2026-01-11,2026-02-26
510518,115391,2026-01-11,2026-01-13
510519,115378,2026-01-11,2026-02-12
510520,115363,2026-01-11,2026-03-03
510521,115359,2026-01-11,2026-01-31
510522,110667,2026-01-11,
510523,115335,2026-01-11,2026-03-01
510524,115337,2026-01-11,2026-02-17
510525,115339,2026-01-11,2026-02-04
510526,115341,2026-01-11,2026-01-24
510527,115343,2026-01-11,
510528,115344,2026-01-11,2026-01-25
510529,115345,2026-01-11,2026-01-14
510530,115361,2026-01-11,2026-01-30
510531,115349,2026-01-11,2026-03-29
510532,115350,2026-01-11,2026-01-16
510533,115352,2026-01-11,2026-03-12
510534,115354,2026-01-11,2026-01-25
510535,115355,2026-01-11,2026-01-21
510536,115357,2026-01-11,2026-01-15
510537,115358,2026-01-11,2026-04-17
510538,115347,2026-01-11,2026-01-21
510539,115429,2026-01-12,2026-01-16
510540,115428,2026-01-12,2026-06-06
510541,115427,2026-01-12,2026-01-21
510542,115422,2026-01-12,2026-02-24
510543,115423,2026-01-12,2026-01-13
510544,115430,2026-01-12,2026-01-30
510545,115421,2026-01-12,2026-02-09
510546,115425,2026-01-12,2026-03-11
510547,115432,2026-01-12,2026-02-24
510548,115437,2026-01-12,2026-03-14
510549,115435,2026-01-12,2026-01-22
510550,115436,2026-01-12,
510551,115439,2026-01-12,2026-01-20
510552,115440,2026-01-12,
510553,115441,2026-01-12,2026-05-04
510554,115419,2026-01-12,
510555,115442,2026-01-12,
510556,115444,2026-01-12,2026-03-18
510557,115434,2026-01-12,2026-01-26
510558,115415,2026-01-12,2026-03-01
510559,115404,2026-01-12,2026-01-13
510560,115413,2026-01-12,2026-03-06
510561,105279,2026-01-12,2026-01-31
510562,107401,2026-01-12,2026-01-13
510563,106797,2026-01-12,2026-04-14
510564,107473,2026-01-12,2026-02-09
510565,115417,2026-01-12,2026-04-15
510566,115397,2026-01-12,2026-01-21
510567,115399,2026-01-12,2026-02-25
510568,115395,2026-01-12,2026-04-02
510569,115402,2026-01-12,2026-06-28
510570,115403,2026-01-12,2026-03-30
510571,115406,2026-01-12,2026-02-09
510572,115407,2026-01-12,
510573,115409,2026-01-12,
510574,115411,2026-01-12,2026-01-21
510575,115401,2026-01-12,2026-01-25
510576,115478,2026-01-13,2026-07-02
510577,115471,2026-01-13,2026-01-15
510578,115469,2026-01-13,2026-02-12
510579,115494,2026-01-13,2026-04-30
510580,115473,2026-01-13,
510581,115474,2026-01-13,2026-03-03
510582,115476,2026-01-13,2026-01-21
510583,115479,2026-01-13,2026-05-27
510584,115467,2026-01-13,
510585,115481,2026-01-13,2026-02-03
510586,115482,2026-01-13,2026-01-18
510587,115483,2026-01-13,2026-03-27
510588,115484,2026-01-13,
510589,115486,2026-01-13,
510590,115488,2026-01-13,2026-01-25
510591,115490,2026-01-13,2026-01-16
510592,115492,2026-01-13,2026-02-07
510593,115480,2026-01-13,2026-01-26
510594,115466,2026-01-13,2026-01-16
510595,115460,2026-01-13,
510596,115463,2026-01-13,2026-07-20
510597,104874,2026-01-13,
510598,108320,2026-01-13,2026-01-18
510599,115445,2026-01-13,2026-05-11
510600,115447,2026-01-13,
510601,115449,2026-01-13,2026-01-26
510602,115450,2026-01-13,2026-02-25
510603,115451,2026-01-13,2026-03-15
510604,115465,2026-01-13,2026-04-18
510605,115453,2026-01-13,2026-03-15
510606,115454,2026-01-13,2026-05-01
510607,115456,2026-01-13,2026-01-17
510608,115457,2026-01-13,2026-01-19
510609,115452,2026-01-13,2026-02-15
510610,115458,2026-01-13,2026-01-15
510611,115461,2026-01-13,2026-01-25
510612,115521,2026-01-14,2026-01-24
510613,115525,2026-01-14,
510614,115527,2026-01-14,
510615,115529,2026-01-14,2026-01-20
510616,115530,2026-01-14,2026-01-19
510617,115531,2026-01-14,2026-02-10
510618,115532,2026-01-14,2026-01-25
510619,115533,2026-01-14,2026-01-16
510620,115536,2026-01-14,2026-07-20
510621,115535,2026-01-14,2026-01-27
510622,115520,2026-01-14,
510623,115538,2026-01-14,2026-02-16
510624,115539,2026-01-14,2026-04-08
510625,115541,2026-01-14,
510626,115542,2026-01-14,2026-03-11
510627,115543,2026-01-14,2026-03-09
510628,115545,2026-01-14,2026-01-21
510629,115534,2026-01-14,
510630,115519,2026-01-14,2026-01-21
510631,115523,2026-01-14,
510632,108074,2026-01-14,
510633,109489,2026-01-14,2026-01-22
510634,106738,2026-01-14,2026-01-16
510635,115516,2026-01-14,2026-01-18
510636,115495,2026-01-14,
510637,115497,2026-01-14,
510638,115498,2026-01-14,2026-07-25
510639,115499,2026-01-14,2026-01-21
510640,115500,2026-01-14,2026-05-30
510641,115501,2026-01-14,2026-02-17
510642,115518,2026-01-14,2026-01-19
510643,115503,2026-01-14,2026-01-15
510644,115502,2026-01-14,2026-02-18
510645,115515,2026-01-14,2026-02-05
510646,115512,2026-01-14,2026-05-30
510647,115510,2026-01-14,2026-01-15
510648,115514,2026-01-14,2026-08-03
510649,115506,2026-01-14,
510650,115505,2026-01-14,2026-02-20
510651,115504,2026-01-14,2026-01-18
510652,115508,2026-01-14,2026-01-18
510653,115568,2026-01-15,2026-01-16
510654,115574,2026-01-15,2026-01-18
510655,115569,2026-01-15,2026-01-20
510656,115571,2026-01-15,2026-02-20
510657,115572,2026-01-15,2026-01-28
510658,115573,2026-01-15,2026-01-21
510659,115576,2026-01-15,2026-03-06
510660,115582,2026-01-15,
510661,115579,2026-01-15,2026-07-12
510662,115580,2026-01-15,2026-01-26
510663,115581,2026-01-15,2026-01-17
510664,115583,2026-01-15,2026-01-22
510665,115584,2026-01-15,2026-02-20
510666,115585,2026-01-15,
510667,115578,2026-01-15,2026-02-27
510668,115567,2026-01-15,2026-02-18
510669,115564,2026-01-15,2026-04-30
510670,115563,2026-01-15,
510671,115565,2026-01-15,2026-06-23
510672,108876,2026-01-15,
510673,115547,2026-01-15,2026-07-13
510674,115549,2026-01-15,2026-01-18
510675,115553,2026-01-15,2026-02-21
510676,115554,2026-01-15,2026-01-24
510677,115551,2026-01-15,
510678,115556,2026-01-15,2026-03-08
510679,115557,2026-01-15,2026-01-16
510680,115558,2026-01-15,2026-02-14
510681,115559,2026-01-15,2026-02-27
510682,115561,2026-01-15,2026-02-25
510683,115562,2026-01-15,2026-04-22
510684,115555,2026-01-15,2026-01-29
510685,115621,2026-01-16,2026-02-03
510686,115613,2026-01-16,2026-05-24
510687,115616,2026-01-16,2026-01-28
510688,115618,2026-01-16,2026-01-17
510689,115620,2026-01-16,2026-07-23
510690,115622,2026-01-16,2026-02-13
510691,115630,2026-01-16,
510692,115624,2026-01-16,2026-01-27
510693,115625,2026-01-16,2026-01-22
510694,115626,2026-01-16,2026-01-17
510695,115627,2026-01-16,2026-01-17
510696,115629,2026-01-16,2026-02-23
510697,115611,2026-01-16,2026-01-22
510698,115632,2026-01-16,
510699,115623,2026-01-16,2026-05-10
510700,115610,2026-01-16,2026-02-26
510701,115615,2026-01-16,2026-07-17
510702,115607,2026-01-16,
510703,115609,2026-01-16,2026-03-19
510704,112501,2026-01-16,2026-01-27
510705,110882,2026-01-16,2026-02-25
510706,115588,2026-01-16,2026-02-08
510707,115590,2026-01-16,
510708,115592,2026-01-16,2026-01-22
510709,115593,2026-01-16,2026-07-25
510710,115586,2026-01-16,2026-03-30
510711,115597,2026-01-16,2026-01-27
510712,115598,2026-01-16,2026-07-20
510713,115600,2026-01-16,2026-02-13
510714,115602,2026-01-16,2026-03-16
510715,115604,2026-01-16,2026-02-04
510716,115595,2026-01-16,2026-02-05
510717,115606,2026-01-16,
510718,115680,2026-01-17,2026-02-04
510719,115679,2026-01-17,2026-01-18
510720,115678,2026-01-17,
510721,115676,2026-01-17,2026-02-28
510722,115673,2026-01-17,2026-02-20
510723,115671,2026-01-17,2026-07-29
510724,115670,2026-01-17,2026-02-07
510725,115681,2026-01-17,2026-02-19
510726,115674,2026-01-17,
510727,115682,2026-01-17,2026-01-18
510728,115693,2026-01-17,2026-02-18
510729,115684,2026-01-17,
510730,115686,2026-01-17,
510731,115688,2026-01-17,
510732,115690,2026-01-17,2026-02-03
510733,115691,2026-01-17,2026-01-18
510734,115692,2026-01-17,2026-02-06
510735,115695,2026-01-17,2026-01-23
510736,115696,2026-01-17,2026-06-17
510737,115668,2026-01-17,2026-02-09
510738,115698,2026-01-17,
510739,115683,2026-01-17,2026-01-31
510740,115666,2026-01-17,2026-01-30
510741,115639,2026-01-17,2026-01-25
510742,115662,2026-01-17,2026-02-02
510743,115634,2026-01-17,2026-02-10
510744,115635,2026-01-17,2026-03-09
510745,115637,2026-01-17,2026-02-23
510746,115638,2026-01-17,
510747,115641,2026-01-17,2026-03-14
510748,115642,2026-01-17,2026-01-27
510749,115644,2026-01-17,
510750,115646,2026-01-17,2026-01-18
510751,115647,2026-01-17,2026-02-01
510752,115664,2026-01-17,2026-04-29
510753,115650,2026-01-17,2026-02-17
510754,115651,2026-01-17,2026-01-22
510755,115653,2026-01-17,2026-01-27
510756,115654,2026-01-17,2026-03-20
510757,115655,2026-01-17,2026-03-23
510758,115656,2026-01-17,2026-03-03
510759,115657,2026-01-17,2026-01-20
510760,115659,2026-01-17,2026-05-26
510761,115660,2026-01-17,2026-03-23
510762,115649,2026-01-17,2026-03-07
510763,115752,2026-01-18,
510764,115751,2026-01-18,2026-03-15
510765,115749,2026-01-18,
510766,115747,2026-01-18,2026-04-27
510767,115745,2026-01-18,2026-02-24
510768,115736,2026-01-18,
510769,115741,2026-01-18,2026-01-22
510770,115740,2026-01-18,2026-01-20
510771,115738,2026-01-18,
510772,115753,2026-01-18,2026-02-17
510773,115743,2026-01-18,2026-04-07
510774,115754,2026-01-18,2026-02-20
510775,115771,2026-01-18,2026-04-29
510776,115758,2026-01-18,2026-01-27
510777,115760,2026-01-18,2026-01-26
510778,115761,2026-01-18,2026-06-12
510779,115762,2026-01-18,2026-02-03
510780,115763,2026-01-18,2026-04-04
510781,115765,2026-01-18,2026-01-31
510782,115768,2026-01-18,2026-01-30
510783,115770,2026-01-18,2026-02-17
510784,115734,2026-01-18,2026-01-23
510785,115772,2026-01-18,2026-01-22
510786,115774,2026-01-18,
510787,115756,2026-01-18,2026-02-05
510788,115732,2026-01-18,
510789,115767,2026-01-18,2026-02-05
510790,115729,2026-01-18,2026-03-04
510791,108467,2026-01-18,2026-01-19
510792,115731,2026-01-18,2026-02-09
510793,115700,2026-01-18,2026-01-22
510794,115702,2026-01-18,2026-01-21
510795,115704,2026-01-18,2026-01-22
510796,115708,2026-01-18,2026-02-23
510797,115709,2026-01-18,2026-01-19
510798,115711,2026-01-18,2026-01-20
510799,115712,2026-01-18,
510800,115713,2026-01-18,2026-05-27
510801,115706,2026-01-18,2026-02-01
510802,115716,2026-01-18,2026-02-13
510803,115717,2026-01-18,2026-04-14
510804,115718,2026-01-18,
510805,115720,2026-01-18,2026-01-27
510806,115722,2026-01-18,2026-06-07
510807,115724,2026-01-18,2026-06-13
510808,115725,2026-01-18,2026-02-19
510809,115727,2026-01-18,2026-01-30
510810,115728,2026-01-18,2026-01-27
510811,115714,2026-01-18,2026-01-22
510812,115820,2026-01-19,
510813,115819,2026-01-19,2026-01-29
510814,115818,2026-01-19,2026-02-20
510815,115816,2026-01-19,2026-02-04
510816,115810,2026-01-19,
510817,115814,2026-01-19,2026-01-24
510818,115813,2026-01-19,2026-04-14
510819,115812,2026-01-19,
510820,115821,2026-01-19,
510821,115815,2026-01-19,2026-02-23
510822,115822,2026-01-19,2026-03-29
510823,115839,2026-01-19,2026-04-29
510824,115825,2026-01-19,2026-01-20
510825,115827,2026-01-19,2026-01-27
510826,115829,2026-01-19,
510827,115831,2026-01-19,2026-01-24
510828,115832,2026-01-19,2026-02-15
510829,115834,2026-01-19,2026-01-20
510830,115835,2026-01-19,2026-06-18
510831,115837,2026-01-19,2026-02-07
510832,115808,2026-01-19,
510833,115840,2026-01-19,2026-01-25
510834,115842,2026-01-19,2026-05-25
510835,115824,2026-01-19,
510836,115807,2026-01-19,2026-02-06
510837,115802,2026-01-19,2026-02-27
510838,115804,2026-01-19,2026-02-25
510839,115805,2026-01-19,
510840,115776,2026-01-19,2026-02-08
510841,115778,2026-01-19,2026-01-20
510842,115779,2026-01-19,2026-02-11
510843,115780,2026-01-19,2026-02-14
510844,115782,2026-01-19,2026-01-22
510845,115784,2026-01-19,
510846,115786,2026-01-19,
510847,104073,2026-01-19,
510848,115789,2026-01-19,
510849,115791,2026-01-19,
510850,115792,2026-01-19,
510851,115793,2026-01-19,2026-05-10
510852,115795,2026-01-19,2026-02-01
510853,115797,2026-01-19,2026-01-20
510854,115799,2026-01-19,2026-02-07
510855,115788,2026-01-19,2026-02-03
510856,115801,2026-01-19,2026-01-31
510857,115874,2026-01-20,2026-01-24
510858,115872,2026-01-20,2026-02-06
510859,115871,2026-01-20,
510860,115867,2026-01-20,2026-03-19
510861,115868,2026-01-20,
510862,115875,2026-01-20,2026-01-21
510863,115866,2026-01-20,2026-07-11
510864,115864,2026-01-20,2026-02-06
510865,115869,2026-01-20,
510866,115877,2026-01-20,2026-07-14
510867,115882,2026-01-20,2026-05-15
510868,115880,2026-01-20,
510869,115881,2026-01-20,2026-02-14
510870,115884,2026-01-20,
510871,115863,2026-01-20,2026-02-08
510872,115888,2026-01-20,2026-07-17
510873,115890,2026-01-20,2026-02-11
510874,115892,2026-01-20,2026-01-27
510875,115887,2026-01-20,2026-01-28
510876,115885,2026-01-20,2026-02-03
510877,115878,2026-01-20,2026-01-22
510878,115861,2026-01-20,2026-01-30
510879,115858,2026-01-20,2026-07-16
510880,115844,2026-01-20,2026-03-06
510881,101989,2026-01-20,2026-01-28
510882,103405,2026-01-20,2026-02-18
510883,106200,2026-01-20,2026-03-21
510884,100386,2026-01-20,2026-04-02
510885,100267,2026-01-20,2026-02-24
510886,115843,2026-01-20,2026-01-25
510887,115845,2026-01-20,2026-02-07
510888,115846,2026-01-20,2026-07-24
510889,115859,2026-01-20,2026-02-22
510890,115849,2026-01-20,
510891,115850,2026-01-20,2026-04-14
510892,115851,2026-01-20,2026-01-21
510893,115852,2026-01-20,2026-01-21
510894,115853,2026-01-20,
510895,115854,2026-01-20,2026-01-31
510896,115856,2026-01-20,2026-05-30
510897,115847,2026-01-20,
510898,115919,2026-01-21,2026-01-25
510899,115914,2026-01-21,2026-05-15
510900,115915,2026-01-21,2026-02-05
510901,115917,2026-01-21,2026-05-13
510902,115918,2026-01-21,
510903,115903,2026-01-21,
510904,115925,2026-01-21,2026-02-04
510905,115922,2026-01-21,2026-02-09
510906,115923,2026-01-21,2026-02-23
510907,115913,2026-01-21,2026-02-14
510908,115927,2026-01-21,2026-01-23
510909,115921,2026-01-21,2026-01-27
510910,115911,2026-01-21,2026-02-06
510911,115896,2026-01-21,
510912,115908,2026-01-21,
510913,115907,2026-01-21,
510914,115905,2026-01-21,
510915,115901,2026-01-21,2026-01-26
510916,115899,2026-01-21,2026-02-03
510917,115897,2026-01-21,2026-03-03
510918,115894,2026-01-21,2026-04-21
510919,105742,2026-01-21,2026-04-13
510920,103134,2026-01-21,2026-05-23
510921,115909,2026-01-21,
510922,115952,2026-01-22,2026-02-04
510923,115951,2026-01-22,2026-04-27
510924,115948,2026-01-22,2026-04-11
510925,115954,2026-01-22,2026-05-29
510926,115955,2026-01-22,2026-01-25
510927,115960,2026-01-22,2026-07-17
510928,115958,2026-01-22,
510929,115962,2026-01-22,2026-01-26
510930,115947,2026-01-22,2026-02-07
510931,115963,2026-01-22,
510932,115965,2026-01-22,2026-01-28
510933,115957,2026-01-22,
510934,115946,2026-01-22,
510935,115950,2026-01-22,2026-02-07
510936,115943,2026-01-22,2026-03-12
510937,108381,2026-01-22,
510938,115929,2026-01-22,2026-01-31
510939,115930,2026-01-22,2026-04-14
510940,115931,2026-01-22,
510941,115932,2026-01-22,
510942,115933,2026-01-22,2026-03-08
510943,115944,2026-01-22,2026-03-30
510944,115937,2026-01-22,2026-01-30
510945,115939,2026-01-22,2026-06-07
510946,115940,2026-01-22,2026-05-12
510947,115942,2026-01-22,2026-03-21
510948,115935,2026-01-22,2026-01-29
510949,115995,2026-01-23,2026-06-13
510950,115996,2026-01-23,2026-02-19
510951,115998,2026-01-23,2026-05-22
510952,115999,2026-01-23,2026-02-18
510953,116001,2026-01-23,2026-01-25
510954,116002,2026-01-23,
510955,116004,2026-01-23,2026-02-09
510956,116006,2026-01-23,
510957,116009,2026-01-23,
510958,116008,2026-01-23,2026-07-11
510959,116010,2026-01-23,
510960,116011,2026-01-23,2026-03-29
510961,116012,2026-01-23,2026-03-14
510962,115993,2026-01-23,
510963,116015,2026-01-23,2026-06-29
510964,116016,2026-01-23,2026-06-16
510965,116017,2026-01-23,2026-05-06
510966,116007,2026-01-23,2026-02-04
510967,116013,2026-01-23,2026-01-31
510968,115989,2026-01-23,2026-02-19
510969,115988,2026-01-23,2026-02-04
510970,105164,2026-01-23,2026-01-24
510971,108618,2026-01-23,2026-02-19
510972,115991,2026-01-23,
510973,115968,2026-01-23,2026-04-06
510974,115969,2026-01-23,
510975,115970,2026-01-23,2026-07-23
510976,115971,2026-01-23,2026-06-30
510977,115973,2026-01-23,
510978,115966,2026-01-23,2026-01-28
510979,115977,2026-01-23,2026-02-22
510980,115979,2026-01-23,
510981,115980,2026-01-23,2026-02-11
510982,115982,2026-01-23,2026-01-29
510983,115984,2026-01-23,2026-04-18
510984,115985,2026-01-23,2026-02-20
510985,115986,2026-01-23,2026-07-11
510986,115975,2026-01-23,2026-01-24
510987,116077,2026-01-24,2026-06-08
510988,116075,2026-01-24,2026-02-25
510989,116073,2026-01-24,2026-01-29
510990,116071,2026-01-24,2026-04-13
510991,116067,2026-01-24,2026-03-14
510992,116060,2026-01-24,2026-02-09
510993,116063,2026-01-24,
510994,116061,2026-01-24,2026-02-02
510995,116078,2026-01-24,
510996,116058,2026-01-24,2026-03-07
510997,116065,2026-01-24,
510998,116080,2026-01-24,2026-02-22
510999,116056,2026-01-24,2026-01-29
511000,116083,2026-01-24,2026-01-30
511001,116084,2026-01-24,2026-02-17
511002,116085,2026-01-24,2026-02-04
511003,116087,2026-01-24,2026-04-28
511004,116088,2026-01-24,2026-01-28
511005,116090,2026-01-24,2026-01-29
511006,116092,2026-01-24,2026-03-23
511007,116094,2026-01-24,2026-01-28
511008,116096,2026-01-24,2026-01-29
511009,116098,2026-01-24,2026-04-03
511010,116100,2026-01-24,2026-02-08
511011,116102,2026-01-24,2026-02-22
511012,116081,2026-01-24,2026-06-05
511013,116055,2026-01-24,
511014,116069,2026-01-24,2026-03-20
511015,116052,2026-01-24,2026-01-28
511016,116019,2026-01-24,2026-01-31
511017,116021,2026-01-24,2026-02-22
511018,116022,2026-01-24,2026-07-04
511019,116023,2026-01-24,2026-01-31
511020,116025,2026-01-24,
511021,116026,2026-01-24,2026-02-07
511022,116028,2026-01-24,2026-01-27
511023,116029,2026-01-24,2026-02-06
511024,116030,2026-01-24,2026-02-10
511025,116031,2026-01-24,
511026,116032,2026-01-24,2026-01-27
511027,116034,2026-01-24,2026-01-29
511028,116020,2026-01-24,2026-03-04
511029,116038,2026-01-24,2026-01-27
511030,116036,2026-01-24,
511031,116050,2026-01-24,2026-02-08
511032,116049,2026-01-24,2026-02-21
511033,116048,2026-01-24,2026-03-26
511034,116047,2026-01-24,2026-07-03
511035,116051,2026-01-24,2026-04-03
511036,116054,2026-01-24,2026-03-29
511037,116043,2026-01-24,2026-01-31
511038,116041,2026-01-24,2026-06-07
511039,116040,2026-01-24,2026-05-18
511040,116045,2026-01-24,2026-02-13
511041,116139,2026-01-25,2026-01-27
511042,116150,2026-01-25,2026-02-14
511043,116140,2026-01-25,2026-03-14
511044,116142,2026-01-25,2026-03-04
511045,116143,2026-01-25,2026-02-07
511046,116144,2026-01-25,2026-03-26
511047,116145,2026-01-25,2026-02-04
511048,116147,2026-01-25,2026-02-05
511049,116148,2026-01-25,2026-01-30
511050,116149,2026-01-25,
511051,116151,2026-01-25,2026-03-12
511052,116162,2026-01-25,2026-04-14
511053,116154,2026-01-25,2026-02-04
511054,116157,2026-01-25,2026-03-04
511055,116158,2026-01-25,
511056,116160,2026-01-25,2026-07-17
511057,116163,2026-01-25,2026-05-03
511058,116164,2026-01-25,2026-04-20
511059,116166,2026-01-25,2026-06-30
511060,116167,2026-01-25,2026-01-27
511061,116168,2026-01-25,2026-02-25
511062,116138,2026-01-25,2026-02-07
511063,116152,2026-01-25,
511064,116136,2026-01-25,2026-08-03
511065,116155,2026-01-25,2026-01-27
511066,116134,2026-01-25,2026-01-30
511067,116135,2026-01-25,2026-03-07
511068,111494,2026-01-25,
511069,113328,2026-01-25,
511070,116105,2026-01-25,2026-02-10
511071,116107,2026-01-25,
511072,116109,2026-01-25,2026-01-28
511073,116111,2026-01-25,2026-07-16
511074,116112,2026-01-25,
511075,116113,2026-01-25,
511076,116114,2026-01-25,2026-02-06
511077,116116,2026-01-25,2026-03-21
511078,116103,2026-01-25,2026-02-02
511079,116118,2026-01-25,2026-04-09
511080,116117,2026-01-25,2026-03-25
511081,116131,2026-01-25,2026-04-16
511082,116133,2026-01-25,2026-04-30
511083,116127,2026-01-25,2026-01-31
511084,116125,2026-01-25,2026-01-31
511085,116129,2026-01-25,2026-02-15
511086,116122,2026-01-25,2026-03-07
511087,116121,2026-01-25,2026-02-25
511088,116120,2026-01-25,
511089,116123,2026-01-25,2026-02-12
511090,116208,2026-01-26,
511091,116199,2026-01-26,2026-07-19
511092,116200,2026-01-26,2026-02-11
511093,116202,2026-01-26,2026-02-23
511094,116204,2026-01-26,2026-04-09
511095,116197,2026-01-26,2026-02-05
511096,116206,2026-01-26,2026-03-03
511097,116210,2026-01-26,
511098,116218,2026-01-26,
511099,116214,2026-01-26,2026-01-28
511100,116215,2026-01-26,
511101,116217,2026-01-26,2026-02-02
511102,116219,2026-01-26,
511103,116220,2026-01-26,
511104,116221,2026-01-26,
511105,116223,2026-01-26,2026-04-04
511106,116196,2026-01-26,2026-05-13
511107,116225,2026-01-26,
511108,116212,2026-01-26,
511109,116195,2026-01-26,2026-03-14
511110,116190,2026-01-26,2026-01-28
511111,116193,2026-01-26,2026-02-01
511112,116194,2026-01-26,2026-04-19
511113,116169,2026-01-26,2026-02-18
511114,116171,2026-01-26,2026-05-08
511115,116175,2026-01-26,
511116,116176,2026-01-26,2026-04-22
511117,116178,2026-01-26,2026-02-07
511118,116179,2026-01-26,2026-02-01
511119,116173,2026-01-26,2026-01-31
511120,116182,2026-01-26,2026-03-21
511121,116183,2026-01-26,2026-04-25
511122,116185,2026-01-26,2026-02-05
511123,116187,2026-01-26,2026-04-03
511124,116188,2026-01-26,2026-04-21
511125,116192,2026-01-26,2026-02-20
511126,116181,2026-01-26,2026-03-24
511127,116262,2026-01-27,2026-06-22
511128,116251,2026-01-27,2026-07-16
511129,116253,2026-01-27,2026-01-29
511130,116255,2026-01-27,2026-01-29
511131,116256,2026-01-27,2026-07-16
511132,116257,2026-01-27,2026-02-15
511133,116259,2026-01-27,2026-02-04
511134,116260,2026-01-27,2026-02-02
511135,116264,2026-01-27,2026-02-10
511136,116275,2026-01-27,2026-02-11
511137,116267,2026-01-27,
511138,116268,2026-01-27,2026-03-25
511139,116269,2026-01-27,2026-01-28
511140,116271,2026-01-27,2026-02-17
511141,116272,2026-01-27,2026-02-26
511142,116249,2026-01-27,
511143,116274,2026-01-27,2026-02-15
511144,116273,2026-01-27,2026-02-23
511145,116277,2026-01-27,2026-02-01
511146,116247,2026-01-27,
511147,116265,2026-01-27,
511148,116244,2026-01-27,2026-02-05
511149,102680,2026-01-27,2026-02-27
511150,104367,2026-01-27,2026-02-02
511151,104962,2026-01-27,2026-02-09
511152,116246,2026-01-27,2026-04-21
511153,116226,2026-01-27,2026-02-02
511154,116228,2026-01-27,2026-01-30
511155,116230,2026-01-27,2026-04-11
511156,111313,2026-01-27,2026-01-29
511157,116233,2026-01-27,2026-02-01
511158,116235,2026-01-27,2026-03-14
511159,116236,2026-01-27,
511160,116237,2026-01-27,2026-02-07
511161,116238,2026-01-27,2026-02-21
511162,116240,2026-01-27,2026-02-20
511163,116242,2026-01-27,2026-07-19
511164,116231,2026-01-27,2026-01-31
511165,116306,2026-01-28,2026-02-09
511166,116299,2026-01-28,
511167,116301,2026-01-28,2026-03-27
511168,116302,2026-01-28,2026-02-16
511169,116303,2026-01-28,2026-03-17
511170,116304,2026-01-28,2026-02-04
511171,116305,2026-01-28,
511172,116308,2026-01-28,
511173,116319,2026-01-28,2026-05-04
511174,116311,2026-01-28,2026-02-12
511175,116313,2026-01-28,2026-04-03
511176,116315,2026-01-28,2026-02-02
511177,116316,2026-01-28,
511178,116318,2026-01-28,2026-06-28
511179,116298,2026-01-28,2026-02-03
511180,116321,2026-01-28,2026-02-18
511181,116310,2026-01-28,2026-02-18
511182,116297,2026-01-28,2026-03-27
511183,116295,2026-01-28,2026-01-30
511184,116293,2026-01-28,2026-03-07
511185,106997,2026-01-28,2026-04-18
511186,116278,2026-01-28,2026-06-05
511187,116281,2026-01-28,2026-03-30
511188,116283,2026-01-28,2026-02-13
511189,116284,2026-01-28,2026-03-09
511190,116280,2026-01-28,2026-02-19
511191,116286,2026-01-28,2026-05-02
511192,116288,2026-01-28,2026-02-26
511193,116289,2026-01-28,2026-07-12
511194,116290,2026-01-28,2026-07-12
511195,116292,2026-01-28,2026-02-10
511196,116285,2026-01-28,2026-02-05
511197,116359,2026-01-29,2026-02-02
511198,116349,2026-01-29,2026-03-13
511199,116351,2026-01-29,2026-02-26
511200,116352,2026-01-29,2026-07-15
511201,116353,2026-01-29,2026-05-09
511202,116354,2026-01-29,2026-02-08
511203,116355,2026-01-29,
511204,116377,2026-01-29,2026-07-23
511205,116361,2026-01-29,2026-02-06
511206,116375,2026-01-29,2026-03-21
511207,116364,2026-01-29,2026-03-11
511208,116366,2026-01-29,
511209,116368,2026-01-29,2026-02-25
511210,116370,2026-01-29,2026-02-02
511211,116348,2026-01-29,2026-04-12
511212,116373,2026-01-29,
511213,116372,2026-01-29,2026-02-15
511214,116371,2026-01-29,2026-02-01
511215,116363,2026-01-29,2026-02-26
511216,116346,2026-01-29,2026-02-23
511217,116357,2026-01-29,2026-06-03
511218,116344,2026-01-29,
511219,116345,2026-01-29,2026-02-02
511220,111402,2026-01-29,2026-03-02
511221,116322,2026-01-29,2026-02-01
511222,116324,2026-01-29,2026-04-01
511223,116326,2026-01-29,2026-04-18
511224,116328,2026-01-29,2026-07-12
511225,116329,2026-01-29,2026-07-31
511226,116330,2026-01-29,2026-03-11
511227,109031,2026-01-29,2026-02-17
511228,116334,2026-01-29,2026-07-04
511229,116336,2026-01-29,2026-08-01
511230,116337,2026-01-29,2026-03-09
511231,116339,2026-01-29,2026-02-12
511232,116340,2026-01-29,2026-05-10
511233,116332,2026-01-29,
511234,116341,2026-01-29,2026-02-14
511235,116343,2026-01-29,
511236,116422,2026-01-30,2026-02-01
511237,116420,2026-01-30,2026-02-03
511238,116419,2026-01-30,2026-03-18
511239,116413,2026-01-30,2026-04-02
511240,116415,2026-01-30,2026-02-18
511241,116424,2026-01-30,2026-03-20
511242,116412,2026-01-30,2026-06-05
511243,116410,2026-01-30,2026-04-23
511244,116417,2026-01-30,
511245,116425,2026-01-30,2026-06-16
511246,116431,2026-01-30,2026-02-04
511247,116428,2026-01-30,2026-04-21
511248,116429,2026-01-30,
511249,116432,2026-01-30,2026-03-12
511250,116434,2026-01-30,2026-02-01
511251,116436,2026-01-30,2026-01-31
511252,116437,2026-01-30,
511253,116439,2026-01-30,
511254,116440,2026-01-30,
511255,116441,2026-01-30,2026-07-03
511256,116426,2026-01-30,2026-04-22
511257,116407,2026-01-30,2026-03-28
511258,116408,2026-01-30,2026-05-14
511259,116404,2026-01-30,
511260,116405,2026-01-30,2026-04-05
511261,108757,2026-01-30,2026-06-20
511262,116379,2026-01-30,2026-02-14
511263,116381,2026-01-30,2026-06-17
511264,116382,2026-01-30,2026-03-04
511265,116384,2026-01-30,2026-02-13
511266,116386,2026-01-30,2026-02-06
511267,116387,2026-01-30,2026-04-06
511268,116388,2026-01-30,2026-07-26
511269,116383,2026-01-30,2026-02-19
511270,116391,2026-01-30,2026-02-18
511271,116392,2026-01-30,2026-02-26
511272,116393,2026-01-30,2026-02-18
511273,116395,2026-01-30,2026-03-17
511274,116396,2026-01-30,2026-03-03
511275,116398,2026-01-30,2026-02-13
511276,116400,2026-01-30,2026-05-16
511277,116402,2026-01-30,
511278,116389,2026-01-30,2026-02-16
511279,116403,2026-01-30,2026-02-17
511280,116487,2026-01-31,2026-02-01
511281,116486,2026-01-31,2026-05-07
511282,116484,2026-01-31,2026-04-10
511283,116482,2026-01-31,2026-04-24
511284,116475,2026-01-31,2026-03-14
511285,116479,2026-01-31,2026-02-22
511286,116477,2026-01-31,2026-03-23
511287,116473,2026-01-31,
511288,116489,2026-01-31,2026-02-09
511289,116481,2026-01-31,2026-02-18
511290,116491,2026-01-31,2026-05-09
511291,116504,2026-01-31,2026-04-13
511292,116493,2026-01-31,2026-02-04
511293,116494,2026-01-31,2026-02-24
511294,116495,2026-01-31,2026-04-12
511295,116506,2026-01-31,2026-03-23
511296,116497,2026-01-31,2026-06-21
511297,116498,2026-01-31,2026-04-18
511298,116499,2026-01-31,2026-02-07
511299,116501,2026-01-31,
511300,116472,2026-01-31,2026-06-28
511301,116503,2026-01-31,2026-02-04
511302,116492,2026-01-31,
511303,116471,2026-01-31,2026-04-10
511304,116496,2026-01-31,
511305,116468,2026-01-31,2026-02-08
511306,116470,2026-01-31,
511307,109199,2026-01-31,2026-02-16
511308,110736,2026-01-31,2026-02-03
511309,116442,2026-01-31,
511310,116443,2026-01-31,2026-02-18
511311,116446,2026-01-31,2026-02-10
511312,116447,2026-01-31,2026-05-31
511313,116449,2026-01-31,2026-04-10
511314,116450,2026-01-31,2026-02-04
511315,116451,2026-01-31,2026-02-06
511316,116445,2026-01-31,
511317,116454,2026-01-31,2026-04-21
511318,116466,2026-01-31,
511319,116452,2026-01-31,2026-02-01
511320,116463,2026-01-31,2026-02-06
511321,116462,2026-01-31,2026-02-01
511322,116460,2026-01-31,2026-03-22
511323,116464,2026-01-31,
511324,116459,2026-01-31,
511325,116458,2026-01-31,2026-02-07
511326,116457,2026-01-31,2026-02-13
511327,116455,2026-01-31,
511328,116566,2026-02-01,2026-02-15
511329,116565,2026-02-01,2026-05-17
511330,116563,2026-02-01,2026-03-05
511331,116561,2026-02-01,2026-02-09
511332,116559,2026-02-01,2026-02-20
511333,116556,2026-02-01,2026-02-09
511334,116567,2026-02-01,2026-03-10
511335,116554,2026-02-01,
511336,116552,2026-02-01,2026-02-23
511337,116551,2026-02-01,2026-02-03
511338,116550,2026-02-01,2026-02-11
511339,116558,2026-02-01,2026-03-15
511340,116569,2026-02-01,2026-02-07
511341,116588,2026-02-01,2026-05-20
511342,116571,2026-02-01,
511343,116572,2026-02-01,2026-02-08
511344,116575,2026-02-01,2026-02-10
511345,116577,2026-02-01,
511346,116578,2026-02-01,2026-03-04
511347,116579,2026-02-01,2026-02-07
511348,116581,2026-02-01,2026-02-08
511349,116582,2026-02-01,2026-02-06
511350,116584,2026-02-01,2026-02-08
511351,116586,2026-02-01,2026-02-07
511352,116548,2026-02-01,2026-02-03
511353,116589,2026-02-01,2026-02-22
511354,116591,2026-02-01,
511355,116570,2026-02-01,2026-02-21
511356,116546,2026-02-01,
511357,116574,2026-02-01,
511358,116543,2026-02-01,2026-04-21
511359,116544,2026-02-01,2026-04-13
511360,110768,2026-02-01,
511361,109836,2026-02-01,
511362,116507,2026-02-01,
511363,116508,2026-02-01,2026-06-05
511364,116510,2026-02-01,2026-02-13
511365,116512,2026-02-01,2026-03-23
511366,116514,2026-02-01,2026-03-28
511367,116515,2026-02-01,2026-02-03
511368,116516,2026-02-01,2026-04-17
511369,116517,2026-02-01,
511370,116518,2026-02-01,2026-02-28
511371,116519,2026-02-01,2026-07-28
511372,116509,2026-02-01,
511373,116523,2026-02-01,
511374,116521,2026-02-01,
511375,116541,2026-02-01,2026-02-11
511376,116539,2026-02-01,2026-02-28
511377,116538,2026-02-01,2026-02-20
511378,116534,2026-02-01,2026-02-04
511379,116532,2026-02-01,2026-02-20
511380,116536,2026-02-01,2026-02-20
511381,116530,2026-02-01,2026-02-20
511382,116529,2026-02-01,2026-03-02
511383,116527,2026-02-01,2026-02-06
511384,116525,2026-02-01,
511385,116524,2026-02-01,2026-05-09
511386,116531,2026-02-01,2026-02-04
511387,116621,2026-02-02,2026-05-16
511388,116630,2026-02-02,2026-04-09
511389,116623,2026-02-02,2026-03-16
511390,116624,2026-02-02,2026-02-11
511391,116620,2026-02-02,2026-02-05
511392,116626,2026-02-02,2026-02-10
511393,116628,2026-02-02,2026-02-27
511394,116629,2026-02-02,2026-04-18
511395,116631,2026-02-02,2026-02-26
511396,116643,2026-02-02,2026-02-06
511397,116635,2026-02-02,
511398,116637,2026-02-02,2026-04-07
511399,116639,2026-02-02,2026-02-18
511400,116641,2026-02-02,2026-02-06
511401,116644,2026-02-02,2026-04-22
511402,116646,2026-02-02,2026-04-27
511403,116648,2026-02-02,2026-07-11
511404,116619,2026-02-02,2026-02-16
511405,116649,2026-02-02,2026-05-10
511406,116633,2026-02-02,2026-03-09
511407,116618,2026-02-02,
511408,116610,2026-02-02,2026-03-12
511409,116616,2026-02-02,
511410,116617,2026-02-02,2026-02-07
511411,106094,2026-02-02,2026-05-30
511412,116593,2026-02-02,
511413,116594,2026-02-02,2026-02-12
511414,116595,2026-02-02,2026-02-18
511415,116598,2026-02-02,2026-02-03
511416,116600,2026-02-02,2026-05-05
511417,116602,2026-02-02,2026-06-29
511418,116596,2026-02-02,
511419,116606,2026-02-02,2026-02-05
511420,116608,2026-02-02,2026-03-07
511421,116609,2026-02-02,2026-02-03
511422,116611,2026-02-02,
511423,116612,2026-02-02,2026-02-04
511424,116613,2026-02-02,2026-02-17
511425,116614,2026-02-02,2026-03-12
511426,116604,2026-02-02,2026-02-27
511427,116692,2026-02-03,2026-03-22
511428,116682,2026-02-03,2026-03-03
511429,116683,2026-02-03,2026-04-11
511430,116685,2026-02-03,
511431,116686,2026-02-03,2026-07-04
511432,116688,2026-02-03,2026-05-25
511433,116690,2026-02-03,2026-03-10
511434,116694,2026-02-03,
511435,116710,2026-02-03,2026-07-01
511436,116698,2026-02-03,2026-02-04
511437,116699,2026-02-03,
511438,116701,2026-02-03,
511439,116702,2026-02-03,
511440,116704,2026-02-03,2026-03-10
511441,116706,2026-02-03,2026-05-28
511442,116680,2026-02-03,2026-04-04
511443,116708,2026-02-03,2026-02-28
511444,116696,2026-02-03,2026-05-19
511445,116678,2026-02-03,2026-03-17
511446,116677,2026-02-03,2026-05-29
511447,116675,2026-02-03,
511448,106075,2026-02-03,2026-02-27
511449,116650,2026-02-03,
511450,116652,2026-02-03,2026-03-30
511451,116653,2026-02-03,2026-02-08
511452,116656,2026-02-03,
511453,116657,2026-02-03,2026-02-06
511454,116659,2026-02-03,
511455,116655,2026-02-03,2026-03-30
511456,116663,2026-02-03,2026-02-16
511457,116665,2026-02-03,
511458,116666,2026-02-03,2026-06-15
511459,116668,2026-02-03,2026-02-20
511460,116670,2026-02-03,2026-02-08
511461,116672,2026-02-03,2026-02-04
511462,116673,2026-02-03,2026-02-15
511463,116661,2026-02-03,2026-04-04
511464,116744,2026-02-04,2026-02-12
511465,116735,2026-02-04,2026-03-27
511466,116736,2026-02-04,2026-04-20
511467,116737,2026-02-04,
511468,116738,2026-02-04,2026-04-12
511469,116740,2026-02-04,2026-02-08
511470,116742,2026-02-04,2026-02-10
511471,116745,2026-02-04,2026-02-21
511472,116755,2026-02-04,2026-02-08
511473,116747,2026-02-04,2026-02-19
511474,116749,2026-02-04,2026-07-12
511475,116750,2026-02-04,2026-04-24
511476,116752,2026-02-04,2026-02-10
511477,116753,2026-02-04,2026-03-17
511478,116754,2026-02-04,2026-06-08
511479,116733,2026-02-04,
511480,116757,2026-02-04,2026-02-21
511481,116746,2026-02-04,2026-06-25
511482,116732,2026-02-04,
511483,116729,2026-02-04,
511484,107926,2026-02-04,2026-02-08
511485,116731,2026-02-04,2026-05-04
511486,116712,2026-02-04,2026-05-21
511487,116713,2026-02-04,2026-02-13
511488,116714,2026-02-04,2026-03-22
511489,116716,2026-02-04,
511490,116718,2026-02-04,2026-03-05
511491,116719,2026-02-04,2026-07-06
511492,116715,2026-02-04,2026-03-14
511493,116722,2026-02-04,2026-07-30
511494,116723,2026-02-04,2026-04-12
511495,116724,2026-02-04,
511496,116725,2026-02-04,
511497,116726,2026-02-04,2026-03-26
511498,116728,2026-02-04,2026-03-24
511499,116720,2026-02-04,
511500,116795,2026-02-05,2026-02-10
511501,116785,2026-02-05,2026-04-14
511502,116787,2026-02-05,
511503,116789,2026-02-05,2026-03-20
511504,116790,2026-02-05,2026-03-01
511505,116792,2026-02-05,2026-02-15
511506,116793,2026-02-05,2026-03-06
511507,116796,2026-02-05,2026-02-17
511508,116784,2026-02-05,
511509,116799,2026-02-05,2026-04-02
511510,116800,2026-02-05,2026-02-10
511511,116801,2026-02-05,2026-02-12
511512,116803,2026-02-05,
511513,116806,2026-02-05,2026-02-07
511514,116805,2026-02-05,2026-02-18
511515,116804,2026-02-05,2026-03-21
511516,116798,2026-02-05,2026-03-22
511517,116782,2026-02-05,
511518,116779,2026-02-05,2026-06-26
511519,116762,2026-02-05,2026-02-22
511520,116781,2026-02-05,2026-02-24
511521,116759,2026-02-05,2026-05-22
511522,116761,2026-02-05,2026-02-22
511523,116763,2026-02-05,2026-03-05
511524,116765,2026-02-05,2026-02-15
511525,107583,2026-02-05,2026-02-22
511526,116767,2026-02-05,2026-06-16
511527,116769,2026-02-05,
511528,116771,2026-02-05,2026-02-13
511529,116773,2026-02-05,2026-03-08
511530,116775,2026-02-05,2026-03-12
511531,116776,2026-02-05,2026-03-20
511532,116777,2026-02-05,2026-03-10
511533,116768,2026-02-05,2026-03-17
511534,116843,2026-02-06,2026-02-08
511535,116841,2026-02-06,2026-02-07
511536,116839,2026-02-06,2026-07-31
511537,116833,2026-02-06,
511538,116835,2026-02-06,2026-04-05
511539,116845,2026-02-06,2026-03-05
511540,116837,2026-02-06,2026-07-20
511541,116846,2026-02-06,2026-04-30
511542,116855,2026-02-06,2026-05-25
511543,116849,2026-02-06,
511544,116850,2026-02-06,
511545,116851,2026-02-06,
511546,116852,2026-02-06,2026-03-12
511547,116853,2026-02-06,
511548,116856,2026-02-06,
511549,116847,2026-02-06,
511550,116832,2026-02-06,2026-02-28
511551,116824,2026-02-06,
511552,116829,2026-02-06,2026-04-11
511553,111180,2026-02-06,2026-02-15
511554,104571,2026-02-06,2026-08-03
511555,116807,2026-02-06,2026-02-07
511556,116830,2026-02-06,2026-02-22
511557,116811,2026-02-06,2026-02-15
511558,116813,2026-02-06,2026-04-09
511559,116815,2026-02-06,2026-03-31
511560,116809,2026-02-06,2026-04-05
511561,116818,2026-02-06,2026-05-20
511562,116819,2026-02-06,2026-02-20
511563,116821,2026-02-06,2026-04-14
511564,116822,2026-02-06,2026-07-29
511565,116826,2026-02-06,2026-02-08
511566,116828,2026-02-06,2026-02-24
511567,116817,2026-02-06,2026-02-13
511568,116906,2026-02-07,2026-03-24
511569,116895,2026-02-07,2026-03-31
511570,116896,2026-02-07,2026-04-27
511571,116897,2026-02-07,2026-02-24
511572,116899,2026-02-07,2026-02-23
511573,116901,2026-02-07,2026-02-28
511574,116903,2026-02-07,2026-02-14
511575,116905,2026-02-07,
511576,116908,2026-02-07,
511577,116893,2026-02-07,2026-02-20
511578,116912,2026-02-07,2026-03-25
511579,116914,2026-02-07,2026-06-14
511580,116924,2026-02-07,2026-04-05
511581,116916,2026-02-07,2026-02-19
511582,116917,2026-02-07,2026-02-18
511583,116919,2026-02-07,2026-07-25
511584,116920,2026-02-07,2026-02-08
511585,116921,2026-02-07,2026-03-03
511586,116923,2026-02-07,2026-06-24
511587,116910,2026-02-07,2026-02-10
511588,116891,2026-02-07,2026-04-01
511589,116915,2026-02-07,2026-04-13
511590,116888,2026-02-07,2026-03-24
511591,116890,2026-02-07,2026-02-09
511592,116858,2026-02-07,
511593,116860,2026-02-07,2026-02-10
511594,116862,2026-02-07,
511595,116864,2026-02-07,2026-05-19
511596,116866,2026-02-07,2026-04-03
511597,116867,2026-02-07,
511598,116869,2026-02-07,2026-02-14
511599,116871,2026-02-07,2026-02-10
511600,111822,2026-02-07,
511601,116875,2026-02-07,2026-04-05
511602,116876,2026-02-07,2026-02-10
511603,116877,2026-02-07,
511604,116879,2026-02-07,
511605,116880,2026-02-07,2026-02-09
511606,116881,2026-02-07,
511607,116883,2026-02-07,2026-04-11
511608,116885,2026-02-07,2026-05-18
511609,116886,2026-02-07,2026-03-01
511610,116873,2026-02-07,
511611,116964,2026-02-08,2026-02-14
511612,116962,2026-02-08,2026-02-10
511613,116956,2026-02-08,2026-04-04
511614,116959,2026-02-08,2026-02-15
511615,116957,2026-02-08,2026-02-16
511616,116965,2026-02-08,
511617,116960,2026-02-08,2026-04-02
511618,116966,2026-02-08,2026-03-09
511619,116972,2026-02-08,2026-03-30
511620,116968,2026-02-08,
511621,116969,2026-02-08,2026-04-18
511622,116971,2026-02-08,2026-06-17
511623,116974,2026-02-08,2026-03-25
511624,116975,2026-02-08,2026-05-20
511625,116976,2026-02-08,2026-04-15
511626,116954,2026-02-08,2026-03-27
511627,116967,2026-02-08,2026-02-23
511628,116952,2026-02-08,2026-02-09
511629,116949,2026-02-08,2026-04-16
511630,116927,2026-02-08,2026-06-25
511631,107354,2026-02-08,2026-02-18
511632,113642,2026-02-08,2026-02-21
511633,116926,2026-02-08,
511634,116929,2026-02-08,2026-03-25
511635,116931,2026-02-08,2026-02-09
511636,116951,2026-02-08,2026-03-03
511637,116933,2026-02-08,2026-03-05
511638,116932,2026-02-08,2026-04-26
511639,116937,2026-02-08,2026-04-03
511640,116939,2026-02-08,
511641,116941,2026-02-08,2026-04-14
511642,116943,2026-02-08,2026-03-05
511643,116945,2026-02-08,2026-03-08
511644,116947,2026-02-08,2026-07-02
511645,116935,2026-02-08,
511646,117011,2026-02-09,2026-04-24
511647,117009,2026-02-09,
511648,117008,2026-02-09,
511649,117006,2026-02-09,2026-07-17
511650,117000,2026-02-09,2026-04-30
511651,117003,2026-02-09,2026-03-24
511652,117002,2026-02-09,2026-06-26
511653,117013,2026-02-09,2026-07-31
511654,117005,2026-02-09,2026-03-13
511655,117015,2026-02-09,2026-02-15
511656,117029,2026-02-09,2026-03-28
511657,117017,2026-02-09,2026-04-28
511658,117019,2026-02-09,
511659,117020,2026-02-09,
511660,117022,2026-02-09,2026-03-07
511661,117024,2026-02-09,2026-04-28
511662,117026,2026-02-09,2026-02-16
511663,117028,2026-02-09,2026-04-12
511664,117032,2026-02-09,2026-04-05
511665,117030,2026-02-09,2026-02-12
511666,117016,2026-02-09,2026-04-27
511667,116999,2026-02-09,2026-02-18
511668,116993,2026-02-09,2026-06-19
511669,116996,2026-02-09,2026-02-27
511670,102065,2026-02-09,2026-02-22
511671,105594,2026-02-09,
511672,116978,2026-02-09,2026-02-26
511673,116979,2026-02-09,2026-04-20
511674,116980,2026-02-09,
511675,116981,2026-02-09,2026-04-23
511676,116982,2026-02-09,2026-03-12
511677,116983,2026-02-09,2026-03-04
511678,116998,2026-02-09,2026-03-23
511679,116985,2026-02-09,
511680,116986,2026-02-09,
511681,116988,2026-02-09,2026-04-23
511682,116990,2026-02-09,2026-02-14
511683,116991,2026-02-09,2026-02-21
511684,116995,2026-02-09,2026-03-21
511685,116984,2026-02-09,2026-02-13
511686,117053,2026-02-10,
511687,117054,2026-02-10,
511688,117055,2026-02-10,2026-07-14
511689,117056,2026-02-10,2026-03-10
511690,117058,2026-02-10,2026-06-25
511691,117060,2026-02-10,2026-03-11
511692,117062,2026-02-10,2026-03-03
511693,117069,2026-02-10,2026-03-06
511694,117065,2026-02-10,2026-02-21
511695,117067,2026-02-10,
511696,117071,2026-02-10,
511697,117073,2026-02-10,2026-03-30
511698,117076,2026-02-10,2026-02-15
511699,117052,2026-02-10,
511700,117075,2026-02-10,2026-07-14
511701,117063,2026-02-10,2026-05-10
511702,117074,2026-02-10,
511703,117051,2026-02-10,2026-03-08
511704,117048,2026-02-10,2026-02-19
511705,117046,2026-02-10,
511706,117044,2026-02-10,2026-03-16
511707,117043,2026-02-10,2026-04-08
511708,117042,2026-02-10,2026-02-11
511709,117040,2026-02-10,
511710,117038,2026-02-10,2026-03-06
511711,117036,2026-02-10,2026-05-16
511712,117035,2026-02-10,2026-03-19
511713,117033,2026-02-10,2026-03-10
511714,114914,2026-02-10,2026-03-14
511715,109971,2026-02-10,2026-04-18
511716,117050,2026-02-10,2026-02-13
511717,117118,2026-02-11,2026-02-12
511718,117117,2026-02-11,2026-02-14
511719,117116,2026-02-11,
511720,117110,2026-02-11,
511721,117114,2026-02-11,2026-03-03
511722,117113,2026-02-11,2026-03-17
511723,117112,2026-02-11,2026-02-17
511724,117119,2026-02-11,2026-03-02
511725,117135,2026-02-11,
511726,117120,2026-02-11,2026-02-25
511727,117109,2026-02-11,2026-02-17
511728,117123,2026-02-11,
511729,117125,2026-02-11,
511730,117126,2026-02-11,2026-05-11
511731,117127,2026-02-11,
511732,117128,2026-02-11,2026-03-05
511733,117130,2026-02-11,2026-02-12
511734,117131,2026-02-11,2026-05-10
511735,117133,2026-02-11,2026-02-12
511736,117134,2026-02-11,2026-05-08
511737,117129,2026-02-11,2026-02-12
511738,117122,2026-02-11,2026-03-11
511739,117108,2026-02-11,2026-07-15
511740,117115,2026-02-11,2026-02-13
511741,117105,2026-02-11,2026-04-23
511742,110058,2026-02-11,2026-02-24
511743,107637,2026-02-11,2026-02-17
511744,109794,2026-02-11,2026-02-21
511745,117107,2026-02-11,2026-05-17
511746,117078,2026-02-11,2026-03-09
511747,117080,2026-02-11,
511748,117083,2026-02-11,2026-02-16
511749,117085,2026-02-11,2026-02-23
511750,117087,2026-02-11,2026-03-05
511751,117081,2026-02-11,2026-03-04
511752,117091,2026-02-11,2026-05-07
511753,117093,2026-02-11,2026-04-20
511754,117095,2026-02-11,2026-07-14
511755,117097,2026-02-11,2026-02-23
511756,117099,2026-02-11,2026-06-16
511757,117100,2026-02-11,
511758,117101,2026-02-11,2026-02-20
511759,117103,2026-02-11,2026-06-22
511760,117089,2026-02-11,2026-02-15
511761,117104,2026-02-11,2026-02-17
511762,117177,2026-02-12,2026-03-11
511763,117175,2026-02-12,2026-03-16
511764,117174,2026-02-12,
511765,117168,2026-02-12,
511766,117171,2026-02-12,2026-02-25
511767,117169,2026-02-12,2026-02-18
511768,117178,2026-02-12,2026-02-21
511769,117173,2026-02-12,2026-02-14
511770,117179,2026-02-12,2026-02-18
511771,117196,2026-02-12,2026-03-01
511772,117182,2026-02-12,2026-02-13
511773,117184,2026-02-12,2026-03-24
511774,117185,2026-02-12,2026-05-12
511775,117187,2026-02-12,2026-02-19
511776,117189,2026-02-12,2026-05-01
511777,117190,2026-02-12,2026-02-26
511778,117192,2026-02-12,
511779,117194,2026-02-12,2026-07-02
511780,117166,2026-02-12,2026-02-17
511781,117181,2026-02-12,2026-03-26
511782,117164,2026-02-12,2026-05-30
511783,117158,2026-02-12,2026-02-27
511784,117160,2026-02-12,2026-02-13
511785,104742,2026-02-12,2026-03-03
511786,117162,2026-02-12,2026-03-31
511787,112745,2026-02-12,2026-05-30
511788,117136,2026-02-12,2026-03-11
511789,117138,2026-02-12,
511790,117140,2026-02-12,2026-02-21
511791,117144,2026-02-12,2026-08-03
511792,117146,2026-02-12,2026-03-24
511793,117142,2026-02-12,
511794,117149,2026-02-12,2026-03-24
511795,117151,2026-02-12,2026-03-04
511796,117152,2026-02-12,2026-04-12
511797,117153,2026-02-12,2026-03-12
511798,117154,2026-02-12,
511799,117156,2026-02-12,2026-03-03
511800,117159,2026-02-12,2026-03-13
511801,117147,2026-02-12,2026-02-14
511802,117229,2026-02-13,2026-03-24
511803,117220,2026-02-13,2026-02-17
511804,117224,2026-02-13,2026-02-19
511805,117225,2026-02-13,
511806,117226,2026-02-13,2026-03-23
511807,117227,2026-02-13,2026-02-24
511808,117230,2026-02-13,2026-03-12
511809,117240,2026-02-13,
511810,117233,2026-02-13,2026-02-23
511811,117235,2026-02-13,2026-04-21
511812,117237,2026-02-13,
511813,117238,2026-02-13,2026-07-21
511814,117242,2026-02-13,2026-05-07
511815,117239,2026-02-13,2026-02-16
511816,117219,2026-02-13,2026-03-16
511817,117231,2026-02-13,2026-03-04
511818,117217,2026-02-13,2026-03-15
511819,117222,2026-02-13,2026-05-17
511820,117214,2026-02-13,2026-02-28
511821,117215,2026-02-13,2026-06-27
511822,108512,2026-02-13,
511823,117200,2026-02-13,2026-03-24
511824,117201,2026-02-13,
511825,117203,2026-02-13,2026-05-30
511826,117205,2026-02-13,2026-06-14
511827,117198,2026-02-13,2026-02-21
511828,117207,2026-02-13,2026-04-05
511829,117208,2026-02-13,2026-02-19
511830,117209,2026-02-13,
511831,117211,2026-02-13,
511832,117213,2026-02-13,2026-06-11
511833,117206,2026-02-13,2026-07-04
511834,117283,2026-02-14,2026-04-08
511835,117270,2026-02-14,2026-04-07
511836,117271,2026-02-14,2026-03-01
511837,117273,2026-02-14,2026-03-30
511838,117276,2026-02-14,2026-04-29
511839,117277,2026-02-14,2026-02-17
511840,117279,2026-02-14,2026-03-24
511841,117281,2026-02-14,2026-03-19
511842,117284,2026-02-14,
511843,117292,2026-02-14,
511844,117286,2026-02-14,2026-03-13
511845,117288,2026-02-14,
511846,117289,2026-02-14,
511847,117291,2026-02-14,2026-02-26
511848,117268,2026-02-14,2026-03-04
511849,117293,2026-02-14,2026-02-19
511850,117295,2026-02-14,2026-03-01
511851,117297,2026-02-14,2026-05-28
511852,117299,2026-02-14,2026-02-24
511853,117285,2026-02-14,2026-03-26
511854,117267,2026-02-14,2026-02-28
511855,117275,2026-02-14,2026-04-01
511856,117264,2026-02-14,2026-03-05
511857,117266,2026-02-14,2026-04-01
511858,110488,2026-02-14,
511859,107304,2026-02-14,2026-07-10
511860,117246,2026-02-14,
511861,117247,2026-02-14,2026-05-06
511862,117248,2026-02-14,
511863,117249,2026-02-14,2026-06-27
511864,117250,2026-02-14,2026-07-20
511865,117244,2026-02-14,2026-04-11
511866,117253,2026-02-14,2026-02-27
511867,117263,2026-02-14,
511868,117251,2026-02-14,
511869,117260,2026-02-14,2026-04-22
511870,117261,2026-02-14,2026-07-03
511871,117254,2026-02-14,2026-03-05
511872,117257,2026-02-14,2026-06-19
511873,117255,2026-02-14,2026-07-16
511874,117259,2026-02-14,
511875,117354,2026-02-15,2026-03-24
511876,117353,2026-02-15,2026-02-27
511877,117352,2026-02-15,2026-07-06
511878,117350,2026-02-15,2026-03-14
511879,117348,2026-02-15,2026-02-17
511880,117356,2026-02-15,2026-03-06
511881,117344,2026-02-15,2026-06-23
511882,117342,2026-02-15,2026-07-27
511883,117341,2026-02-15,2026-06-15
511884,117340,2026-02-15,2026-05-22
511885,117339,2026-02-15,2026-04-17
511886,117346,2026-02-15,2026-05-04
511887,117358,2026-02-15,2026-04-30
511888,117376,2026-02-15,2026-03-31
511889,117362,2026-02-15,2026-03-21
511890,117364,2026-02-15,2026-03-03
511891,117366,2026-02-15,2026-02-16
511892,117367,2026-02-15,2026-02-16
511893,117368,2026-02-15,2026-02-17
511894,117370,2026-02-15,2026-02-22
511895,117372,2026-02-15,2026-04-28
511896,117374,2026-02-15,2026-02-24
511897,117379,2026-02-15,2026-02-27
511898,117385,2026-02-15,2026-02-19
511899,117337,2026-02-15,2026-02-22
511900,117383,2026-02-15,2026-07-18
511901,117381,2026-02-15,2026-04-18
511902,117360,2026-02-15,2026-05-24
511903,117336,2026-02-15,
511904,117377,2026-02-15,2026-03-10
511905,117334,2026-02-15,2026-02-24
511906,106810,2026-02-15,2026-05-15
511907,117335,2026-02-15,
511908,117303,2026-02-15,2026-02-20
511909,117304,2026-02-15,2026-03-10
511910,117305,2026-02-15,2026-03-01
511911,117306,2026-02-15,
511912,117307,2026-02-15,
511913,117309,2026-02-15,
511914,117310,2026-02-15,
511915,117311,2026-02-15,2026-03-23
511916,117313,2026-02-15,2026-02-17
511917,117315,2026-02-15,2026-02-16
511918,117301,2026-02-15,2026-02-26
511919,117317,2026-02-15,2026-07-24
511920,117316,2026-02-15,2026-02-18
511921,117333,2026-02-15,
511922,117330,2026-02-15,2026-03-09
511923,117328,2026-02-15,2026-07-15
511924,117326,2026-02-15,2026-02-27
511925,117332,2026-02-15,2026-02-18
511926,117323,2026-02-15,
511927,117321,2026-02-15,
511928,117319,2026-02-15,2026-04-08
511929,117318,2026-02-15,2026-04-21
511930,117324,2026-02-15,2026-05-28
511931,117413,2026-02-16,
511932,117422,2026-02-16,2026-03-17
511933,117414,2026-02-16,2026-05-22
511934,117415,2026-02-16,2026-02-24
511935,117416,2026-02-16,2026-04-19
511936,117417,2026-02-16,
511937,117419,2026-02-16,2026-03-11
511938,117420,2026-02-16,2026-03-03
511939,117424,2026-02-16,2026-02-22
511940,117432,2026-02-16,2026-02-23
511941,117426,2026-02-16,2026-02-20
511942,117427,2026-02-16,2026-03-10
511943,117429,2026-02-16,2026-04-26
511944,117430,2026-02-16,
511945,117433,2026-02-16,2026-05-22
511946,117434,2026-02-16,2026-02-24
511947,117436,2026-02-16,2026-04-05
511948,117438,2026-02-16,2026-02-17
511949,117411,2026-02-16,2026-05-30
511950,117425,2026-02-16,2026-02-25
511951,117409,2026-02-16,2026-04-03
511952,117435,2026-02-16,2026-02-17
511953,117405,2026-02-16,
511954,106453,2026-02-16,2026-05-09
511955,117387,2026-02-16,
511956,117389,2026-02-16,2026-03-01
511957,117407,2026-02-16,2026-04-08
511958,117393,2026-02-16,2026-03-14
511959,117395,2026-02-16,2026-04-23
511960,117391,2026-02-16,2026-02-17
511961,117398,2026-02-16,2026-08-02
511962,117399,2026-02-16,2026-04-05
511963,117400,2026-02-16,2026-03-21
511964,117401,2026-02-16,2026-02-21
511965,117403,2026-02-16,2026-05-16
511966,117404,2026-02-16,2026-03-01
511967,117396,2026-02-16,
511968,110590,2026-02-16,2026-03-23
511969,117488,2026-02-17,2026-06-30
511970,117487,2026-02-17,2026-04-05
511971,117485,2026-02-17,2026-02-18
511972,117484,2026-02-17,2026-03-31
511973,117482,2026-02-17,2026-03-12
511974,117475,2026-02-17,
511975,117479,2026-02-17,
511976,117478,2026-02-17,
511977,117477,2026-02-17,2026-03-09
511978,117489,2026-02-17,
511979,117474,2026-02-17,2026-02-25
511980,117481,2026-02-17,2026-03-27
511981,117490,2026-02-17,
511982,117501,2026-02-17,
511983,117493,2026-02-17,2026-02-18
511984,117494,2026-02-17,2026-03-02
511985,117495,2026-02-17,
511986,117497,2026-02-17,
511987,117499,2026-02-17,2026-02-22
511988,117500,2026-02-17,
511989,117502,2026-02-17,2026-04-02
511990,117503,2026-02-17,2026-02-26
511991,117504,2026-02-17,2026-03-18
511992,117505,2026-02-17,2026-05-21
511993,117506,2026-02-17,
511994,117508,2026-02-17,
511995,117492,2026-02-17,2026-04-05
511996,117472,2026-02-17,2026-06-23
511997,117467,2026-02-17,
511998,117469,2026-02-17,2026-07-07
511999,112507,2026-02-17,2026-03-06
512000,110412,2026-02-17,2026-02-23
512001,106466,2026-02-17,2026-03-02
512002,117470,2026-02-17,2026-06-04
512003,117439,2026-02-17,2026-06-14
512004,117441,2026-02-17,2026-04-12
512005,117443,2026-02-17,2026-04-25
512006,117446,2026-02-17,2026-06-12
512007,117448,2026-02-17,2026-02-25
512008,117450,2026-02-17,2026-03-15
512009,117444,2026-02-17,
512010,117453,2026-02-17,2026-05-07
512011,117455,2026-02-17,2026-04-14
512012,117457,2026-02-17,2026-07-16
512013,117458,2026-02-17,2026-03-03
512014,117460,2026-02-17,2026-03-01
512015,117461,2026-02-17,2026-02-22
512016,117466,2026-02-17,2026-03-04
512017,117462,2026-02-17,2026-02-27
512018,117451,2026-02-17,2026-04-05
512019,117463,2026-02-17,2026-07-09
512020,117465,2026-02-17,2026-04-02
512021,117535,2026-02-18,
512022,117534,2026-02-18,2026-03-18
512023,117530,2026-02-18,2026-03-05
512024,117532,2026-02-18,2026-02-23
512025,117528,2026-02-18,2026-04-17
512026,117536,2026-02-18,2026-05-02
512027,117533,2026-02-18,2026-03-22
512028,117537,2026-02-18,2026-02-28
512029,117546,2026-02-18,2026-04-10
512030,117541,2026-02-18,
512031,117542,2026-02-18,2026-04-30
512032,117552,2026-02-18,2026-02-19
512033,117554,2026-02-18,2026-07-22
512034,117526,2026-02-18,2026-03-27
512035,117548,2026-02-18,2026-03-07
512036,117544,2026-02-18,2026-02-20
512037,117539,2026-02-18,
512038,117525,2026-02-18,2026-05-01
512039,117550,2026-02-18,2026-03-05
512040,117522,2026-02-18,
512041,111166,2026-02-18,
512042,112982,2026-02-18,2026-03-29
512043,113356,2026-02-18,2026-02-28
512044,117524,2026-02-18,2026-03-13
512045,117509,2026-02-18,2026-07-19
512046,117510,2026-02-18,2026-02-23
512047,117511,2026-02-18,2026-05-13
512048,114801,2026-02-18,2026-06-02
512049,117513,2026-02-18,2026-02-19
512050,117514,2026-02-18,
512051,117515,2026-02-18,
512052,117517,2026-02-18,2026-03-10
512053,117519,2026-02-18,2026-03-05
512054,117520,2026-02-18,2026-03-06
512055,117512,2026-02-18,2026-04-01
512056,117589,2026-02-19,2026-03-01
512057,117582,2026-02-19,
512058,117583,2026-02-19,
512059,117584,2026-02-19,2026-06-08
512060,117585,2026-02-19,2026-06-15
512061,117587,2026-02-19,2026-02-25
512062,117591,2026-02-19,2026-03-06
512063,117600,2026-02-19,2026-04-03
512064,117594,2026-02-19,2026-03-02
512065,117595,2026-02-19,2026-03-19
512066,117596,2026-02-19,
512067,117597,2026-02-19,2026-02-27
512068,117598,2026-02-19,2026-03-10
512069,117580,2026-02-19,2026-03-09
512070,117602,2026-02-19,2026-06-01
512071,117592,2026-02-19,2026-03-15
512072,117578,2026-02-19,2026-03-07
512073,117581,2026-02-19,2026-02-26
512074,117574,2026-02-19,2026-03-11
512075,117576,2026-02-19,2026-03-18
512076,105886,2026-02-19,
512077,117556,2026-02-19,2026-02-20
512078,117557,2026-02-19,
512079,117561,2026-02-19,2026-03-28
512080,117563,2026-02-19,
512081,117564,2026-02-19,2026-02-21
512082,117559,2026-02-19,2026-06-02
512083,117566,2026-02-19,2026-03-06
512084,117568,2026-02-19,
512085,117569,2026-02-19,2026-04-14
512086,117571,2026-02-19,
512087,117572,2026-02-19,2026-03-06
512088,117565,2026-02-19,2026-03-04
512089,117573,2026-02-19,2026-03-04
512090,117648,2026-02-20,
512091,117647,2026-02-20,
512092,117645,2026-02-20,2026-06-28
512093,117644,2026-02-20,2026-07-07
512094,117641,2026-02-20,2026-03-12
512095,117639,2026-02-20,2026-05-20
512096,117638,2026-02-20,2026-06-06
512097,117650,2026-02-20,2026-07-09
512098,117642,2026-02-20,
512099,117669,2026-02-20,2026-02-27
512100,117662,2026-02-20,2026-07-23
512101,117653,2026-02-20,2026-04-06
512102,117654,2026-02-20,2026-03-27
512103,117656,2026-02-20,2026-03-30
512104,117657,2026-02-20,2026-02-21
512105,117659,2026-02-20,2026-03-29
512106,117661,2026-02-20,2026-02-28
512107,117663,2026-02-20,2026-02-22
512108,117667,2026-02-20,2026-04-07
512109,117665,2026-02-20,
512110,117637,2026-02-20,2026-03-03
512111,117652,2026-02-20,2026-02-24
512112,117635,2026-02-20,2026-04-02
512113,117651,2026-02-20,2026-02-24
512114,117633,2026-02-20,2026-04-13
512115,117634,2026-02-20,2026-03-26
512116,108690,2026-02-20,2026-03-13
512117,109734,2026-02-20,2026-02-28
512118,117604,2026-02-20,2026-02-26
512119,117606,2026-02-20,2026-02-21
512120,117607,2026-02-20,2026-03-05
512121,117609,2026-02-20,
512122,117610,2026-02-20,
512123,117612,2026-02-20,2026-03-06
512124,117613,2026-02-20,2026-02-22
512125,112998,2026-02-20,2026-02-26
512126,117617,2026-02-20,2026-03-31
512127,117619,2026-02-20,2026-03-02
512128,117621,2026-02-20,2026-05-16
512129,117623,2026-02-20,2026-03-11
512130,117625,2026-02-20,
512131,117627,2026-02-20,
512132,117628,2026-02-20,2026-04-24
512133,117631,2026-02-20,2026-02-21
512134,117615,2026-02-20,
512135,117629,2026-02-20,2026-05-18
512136,117716,2026-02-21,
512137,117715,2026-02-21,2026-06-07
512138,117713,2026-02-21,
512139,117707,2026-02-21,2026-07-16
512140,117709,2026-02-21,2026-03-12
512141,117718,2026-02-21,2026-05-21
512142,117706,2026-02-21,2026-02-28
512143,117711,2026-02-21,2026-04-15
512144,117719,2026-02-21,2026-06-30
512145,117725,2026-02-21,2026-03-28
512146,117721,2026-02-21,2026-03-12
512147,117723,2026-02-21,2026-02-22
512148,117724,2026-02-21,2026-02-23
512149,117727,2026-02-21,2026-07-04
512150,117728,2026-02-21,2026-08-02
512151,117730,2026-02-21,2026-04-26
512152,117731,2026-02-21,2026-03-02
512153,117703,2026-02-21,2026-02-27
512154,117733,2026-02-21,2026-03-18
512155,117735,2026-02-21,2026-03-16
512156,117720,2026-02-21,2026-02-27
512157,117701,2026-02-21,2026-05-06
512158,117704,2026-02-21,2026-06-10
512159,117697,2026-02-21,2026-04-04
512160,117699,2026-02-21,2026-05-02
512161,104827,2026-02-21,2026-03-23
512162,106100,2026-02-21,2026-03-05
512163,117671,2026-02-21,2026-02-22
512164,117674,2026-02-21,2026-06-01
512165,117676,2026-02-21,2026-06-10
512166,117677,2026-02-21,2026-05-11
512167,117678,2026-02-21,2026-02-23
512168,117679,2026-02-21,2026-02-24
512169,117681,2026-02-21,2026-06-15
512170,117673,2026-02-21,2026-03-10
512171,117685,2026-02-21,
512172,117686,2026-02-21,2026-03-05
512173,117688,2026-02-21,2026-06-30
512174,117689,2026-02-21,2026-03-02
512175,117690,2026-02-21,
512176,117691,2026-02-21,2026-04-19
512177,117693,2026-02-21,2026-05-22
512178,117694,2026-02-21,2026-03-26
512179,117683,2026-02-21,2026-04-04
512180,117695,2026-02-21,2026-05-05
512181,117791,2026-02-22,2026-02-27
512182,117789,2026-02-22,2026-04-11
512183,117787,2026-02-22,2026-05-10
512184,117785,2026-02-22,2026-06-18
512185,117783,2026-02-22,
512186,117775,2026-02-22,2026-02-24
512187,117779,2026-02-22,2026-02-27
512188,117777,2026-02-22,2026-07-07
512189,117773,2026-02-22,2026-03-22
512190,117772,2026-02-22,2026-03-21
512191,117792,2026-02-22,2026-04-02
512192,117781,2026-02-22,2026-04-18
512193,117793,2026-02-22,2026-04-02
512194,117812,2026-02-22,2026-03-09
512195,117796,2026-02-22,
512196,117798,2026-02-22,2026-02-26
512197,117800,2026-02-22,2026-03-04
512198,117802,2026-02-22,
512199,117803,2026-02-22,
512200,117805,2026-02-22,
512201,117807,2026-02-22,2026-06-19
512202,117809,2026-02-22,2026-04-15
512203,117811,2026-02-22,2026-05-29
512204,117813,2026-02-22,2026-02-26
512205,117770,2026-02-22,
512206,117815,2026-02-22,2026-02-28
512207,117794,2026-02-22,
512208,117768,2026-02-22,2026-03-01
512209,117761,2026-02-22,2026-03-05
512210,117766,2026-02-22,2026-02-26
512211,105502,2026-02-22,2026-05-26
512212,117736,2026-02-22,2026-07-10
512213,117738,2026-02-22,2026-03-09
512214,117739,2026-02-22,2026-04-20
512215,117740,2026-02-22,
512216,117741,2026-02-22,2026-03-27
512217,117742,2026-02-22,2026-02-23
512218,117743,2026-02-22,2026-03-16
512219,117744,2026-02-22,2026-04-07
512220,117746,2026-02-22,2026-04-02
512221,117748,2026-02-22,2026-03-24
512222,117737,2026-02-22,
512223,117751,2026-02-22,2026-03-05
512224,117749,2026-02-22,2026-05-07
512225,117765,2026-02-22,
512226,117763,2026-02-22,2026-03-06
512227,117767,2026-02-22,2026-04-17
512228,117764,2026-02-22,
512229,117757,2026-02-22,2026-03-14
512230,117755,2026-02-22,2026-02-27
512231,117754,2026-02-22,2026-03-03
512232,117752,2026-02-22,2026-06-16
512233,117759,2026-02-22,2026-03-27
512234,117842,2026-02-23,2026-03-11
512235,117852,2026-02-23,2026-03-06
512236,117844,2026-02-23,2026-03-15
512237,117846,2026-02-23,2026-02-26
512238,117847,2026-02-23,2026-04-06
512239,117849,2026-02-23,2026-03-01
512240,117850,2026-02-23,2026-06-16
512241,117851,2026-02-23,2026-02-24
512242,117854,2026-02-23,2026-03-26
512243,117861,2026-02-23,2026-05-27
512244,117856,2026-02-23,2026-03-21
512245,117858,2026-02-23,2026-04-07
512246,117859,2026-02-23,2026-04-04
512247,117862,2026-02-23,2026-03-23
512248,117863,2026-02-23,2026-03-19
512249,117865,2026-02-23,2026-02-26
512250,117867,2026-02-23,
512251,117841,2026-02-23,2026-03-17
512252,117855,2026-02-23,2026-07-19
512253,117839,2026-02-23,
512254,117833,2026-02-23,
512255,117836,2026-02-23,
512256,110306,2026-02-23,2026-06-11
512257,117837,2026-02-23,2026-03-13
512258,104140,2026-02-23,2026-03-13
512259,117816,2026-02-23,2026-03-29
512260,117818,2026-02-23,2026-03-14
512261,117821,2026-02-23,2026-05-30
512262,117822,2026-02-23,2026-07-16
512263,117824,2026-02-23,2026-04-28
512264,117820,2026-02-23,2026-02-26
512265,117827,2026-02-23,2026-02-24
512266,117828,2026-02-23,2026-03-26
512267,117829,2026-02-23,2026-03-11
512268,117830,2026-02-23,
512269,117832,2026-02-23,
512270,117835,2026-02-23,2026-02-28
512271,117826,2026-02-23,
512272,117909,2026-02-24,2026-03-08
512273,117899,2026-02-24,2026-07-20
512274,117900,2026-02-24,2026-05-20
512275,117897,2026-02-24,2026-03-04
512276,117901,2026-02-24,2026-04-16
512277,117903,2026-02-24,2026-03-03
512278,117905,2026-02-24,
512279,117907,2026-02-24,2026-03-26
512280,117911,2026-02-24,
512281,117929,2026-02-24,2026-03-08
512282,117915,2026-02-24,2026-06-30
512283,117917,2026-02-24,2026-05-23
512284,117918,2026-02-24,2026-04-11
512285,117920,2026-02-24,2026-06-03
512286,117922,2026-02-24,
512287,117924,2026-02-24,2026-07-09
512288,117928,2026-02-24,2026-05-02
512289,117926,2026-02-24,2026-03-31
512290,117896,2026-02-24,
512291,117913,2026-02-24,2026-03-14
512292,117895,2026-02-24,
512293,117888,2026-02-24,
512294,117892,2026-02-24,2026-03-02
512295,110073,2026-02-24,2026-05-02
512296,107667,2026-02-24,2026-03-08
512297,117869,2026-02-24,2026-05-08
512298,117871,2026-02-24,2026-06-30
512299,117872,2026-02-24,2026-03-29
512300,117875,2026-02-24,2026-03-19
512301,117876,2026-02-24,
512302,117878,2026-02-24,2026-06-23
512303,117873,2026-02-24,2026-04-16
512304,117881,2026-02-24,2026-03-09
512305,117882,2026-02-24,2026-03-13
512306,117884,2026-02-24,2026-05-30
512307,117885,2026-02-24,
512308,117886,2026-02-24,
512309,117894,2026-02-24,
512310,117890,2026-02-24,2026-03-19
512311,117879,2026-02-24,
512312,117965,2026-02-25,2026-03-16
512313,117957,2026-02-25,2026-05-06
512314,117959,2026-02-25,
512315,117960,2026-02-25,2026-03-08
512316,117961,2026-02-25,2026-03-09
512317,117963,2026-02-25,2026-03-01
512318,117966,2026-02-25,2026-03-15
512319,117975,2026-02-25,
512320,117969,2026-02-25,2026-03-02
512321,117970,2026-02-25,
512322,117972,2026-02-25,2026-03-01
512323,117974,2026-02-25,2026-03-02
512324,117953,2026-02-25,
512325,117977,2026-02-25,2026-07-24
512326,117979,2026-02-25,
512327,117967,2026-02-25,2026-03-01
512328,117952,2026-02-25,2026-03-03
512329,117955,2026-02-25,2026-03-09
512330,117948,2026-02-25,2026-04-10
512331,103148,2026-02-25,2026-03-10
512332,117930,2026-02-25,2026-03-16
512333,117932,2026-02-25,2026-04-25
512334,117934,2026-02-25,2026-06-12
512335,117950,2026-02-25,2026-06-30
512336,117938,2026-02-25,2026-02-26
512337,117936,2026-02-25,
512338,117941,2026-02-25,
512339,117943,2026-02-25,2026-07-27
512340,117944,2026-02-25,2026-02-27
512341,117945,2026-02-25,2026-03-19
512342,117947,2026-02-25,2026-03-11
512343,117940,2026-02-25,2026-03-09
512344,118029,2026-02-26,2026-04-06
512345,118028,2026-02-26,2026-03-22
512346,118026,2026-02-26,
512347,118024,2026-02-26,2026-05-11
512348,118015,2026-02-26,2026-03-03
512349,118020,2026-02-26,2026-05-01
512350,118019,2026-02-26,2026-02-27
512351,118017,2026-02-26,2026-03-10
512352,118031,2026-02-26,
512353,118022,2026-02-26,
512354,118032,2026-02-26,
512355,118040,2026-02-26,2026-03-08
512356,118034,2026-02-26,2026-03-05
512357,118035,2026-02-26,2026-06-30
512358,118036,2026-02-26,2026-03-17
512359,118037,2026-02-26,2026-04-02
512360,118039,2026-02-26,2026-04-05
512361,118041,2026-02-26,2026-04-05
512362,118042,2026-02-26,2026-04-03
512363,118013,2026-02-26,2026-03-04
512364,118045,2026-02-26,2026-03-20
512365,118047,2026-02-26,2026-03-15
512366,118044,2026-02-26,2026-03-06
512367,118048,2026-02-26,2026-04-14
512368,118012,2026-02-26,2026-03-12
512369,117991,2026-02-26,2026-04-26
512370,118010,2026-02-26,2026-02-27
512371,118011,2026-02-26,2026-04-24
512372,106429,2026-02-26,2026-04-20
512373,114181,2026-02-26,2026-03-04
512374,117981,2026-02-26,2026-03-14
512375,117982,2026-02-26,2026-03-05
512376,117983,2026-02-26,2026-04-27
512377,117985,2026-02-26,2026-04-01
512378,117986,2026-02-26,2026-03-19
512379,117988,2026-02-26,
512380,117990,2026-02-26,2026-03-24
512381,109379,2026-02-26,2026-05-23
512382,117994,2026-02-26,2026-03-19
512383,117996,2026-02-26,2026-04-06
512384,117997,2026-02-26,2026-03-02
512385,117999,2026-02-26,
512386,118000,2026-02-26,
512387,118002,2026-02-26,2026-03-09
512388,118004,2026-02-26,2026-03-10
512389,118005,2026-02-26,2026-03-19
512390,118007,2026-02-26,2026-02-27
512391,117992,2026-02-26,2026-03-18
512392,118009,2026-02-26,
512393,118091,2026-02-27,
512394,118089,2026-02-27,2026-04-28
512395,118088,2026-02-27,2026-05-02
512396,118082,2026-02-27,2026-04-23
512397,118085,2026-02-27,2026-04-18
512398,118083,2026-02-27,2026-03-27
512399,118092,2026-02-27,2026-03-26
512400,118081,2026-02-27,2026-03-14
512401,118087,2026-02-27,
512402,118094,2026-02-27,2026-03-14
512403,118102,2026-02-27,2026-03-23
512404,118097,2026-02-27,2026-03-26
512405,118098,2026-02-27,2026-03-30
512406,118100,2026-02-27,2026-05-20
512407,118103,2026-02-27,2026-04-12
512408,118104,2026-02-27,2026-03-17
512409,118107,2026-02-27,2026-03-18
512410,118109,2026-02-27,2026-03-11
512411,118079,2026-02-27,2026-03-07
512412,118111,2026-02-27,2026-03-07
512413,118095,2026-02-27,2026-04-06
512414,118077,2026-02-27,
512415,118105,2026-02-27,2026-04-19
512416,118074,2026-02-27,2026-05-18
512417,118076,2026-02-27,2026-02-28
512418,103930,2026-02-27,2026-03-17
512419,111788,2026-02-27,2026-05-03
512420,112888,2026-02-27,2026-03-20
512421,118049,2026-02-27,2026-06-14
512422,118050,2026-02-27,2026-03-19
512423,118051,2026-02-27,2026-03-24
512424,118053,2026-02-27,2026-03-14
512425,118055,2026-02-27,2026-03-02
512426,118056,2026-02-27,2026-06-16
512427,101879,2026-02-27,2026-07-25
512428,118060,2026-02-27,
512429,118061,2026-02-27,
512430,118063,2026-02-27,
512431,118065,2026-02-27,2026-04-23
512432,118067,2026-02-27,2026-04-01
512433,118068,2026-02-27,2026-03-22
512434,118072,2026-02-27,
512435,118070,2026-02-27,2026-03-06
512436,118071,2026-02-27,2026-03-26
512437,118058,2026-02-27,2026-03-28
512438,118158,2026-02-28,2026-04-15
512439,118156,2026-02-28,2026-04-26
512440,118154,2026-02-28,2026-05-21
512441,118147,2026-02-28,2026-03-31
512442,118150,2026-02-28,2026-03-08
512443,118149,2026-02-28,2026-07-24
512444,118148,2026-02-28,2026-07-04
512445,118160,2026-02-28,
512446,118152,2026-02-28,2026-04-12
512447,118162,2026-02-28,2026-03-07
512448,118168,2026-02-28,2026-03-12
512449,118164,2026-02-28,2026-03-08
512450,118166,2026-02-28,2026-03-15
512451,118169,2026-02-28,
512452,118171,2026-02-28,
512453,118173,2026-02-28,
512454,118174,2026-02-28,2026-05-31
512455,118175,2026-02-28,
512456,118145,2026-02-28,2026-03-03
512457,118177,2026-02-28,
512458,118179,2026-02-28,2026-03-02
512459,118163,2026-02-28,2026-03-07
512460,118143,2026-02-28,
512461,118139,2026-02-28,
512462,118140,2026-02-28,2026-03-05
512463,118141,2026-02-28,2026-03-11
512464,118112,2026-02-28,2026-03-13
512465,118113,2026-02-28,2026-03-09
512466,118115,2026-02-28,2026-04-09
512467,118116,2026-02-28,2026-03-21
512468,118119,2026-02-28,2026-05-22
512469,118120,2026-02-28,
512470,118121,2026-02-28,
512471,118122,2026-02-28,
512472,118117,2026-02-28,
512473,118125,2026-02-28,
512474,118124,2026-02-28,2026-06-16
512475,118135,2026-02-28,
512476,118133,2026-02-28,2026-04-17
512477,118131,2026-02-28,2026-06-23
512478,118137,2026-02-28,2026-03-21
512479,118128,2026-02-28,2026-03-10
512480,118127,2026-02-28,2026-03-24
512481,118129,2026-02-28,2026-03-03
512482,118223,2026-03-01,2026-03-08
512483,118214,2026-03-01,2026-07-12
512484,118215,2026-03-01,2026-05-30
512485,118217,2026-03-01,
512486,118219,2026-03-01,
512487,118220,2026-03-01,2026-07-19
512488,118221,2026-03-01,2026-04-19
512489,118222,2026-03-01,2026-04-10
512490,118224,2026-03-01,2026-03-08
512491,118235,2026-03-01,2026-03-09
512492,118226,2026-03-01,
512493,118227,2026-03-01,2026-07-02
512494,118229,2026-03-01,2026-04-20
512495,118230,2026-03-01,2026-03-07
512496,118232,2026-03-01,2026-03-24
512497,118234,2026-03-01,2026-06-07
512498,118236,2026-03-01,2026-03-14
512499,118213,2026-03-01,
512500,118225,2026-03-01,2026-04-24
512501,118209,2026-03-01,2026-03-17
512502,118211,2026-03-01,2026-03-07
512503,118180,2026-03-01,2026-03-27
512504,118208,2026-03-01,
512505,118182,2026-03-01,2026-05-11
512506,118184,2026-03-01,
512507,118185,2026-03-01,2026-04-12
512508,118186,2026-03-01,2026-05-11
512509,118190,2026-03-01,2026-03-27
512510,118192,2026-03-01,2026-03-18
512511,118193,2026-03-01,
512512,118188,2026-03-01,2026-07-02
512513,118197,2026-03-01,2026-03-08
512514,118198,2026-03-01,
512515,118199,2026-03-01,2026-03-28
512516,118201,2026-03-01,2026-03-03
512517,118203,2026-03-01,
512518,118205,2026-03-01,2026-03-21
512519,118207,2026-03-01,2026-03-02
512520,118195,2026-03-01,2026-04-14
512521,118270,2026-03-02,
512522,118264,2026-03-02,
512523,118265,2026-03-02,2026-06-26
512524,118267,2026-03-02,2026-03-06
512525,118268,2026-03-02,
512526,118269,2026-03-02,2026-03-12
512527,118272,2026-03-02,2026-03-21
512528,118261,2026-03-02,2026-03-25
512529,118275,2026-03-02,2026-03-15
512530,118276,2026-03-02,2026-05-20
512531,118277,2026-03-02,2026-04-03
512532,118279,2026-03-02,2026-04-07
512533,118281,2026-03-02,
512534,118282,2026-03-02,2026-05-15
512535,118263,2026-03-02,
512536,118273,2026-03-02,
512537,118260,2026-03-02,2026-03-05
512538,118251,2026-03-02,2026-04-24
512539,118240,2026-03-02,2026-03-30
512540,112307,2026-03-02,
512541,118237,2026-03-02,2026-03-07
512542,118239,2026-03-02,2026-05-15
512543,118258,2026-03-02,
512544,118242,2026-03-02,2026-05-27
512545,118243,2026-03-02,2026-03-16
512546,113003,2026-03-02,2026-03-14
512547,118245,2026-03-02,2026-03-03
512548,118247,2026-03-02,
512549,118248,2026-03-02,2026-03-19
512550,118250,2026-03-02,2026-07-03
512551,118253,2026-03-02,2026-03-29
512552,118255,2026-03-02,2026-05-17
512553,118257,2026-03-02,2026-03-11
512554,118246,2026-03-02,2026-05-17
512555,118322,2026-03-03,2026-03-22
512556,118320,2026-03-03,2026-04-08
512557,118318,2026-03-03,2026-03-17
512558,118312,2026-03-03,2026-03-17
512559,118314,2026-03-03,2026-06-19
512560,118313,2026-03-03,2026-05-08
512561,118323,2026-03-03,
512562,118316,2026-03-03,2026-04-22
512563,118325,2026-03-03,2026-03-07
512564,118307,2026-03-03,2026-04-13
512565,118328,2026-03-03,2026-03-23
512566,118330,2026-03-03,2026-04-30
512567,118331,2026-03-03,2026-03-20
512568,118333,2026-03-03,2026-03-04
512569,118335,2026-03-03,2026-03-14
512570,118337,2026-03-03,2026-04-25
512571,118338,2026-03-03,2026-03-04
512572,118339,2026-03-03,2026-04-15
512573,118311,2026-03-03,2026-03-22
512574,118327,2026-03-03,2026-07-17
512575,118309,2026-03-03,2026-04-14
512576,118299,2026-03-03,2026-03-14
512577,118305,2026-03-03,2026-03-17
512578,118286,2026-03-03,2026-04-16
512579,118287,2026-03-03,
512580,118289,2026-03-03,2026-04-08
512581,118291,2026-03-03,
512582,118293,2026-03-03,2026-03-04
512583,118294,2026-03-03,
512584,118296,2026-03-03,2026-03-12
512585,118284,2026-03-03,2026-03-24
512586,118300,2026-03-03,2026-03-23
512587,118301,2026-03-03,2026-06-22
512588,118302,2026-03-03,2026-07-12
512589,118303,2026-03-03,2026-03-05
512590,118304,2026-03-03,
512591,118297,2026-03-03,2026-03-22
512592,118380,2026-03-04,
512593,118361,2026-03-04,2026-03-12
512594,118363,2026-03-04,2026-06-26
512595,118364,2026-03-04,
512596,118366,2026-03-04,2026-03-09
512597,118368,2026-03-04,
512598,118369,2026-03-04,2026-03-05
512599,118370,2026-03-04,2026-04-22
512600,118374,2026-03-04,2026-05-07
512601,118372,2026-03-04,2026-05-11
512602,118375,2026-03-04,2026-05-29
512603,118376,2026-03-04,
512604,118377,2026-03-04,2026-03-07
512605,118379,2026-03-04,2026-03-26
512606,118360,2026-03-04,2026-05-02
512607,118371,2026-03-04,2026-03-20
512608,118359,2026-03-04,2026-03-10
512609,118351,2026-03-04,2026-03-24
512610,118356,2026-03-04,2026-05-16
512611,104216,2026-03-04,2026-03-14
512612,118358,2026-03-04,2026-03-11
512613,118341,2026-03-04,2026-04-14
512614,118342,2026-03-04,2026-03-18
512615,118344,2026-03-04,2026-03-08
512616,118346,2026-03-04,2026-03-30
512617,109772,2026-03-04,
512618,118348,2026-03-04,
512619,118349,2026-03-04,2026-06-03
512620,118350,2026-03-04,2026-06-18
512621,118353,2026-03-04,2026-03-20
512622,118355,2026-03-04,2026-03-12
512623,118347,2026-03-04,2026-04-29
512624,118432,2026-03-05,
512625,118430,2026-03-05,2026-03-14
512626,118428,2026-03-05,2026-05-04
512627,118427,2026-03-05,2026-07-02
512628,118433,2026-03-05,2026-05-01
512629,118423,2026-03-05,2026-04-21
512630,118419,2026-03-05,
512631,118417,2026-03-05,2026-03-20
512632,118421,2026-03-05,2026-05-29
512633,118425,2026-03-05,2026-05-14
512634,118434,2026-03-05,
512635,118408,2026-03-05,2026-03-12
512636,118436,2026-03-05,2026-03-06
512637,118437,2026-03-05,
512638,118438,2026-03-05,
512639,118439,2026-03-05,2026-03-13
512640,118440,2026-03-05,2026-03-18
512641,118442,2026-03-05,2026-06-20
512642,118444,2026-03-05,2026-08-02
512643,118416,2026-03-05,2026-03-12
512644,118445,2026-03-05,2026-03-09
512645,118447,2026-03-05,2026-03-12
512646,118435,2026-03-05,2026-03-21
512647,118414,2026-03-05,2026-06-01
512648,118401,2026-03-05,2026-07-06
512649,118410,2026-03-05,2026-03-14
512650,108201,2026-03-05,2026-03-11
512651,109114,2026-03-05,2026-03-27
512652,118384,2026-03-05,2026-05-18
512653,118386,2026-03-05,2026-03-27
512654,118387,2026-03-05,2026-03-13
512655,118389,2026-03-05,2026-03-13
512656,118391,2026-03-05,
512657,118392,2026-03-05,2026-03-26
512658,118394,2026-03-05,2026-03-11
512659,118382,2026-03-05,2026-05-19
512660,118396,2026-03-05,2026-04-07
512661,118398,2026-03-05,2026-05-30
512662,118399,2026-03-05,2026-03-19
512663,118412,2026-03-05,
512664,118402,2026-03-05,
512665,118403,2026-03-05,2026-06-26
512666,118405,2026-03-05,
512667,118406,2026-03-05,2026-03-06
512668,100758,2026-03-05,2026-03-15
512669,118395,2026-03-05,2026-04-04
512670,118473,2026-03-06,2026-03-12
512671,118472,2026-03-06,2026-03-12
512672,118470,2026-03-06,2026-03-08
512673,118474,2026-03-06,2026-07-04
512674,118469,2026-03-06,2026-07-27
512675,118471,2026-03-06,2026-04-07
512676,118475,2026-03-06,2026-06-01
512677,118482,2026-03-06,2026-03-31
512678,118478,2026-03-06,
512679,118479,2026-03-06,2026-04-04
512680,118480,2026-03-06,2026-03-13
512681,118484,2026-03-06,2026-03-08
512682,118485,2026-03-06,2026-07-31
512683,118468,2026-03-06,2026-04-07
512684,118477,2026-03-06,2026-04-17
512685,118466,2026-03-06,2026-03-16
512686,118462,2026-03-06,2026-06-10
512687,118464,2026-03-06,
512688,118465,2026-03-06,2026-04-15
512689,118448,2026-03-06,2026-03-14
512690,118452,2026-03-06,2026-06-29
512691,118453,2026-03-06,2026-05-26
512692,118454,2026-03-06,2026-03-22
512693,118450,2026-03-06,2026-03-09
512694,118456,2026-03-06,2026-05-29
512695,118458,2026-03-06,
512696,118460,2026-03-06,
512697,118455,2026-03-06,2026-07-10
512698,118523,2026-03-07,2026-04-01
512699,118516,2026-03-07,2026-05-16
512700,118538,2026-03-07,2026-03-09
512701,118517,2026-03-07,2026-03-22
512702,118518,2026-03-07,
512703,118514,2026-03-07,2026-04-08
512704,118520,2026-03-07,
512705,118521,2026-03-07,2026-06-12
512706,118525,2026-03-07,2026-07-06
512707,118531,2026-03-07,2026-06-06
512708,118527,2026-03-07,
512709,118529,2026-03-07,2026-03-15
512710,118530,2026-03-07,
512711,118536,2026-03-07,2026-06-17
512712,118535,2026-03-07,2026-05-21
512713,118534,2026-03-07,
512714,118533,2026-03-07,2026-03-12
512715,118512,2026-03-07,2026-03-11
512716,118526,2026-03-07,
512717,118511,2026-03-07,
512718,118502,2026-03-07,2026-03-16
512719,118507,2026-03-07,2026-05-15
512720,118509,2026-03-07,2026-05-22
512721,104209,2026-03-07,2026-03-31
512722,118486,2026-03-07,2026-04-01
512723,118488,2026-03-07,2026-03-17
512724,118490,2026-03-07,2026-03-20
512725,118492,2026-03-07,2026-03-26
512726,118493,2026-03-07,2026-05-03
512727,105099,2026-03-07,
512728,118495,2026-03-07,2026-03-14
512729,118497,2026-03-07,2026-05-11
512730,118498,2026-03-07,2026-04-10
512731,118500,2026-03-07,2026-03-24
512732,118504,2026-03-07,2026-03-08
512733,118505,2026-03-07,2026-04-18
512734,118494,2026-03-07,2026-03-16
512735,118571,2026-03-08,2026-03-13
512736,118572,2026-03-08,2026-03-22
512737,118574,2026-03-08,2026-04-02
512738,118576,2026-03-08,2026-03-15
512739,118577,2026-03-08,2026-03-16
512740,118578,2026-03-08,2026-03-16
512741,118579,2026-03-08,2026-03-28
512742,118580,2026-03-08,2026-04-01
512743,118585,2026-03-08,2026-04-08
512744,118583,2026-03-08,2026-03-25
512745,118586,2026-03-08,2026-03-27
512746,118588,2026-03-08,2026-03-24
512747,118590,2026-03-08,2026-06-01
512748,118592,2026-03-08,
512749,118569,2026-03-08,2026-03-09
512750,118593,2026-03-08,
512751,118595,2026-03-08,2026-03-13
512752,118597,2026-03-08,
512753,118581,2026-03-08,
512754,118567,2026-03-08,
512755,118555,2026-03-08,2026-03-13
512756,118564,2026-03-08,2026-03-25
512757,107031,2026-03-08,2026-07-03
512758,118539,2026-03-08,2026-07-06
512759,118541,2026-03-08,2026-03-12
512760,118542,2026-03-08,2026-04-27
512761,118565,2026-03-08,2026-03-23
512762,118545,2026-03-08,2026-03-18
512763,118547,2026-03-08,
512764,118543,2026-03-08,2026-04-09
512765,118551,2026-03-08,2026-06-27
512766,118553,2026-03-08,
512767,118557,2026-03-08,2026-06-02
512768,118558,2026-03-08,
512769,118559,2026-03-08,2026-03-25
512770,118561,2026-03-08,2026-07-06
512771,118563,2026-03-08,2026-03-19
512772,118549,2026-03-08,
512773,118620,2026-03-09,2026-06-29
512774,118625,2026-03-09,2026-03-11
512775,118621,2026-03-09,2026-03-27
512776,118622,2026-03-09,2026-04-08
512777,118624,2026-03-09,2026-05-10
512778,118626,2026-03-09,2026-04-21
512779,118635,2026-03-09,2026-03-11
512780,118630,2026-03-09,2026-04-15
512781,118632,2026-03-09,2026-04-18
512782,118633,2026-03-09,
512783,118636,2026-03-09,
512784,118637,2026-03-09,2026-05-11
512785,118618,2026-03-09,2026-05-26
512786,118629,2026-03-09,2026-04-16
512787,118617,2026-03-09,2026-04-26
512788,118628,2026-03-09,2026-04-06
512789,118614,2026-03-09,2026-04-25
512790,118598,2026-03-09,2026-05-19
512791,118599,2026-03-09,
512792,118600,2026-03-09,2026-04-06
512793,118615,2026-03-09,2026-03-13
512794,118602,2026-03-09,2026-04-19
512795,107098,2026-03-09,2026-03-14
512796,118606,2026-03-09,2026-05-19
512797,118608,2026-03-09,
512798,118609,2026-03-09,2026-03-26
512799,118611,2026-03-09,2026-04-17
512800,118613,2026-03-09,2026-04-30
512801,118604,2026-03-09,
512802,118659,2026-03-10,2026-07-14
512803,118662,2026-03-10,2026-05-17
512804,118664,2026-03-10,
512805,118666,2026-03-10,2026-03-11
512806,118668,2026-03-10,
512807,118670,2026-03-10,
512808,118671,2026-03-10,2026-06-14
512809,118673,2026-03-10,
512810,118678,2026-03-10,2026-06-15
512811,118677,2026-03-10,2026-05-17
512812,118679,2026-03-10,2026-03-20
512813,118681,2026-03-10,2026-04-19
512814,118657,2026-03-10,2026-06-02
512815,118682,2026-03-10,
512816,118684,2026-03-10,2026-03-25
512817,118685,2026-03-10,2026-04-26
512818,118675,2026-03-10,2026-03-26
512819,118656,2026-03-10,2026-03-14
512820,118660,2026-03-10,2026-03-17
512821,118653,2026-03-10,2026-03-11
512822,118655,2026-03-10,
512823,110185,2026-03-10,2026-04-07
512824,108175,2026-03-10,2026-04-29
512825,118640,2026-03-10,
512826,118642,2026-03-10,2026-05-26
512827,118644,2026-03-10,2026-03-19
512828,118645,2026-03-10,
512829,118638,2026-03-10,2026-03-15
512830,118648,2026-03-10,2026-05-22
512831,118649,2026-03-10,2026-03-26
512832,118650,2026-03-10,
512833,118651,2026-03-10,
512834,118652,2026-03-10,2026-07-31
512835,118647,2026-03-10,2026-08-02
512836,118725,2026-03-11,2026-03-16
512837,118712,2026-03-11,
512838,118710,2026-03-11,2026-03-17
512839,118713,2026-03-11,2026-07-21
512840,118715,2026-03-11,2026-06-05
512841,118718,2026-03-11,2026-03-29
512842,118720,2026-03-11,2026-03-24
512843,118722,2026-03-11,
512844,118724,2026-03-11,
512845,118726,2026-03-11,
512846,118739,2026-03-11,
512847,118729,2026-03-11,
512848,118731,2026-03-11,2026-07-25
512849,118733,2026-03-11,2026-04-12
512850,118734,2026-03-11,2026-03-31
512851,118735,2026-03-11,
512852,118737,2026-03-11,
512853,118744,2026-03-11,2026-03-22
512854,118742,2026-03-11,
512855,118740,2026-03-11,2026-03-12
512856,118708,2026-03-11,2026-06-14
512857,118728,2026-03-11,2026-04-04
512858,118707,2026-03-11,
512859,118716,2026-03-11,2026-03-16
512860,118705,2026-03-11,2026-05-13
512861,105747,2026-03-11,2026-03-13
512862,110167,2026-03-11,
512863,118687,2026-03-11,
512864,118689,2026-03-11,
512865,118691,2026-03-11,2026-03-30
512866,118693,2026-03-11,2026-03-12
512867,118694,2026-03-11,2026-04-08
512868,118695,2026-03-11,2026-03-12
512869,110294,2026-03-11,
512870,118698,2026-03-11,2026-04-26
512871,118697,2026-03-11,2026-05-07
512872,118704,2026-03-11,2026-07-15
512873,118703,2026-03-11,
512874,118706,2026-03-11,2026-06-06
512875,118700,2026-03-11,2026-06-16
512876,118699,2026-03-11,2026-04-15
512877,118701,2026-03-11,
512878,118807,2026-03-12,2026-05-15
512879,118776,2026-03-12,2026-04-18
512880,118778,2026-03-12,2026-03-15
512881,118780,2026-03-12,2026-03-18
512882,118781,2026-03-12,
512883,118782,2026-03-12,
512884,118784,2026-03-12,
512885,118785,2026-03-12,2026-06-21
512886,118787,2026-03-12,
512887,118789,2026-03-12,
512888,118791,2026-03-12,2026-03-20
512889,118793,2026-03-12,2026-04-10
512890,118795,2026-03-12,2026-03-28
512891,118796,2026-03-12,
512892,118799,2026-03-12,2026-03-27
512893,118801,2026-03-12,2026-03-16
512894,118808,2026-03-12,2026-05-09
512895,118774,2026-03-12,2026-04-10
512896,118803,2026-03-12,2026-04-02
512897,118804,2026-03-12,2026-05-06
512898,118805,2026-03-12,2026-04-22
512899,118806,2026-03-12,2026-05-14
512900,118792,2026-03-12,2026-05-13
512901,118798,2026-03-12,2026-05-13
512902,118771,2026-03-12,2026-06-03
512903,118770,2026-03-12,2026-03-14
512904,118773,2026-03-12,
512905,118746,2026-03-12,
512906,118747,2026-03-12,2026-03-14
512907,118748,2026-03-12,2026-04-18
512908,118750,2026-03-12,2026-03-20
512909,118752,2026-03-12,2026-04-14
512910,118753,2026-03-12,2026-03-13
512911,118755,2026-03-12,
512912,118749,2026-03-12,
512913,118758,2026-03-12,
512914,118760,2026-03-12,
512915,118762,2026-03-12,2026-03-14
512916,118764,2026-03-12,2026-04-18
512917,118766,2026-03-12,2026-04-01
512918,118768,2026-03-12,2026-04-30
512919,118757,2026-03-12,2026-04-24
512920,118769,2026-03-12,2026-06-17
512921,118838,2026-03-13,2026-04-27
512922,118836,2026-03-13,2026-03-17
512923,118835,2026-03-13,
512924,118833,2026-03-13,
512925,118829,2026-03-13,
512926,118831,2026-03-13,2026-04-04
512927,118859,2026-03-13,2026-04-08
512928,118839,2026-03-13,2026-04-12
512929,118832,2026-03-13,2026-04-21
512930,118841,2026-03-13,2026-03-18
512931,118856,2026-03-13,2026-05-04
512932,118844,2026-03-13,2026-06-15
512933,118846,2026-03-13,2026-03-23
512934,118848,2026-03-13,2026-03-25
512935,118828,2026-03-13,2026-03-16
512936,118852,2026-03-13,2026-04-25
512937,118853,2026-03-13,2026-05-17
512938,118855,2026-03-13,2026-04-03
512939,118857,2026-03-13,2026-03-24
512940,118850,2026-03-13,2026-04-12
512941,118843,2026-03-13,2026-04-14
512942,118827,2026-03-13,
512943,118823,2026-03-13,2026-03-14
512944,118824,2026-03-13,
512945,118809,2026-03-13,
512946,118810,2026-03-13,2026-04-03
512947,118811,2026-03-13,
512948,118812,2026-03-13,2026-06-30
512949,118814,2026-03-13,2026-06-29
512950,118825,2026-03-13,2026-04-09
512951,118816,2026-03-13,2026-05-21
512952,118817,2026-03-13,2026-05-08
512953,118819,2026-03-13,2026-04-17
512954,118821,2026-03-13,2026-03-17
512955,118815,2026-03-13,2026-04-05
512956,118898,2026-03-14,2026-05-06
512957,118897,2026-03-14,2026-04-07
512958,118896,2026-03-14,2026-04-04
512959,118894,2026-03-14,2026-04-01
512960,118893,2026-03-14,2026-05-07
512961,118891,2026-03-14,2026-03-16
512962,118890,2026-03-14,2026-07-09
512963,118889,2026-03-14,2026-04-19
512964,118888,2026-03-14,2026-03-17
512965,118900,2026-03-14,2026-04-02
512966,118892,2026-03-14,2026-04-25
512967,118902,2026-03-14,2026-06-13
512968,118910,2026-03-14,2026-03-21
512969,118906,2026-03-14,
512970,118907,2026-03-14,2026-05-30
512971,118908,2026-03-14,2026-05-31
512972,118909,2026-03-14,2026-03-15
512973,118886,2026-03-14,
512974,118912,2026-03-14,2026-05-06
512975,118913,2026-03-14,
512976,118915,2026-03-14,
512977,118916,2026-03-14,
512978,118918,2026-03-14,2026-05-10
512979,118919,2026-03-14,2026-03-31
512980,118920,2026-03-14,2026-03-18
512981,118904,2026-03-14,
512982,118885,2026-03-14,2026-03-19
512983,118887,2026-03-14,
512984,118882,2026-03-14,2026-04-06
512985,107204,2026-03-14,2026-04-18
512986,104698,2026-03-14,2026-07-26
512987,112918,2026-03-14,
512988,110151,2026-03-14,2026-04-19
512989,118883,2026-03-14,
512990,108610,2026-03-14,
512991,107191,2026-03-14,2026-03-25
512992,118860,2026-03-14,2026-04-15
512993,118861,2026-03-14,
512994,118863,2026-03-14,2026-04-27
512995,118865,2026-03-14,
512996,108701,2026-03-14,
512997,118867,2026-03-14,2026-03-30
512998,118866,2026-03-14,
512999,118881,2026-03-14,2026-03-22
513000,118879,2026-03-14,
513001,118875,2026-03-14,2026-04-06
513002,118873,2026-03-14,2026-03-20
513003,118877,2026-03-14,2026-05-06
513004,118870,2026-03-14,
513005,118869,2026-03-14,
513006,118868,2026-03-14,
513007,118871,2026-03-14,
513008,118950,2026-03-15,
513009,118949,2026-03-15,2026-03-29
513010,118957,2026-03-15,2026-05-11
513011,118952,2026-03-15,
513012,118954,2026-03-15,
513013,118955,2026-03-15,2026-03-30
513014,118956,2026-03-15,
513015,118947,2026-03-15,2026-03-23
513016,118966,2026-03-15,
513017,118960,2026-03-15,2026-06-14
513018,118962,2026-03-15,2026-05-08
513019,118963,2026-03-15,2026-03-20
513020,118965,2026-03-15,2026-05-16
513021,118972,2026-03-15,2026-04-19
513022,118971,2026-03-15,2026-03-25
513023,118970,2026-03-15,2026-04-11
513024,118968,2026-03-15,2026-07-03
513025,118958,2026-03-15,
513026,118945,2026-03-15,2026-04-21
513027,118929,2026-03-15,
513028,118942,2026-03-15,2026-05-22
513029,118943,2026-03-15,2026-03-26
513030,106198,2026-03-15,
513031,109556,2026-03-15,2026-04-09
513032,118922,2026-03-15,2026-04-25
513033,118925,2026-03-15,2026-07-07
513034,118927,2026-03-15,2026-05-03
513035,118928,2026-03-15,
513036,118923,2026-03-15,2026-03-23
513037,118932,2026-03-15,2026-04-14
513038,118934,2026-03-15,2026-05-05
513039,118935,2026-03-15,
513040,118936,2026-03-15,2026-06-23
513041,118937,2026-03-15,
513042,118940,2026-03-15,2026-03-27
513043,118930,2026-03-15,2026-05-14
513044,118939,2026-03-15,
513045,119006,2026-03-16,
513046,119004,2026-03-16,
513047,119003,2026-03-16,
513048,119000,2026-03-16,2026-05-07
513049,118999,2026-03-16,2026-03-26
513050,118997,2026-03-16,2026-03-31
513051,119007,2026-03-16,2026-03-28
513052,119001,2026-03-16,
513053,119009,2026-03-16,
513054,119023,2026-03-16,2026-05-02
513055,119011,2026-03-16,2026-06-24
513056,119013,2026-03-16,2026-03-28
513057,119015,2026-03-16,2026-03-21
513058,119017,2026-03-16,
513059,119019,2026-03-16,2026-06-19
513060,119021,2026-03-16,2026-03-30
513061,118995,2026-03-16,2026-03-27
513062,119025,2026-03-16,2026-04-09
513063,119027,2026-03-16,2026-07-06
513064,119029,2026-03-16,2026-04-16
513065,119010,2026-03-16,2026-05-22
513066,118993,2026-03-16,2026-04-20
513067,118982,2026-03-16,2026-03-17
513068,118990,2026-03-16,
513069,105230,2026-03-16,
513070,106259,2026-03-16,
513071,107866,2026-03-16,2026-06-19
513072,118992,2026-03-16,
513073,118974,2026-03-16,
513074,118975,2026-03-16,2026-04-25
513075,118977,2026-03-16,2026-04-02
513076,118973,2026-03-16,2026-07-22
513077,118980,2026-03-16,2026-03-24
513078,118984,2026-03-16,2026-04-17
513079,118985,2026-03-16,2026-03-23
513080,118986,2026-03-16,
513081,118987,2026-03-16,2026-04-10
513082,118988,2026-03-16,2026-05-30
513083,118979,2026-03-16,2026-03-31
513084,119059,2026-03-17,2026-04-01
513085,119058,2026-03-17,
513086,119076,2026-03-17,
513087,119055,2026-03-17,
513088,119062,2026-03-17,2026-04-20
513089,119053,2026-03-17,2026-03-19
513090,119061,2026-03-17,2026-04-14
513091,119063,2026-03-17,2026-04-24
513092,119051,2026-03-17,2026-04-12
513093,119066,2026-03-17,2026-07-02
513094,119067,2026-03-17,2026-03-28
513095,119068,2026-03-17,2026-04-07
513096,119069,2026-03-17,2026-04-19
513097,119070,2026-03-17,
513098,119071,2026-03-17,
513099,119072,2026-03-17,2026-03-21
513100,119074,2026-03-17,
513101,119064,2026-03-17,2026-04-30
513102,119050,2026-03-17,2026-04-21
513103,119057,2026-03-17,2026-04-15
513104,119047,2026-03-17,2026-04-25
513105,119048,2026-03-17,
513106,116030,2026-03-17,2026-03-19
513107,109988,2026-03-17,2026-03-31
513108,119030,2026-03-17,
513109,119031,2026-03-17,2026-03-26
513110,119032,2026-03-17,2026-05-07
513111,119034,2026-03-17,2026-07-15
513112,103757,2026-03-17,2026-06-28
513113,119037,2026-03-17,2026-04-16
513114,119038,2026-03-17,
513115,119040,2026-03-17,2026-03-19
513116,119042,2026-03-17,2026-03-23
513117,119044,2026-03-17,
513118,119045,2026-03-17,2026-05-24
513119,119046,2026-03-17,2026-03-25
513120,119036,2026-03-17,
513121,119107,2026-03-18,2026-07-18
513122,119109,2026-03-18,2026-04-03
513123,119111,2026-03-18,2026-06-07
513124,119112,2026-03-18,2026-04-07
513125,119113,2026-03-18,2026-03-23
513126,119114,2026-03-18,2026-04-23
513127,119115,2026-03-18,2026-03-22
513128,119117,2026-03-18,
513129,119124,2026-03-18,
513130,119121,2026-03-18,2026-03-20
513131,119122,2026-03-18,2026-04-10
513132,119125,2026-03-18,2026-03-31
513133,119126,2026-03-18,
513134,119128,2026-03-18,2026-03-25
513135,119106,2026-03-18,2026-04-30
513136,119129,2026-03-18,2026-05-03
513137,119131,2026-03-18,
513138,119119,2026-03-18,2026-05-17
513139,119103,2026-03-18,2026-03-21
513140,119105,2026-03-18,2026-03-24
513141,119100,2026-03-18,2026-04-20
513142,119102,2026-03-18,2026-03-26
513143,110287,2026-03-18,2026-04-05
513144,106119,2026-03-18,2026-07-24
513145,113846,2026-03-18,2026-03-19
513146,107011,2026-03-18,2026-05-05
513147,119080,2026-03-18,2026-05-06
513148,119082,2026-03-18,2026-03-20
513149,119084,2026-03-18,2026-03-26
513150,119085,2026-03-18,2026-04-01
513151,119078,2026-03-18,2026-08-02
513152,119088,2026-03-18,2026-03-19
513153,119087,2026-03-18,
513154,119097,2026-03-18,2026-05-16
513155,119095,2026-03-18,2026-05-12
513156,119093,2026-03-18,2026-04-26
513157,119099,2026-03-18,2026-03-27
513158,119092,2026-03-18,2026-03-27
513159,119090,2026-03-18,2026-04-09
513160,119175,2026-03-19,2026-05-16
513161,119165,2026-03-19,2026-03-31
513162,119167,2026-03-19,
513163,119168,2026-03-19,2026-04-08
513164,119169,2026-03-19,2026-05-03
513165,119170,2026-03-19,2026-06-25
513166,119172,2026-03-19,2026-05-27
513167,119174,2026-03-19,2026-06-16
513168,119166,2026-03-19,
513169,119176,2026-03-19,2026-04-06
513170,119188,2026-03-19,2026-05-11
513171,119178,2026-03-19,2026-03-20
513172,119180,2026-03-19,2026-03-30
513173,119182,2026-03-19,2026-05-07
513174,119183,2026-03-19,2026-05-17
513175,119184,2026-03-19,2026-06-04
513176,119185,2026-03-19,2026-03-29
513177,119187,2026-03-19,
513178,119189,2026-03-19,2026-03-29
513179,119163,2026-03-19,2026-06-12
513180,119177,2026-03-19,
513181,119161,2026-03-19,2026-03-25
513182,119160,2026-03-19,2026-03-21
513183,119158,2026-03-19,
513184,119133,2026-03-19,2026-04-03
513185,119135,2026-03-19,2026-07-31
513186,119137,2026-03-19,2026-05-13
513187,119138,2026-03-19,2026-07-07
513188,119139,2026-03-19,2026-06-17
513189,119140,2026-03-19,2026-04-27
513190,119142,2026-03-19,2026-07-23
513191,119144,2026-03-19,2026-04-20
513192,108588,2026-03-19,2026-03-26
513193,119147,2026-03-19,
513194,119149,2026-03-19,2026-06-13
513195,119151,2026-03-19,2026-04-23
513196,119152,2026-03-19,
513197,119153,2026-03-19,2026-07-20
513198,119154,2026-03-19,2026-03-21
513199,119155,2026-03-19,2026-03-23
513200,119157,2026-03-19,2026-04-10
513201,119146,2026-03-19,2026-03-22
513202,119228,2026-03-20,2026-03-21
513203,119227,2026-03-20,
513204,119221,2026-03-20,
513205,119223,2026-03-20,2026-05-22
513206,119222,2026-03-20,2026-05-07
513207,119229,2026-03-20,2026-06-22
513208,119225,2026-03-20,
513209,119231,2026-03-20,2026-07-18
513210,119238,2026-03-20,2026-03-29
513211,119235,2026-03-20,2026-06-17
513212,119236,2026-03-20,2026-07-29
513213,119237,2026-03-20,2026-04-16
513214,119239,2026-03-20,2026-04-25
513215,119241,2026-03-20,2026-04-29
513216,119243,2026-03-20,2026-04-05
513217,119244,2026-03-20,2026-04-08
513218,119220,2026-03-20,
513219,119233,2026-03-20,2026-06-01
513220,119218,2026-03-20,
513221,119214,2026-03-20,2026-04-20
513222,105885,2026-03-20,2026-03-29
513223,119216,2026-03-20,2026-03-30
513224,112788,2026-03-20,
513225,119190,2026-03-20,2026-04-06
513226,119192,2026-03-20,2026-03-26
513227,119193,2026-03-20,
513228,119197,2026-03-20,
513229,119198,2026-03-20,2026-06-02
513230,119199,2026-03-20,2026-06-07
513231,119195,2026-03-20,2026-04-04
513232,119202,2026-03-20,2026-05-20
513233,119203,2026-03-20,2026-05-25
513234,119205,2026-03-20,2026-05-09
513235,119207,2026-03-20,2026-03-28
513236,119209,2026-03-20,2026-07-13
513237,119211,2026-03-20,
513238,119213,2026-03-20,2026-03-30
513239,119201,2026-03-20,
513240,119283,2026-03-21,2026-04-12
513241,119273,2026-03-21,2026-07-18
513242,119275,2026-03-21,2026-03-22
513243,119277,2026-03-21,2026-05-20
513244,119279,2026-03-21,2026-05-22
513245,119280,2026-03-21,2026-03-22
513246,119282,2026-03-21,2026-04-05
513247,119284,2026-03-21,
513248,119272,2026-03-21,
513249,119286,2026-03-21,2026-06-20
513250,119287,2026-03-21,2026-03-30
513251,119288,2026-03-21,2026-03-29
513252,119290,2026-03-21,
513253,119291,2026-03-21,2026-04-19
513254,119293,2026-03-21,2026-04-18
513255,119294,2026-03-21,2026-04-02
513256,119295,2026-03-21,2026-03-26
513257,119285,2026-03-21,2026-03-28
513258,119270,2026-03-21,2026-06-28
513259,119265,2026-03-21,2026-03-26
513260,119267,2026-03-21,2026-04-02
513261,119245,2026-03-21,2026-03-24
513262,119248,2026-03-21,
513263,119249,2026-03-21,2026-03-24
513264,119251,2026-03-21,2026-05-06
513265,119253,2026-03-21,
513266,119254,2026-03-21,2026-03-24
513267,119247,2026-03-21,
513268,119256,2026-03-21,2026-05-03
513269,119258,2026-03-21,2026-04-13
513270,119259,2026-03-21,2026-06-21
513271,119261,2026-03-21,
513272,119263,2026-03-21,2026-05-04
513273,119268,2026-03-21,2026-04-06
513274,119255,2026-03-21,
513275,119340,2026-03-22,
513276,119338,2026-03-22,
513277,119337,2026-03-22,2026-04-13
513278,119336,2026-03-22,2026-04-18
513279,119335,2026-03-22,
513280,119332,2026-03-22,2026-06-26
513281,119333,2026-03-22,
513282,119330,2026-03-22,2026-03-25
513283,119328,2026-03-22,2026-06-17
513284,119341,2026-03-22,
513285,119334,2026-03-22,2026-03-25
513286,119343,2026-03-22,2026-03-26
513287,119353,2026-03-22,2026-08-03
513288,119346,2026-03-22,2026-03-27
513289,119347,2026-03-22,
513290,119348,2026-03-22,2026-04-04
513291,119349,2026-03-22,2026-03-25
513292,119351,2026-03-22,2026-04-07
513293,119326,2026-03-22,
513294,119355,2026-03-22,2026-08-03
513295,119356,2026-03-22,
513296,119357,2026-03-22,
513297,119359,2026-03-22,2026-06-07
513298,119361,2026-03-22,2026-04-02
513299,119344,2026-03-22,2026-06-06
513300,119325,2026-03-22,
513301,119321,2026-03-22,2026-04-17
513302,119323,2026-03-22,2026-04-03
513303,113366,2026-03-22,2026-03-26
513304,102296,2026-03-22,2026-04-14
513305,110521,2026-03-22,2026-03-27
513306,119297,2026-03-22,2026-04-17
513307,119324,2026-03-22,2026-05-03
513308,119300,2026-03-22,2026-03-24
513309,119301,2026-03-22,2026-03-27
513310,119303,2026-03-22,2026-04-15
513311,119304,2026-03-22,2026-03-23
513312,119305,2026-03-22,2026-03-29
513313,119299,2026-03-22,
513314,119309,2026-03-22,2026-04-03
513315,119307,2026-03-22,2026-04-22
513316,119319,2026-03-22,2026-03-26
513317,119318,2026-03-22,2026-03-23
513318,119316,2026-03-22,
513319,119320,2026-03-22,2026-04-13
513320,119313,2026-03-22,2026-05-18
513321,119312,2026-03-22,2026-07-10
513322,119310,2026-03-22,2026-05-19
513323,119315,2026-03-22,2026-04-07
513324,119379,2026-03-23,2026-03-24
513325,119393,2026-03-23,2026-03-28
513326,119380,2026-03-23,
513327,119381,2026-03-23,
513328,119382,2026-03-23,2026-03-26
513329,119384,2026-03-23,
513330,119387,2026-03-23,2026-03-24
513331,119388,2026-03-23,2026-05-01
513332,119377,2026-03-23,2026-03-27
513333,119392,2026-03-23,
513334,119391,2026-03-23,2026-06-09
513335,119389,2026-03-23,
513336,119386,2026-03-23,2026-04-10
513337,119376,2026-03-23,2026-04-28
513338,119369,2026-03-23,2026-03-30
513339,119373,2026-03-23,2026-03-31
513340,119374,2026-03-23,2026-03-26
513341,111205,2026-03-23,2026-03-30
513342,111912,2026-03-23,2026-03-24
513343,113029,2026-03-23,2026-04-01
513344,119362,2026-03-23,
513345,104473,2026-03-23,2026-04-11
513346,119364,2026-03-23,
513347,119365,2026-03-23,2026-06-04
513348,119367,2026-03-23,
513349,119371,2026-03-23,2026-07-20
513350,119363,2026-03-23,2026-03-25
513351,119429,2026-03-24,2026-04-22
513352,119420,2026-03-24,2026-07-20
513353,119422,2026-03-24,2026-05-05
513354,119424,2026-03-24,2026-06-28
513355,119426,2026-03-24,2026-04-23
513356,119427,2026-03-24,
513357,119431,2026-03-24,2026-03-30
513358,119440,2026-03-24,2026-04-15
513359,119433,2026-03-24,
513360,119435,2026-03-24,2026-04-03
513361,119437,2026-03-24,
513362,119438,2026-03-24,2026-03-25
513363,119418,2026-03-24,2026-04-15
513364,119441,2026-03-24,2026-04-18
513365,119443,2026-03-24,2026-04-04
513366,119444,2026-03-24,2026-03-29
513367,119432,2026-03-24,2026-03-26
513368,119416,2026-03-24,2026-03-25
513369,119421,2026-03-24,2026-05-05
513370,119414,2026-03-24,2026-06-03
513371,119415,2026-03-24,
513372,110296,2026-03-24,
513373,119394,2026-03-24,2026-04-06
513374,119398,2026-03-24,2026-03-29
513375,119400,2026-03-24,2026-03-28
513376,119401,2026-03-24,2026-05-08
513377,119402,2026-03-24,2026-03-29
513378,119396,2026-03-24,2026-04-05
513379,119404,2026-03-24,2026-04-18
513380,119405,2026-03-24,
513381,119407,2026-03-24,
513382,119408,2026-03-24,2026-06-14
513383,119410,2026-03-24,2026-03-31
513384,119411,2026-03-24,2026-03-29
513385,119403,2026-03-24,2026-03-25
513386,119413,2026-03-24,2026-05-01
513387,119493,2026-03-25,2026-06-29
513388,119491,2026-03-25,2026-05-17
513389,119489,2026-03-25,2026-04-15
513390,119488,2026-03-25,2026-05-07
513391,119483,2026-03-25,
513392,119485,2026-03-25,
513393,119481,2026-03-25,2026-06-07
513394,119494,2026-03-25,2026-06-01
513395,119486,2026-03-25,2026-07-14
513396,119496,2026-03-25,2026-04-14
513397,119506,2026-03-25,2026-06-25
513398,119498,2026-03-25,2026-06-04
513399,119499,2026-03-25,
513400,119500,2026-03-25,2026-05-24
513401,119502,2026-03-25,2026-04-26
513402,119504,2026-03-25,2026-03-27
513403,119505,2026-03-25,
513404,119508,2026-03-25,
513405,119479,2026-03-25,2026-08-02
513406,119507,2026-03-25,2026-07-09
513407,119497,2026-03-25,2026-04-19
513408,119478,2026-03-25,2026-05-30
513409,119469,2026-03-25,
513410,119474,2026-03-25,2026-03-28
513411,109571,2026-03-25,
513412,119446,2026-03-25,2026-04-06
513413,119448,2026-03-25,
513414,119449,2026-03-25,2026-04-07
513415,119451,2026-03-25,2026-03-29
513416,119454,2026-03-25,2026-06-22
513417,119455,2026-03-25,2026-04-05
513418,119456,2026-03-25,2026-05-16
513419,119457,2026-03-25,2026-04-22
513420,119452,2026-03-25,2026-04-20
513421,119461,2026-03-25,2026-04-08
513422,119459,2026-03-25,
513423,119471,2026-03-25,2026-04-03
513424,119470,2026-03-25,
513425,119476,2026-03-25,
513426,119473,2026-03-25,2026-07-20
513427,119465,2026-03-25,2026-04-06
513428,119464,2026-03-25,2026-04-12
513429,119462,2026-03-25,
513430,119467,2026-03-25,2026-03-27
513431,119551,2026-03-26,2026-04-22
513432,119537,2026-03-26,
513433,119538,2026-03-26,
513434,119539,2026-03-26,2026-05-06
513435,119541,2026-03-26,2026-06-04
513436,119543,2026-03-26,
513437,119544,2026-03-26,2026-04-22
513438,119545,2026-03-26,2026-05-17
513439,119547,2026-03-26,
513440,119549,2026-03-26,
513441,119552,2026-03-26,2026-04-17
513442,119569,2026-03-26,2026-06-08
513443,119555,2026-03-26,2026-04-01
513444,119557,2026-03-26,2026-04-03
513445,119559,2026-03-26,2026-04-09
513446,119560,2026-03-26,2026-05-08
513447,119561,2026-03-26,2026-07-05
513448,119562,2026-03-26,2026-07-21
513449,119564,2026-03-26,
513450,119565,2026-03-26,
513451,119536,2026-03-26,2026-03-27
513452,119570,2026-03-26,2026-04-06
513453,119554,2026-03-26,
513454,119535,2026-03-26,2026-04-10
513455,119567,2026-03-26,2026-04-14
513456,119533,2026-03-26,2026-05-10
513457,101744,2026-03-26,2026-04-07
513458,105655,2026-03-26,
513459,119509,2026-03-26,2026-04-23
513460,119510,2026-03-26,2026-04-16
513461,119511,2026-03-26,2026-04-03
513462,119512,2026-03-26,2026-03-29
513463,119513,2026-03-26,
513464,119515,2026-03-26,2026-05-14
513465,119517,2026-03-26,2026-03-29
513466,119534,2026-03-26,2026-03-31
513467,119520,2026-03-26,2026-05-31
513468,119521,2026-03-26,2026-04-04
513469,119523,2026-03-26,2026-04-05
513470,119525,2026-03-26,2026-07-21
513471,119527,2026-03-26,
513472,119528,2026-03-26,
513473,119519,2026-03-26,2026-03-28
513474,119531,2026-03-26,2026-07-01
513475,119530,2026-03-26,2026-04-08
513476,119613,2026-03-27,2026-04-08
513477,119611,2026-03-27,
513478,119609,2026-03-27,2026-05-17
513479,119604,2026-03-27,2026-05-30
513480,119605,2026-03-27,
513481,119615,2026-03-27,2026-05-12
513482,119602,2026-03-27,
513483,119600,2026-03-27,2026-06-20
513484,119598,2026-03-27,
513485,119607,2026-03-27,
513486,119616,2026-03-27,2026-05-22
513487,119624,2026-03-27,2026-04-07
513488,119619,2026-03-27,2026-05-30
513489,119621,2026-03-27,2026-04-20
513490,119622,2026-03-27,2026-04-24
513491,119626,2026-03-27,2026-04-06
513492,119628,2026-03-27,2026-05-05
513493,119597,2026-03-27,
513494,119632,2026-03-27,2026-05-10
513495,119633,2026-03-27,2026-04-21
513496,119634,2026-03-27,2026-05-01
513497,119636,2026-03-27,2026-07-05
513498,119637,2026-03-27,2026-04-05
513499,119618,2026-03-27,2026-05-17
513500,119630,2026-03-27,2026-03-28
513501,119595,2026-03-27,2026-04-23
513502,119592,2026-03-27,2026-04-01
513503,115189,2026-03-27,
513504,119593,2026-03-27,2026-04-09
513505,112778,2026-03-27,2026-05-05
513506,108625,2026-03-27,2026-04-26
513507,104955,2026-03-27,2026-04-02
513508,119572,2026-03-27,2026-05-11
513509,119573,2026-03-27,2026-03-29
513510,119574,2026-03-27,2026-04-10
513511,115731,2026-03-27,2026-04-11
513512,119576,2026-03-27,2026-04-02
513513,119575,2026-03-27,2026-07-03
513514,119578,2026-03-27,2026-04-24
513515,119579,2026-03-27,
513516,119581,2026-03-27,2026-03-28
513517,119583,2026-03-27,
513518,119585,2026-03-27,2026-03-29
513519,119586,2026-03-27,2026-05-16
513520,119587,2026-03-27,2026-05-04
513521,119588,2026-03-27,2026-04-12
513522,119590,2026-03-27,2026-04-05
513523,119577,2026-03-27,2026-05-02
513524,119684,2026-03-28,
513525,119703,2026-03-28,2026-04-16
513526,119680,2026-03-28,2026-04-06
513527,119678,2026-03-28,2026-05-11
513528,119669,2026-03-28,
513529,119675,2026-03-28,
513530,119673,2026-03-28,2026-05-12
513531,119671,2026-03-28,2026-03-31
513532,119685,2026-03-28,
513533,119676,2026-03-28,2026-04-27
513534,119686,2026-03-28,2026-04-05
513535,119701,2026-03-28,2026-06-28
513536,119689,2026-03-28,2026-06-08
513537,119690,2026-03-28,2026-05-09
513538,119691,2026-03-28,2026-07-25
513539,119693,2026-03-28,2026-07-08
513540,119694,2026-03-28,2026-04-16
513541,119696,2026-03-28,2026-05-09
513542,119697,2026-03-28,2026-04-05
513543,119667,2026-03-28,2026-04-04
513544,119700,2026-03-28,2026-04-04
513545,119698,2026-03-28,2026-07-05
513546,119688,2026-03-28,2026-05-18
513547,119666,2026-03-28,
513548,119682,2026-03-28,
513549,119664,2026-03-28,2026-03-31
513550,114114,2026-03-28,
513551,119665,2026-03-28,2026-04-11
513552,119638,2026-03-28,
513553,119640,2026-03-28,
513554,119642,2026-03-28,
513555,119643,2026-03-28,
513556,119644,2026-03-28,2026-07-17
513557,119645,2026-03-28,2026-05-25
513558,119647,2026-03-28,2026-04-24
513559,112478,2026-03-28,2026-04-14
513560,119650,2026-03-28,2026-04-13
513561,119651,2026-03-28,
513562,119652,2026-03-28,
513563,119654,2026-03-28,2026-04-08
513564,119656,2026-03-28,2026-04-28
513565,119658,2026-03-28,2026-04-09
513566,119660,2026-03-28,2026-04-25
513567,119661,2026-03-28,
513568,119649,2026-03-28,
513569,119663,2026-03-28,2026-05-08
513570,119744,2026-03-29,2026-06-04
513571,119742,2026-03-29,2026-04-19
513572,119741,2026-03-29,2026-05-26
513573,119736,2026-03-29,2026-06-15
513574,119739,2026-03-29,
513575,119738,2026-03-29,2026-05-09
513576,119746,2026-03-29,2026-04-03
513577,119735,2026-03-29,2026-05-07
513578,119740,2026-03-29,2026-04-27
513579,119748,2026-03-29,2026-06-11
513580,119757,2026-03-29,2026-04-01
513581,119751,2026-03-29,2026-04-02
513582,119753,2026-03-29,2026-07-08
513583,119755,2026-03-29,
513584,119759,2026-03-29,
513585,119760,2026-03-29,2026-05-15
513586,119762,2026-03-29,2026-04-10
513587,119764,2026-03-29,
513588,119734,2026-03-29,2026-05-06
513589,119766,2026-03-29,
513590,119768,2026-03-29,2026-05-01
513591,119749,2026-03-29,2026-04-19
513592,119733,2026-03-29,2026-03-30
513593,119728,2026-03-29,
513594,119729,2026-03-29,2026-07-23
513595,119731,2026-03-29,
513596,119705,2026-03-29,2026-05-16
513597,119707,2026-03-29,
513598,119708,2026-03-29,
513599,119710,2026-03-29,
513600,119713,2026-03-29,2026-05-10
513601,119714,2026-03-29,2026-04-01
513602,119715,2026-03-29,2026-04-02
513603,119711,2026-03-29,2026-04-09
513604,119718,2026-03-29,
513605,119720,2026-03-29,2026-03-30
513606,119721,2026-03-29,2026-04-05
513607,119723,2026-03-29,2026-06-10
513608,119724,2026-03-29,2026-04-05
513609,119726,2026-03-29,
513610,119717,2026-03-29,
513611,119811,2026-03-30,2026-06-03
513612,119802,2026-03-30,2026-04-27
513613,119800,2026-03-30,2026-07-19
513614,119804,2026-03-30,
513615,119829,2026-03-30,2026-07-30
513616,119805,2026-03-30,2026-06-02
513617,119807,2026-03-30,2026-04-12
513618,119809,2026-03-30,2026-05-11
513619,119812,2026-03-30,2026-05-20
513620,119823,2026-03-30,2026-04-05
513621,119815,2026-03-30,2026-06-06
513622,119816,2026-03-30,2026-04-02
513623,119818,2026-03-30,2026-07-08
513624,119820,2026-03-30,2026-04-10
513625,119828,2026-03-30,
513626,119826,2026-03-30,2026-06-10
513627,119824,2026-03-30,2026-05-01
513628,119821,2026-03-30,2026-04-03
513629,119799,2026-03-30,
513630,119813,2026-03-30,2026-04-28
513631,119797,2026-03-30,2026-04-21
513632,119785,2026-03-30,
513633,119793,2026-03-30,2026-04-18
513634,119795,2026-03-30,
513635,116978,2026-03-30,2026-07-11
513636,119770,2026-03-30,2026-04-01
513637,119771,2026-03-30,2026-04-01
513638,119773,2026-03-30,2026-05-23
513639,119775,2026-03-30,
513640,119777,2026-03-30,2026-04-29
513641,116624,2026-03-30,2026-04-17
513642,119780,2026-03-30,2026-05-07
513643,119782,2026-03-30,
513644,119783,2026-03-30,2026-04-30
513645,119787,2026-03-30,2026-04-08
513646,119789,2026-03-30,2026-07-06
513647,119790,2026-03-30,2026-04-02
513648,119778,2026-03-30,2026-07-18
513649,119791,2026-03-30,
513650,119866,2026-03-31,2026-04-10
513651,119864,2026-03-31,2026-07-23
513652,119862,2026-03-31,
513653,119860,2026-03-31,2026-04-11
513654,119867,2026-03-31,
513655,119858,2026-03-31,2026-04-05
513656,119857,2026-03-31,2026-06-12
513657,119861,2026-03-31,
513658,119869,2026-03-31,2026-06-18
513659,119876,2026-03-31,2026-04-11
513660,119872,2026-03-31,
513661,119874,2026-03-31,
513662,119878,2026-03-31,
513663,119880,2026-03-31,2026-04-02
513664,119881,2026-03-31,
513665,119883,2026-03-31,
513666,119885,2026-03-31,2026-06-09
513667,119886,2026-03-31,2026-05-01
513668,119871,2026-03-31,2026-04-10
513669,119855,2026-03-31,2026-05-07
513670,119853,2026-03-31,
513671,119852,2026-03-31,2026-04-01
513672,107978,2026-03-31,2026-05-22
513673,106900,2026-03-31,2026-04-05
513674,119854,2026-03-31,2026-04-17
513675,111447,2026-03-31,
513676,112418,2026-03-31,2026-04-14
513677,119830,2026-03-31,
513678,119834,2026-03-31,2026-04-03
513679,119835,2026-03-31,2026-06-06
513680,119832,2026-03-31,2026-05-23
513681,119837,2026-03-31,2026-04-10
513682,119839,2026-03-31,2026-04-18
513683,119841,2026-03-31,2026-04-15
513684,119843,2026-03-31,2026-04-01
513685,119845,2026-03-31,2026-04-16
513686,119847,2026-03-31,
513687,119849,2026-03-31,2026-05-06
513688,119850,2026-03-31,2026-07-12
513689,119836,2026-03-31,
513690,119916,2026-04-01,2026-07-30
513691,119930,2026-04-01,2026-04-12
513692,119913,2026-04-01,2026-05-12
513693,119914,2026-04-01,
513694,119915,2026-04-01,2026-04-09
513695,119918,2026-04-01,
513696,119910,2026-04-01,
513697,119920,2026-04-01,2026-07-08
513698,119922,2026-04-01,
513699,119924,2026-04-01,
513700,119925,2026-04-01,2026-04-05
513701,119926,2026-04-01,
513702,119928,2026-04-01,2026-05-24
513703,119919,2026-04-01,2026-04-24
513704,119909,2026-04-01,
513705,119912,2026-04-01,2026-04-14
513706,119907,2026-04-01,2026-05-14
513707,119908,2026-04-01,2026-04-02
513708,119887,2026-04-01,2026-05-14
513709,119889,2026-04-01,2026-04-02
513710,119890,2026-04-01,2026-04-10
513711,119892,2026-04-01,
513712,119894,2026-04-01,
513713,119888,2026-04-01,2026-05-04
513714,119897,2026-04-01,2026-04-26
513715,119898,2026-04-01,2026-04-22
513716,119900,2026-04-01,2026-04-06
513717,119901,2026-04-01,
513718,119903,2026-04-01,2026-04-07
513719,119905,2026-04-01,2026-07-14
513720,119896,2026-04-01,2026-04-27
513721,119974,2026-04-02,2026-05-19
513722,119973,2026-04-02,2026-04-23
513723,119971,2026-04-02,2026-05-19
513724,119969,2026-04-02,2026-05-05
513725,119965,2026-04-02,2026-06-23
513726,119967,2026-04-02,2026-05-23
513727,119964,2026-04-02,
513728,119975,2026-04-02,2026-04-19
513729,119968,2026-04-02,2026-04-21
513730,119976,2026-04-02,2026-04-21
513731,119984,2026-04-02,2026-05-08
513732,119978,2026-04-02,2026-04-03
513733,119979,2026-04-02,2026-04-04
513734,119980,2026-04-02,2026-04-04
513735,119981,2026-04-02,2026-07-10
513736,119983,2026-04-02,2026-05-07
513737,119963,2026-04-02,2026-04-06
513738,119985,2026-04-02,2026-05-12
513739,119987,2026-04-02,
513740,119988,2026-04-02,2026-04-10
513741,119977,2026-04-02,2026-04-09
513742,119962,2026-04-02,2026-04-08
513743,119958,2026-04-02,2026-07-28
513744,119959,2026-04-02,2026-06-15
513745,112344,2026-04-02,
513746,119932,2026-04-02,2026-04-06
513747,119934,2026-04-02,2026-04-04
513748,119960,2026-04-02,2026-06-05
513749,119938,2026-04-02,2026-05-29
513750,119940,2026-04-02,
513751,119942,2026-04-02,2026-04-08
513752,119943,2026-04-02,2026-04-26
513753,119944,2026-04-02,2026-06-24
513754,119936,2026-04-02,2026-05-18
513755,119947,2026-04-02,
513756,119948,2026-04-02,2026-04-14
513757,119950,2026-04-02,2026-04-09
513758,119952,2026-04-02,2026-07-17
513759,119953,2026-04-02,2026-04-03
513760,119954,2026-04-02,2026-07-07
513761,119955,2026-04-02,2026-06-07
513762,119956,2026-04-02,2026-05-22
513763,119945,2026-04-02,
513764,120013,2026-04-03,2026-05-17
513765,120014,2026-04-03,
513766,120015,2026-04-03,2026-04-21
513767,120017,2026-04-03,
513768,120019,2026-04-03,2026-04-28
513769,120021,2026-04-03,2026-04-04
513770,120029,2026-04-03,2026-06-13
513771,120025,2026-04-03,
513772,120027,2026-04-03,2026-05-11
513773,120011,2026-04-03,2026-07-09
513774,120032,2026-04-03,
513775,120031,2026-04-03,2026-06-02
513776,120023,2026-04-03,
513777,120007,2026-04-03,
513778,120009,2026-04-03,2026-04-12
513779,120004,2026-04-03,2026-05-17
513780,112046,2026-04-03,2026-04-05
513781,107382,2026-04-03,2026-04-04
513782,119990,2026-04-03,2026-06-25
513783,119992,2026-04-03,2026-04-11
513784,119994,2026-04-03,
513785,119996,2026-04-03,2026-04-16
513786,119989,2026-04-03,2026-05-30
513787,119999,2026-04-03,2026-04-04
513788,120001,2026-04-03,2026-04-25
513789,120002,2026-04-03,
513790,120003,2026-04-03,
513791,120005,2026-04-03,
513792,119997,2026-04-03,2026-04-20
513793,120072,2026-04-04,2026-04-05
513794,120061,2026-04-04,2026-05-03
513795,120062,2026-04-04,2026-05-05
513796,120064,2026-04-04,2026-04-14
513797,120065,2026-04-04,2026-06-27
513798,120067,2026-04-04,2026-04-05
513799,120069,2026-04-04,2026-04-11
513800,120070,2026-04-04,
513801,120074,2026-04-04,2026-04-21
513802,120082,2026-04-04,
513803,120077,2026-04-04,2026-04-05
513804,120078,2026-04-04,2026-07-24
513805,120080,2026-04-04,2026-05-04
513806,120081,2026-04-04,2026-07-16
513807,120059,2026-04-04,2026-04-10
513808,120083,2026-04-04,2026-05-21
513809,120085,2026-04-04,2026-05-20
513810,120087,2026-04-04,
513811,120088,2026-04-04,2026-04-21
513812,120076,2026-04-04,2026-04-21
513813,120058,2026-04-04,
513814,120060,2026-04-04,2026-04-05
513815,120056,2026-04-04,2026-06-23
513816,120057,2026-04-04,2026-04-23
513817,120034,2026-04-04,2026-04-06
513818,120035,2026-04-04,
513819,120036,2026-04-04,
513820,120038,2026-04-04,2026-04-15
513821,120040,2026-04-04,2026-04-05
513822,120041,2026-04-04,2026-06-05
513823,120042,2026-04-04,2026-08-01
513824,109704,2026-04-04,2026-08-02
513825,120045,2026-04-04,2026-05-08
513826,120046,2026-04-04,
513827,120048,2026-04-04,2026-04-13
513828,120049,2026-04-04,2026-04-10
513829,120051,2026-04-04,2026-04-06
513830,120053,2026-04-04,2026-04-05
513831,120043,2026-04-04,
513832,120054,2026-04-04,
513833,120128,2026-04-05,2026-04-23
513834,120126,2026-04-05,2026-07-18
513835,120125,2026-04-05,2026-04-29
513836,120119,2026-04-05,
513837,120121,2026-04-05,2026-07-09
513838,120129,2026-04-05,2026-04-29
513839,120145,2026-04-05,2026-04-14
513840,120116,2026-04-05,
513841,120123,2026-04-05,2026-07-01
513842,120130,2026-04-05,2026-06-13
513843,120134,2026-04-05,2026-04-10
513844,120132,2026-04-05,2026-04-15
513845,120133,2026-04-05,2026-05-29
513846,120136,2026-04-05,2026-04-19
513847,120138,2026-04-05,2026-07-24
513848,120139,2026-04-05,
513849,120115,2026-04-05,
513850,120143,2026-04-05,2026-04-10
513851,120142,2026-04-05,2026-06-26
513852,120141,2026-04-05,
513853,120131,2026-04-05,2026-04-06
513854,120113,2026-04-05,2026-05-27
513855,120118,2026-04-05,
513856,120110,2026-04-05,2026-05-05
513857,107092,2026-04-05,
513858,112011,2026-04-05,2026-04-25
513859,120111,2026-04-05,2026-05-05
513860,120089,2026-04-05,
513861,120090,2026-04-05,
513862,120092,2026-04-05,2026-05-17
513863,120094,2026-04-05,2026-05-08
513864,120095,2026-04-05,2026-04-12
513865,108053,2026-04-05,2026-04-19
513866,120098,2026-04-05,2026-04-19
513867,120100,2026-04-05,
513868,120102,2026-04-05,2026-04-11
513869,120104,2026-04-05,
513870,120105,2026-04-05,2026-07-28
513871,120107,2026-04-05,2026-06-28
513872,120096,2026-04-05,2026-05-08
513873,120108,2026-04-05,2026-04-10
513874,120178,2026-04-06,2026-06-02
513875,120176,2026-04-06,2026-04-30
513876,120175,2026-04-06,2026-04-09
513877,120173,2026-04-06,2026-04-26
513878,120179,2026-04-06,2026-05-03
513879,120172,2026-04-06,
513880,120170,2026-04-06,2026-04-13
513881,120174,2026-04-06,2026-05-23
513882,120181,2026-04-06,2026-04-09
513883,120186,2026-04-06,2026-04-20
513884,120184,2026-04-06,
513885,120185,2026-04-06,2026-06-15
513886,120187,2026-04-06,2026-04-18
513887,120189,2026-04-06,2026-06-25
513888,120191,2026-04-06,2026-05-29
513889,120169,2026-04-06,
513890,120193,2026-04-06,2026-05-26
513891,120195,2026-04-06,2026-06-02
513892,120182,2026-04-06,2026-05-16
513893,120166,2026-04-06,2026-04-11
513894,120168,2026-04-06,
513895,120164,2026-04-06,2026-04-17
513896,120165,2026-04-06,2026-04-11
513897,108459,2026-04-06,2026-04-08
513898,105764,2026-04-06,2026-04-24
513899,117657,2026-04-06,2026-07-31
513900,120146,2026-04-06,
513901,120149,2026-04-06,2026-04-07
513902,120150,2026-04-06,2026-06-12
513903,120151,2026-04-06,2026-05-22
513904,120147,2026-04-06,
513905,120155,2026-04-06,
513906,120163,2026-04-06,2026-04-16
513907,120153,2026-04-06,2026-04-14
513908,120161,2026-04-06,2026-04-17
513909,120162,2026-04-06,2026-05-29
513910,120159,2026-04-06,
513911,120157,2026-04-06,
513912,120160,2026-04-06,2026-05-05
513913,120249,2026-04-07,
513914,120238,2026-04-07,2026-04-11
513915,120239,2026-04-07,2026-04-18
513916,120236,2026-04-07,
513917,120241,2026-04-07,2026-05-09
513918,120243,2026-04-07,2026-05-24
513919,120245,2026-04-07,2026-05-21
513920,120246,2026-04-07,
513921,120248,2026-04-07,2026-04-11
513922,120251,2026-04-07,
513923,120272,2026-04-07,2026-04-20
513924,120254,2026-04-07,2026-05-23
513925,120255,2026-04-07,2026-06-11
513926,120257,2026-04-07,2026-07-19
513927,120259,2026-04-07,
513928,120261,2026-04-07,2026-07-15
513929,120263,2026-04-07,
513930,120265,2026-04-07,
513931,120270,2026-04-07,2026-05-23
513932,120268,2026-04-07,2026-05-06
513933,120267,2026-04-07,
513934,120235,2026-04-07,2026-07-06
513935,120253,2026-04-07,2026-07-06
513936,120233,2026-04-07,2026-06-04
513937,120224,2026-04-07,2026-04-23
513938,120230,2026-04-07,
513939,109839,2026-04-07,
513940,120232,2026-04-07,2026-07-11
513941,120196,2026-04-07,2026-04-14
513942,120198,2026-04-07,
513943,120199,2026-04-07,
513944,120201,2026-04-07,2026-04-13
513945,120202,2026-04-07,
513946,120205,2026-04-07,2026-04-12
513947,120207,2026-04-07,2026-04-09
513948,120203,2026-04-07,
513949,120211,2026-04-07,2026-04-22
513950,120228,2026-04-07,2026-05-25
513951,120209,2026-04-07,2026-06-01
513952,120223,2026-04-07,2026-06-15
513953,120221,2026-04-07,2026-05-03
513954,120226,2026-04-07,2026-06-15
513955,120217,2026-04-07,2026-05-05
513956,120215,2026-04-07,
513957,120213,2026-04-07,
513958,120219,2026-04-07,2026-05-03
513959,120300,2026-04-08,2026-05-03
513960,120294,2026-04-08,
513961,120295,2026-04-08,2026-05-25
513962,120296,2026-04-08,2026-07-25
513963,120297,2026-04-08,2026-07-14
513964,120298,2026-04-08,2026-04-14
513965,120301,2026-04-08,2026-04-12
513966,120316,2026-04-08,2026-04-13
513967,120304,2026-04-08,2026-04-14
513968,120306,2026-04-08,2026-05-14
513969,120307,2026-04-08,2026-05-05
513970,120309,2026-04-08,2026-04-19
513971,120311,2026-04-08,2026-04-28
513972,120312,2026-04-08,
513973,120314,2026-04-08,2026-04-11
513974,120292,2026-04-08,2026-04-18
513975,120303,2026-04-08,2026-04-16
513976,120290,2026-04-08,2026-05-04
513977,120285,2026-04-08,
513978,120287,2026-04-08,2026-04-14
513979,107594,2026-04-08,2026-04-27
513980,120288,2026-04-08,
513981,114415,2026-04-08,2026-06-08
513982,120273,2026-04-08,2026-07-05
513983,120274,2026-04-08,2026-04-19
513984,120275,2026-04-08,2026-06-06
513985,120276,2026-04-08,2026-04-19
513986,108127,2026-04-08,
513987,120279,2026-04-08,2026-04-22
513988,120280,2026-04-08,2026-04-21
513989,120281,2026-04-08,
513990,120283,2026-04-08,2026-05-01
513991,120284,2026-04-08,2026-04-24
513992,120286,2026-04-08,2026-05-27
513993,120277,2026-04-08,2026-04-14
513994,120345,2026-04-09,2026-04-30
513995,120347,2026-04-09,2026-04-14
513996,120348,2026-04-09,2026-05-09
513997,120350,2026-04-09,2026-04-10
513998,120351,2026-04-09,2026-04-24
513999,120353,2026-04-09,
514000,120354,2026-04-09,2026-04-15
514001,120359,2026-04-09,2026-05-09
514002,120356,2026-04-09,
514003,120357,2026-04-09,2026-04-27
514004,120361,2026-04-09,2026-06-05
514005,120362,2026-04-09,2026-06-26
514006,120365,2026-04-09,2026-06-30
514007,120364,2026-04-09,2026-04-10
514008,120363,2026-04-09,2026-05-21
514009,120355,2026-04-09,
514010,120343,2026-04-09,2026-05-30
514011,120338,2026-04-09,2026-04-15
514012,120340,2026-04-09,
514013,120341,2026-04-09,
514014,120318,2026-04-09,2026-05-26
514015,120319,2026-04-09,2026-04-14
514016,120323,2026-04-09,2026-04-15
514017,120324,2026-04-09,2026-04-22
514018,120325,2026-04-09,
514019,120321,2026-04-09,
514020,120328,2026-04-09,2026-04-20
514021,120330,2026-04-09,2026-07-18
514022,120332,2026-04-09,
514023,120334,2026-04-09,2026-04-20
514024,120335,2026-04-09,2026-05-06
514025,120336,2026-04-09,2026-05-04
514026,120326,2026-04-09,2026-04-17
514027,120400,2026-04-10,2026-05-01
514028,120389,2026-04-10,2026-05-16
514029,120390,2026-04-10,2026-06-22
514030,120392,2026-04-10,2026-04-16
514031,120394,2026-04-10,2026-05-09
514032,120396,2026-04-10,
514033,120398,2026-04-10,2026-05-06
514034,120399,2026-04-10,2026-07-02
514035,120401,2026-04-10,2026-05-04
514036,120409,2026-04-10,2026-07-28
514037,120403,2026-04-10,2026-06-06
514038,120404,2026-04-10,2026-04-12
514039,120405,2026-04-10,2026-05-14
514040,120406,2026-04-10,
514041,120408,2026-04-10,2026-04-24
514042,120388,2026-04-10,2026-04-12
514043,120411,2026-04-10,2026-07-24
514044,120413,2026-04-10,2026-06-26
514045,120402,2026-04-10,2026-07-14
514046,120387,2026-04-10,
514047,120391,2026-04-10,2026-04-18
514048,120385,2026-04-10,2026-04-11
514049,120386,2026-04-10,
514050,111245,2026-04-10,2026-05-03
514051,120366,2026-04-10,
514052,120368,2026-04-10,2026-05-07
514053,120370,2026-04-10,2026-04-19
514054,120371,2026-04-10,2026-06-14
514055,120372,2026-04-10,2026-05-29
514056,120373,2026-04-10,
514057,120367,2026-04-10,2026-04-25
514058,120376,2026-04-10,2026-04-19
514059,120384,2026-04-10,2026-07-07
514060,120374,2026-04-10,
514061,120381,2026-04-10,
514062,120383,2026-04-10,
514063,120380,2026-04-10,
514064,120379,2026-04-10,2026-04-24
514065,120378,2026-04-10,2026-05-25
514066,120473,2026-04-11,2026-04-26
514067,120457,2026-04-11,2026-04-30
514068,120458,2026-04-11,
514069,120460,2026-04-11,2026-06-07
514070,120462,2026-04-11,2026-05-18
514071,120463,2026-04-11,2026-08-02
514072,120465,2026-04-11,2026-05-23
514073,120467,2026-04-11,2026-07-24
514074,120468,2026-04-11,
514075,120470,2026-04-11,2026-04-15
514076,120471,2026-04-11,2026-05-04
514077,120456,2026-04-11,2026-05-25
514078,120475,2026-04-11,
514079,120487,2026-04-11,2026-07-08
514080,120478,2026-04-11,
514081,120479,2026-04-11,2026-05-02
514082,120481,2026-04-11,2026-07-09
514083,120482,2026-04-11,
514084,120484,2026-04-11,2026-05-11
514085,120485,2026-04-11,2026-04-25
514086,120486,2026-04-11,2026-08-03
514087,120489,2026-04-11,
514088,120493,2026-04-11,2026-04-16
514089,120492,2026-04-11,
514090,120490,2026-04-11,2026-07-12
514091,120455,2026-04-11,
514092,120476,2026-04-11,2026-06-05
514093,120454,2026-04-11,
514094,120432,2026-04-11,
514095,120452,2026-04-11,2026-04-13
514096,120453,2026-04-11,2026-04-15
514097,120415,2026-04-11,2026-07-04
514098,120416,2026-04-11,2026-04-29
514099,120418,2026-04-11,2026-04-14
514100,120420,2026-04-11,2026-04-21
514101,120422,2026-04-11,2026-04-30
514102,120423,2026-04-11,2026-05-11
514103,117742,2026-04-11,2026-06-03
514104,120427,2026-04-11,
514105,120429,2026-04-11,2026-04-15
514106,120430,2026-04-11,
514107,120433,2026-04-11,2026-05-16
514108,120425,2026-04-11,2026-04-20
514109,120451,2026-04-11,
514110,120435,2026-04-11,
514111,120449,2026-04-11,2026-05-06
514112,120447,2026-04-11,2026-06-28
514113,120445,2026-04-11,2026-05-18
514114,120444,2026-04-11,2026-04-18
514115,120446,2026-04-11,2026-05-13
514116,120441,2026-04-11,
514117,120440,2026-04-11,
514118,120438,2026-04-11,2026-04-24
514119,120436,2026-04-11,
514120,120442,2026-04-11,2026-05-23
514121,120542,2026-04-12,2026-05-03
514122,120545,2026-04-12,
514123,120544,2026-04-12,
514124,120543,2026-04-12,2026-05-26
514125,120541,2026-04-12,2026-05-10
514126,120533,2026-04-12,2026-04-28
514127,120538,2026-04-12,
514128,120537,2026-04-12,
514129,120536,2026-04-12,2026-06-04
514130,120534,2026-04-12,2026-04-23
514131,120539,2026-04-12,
514132,120546,2026-04-12,2026-05-26
514133,120563,2026-04-12,2026-05-15
514134,120551,2026-04-12,2026-06-01
514135,120552,2026-04-12,2026-05-15
514136,120554,2026-04-12,2026-04-16
514137,120556,2026-04-12,2026-04-22
514138,120558,2026-04-12,2026-05-03
514139,120559,2026-04-12,2026-04-15
514140,120560,2026-04-12,
514141,120562,2026-04-12,
514142,120565,2026-04-12,2026-04-15
514143,120564,2026-04-12,2026-04-25
514144,120531,2026-04-12,2026-05-24
514145,120548,2026-04-12,
514146,120529,2026-04-12,2026-04-23
514147,120549,2026-04-12,2026-07-23
514148,120525,2026-04-12,2026-04-17
514149,105069,2026-04-12,
514150,120494,2026-04-12,2026-04-16
514151,120496,2026-04-12,2026-04-15
514152,120498,2026-04-12,2026-04-13
514153,120499,2026-04-12,2026-05-10
514154,120501,2026-04-12,2026-04-19
514155,120502,2026-04-12,2026-05-23
514156,120503,2026-04-12,2026-05-24
514157,120505,2026-04-12,2026-04-19
514158,120507,2026-04-12,2026-05-31
514159,120527,2026-04-12,2026-06-16
514160,120511,2026-04-12,
514161,120512,2026-04-12,2026-05-05
514162,120513,2026-04-12,2026-06-14
514163,120514,2026-04-12,
514164,120515,2026-04-12,2026-04-23
514165,120517,2026-04-12,
514166,120518,2026-04-12,2026-04-20
514167,120520,2026-04-12,2026-07-03
514168,120522,2026-04-12,2026-05-04
514169,120524,2026-04-12,2026-05-16
514170,120509,2026-04-12,2026-06-11
514171,120599,2026-04-13,2026-04-22
514172,120597,2026-04-13,2026-04-14
514173,120595,2026-04-13,2026-05-25
514174,120590,2026-04-13,
514175,120591,2026-04-13,2026-04-16
514176,120601,2026-04-13,2026-04-20
514177,120594,2026-04-13,2026-04-17
514178,120602,2026-04-13,
514179,120609,2026-04-13,2026-07-02
514180,120605,2026-04-13,2026-06-14
514181,120606,2026-04-13,2026-06-23
514182,120607,2026-04-13,2026-04-18
514183,120588,2026-04-13,
514184,120611,2026-04-13,2026-05-13
514185,120612,2026-04-13,
514186,120614,2026-04-13,
514187,120615,2026-04-13,2026-04-25
514188,120604,2026-04-13,
514189,120587,2026-04-13,
514190,120592,2026-04-13,2026-04-14
514191,120583,2026-04-13,2026-04-23
514192,120585,2026-04-13,2026-07-23
514193,120566,2026-04-13,2026-05-28
514194,120568,2026-04-13,2026-04-18
514195,114961,2026-04-13,2026-04-14
514196,120571,2026-04-13,2026-04-22
514197,120573,2026-04-13,2026-07-06
514198,120569,2026-04-13,2026-06-05
514199,120576,2026-04-13,2026-04-17
514200,120577,2026-04-13,
514201,120579,2026-04-13,2026-05-30
514202,120581,2026-04-13,
514203,120582,2026-04-13,
514204,120575,2026-04-13,2026-04-16
514205,117220,2026-04-13,2026-05-09
514206,120654,2026-04-14,2026-06-18
514207,120653,2026-04-14,2026-07-18
514208,120651,2026-04-14,
514209,120650,2026-04-14,
514210,120641,2026-04-14,2026-05-30
514211,120647,2026-04-14,2026-06-25
514212,120645,2026-04-14,2026-06-22
514213,120643,2026-04-14,2026-05-12
514214,120656,2026-04-14,2026-05-13
514215,120649,2026-04-14,2026-05-08
514216,120657,2026-04-14,2026-04-15
514217,120640,2026-04-14,
514218,120659,2026-04-14,2026-04-28
514219,120661,2026-04-14,2026-07-01
514220,120663,2026-04-14,2026-05-07
514221,120665,2026-04-14,2026-07-12
514222,120666,2026-04-14,2026-05-12
514223,120667,2026-04-14,
514224,120674,2026-04-14,
514225,120672,2026-04-14,2026-07-30
514226,120670,2026-04-14,
514227,120669,2026-04-14,2026-06-10
514228,120668,2026-04-14,2026-05-13
514229,120658,2026-04-14,2026-04-28
514230,120675,2026-04-14,2026-04-26
514231,120638,2026-04-14,2026-06-24
514232,120636,2026-04-14,
514233,116903,2026-04-14,2026-05-10
514234,112672,2026-04-14,2026-04-15
514235,102432,2026-04-14,2026-04-28
514236,107479,2026-04-14,2026-05-21
514237,120639,2026-04-14,2026-04-15
514238,120618,2026-04-14,
514239,120619,2026-04-14,2026-04-15
514240,120620,2026-04-14,2026-07-08
514241,120621,2026-04-14,
514242,120617,2026-04-14,
514243,120623,2026-04-14,2026-04-26
514244,120625,2026-04-14,2026-04-26
514245,120627,2026-04-14,2026-05-12
514246,120629,2026-04-14,2026-05-02
514247,120631,2026-04-14,2026-04-29
514248,120632,2026-04-14,
514249,120633,2026-04-14,2026-05-14
514250,120622,2026-04-14,2026-06-07
514251,120634,2026-04-14,2026-04-22
514252,120714,2026-04-15,2026-04-24
514253,120712,2026-04-15,
514254,120711,2026-04-15,2026-04-20
514255,120704,2026-04-15,2026-04-19
514256,120707,2026-04-15,2026-05-11
514257,120705,2026-04-15,
514258,120703,2026-04-15,
514259,120716,2026-04-15,
514260,120709,2026-04-15,2026-05-15
514261,120718,2026-04-15,
514262,120727,2026-04-15,2026-05-03
514263,120721,2026-04-15,2026-05-07
514264,120722,2026-04-15,2026-04-17
514265,120723,2026-04-15,2026-04-16
514266,120724,2026-04-15,
514267,120725,2026-04-15,
514268,120726,2026-04-15,2026-08-01
514269,120702,2026-04-15,
514270,120728,2026-04-15,2026-04-16
514271,120730,2026-04-15,
514272,120731,2026-04-15,
514273,120719,2026-04-15,2026-04-26
514274,120701,2026-04-15,2026-05-14
514275,120696,2026-04-15,2026-05-03
514276,120699,2026-04-15,2026-05-22
514277,112580,2026-04-15,2026-05-22
514278,120700,2026-04-15,2026-07-21
514279,108683,2026-04-15,2026-04-20
514280,120676,2026-04-15,
514281,120678,2026-04-15,
514282,120680,2026-04-15,2026-05-19
514283,120682,2026-04-15,2026-04-28
514284,120683,2026-04-15,2026-04-28
514285,105601,2026-04-15,2026-06-30
514286,120687,2026-04-15,2026-04-22
514287,120688,2026-04-15,2026-04-20
514288,120690,2026-04-15,
514289,120691,2026-04-15,
514290,120693,2026-04-15,2026-05-23
514291,120695,2026-04-15,2026-06-01
514292,120698,2026-04-15,2026-06-25
514293,120685,2026-04-15,2026-04-16
514294,120756,2026-04-16,2026-04-27
514295,120757,2026-04-16,
514296,120758,2026-04-16,2026-05-14
514297,120759,2026-04-16,2026-07-15
514298,120760,2026-04-16,2026-07-19
514299,120762,2026-04-16,2026-06-18
514300,120764,2026-04-16,2026-04-22
514301,120765,2026-04-16,2026-04-27
514302,120771,2026-04-16,2026-04-21
514303,120780,2026-04-16,2026-05-17
514304,120770,2026-04-16,2026-05-31
514305,120775,2026-04-16,2026-04-17
514306,120776,2026-04-16,
514307,120778,2026-04-16,
514308,120754,2026-04-16,
514309,120774,2026-04-16,2026-05-02
514310,120772,2026-04-16,2026-04-26
514311,120766,2026-04-16,
514312,120752,2026-04-16,
514313,120768,2026-04-16,
514314,120748,2026-04-16,
514315,120750,2026-04-16,2026-05-13
514316,112634,2026-04-16,2026-07-10
514317,116682,2026-04-16,
514318,120734,2026-04-16,2026-05-08
514319,120735,2026-04-16,
514320,120736,2026-04-16,
514321,120733,2026-04-16,2026-04-25
514322,120739,2026-04-16,2026-05-18
514323,120741,2026-04-16,
514324,120742,2026-04-16,
514325,120743,2026-04-16,2026-04-21
514326,120744,2026-04-16,2026-04-25
514327,120746,2026-04-16,
514328,120738,2026-04-16,
514329,120814,2026-04-17,
514330,120804,2026-04-17,2026-04-21
514331,120805,2026-04-17,
514332,120808,2026-04-17,2026-05-30
514333,120809,2026-04-17,
514334,120810,2026-04-17,
514335,120812,2026-04-17,2026-06-14
514336,120816,2026-04-17,2026-04-22
514337,120825,2026-04-17,
514338,120819,2026-04-17,2026-04-20
514339,120820,2026-04-17,2026-07-27
514340,120822,2026-04-17,2026-05-30
514341,120824,2026-04-17,2026-05-16
514342,120803,2026-04-17,2026-05-13
514343,120826,2026-04-17,
514344,120828,2026-04-17,2026-04-23
514345,120830,2026-04-17,
514346,120818,2026-04-17,2026-05-11
514347,120802,2026-04-17,2026-05-04
514348,120807,2026-04-17,2026-04-18
514349,120799,2026-04-17,2026-04-26
514350,112890,2026-04-17,2026-06-25
514351,114970,2026-04-17,2026-06-18
514352,111419,2026-04-17,
514353,120781,2026-04-17,2026-06-11
514354,120783,2026-04-17,2026-06-06
514355,120784,2026-04-17,2026-07-15
514356,120787,2026-04-17,2026-05-20
514357,120785,2026-04-17,
514358,120790,2026-04-17,
514359,120792,2026-04-17,2026-04-22
514360,120793,2026-04-17,2026-06-16
514361,120795,2026-04-17,2026-04-20
514362,120796,2026-04-17,2026-04-18
514363,120797,2026-04-17,2026-05-18
514364,120789,2026-04-17,2026-04-30
514365,120800,2026-04-17,2026-05-02
514366,120885,2026-04-18,2026-07-15
514367,120890,2026-04-18,2026-05-10
514368,120888,2026-04-18,2026-04-25
514369,120887,2026-04-18,2026-04-19
514370,120886,2026-04-18,2026-05-26
514371,120877,2026-04-18,
514372,120882,2026-04-18,2026-04-21
514373,120881,2026-04-18,2026-05-14
514374,120879,2026-04-18,
514375,120891,2026-04-18,2026-06-14
514376,120875,2026-04-18,
514377,120883,2026-04-18,2026-05-05
514378,120892,2026-04-18,2026-06-10
514379,120906,2026-04-18,
514380,120896,2026-04-18,2026-05-11
514381,120898,2026-04-18,2026-06-09
514382,120899,2026-04-18,
514383,120900,2026-04-18,2026-06-11
514384,120902,2026-04-18,2026-05-07
514385,120904,2026-04-18,2026-05-25
514386,120908,2026-04-18,
514387,120909,2026-04-18,2026-05-02
514388,120914,2026-04-18,
514389,120912,2026-04-18,2026-06-25
514390,120911,2026-04-18,2026-05-17
514391,120874,2026-04-18,2026-05-25
514392,120894,2026-04-18,2026-05-05
514393,120872,2026-04-18,2026-04-22
514394,120849,2026-04-18,2026-06-13
514395,120868,2026-04-18,2026-07-31
514396,120870,2026-04-18,2026-05-07
514397,112255,2026-04-18,2026-04-23
514398,102172,2026-04-18,2026-04-23
514399,120832,2026-04-18,2026-04-28
514400,120834,2026-04-18,2026-04-26
514401,120836,2026-04-18,2026-05-04
514402,120837,2026-04-18,
514403,120838,2026-04-18,2026-04-28
514404,120839,2026-04-18,2026-06-06
514405,120841,2026-04-18,2026-04-21
514406,120843,2026-04-18,2026-05-09
514407,120845,2026-04-18,
514408,115532,2026-04-18,2026-05-15
514409,120851,2026-04-18,2026-04-27
514410,120853,2026-04-18,2026-04-27
514411,120855,2026-04-18,
514412,120857,2026-04-18,2026-06-26
514413,120859,2026-04-18,
514414,120860,2026-04-18,2026-07-07
514415,120862,2026-04-18,2026-07-14
514416,120847,2026-04-18,
514417,120866,2026-04-18,2026-08-02
514418,120864,2026-04-18,2026-05-02
514419,120865,2026-04-18,
514420,120956,2026-04-19,
514421,120973,2026-04-19,
514422,120972,2026-04-19,2026-04-24
514423,120969,2026-04-19,2026-04-23
514424,120970,2026-04-19,2026-05-24
514425,120968,2026-04-19,2026-04-24
514426,120961,2026-04-19,2026-04-26
514427,120965,2026-04-19,2026-04-25
514428,120963,2026-04-19,
514429,120962,2026-04-19,2026-06-16
514430,120974,2026-04-19,2026-05-20
514431,120960,2026-04-19,2026-04-20
514432,120958,2026-04-19,2026-06-06
514433,120966,2026-04-19,2026-04-26
514434,120976,2026-04-19,
514435,120985,2026-04-19,2026-07-27
514436,120980,2026-04-19,2026-07-02
514437,120981,2026-04-19,2026-04-20
514438,120982,2026-04-19,
514439,120983,2026-04-19,
514440,120987,2026-04-19,2026-05-25
514441,120989,2026-04-19,2026-04-24
514442,120990,2026-04-19,
514443,120991,2026-04-19,
514444,120993,2026-04-19,
514445,120995,2026-04-19,2026-05-22
514446,120999,2026-04-19,2026-05-12
514447,120998,2026-04-19,2026-05-11
514448,120997,2026-04-19,
514449,120978,2026-04-19,
514450,120955,2026-04-19,2026-04-26
514451,120952,2026-04-19,2026-04-26
514452,120919,2026-04-19,2026-07-09
514453,104092,2026-04-19,2026-04-23
514454,107809,2026-04-19,2026-05-07
514455,120954,2026-04-19,2026-05-08
514456,120916,2026-04-19,
514457,120917,2026-04-19,2026-05-14
514458,120920,2026-04-19,2026-07-02
514459,120921,2026-04-19,2026-05-14
514460,120923,2026-04-19,2026-07-29
514461,120924,2026-04-19,
514462,120928,2026-04-19,
514463,120929,2026-04-19,2026-04-27
514464,120930,2026-04-19,
514465,120926,2026-04-19,
514466,120934,2026-04-19,2026-04-24
514467,120950,2026-04-19,2026-05-29
514468,120949,2026-04-19,2026-05-31
514469,120947,2026-04-19,2026-05-02
514470,120932,2026-04-19,2026-05-23
514471,120943,2026-04-19,
514472,120942,2026-04-19,2026-06-20
514473,120945,2026-04-19,2026-04-20
514474,120939,2026-04-19,2026-04-23
514475,120938,2026-04-19,
514476,120936,2026-04-19,2026-05-03
514477,120935,2026-04-19,2026-07-02
514478,120940,2026-04-19,2026-05-20
514479,121030,2026-04-20,2026-07-22
514480,121040,2026-04-20,2026-04-26
514481,121032,2026-04-20,2026-04-22
514482,121034,2026-04-20,
514483,121035,2026-04-20,2026-05-08
514484,121037,2026-04-20,
514485,121038,2026-04-20,2026-05-08
514486,121042,2026-04-20,2026-04-25
514487,121057,2026-04-20,2026-04-22
514488,121046,2026-04-20,2026-06-27
514489,121047,2026-04-20,2026-04-30
514490,121049,2026-04-20,2026-06-13
514491,121051,2026-04-20,2026-04-27
514492,121053,2026-04-20,2026-06-18
514493,121055,2026-04-20,2026-04-23
514494,121056,2026-04-20,2026-05-14
514495,121028,2026-04-20,2026-04-30
514496,121044,2026-04-20,2026-06-12
514497,121026,2026-04-20,2026-06-07
514498,121050,2026-04-20,
514499,121022,2026-04-20,2026-04-28
514500,121024,2026-04-20,2026-04-22
514501,109624,2026-04-20,
514502,107604,2026-04-20,2026-07-20
514503,121001,2026-04-20,2026-04-22
514504,121004,2026-04-20,
514505,121005,2026-04-20,2026-07-02
514506,121006,2026-04-20,2026-05-10
514507,121007,2026-04-20,2026-05-25
514508,121002,2026-04-20,
514509,121010,2026-04-20,2026-05-02
514510,121012,2026-04-20,2026-05-24
514511,121014,2026-04-20,2026-04-28
514512,121015,2026-04-20,2026-05-25
514513,121016,2026-04-20,2026-04-28
514514,121017,2026-04-20,2026-04-22
514515,121018,2026-04-20,2026-07-14
514516,121009,2026-04-20,2026-05-06
514517,121020,2026-04-20,
514518,121109,2026-04-21,2026-04-23
514519,121108,2026-04-21,2026-04-22
514520,121107,2026-04-21,2026-05-16
514521,121106,2026-04-21,2026-04-22
514522,121105,2026-04-21,
514523,121100,2026-04-21,2026-04-25
514524,121101,2026-04-21,2026-06-18
514525,121098,2026-04-21,2026-04-22
514526,121110,2026-04-21,
514527,121096,2026-04-21,2026-05-07
514528,121103,2026-04-21,2026-04-24
514529,121112,2026-04-21,2026-04-27
514530,121127,2026-04-21,2026-05-07
514531,121115,2026-04-21,2026-06-23
514532,121117,2026-04-21,2026-04-22
514533,121119,2026-04-21,
514534,121121,2026-04-21,2026-05-07
514535,121122,2026-04-21,
514536,121124,2026-04-21,2026-05-08
514537,121126,2026-04-21,2026-05-16
514538,121095,2026-04-21,2026-07-03
514539,121128,2026-04-21,2026-05-09
514540,121130,2026-04-21,
514541,121131,2026-04-21,2026-06-29
514542,121133,2026-04-21,2026-06-02
514543,121113,2026-04-21,2026-06-01
514544,121093,2026-04-21,2026-04-26
514545,121079,2026-04-21,2026-04-23
514546,121089,2026-04-21,2026-04-23
514547,107894,2026-04-21,
514548,121058,2026-04-21,2026-04-22
514549,121059,2026-04-21,2026-04-22
514550,121060,2026-04-21,
514551,121062,2026-04-21,2026-04-29
514552,121063,2026-04-21,
514553,121064,2026-04-21,2026-07-31
514554,121091,2026-04-21,2026-04-23
514555,121067,2026-04-21,2026-04-22
514556,121069,2026-04-21,2026-06-06
514557,121066,2026-04-21,2026-04-28
514558,121072,2026-04-21,
514559,121087,2026-04-21,2026-05-15
514560,121070,2026-04-21,2026-05-13
514561,121084,2026-04-21,2026-04-29
514562,121083,2026-04-21,2026-06-12
514563,121085,2026-04-21,
514564,121078,2026-04-21,
514565,121077,2026-04-21,
514566,121076,2026-04-21,2026-06-05
514567,121074,2026-04-21,2026-04-24
514568,121081,2026-04-21,2026-06-01
514569,121163,2026-04-22,2026-05-03
514570,121161,2026-04-22,
514571,121160,2026-04-22,
514572,121167,2026-04-22,2026-06-03
514573,121165,2026-04-22,
514574,121166,2026-04-22,2026-04-23
514575,121168,2026-04-22,2026-06-24
514576,121158,2026-04-22,2026-07-03
514577,121171,2026-04-22,2026-04-24
514578,121172,2026-04-22,2026-06-02
514579,121174,2026-04-22,2026-05-27
514580,121176,2026-04-22,2026-05-17
514581,121178,2026-04-22,2026-07-11
514582,121180,2026-04-22,2026-05-26
514583,121181,2026-04-22,2026-05-22
514584,121169,2026-04-22,
514585,121156,2026-04-22,2026-07-04
514586,121179,2026-04-22,2026-05-20
514587,121152,2026-04-22,2026-05-04
514588,121154,2026-04-22,
514589,117330,2026-04-22,
514590,121134,2026-04-22,2026-04-24
514591,121135,2026-04-22,
514592,121137,2026-04-22,2026-05-20
514593,121139,2026-04-22,
514594,121140,2026-04-22,
514595,116368,2026-04-22,
514596,121144,2026-04-22,
514597,121145,2026-04-22,2026-06-22
514598,121146,2026-04-22,
514599,121148,2026-04-22,
514600,121149,2026-04-22,2026-07-11
514601,121151,2026-04-22,
514602,121142,2026-04-22,
514603,121209,2026-04-23,
514604,121211,2026-04-23,2026-05-13
514605,121212,2026-04-23,
514606,121214,2026-04-23,2026-06-01
514607,121216,2026-04-23,
514608,121217,2026-04-23,2026-04-30
514609,121219,2026-04-23,
514610,121222,2026-04-23,
514611,121221,2026-04-23,2026-05-27
514612,121224,2026-04-23,2026-07-26
514613,121225,2026-04-23,2026-06-18
514614,121227,2026-04-23,2026-06-06
514615,121228,2026-04-23,2026-06-16
514616,121207,2026-04-23,2026-06-22
514617,121220,2026-04-23,2026-06-17
514618,121206,2026-04-23,2026-06-09
514619,121204,2026-04-23,
514620,121203,2026-04-23,2026-05-20
514621,121183,2026-04-23,2026-07-13
514622,121185,2026-04-23,
514623,121187,2026-04-23,
514624,121189,2026-04-23,2026-06-25
514625,121190,2026-04-23,2026-07-29
514626,121192,2026-04-23,2026-05-04
514627,121193,2026-04-23,2026-05-05
514628,101505,2026-04-23,2026-05-03
514629,121195,2026-04-23,
514630,121196,2026-04-23,2026-05-21
514631,121197,2026-04-23,2026-04-26
514632,121198,2026-04-23,
514633,121200,2026-04-23,
514634,121201,2026-04-23,2026-04-29
514635,121194,2026-04-23,2026-04-26
514636,121257,2026-04-24,2026-06-25
514637,121258,2026-04-24,2026-06-06
514638,121259,2026-04-24,
514639,121262,2026-04-24,2026-07-21
514640,121263,2026-04-24,
514641,121265,2026-04-24,2026-04-27
514642,121266,2026-04-24,2026-05-05
514643,121270,2026-04-24,2026-04-29
514644,121268,2026-04-24,2026-05-17
514645,121271,2026-04-24,2026-05-23
514646,121273,2026-04-24,2026-06-13
514647,121275,2026-04-24,
514648,121277,2026-04-24,2026-05-15
514649,121255,2026-04-24,
514650,121267,2026-04-24,2026-05-14
514651,121253,2026-04-24,
514652,121261,2026-04-24,2026-04-28
514653,121249,2026-04-24,
514654,121251,2026-04-24,2026-07-23
514655,109532,2026-04-24,2026-05-02
514656,121230,2026-04-24,
514657,121231,2026-04-24,2026-07-12
514658,121234,2026-04-24,
514659,121235,2026-04-24,
514660,121237,2026-04-24,2026-06-23
514661,121233,2026-04-24,
514662,121239,2026-04-24,2026-05-31
514663,121241,2026-04-24,
514664,121243,2026-04-24,2026-06-13
514665,121245,2026-04-24,2026-05-31
514666,121247,2026-04-24,
514667,121248,2026-04-24,
514668,121238,2026-04-24,
514669,121315,2026-04-25,2026-05-12
514670,121324,2026-04-25,2026-06-25
514671,121316,2026-04-25,2026-05-02
514672,121317,2026-04-25,
514673,121319,2026-04-25,
514674,121320,2026-04-25,
514675,121321,2026-04-25,2026-07-26
514676,121323,2026-04-25,
514677,121326,2026-04-25,2026-07-04
514678,121336,2026-04-25,2026-05-03
514679,121329,2026-04-25,
514680,121330,2026-04-25,2026-04-29
514681,121331,2026-04-25,2026-05-23
514682,121332,2026-04-25,
514683,121333,2026-04-25,2026-07-11
514684,121335,2026-04-25,
514685,121338,2026-04-25,
514686,121339,2026-04-25,
514687,121341,2026-04-25,2026-07-03
514688,121328,2026-04-25,2026-05-26
514689,121311,2026-04-25,2026-05-08
514690,121313,2026-04-25,2026-04-27
514691,121308,2026-04-25,2026-05-26
514692,121309,2026-04-25,
514693,121278,2026-04-25,2026-06-09
514694,121280,2026-04-25,2026-07-13
514695,121282,2026-04-25,
514696,121284,2026-04-25,2026-07-15
514697,121288,2026-04-25,2026-04-29
514698,121290,2026-04-25,2026-05-17
514699,121291,2026-04-25,2026-05-04
514700,121286,2026-04-25,2026-06-18
514701,121294,2026-04-25,
514702,121296,2026-04-25,2026-04-29
514703,121298,2026-04-25,2026-05-28
514704,121299,2026-04-25,2026-04-30
514705,121300,2026-04-25,2026-06-02
514706,121302,2026-04-25,2026-04-26
514707,121304,2026-04-25,
514708,121293,2026-04-25,
514709,121306,2026-04-25,2026-04-28
514710,121378,2026-04-26,
514711,121393,2026-04-26,2026-06-20
514712,121374,2026-04-26,2026-05-18
514713,121369,2026-04-26,
514714,121372,2026-04-26,
514715,121371,2026-04-26,2026-05-02
514716,121379,2026-04-26,2026-06-15
514717,121373,2026-04-26,
514718,121380,2026-04-26,2026-05-07
514719,121392,2026-04-26,2026-06-09
514720,121382,2026-04-26,2026-04-30
514721,121383,2026-04-26,2026-04-27
514722,121385,2026-04-26,2026-05-01
514723,121386,2026-04-26,2026-04-27
514724,121387,2026-04-26,2026-05-27
514725,121388,2026-04-26,
514726,121389,2026-04-26,2026-07-05
514727,121367,2026-04-26,
514728,121391,2026-04-26,2026-05-14
514729,121381,2026-04-26,2026-05-02
514730,121365,2026-04-26,2026-04-27
514731,121376,2026-04-26,2026-05-04
514732,121362,2026-04-26,2026-05-10
514733,106568,2026-04-26,2026-05-02
514734,121363,2026-04-26,2026-07-23
514735,121343,2026-04-26,2026-05-26
514736,121345,2026-04-26,
514737,121347,2026-04-26,2026-06-11
514738,121349,2026-04-26,2026-05-12
514739,121350,2026-04-26,2026-05-17
514740,121351,2026-04-26,2026-05-18
514741,121346,2026-04-26,
514742,121353,2026-04-26,2026-06-14
514743,121352,2026-04-26,2026-07-26
514744,121360,2026-04-26,2026-05-29
514745,121359,2026-04-26,
514746,121358,2026-04-26,
514747,121361,2026-04-26,
514748,121357,2026-04-26,2026-05-18
514749,121356,2026-04-26,
514750,121354,2026-04-26,
514751,121435,2026-04-27,2026-07-01
514752,121436,2026-04-27,2026-04-28
514753,121438,2026-04-27,
514754,121439,2026-04-27,
514755,121440,2026-04-27,2026-07-06
514756,121441,2026-04-27,2026-05-13
514757,121442,2026-04-27,
514758,121443,2026-04-27,2026-05-11
514759,121445,2026-04-27,
514760,121446,2026-04-27,
514761,121447,2026-04-27,2026-07-22
514762,121462,2026-04-27,
514763,121450,2026-04-27,2026-07-13
514764,121452,2026-04-27,2026-05-27
514765,121454,2026-04-27,2026-07-05
514766,121455,2026-04-27,
514767,121457,2026-04-27,2026-05-05
514768,121459,2026-04-27,2026-07-11
514769,121461,2026-04-27,2026-07-15
514770,121434,2026-04-27,2026-05-15
514771,121464,2026-04-27,
514772,121465,2026-04-27,2026-04-30
514773,121449,2026-04-27,2026-07-29
514774,121432,2026-04-27,2026-08-03
514775,121429,2026-04-27,2026-05-19
514776,121397,2026-04-27,
514777,121395,2026-04-27,
514778,121430,2026-04-27,2026-05-03
514779,121399,2026-04-27,
514780,121401,2026-04-27,
514781,121403,2026-04-27,
514782,121405,2026-04-27,
514783,121408,2026-04-27,
514784,121410,2026-04-27,2026-06-16
514785,121411,2026-04-27,2026-05-10
514786,121407,2026-04-27,
514787,121414,2026-04-27,2026-05-16
514788,121427,2026-04-27,2026-04-30
514789,121413,2026-04-27,
514790,121424,2026-04-27,2026-07-03
514791,121422,2026-04-27,2026-06-27
514792,121426,2026-04-27,2026-07-11
514793,121419,2026-04-27,
514794,121417,2026-04-27,2026-05-07
514795,121416,2026-04-27,2026-05-04
514796,121421,2026-04-27,2026-05-16
514797,121503,2026-04-28,2026-07-03
514798,121495,2026-04-28,2026-05-07
514799,121497,2026-04-28,2026-05-26
514800,121498,2026-04-28,2026-07-15
514801,121519,2026-04-28,2026-04-30
514802,121500,2026-04-28,
514803,121502,2026-04-28,2026-05-03
514804,121504,2026-04-28,
514805,121493,2026-04-28,2026-05-09
514806,121507,2026-04-28,
514807,121508,2026-04-28,2026-06-06
514808,121510,2026-04-28,2026-06-08
514809,121511,2026-04-28,2026-05-09
514810,121512,2026-04-28,2026-05-05
514811,121513,2026-04-28,2026-05-04
514812,121517,2026-04-28,
514813,121515,2026-04-28,2026-05-12
514814,121505,2026-04-28,2026-05-07
514815,121492,2026-04-28,2026-05-02
514816,121482,2026-04-28,2026-06-01
514817,121489,2026-04-28,
514818,121490,2026-04-28,
514819,113721,2026-04-28,2026-08-03
514820,121467,2026-04-28,
514821,121468,2026-04-28,2026-05-02
514822,121469,2026-04-28,2026-05-15
514823,121471,2026-04-28,2026-05-12
514824,121472,2026-04-28,2026-05-18
514825,115404,2026-04-28,2026-05-05
514826,121476,2026-04-28,2026-05-14
514827,121478,2026-04-28,
514828,121480,2026-04-28,
514829,121481,2026-04-28,2026-05-02
514830,121484,2026-04-28,
514831,121486,2026-04-28,2026-06-13
514832,121488,2026-04-28,2026-06-21
514833,121474,2026-04-28,2026-06-08
514834,121547,2026-04-29,
514835,121548,2026-04-29,2026-07-13
514836,121550,2026-04-29,2026-05-09
514837,121551,2026-04-29,2026-05-03
514838,121553,2026-04-29,
514839,121555,2026-04-29,2026-05-02
514840,121556,2026-04-29,
514841,121558,2026-04-29,2026-06-21
514842,121563,2026-04-29,2026-05-08
514843,121561,2026-04-29,2026-06-28
514844,121562,2026-04-29,
514845,121564,2026-04-29,2026-06-04
514846,121566,2026-04-29,2026-06-01
514847,121568,2026-04-29,2026-05-16
514848,121570,2026-04-29,2026-05-10
514849,121571,2026-04-29,2026-06-19
514850,121560,2026-04-29,2026-05-28
514851,121544,2026-04-29,
514852,121545,2026-04-29,2026-06-17
514853,121542,2026-04-29,2026-07-17
514854,121543,2026-04-29,2026-07-08
514855,121520,2026-04-29,2026-06-13
514856,121521,2026-04-29,2026-05-05
514857,121525,2026-04-29,2026-05-08
514858,121527,2026-04-29,2026-05-15
514859,121528,2026-04-29,
514860,121530,2026-04-29,
514861,121523,2026-04-29,
514862,121532,2026-04-29,2026-06-25
514863,121534,2026-04-29,
514864,121535,2026-04-29,
514865,121537,2026-04-29,
514866,121538,2026-04-29,
514867,121540,2026-04-29,
514868,121531,2026-04-29,2026-05-04
514869,121615,2026-04-30,2026-06-07
514870,121603,2026-04-30,
514871,121605,2026-04-30,2026-07-31
514872,121607,2026-04-30,
514873,121608,2026-04-30,2026-05-10
514874,121610,2026-04-30,2026-05-12
514875,121612,2026-04-30,
514876,121613,2026-04-30,2026-05-07
514877,121616,2026-04-30,2026-05-02
514878,121629,2026-04-30,2026-06-01
514879,121620,2026-04-30,2026-05-30
514880,121621,2026-04-30,
514881,121623,2026-04-30,
514882,121625,2026-04-30,2026-05-10
514883,121626,2026-04-30,
514884,121628,2026-04-30,2026-06-06
514885,121633,2026-04-30,2026-05-14
514886,121602,2026-04-30,
514887,121631,2026-04-30,2026-06-07
514888,121618,2026-04-30,
514889,121601,2026-04-30,2026-06-01
514890,121634,2026-04-30,
514891,121598,2026-04-30,2026-06-02
514892,121600,2026-04-30,
514893,121575,2026-04-30,2026-05-01
514894,121577,2026-04-30,
514895,121578,2026-04-30,2026-07-25
514896,121580,2026-04-30,2026-06-28
514897,121581,2026-04-30,2026-05-30
514898,121582,2026-04-30,2026-05-31
514899,121583,2026-04-30,2026-05-02
514900,121573,2026-04-30,2026-05-24
514901,121587,2026-04-30,
514902,121585,2026-04-30,2026-06-12
514903,121596,2026-04-30,2026-05-04
514904,121594,2026-04-30,
514905,121597,2026-04-30,
514906,121590,2026-04-30,2026-05-03
514907,121589,2026-04-30,2026-05-25
514908,121592,2026-04-30,2026-06-30
514909,121659,2026-05-01,2026-06-17
514910,121660,2026-05-01,
514911,121661,2026-05-01,
514912,121663,2026-05-01,2026-05-09
514913,121665,2026-05-01,2026-07-31
514914,121667,2026-05-01,
514915,121668,2026-05-01,2026-05-02
514916,121670,2026-05-01,2026-06-08
514917,121674,2026-05-01,2026-06-12
514918,121675,2026-05-01,2026-06-07
514919,121677,2026-05-01,
514920,121679,2026-05-01,2026-07-22
514921,121680,2026-05-01,
514922,121657,2026-05-01,
514923,121672,2026-05-01,2026-05-05
514924,121653,2026-05-01,2026-06-03
514925,121655,2026-05-01,2026-05-23
514926,111509,2026-05-01,2026-07-20
514927,117424,2026-05-01,2026-05-06
514928,111168,2026-05-01,2026-05-28
514929,108873,2026-05-01,2026-05-15
514930,121635,2026-05-01,2026-06-08
514931,121636,2026-05-01,2026-05-11
514932,121652,2026-05-01,2026-06-14
514933,121639,2026-05-01,2026-05-11
514934,121637,2026-05-01,2026-05-31
514935,121642,2026-05-01,
514936,121644,2026-05-01,2026-07-07
514937,121646,2026-05-01,2026-05-09
514938,121648,2026-05-01,2026-05-02
514939,121649,2026-05-01,2026-05-20
514940,121651,2026-05-01,
514941,121640,2026-05-01,2026-05-13
514942,121722,2026-05-02,2026-05-25
514943,121721,2026-05-02,
514944,121719,2026-05-02,2026-07-11
514945,121711,2026-05-02,2026-05-07
514946,121715,2026-05-02,2026-05-09
514947,121713,2026-05-02,2026-05-07
514948,121724,2026-05-02,2026-05-21
514949,121717,2026-05-02,2026-05-10
514950,121726,2026-05-02,
514951,121739,2026-05-02,2026-05-05
514952,121728,2026-05-02,
514953,121729,2026-05-02,2026-05-18
514954,121731,2026-05-02,2026-05-15
514955,121733,2026-05-02,2026-06-03
514956,121734,2026-05-02,
514957,121735,2026-05-02,
514958,121737,2026-05-02,2026-07-09
514959,121741,2026-05-02,2026-05-09
514960,121727,2026-05-02,2026-05-20
514961,121710,2026-05-02,2026-05-17
514962,121688,2026-05-02,2026-05-03
514963,121707,2026-05-02,2026-07-20
514964,121708,2026-05-02,2026-07-11
514965,109376,2026-05-02,2026-05-03
514966,113370,2026-05-02,2026-05-11
514967,121682,2026-05-02,
514968,121685,2026-05-02,2026-05-03
514969,121686,2026-05-02,2026-05-15
514970,121687,2026-05-02,2026-05-19
514971,121689,2026-05-02,2026-07-07
514972,121683,2026-05-02,2026-07-25
514973,121693,2026-05-02,2026-05-14
514974,121695,2026-05-02,2026-06-12
514975,121697,2026-05-02,
514976,121698,2026-05-02,2026-07-26
514977,121700,2026-05-02,2026-05-12
514978,121702,2026-05-02,2026-05-08
514979,121704,2026-05-02,
514980,121691,2026-05-02,2026-06-05
514981,121706,2026-05-02,
514982,121805,2026-05-03,2026-05-19
514983,121803,2026-05-03,2026-05-22
514984,121801,2026-05-03,2026-05-13
514985,121799,2026-05-03,2026-05-15
514986,121797,2026-05-03,2026-05-06
514987,121790,2026-05-03,2026-05-13
514988,121793,2026-05-03,
514989,121792,2026-05-03,2026-06-07
514990,121789,2026-05-03,2026-07-23
514991,121807,2026-05-03,2026-05-17
514992,121787,2026-05-03,2026-05-05
514993,121795,2026-05-03,2026-05-09
514994,121809,2026-05-03,
514995,121825,2026-05-03,2026-05-12
514996,121812,2026-05-03,
514997,121813,2026-05-03,2026-07-17
514998,121815,2026-05-03,
514999,121817,2026-05-03,2026-05-22
515000,121819,2026-05-03,
515001,121821,2026-05-03,
515002,121823,2026-05-03,2026-06-05
515003,121827,2026-05-03,2026-07-11
515004,121830,2026-05-03,2026-06-18
515005,121831,2026-05-03,2026-05-18
515006,121833,2026-05-03,2026-05-23
515007,121786,2026-05-03,2026-05-31
515008,121810,2026-05-03,2026-05-15
515009,121784,2026-05-03,
515010,121829,2026-05-03,2026-05-05
515011,121780,2026-05-03,2026-05-10
515012,110747,2026-05-03,
515013,121782,2026-05-03,2026-05-06
515014,121742,2026-05-03,2026-05-18
515015,121744,2026-05-03,2026-05-06
515016,121746,2026-05-03,2026-05-04
515017,121748,2026-05-03,
515018,121749,2026-05-03,2026-07-03
515019,121750,2026-05-03,2026-05-16
515020,121752,2026-05-03,2026-05-05
515021,121753,2026-05-03,2026-05-20
515022,121754,2026-05-03,2026-07-29
515023,121756,2026-05-03,2026-05-23
515024,114872,2026-05-03,2026-05-23
515025,121759,2026-05-03,2026-06-05
515026,121758,2026-05-03,2026-05-12
515027,121778,2026-05-03,
515028,121774,2026-05-03,
515029,121772,2026-05-03,2026-05-05
515030,121770,2026-05-03,2026-05-24
515031,121776,2026-05-03,
515032,121766,2026-05-03,2026-05-31
515033,121765,2026-05-03,2026-05-23
515034,121763,2026-05-03,2026-07-14
515035,121761,2026-05-03,2026-05-05
515036,121768,2026-05-03,2026-05-24
515037,121860,2026-05-04,2026-05-14
515038,121871,2026-05-04,2026-05-16
515039,121862,2026-05-04,2026-06-17
515040,121863,2026-05-04,2026-06-05
515041,121864,2026-05-04,2026-08-02
515042,121866,2026-05-04,2026-06-12
515043,121867,2026-05-04,2026-06-12
515044,121868,2026-05-04,
515045,121869,2026-05-04,2026-06-01
515046,121872,2026-05-04,
515047,121882,2026-05-04,2026-06-04
515048,121876,2026-05-04,2026-05-05
515049,121877,2026-05-04,2026-05-12
515050,121879,2026-05-04,2026-05-07
515051,121881,2026-05-04,2026-05-05
515052,121884,2026-05-04,2026-05-18
515053,121885,2026-05-04,2026-05-14
515054,121887,2026-05-04,2026-06-14
515055,121889,2026-05-04,2026-05-05
515056,121858,2026-05-04,2026-05-06
515057,121874,2026-05-04,2026-05-14
515058,121856,2026-05-04,
515059,121849,2026-05-04,
515060,121853,2026-05-04,2026-06-17
515061,100372,2026-05-04,
515062,113167,2026-05-04,2026-05-06
515063,117128,2026-05-04,2026-05-15
515064,121835,2026-05-04,2026-05-11
515065,121836,2026-05-04,2026-06-20
515066,112862,2026-05-04,2026-07-10
515067,121840,2026-05-04,2026-05-10
515068,121838,2026-05-04,2026-06-08
515069,121843,2026-05-04,2026-05-31
515070,121845,2026-05-04,2026-05-11
515071,121847,2026-05-04,2026-05-11
515072,121851,2026-05-04,2026-05-19
515073,121852,2026-05-04,2026-05-25
515074,121842,2026-05-04,2026-05-05
515075,121854,2026-05-04,
515076,121925,2026-05-05,
515077,121924,2026-05-05,
515078,121923,2026-05-05,2026-06-29
515079,121917,2026-05-05,2026-06-18
515080,121920,2026-05-05,2026-05-27
515081,121918,2026-05-05,2026-05-25
515082,121948,2026-05-05,2026-06-06
515083,121927,2026-05-05,2026-05-14
515084,121915,2026-05-05,2026-05-27
515085,121922,2026-05-05,2026-05-15
515086,121928,2026-05-05,
515087,121946,2026-05-05,2026-05-30
515088,121931,2026-05-05,
515089,121933,2026-05-05,
515090,121935,2026-05-05,2026-06-01
515091,121937,2026-05-05,
515092,121944,2026-05-05,
515093,121942,2026-05-05,2026-05-30
515094,121941,2026-05-05,2026-05-13
515095,121940,2026-05-05,2026-05-11
515096,121939,2026-05-05,2026-06-02
515097,121914,2026-05-05,2026-05-16
515098,121929,2026-05-05,2026-05-30
515099,121913,2026-05-05,2026-05-22
515100,121904,2026-05-05,2026-05-19
515101,121909,2026-05-05,2026-06-23
515102,104520,2026-05-05,2026-06-30
515103,121890,2026-05-05,
515104,121891,2026-05-05,2026-05-14
515105,121893,2026-05-05,
515106,121894,2026-05-05,2026-05-08
515107,121895,2026-05-05,
515108,121897,2026-05-05,
515109,121911,2026-05-05,2026-05-20
515110,121899,2026-05-05,
515111,121900,2026-05-05,
515112,121902,2026-05-05,2026-05-29
515113,121905,2026-05-05,2026-05-18
515114,121906,2026-05-05,2026-07-15
515115,121898,2026-05-05,2026-05-10
515116,121907,2026-05-05,2026-05-06
515117,121982,2026-05-06,
515118,121981,2026-05-06,
515119,121980,2026-05-06,
515120,121978,2026-05-06,2026-05-07
515121,121984,2026-05-06,2026-05-26
515122,121976,2026-05-06,2026-05-12
515123,121975,2026-05-06,
515124,121974,2026-05-06,2026-07-29
515125,121979,2026-05-06,
515126,121985,2026-05-06,
515127,121991,2026-05-06,2026-06-25
515128,121988,2026-05-06,2026-07-05
515129,121989,2026-05-06,2026-06-09
515130,121993,2026-05-06,2026-07-30
515131,121994,2026-05-06,2026-07-06
515132,121972,2026-05-06,2026-07-26
515133,121997,2026-05-06,
515134,121999,2026-05-06,
515135,122000,2026-05-06,2026-05-28
515136,122002,2026-05-06,2026-05-16
515137,122004,2026-05-06,2026-06-14
515138,121986,2026-05-06,2026-05-30
515139,121996,2026-05-06,2026-06-14
515140,121971,2026-05-06,2026-05-09
515141,121967,2026-05-06,2026-06-02
515142,108320,2026-05-06,
515143,108166,2026-05-06,2026-06-21
515144,100155,2026-05-06,
515145,121949,2026-05-06,2026-05-14
515146,121950,2026-05-06,
515147,121952,2026-05-06,
515148,121954,2026-05-06,
515149,121953,2026-05-06,2026-05-12
515150,121958,2026-05-06,2026-07-12
515151,121959,2026-05-06,
515152,121960,2026-05-06,
515153,121962,2026-05-06,
515154,121963,2026-05-06,2026-06-30
515155,121965,2026-05-06,2026-06-02
515156,121956,2026-05-06,
515157,121969,2026-05-06,2026-05-10
515158,122034,2026-05-07,2026-06-16
515159,122037,2026-05-07,2026-05-16
515160,122035,2026-05-07,
515161,122027,2026-05-07,
515162,122031,2026-05-07,
515163,122030,2026-05-07,2026-05-20
515164,122028,2026-05-07,2026-06-01
515165,122039,2026-05-07,2026-05-12
515166,122032,2026-05-07,2026-05-14
515167,122040,2026-05-07,2026-05-08
515168,122058,2026-05-07,2026-05-16
515169,122043,2026-05-07,
515170,122044,2026-05-07,2026-05-09
515171,122045,2026-05-07,2026-05-15
515172,122047,2026-05-07,2026-05-23
515173,122050,2026-05-07,2026-08-03
515174,122051,2026-05-07,2026-05-24
515175,122055,2026-05-07,2026-05-23
515176,122056,2026-05-07,
515177,122025,2026-05-07,
515178,122048,2026-05-07,
515179,122041,2026-05-07,2026-06-16
515180,122023,2026-05-07,
515181,122053,2026-05-07,2026-05-15
515182,122020,2026-05-07,2026-06-03
515183,108597,2026-05-07,2026-05-08
515184,112876,2026-05-07,2026-07-18
515185,113892,2026-05-07,2026-05-13
515186,122022,2026-05-07,
515187,122007,2026-05-07,2026-05-13
515188,122008,2026-05-07,2026-07-06
515189,122010,2026-05-07,2026-05-26
515190,122005,2026-05-07,2026-05-20
515191,122013,2026-05-07,2026-06-08
515192,122015,2026-05-07,2026-06-23
515193,122016,2026-05-07,2026-05-27
515194,122017,2026-05-07,
515195,122018,2026-05-07,2026-05-09
515196,122019,2026-05-07,
515197,122011,2026-05-07,2026-05-08
515198,122086,2026-05-08,2026-07-29
515199,122079,2026-05-08,2026-06-01
515200,122080,2026-05-08,2026-07-18
515201,122081,2026-05-08,2026-07-25
515202,122082,2026-05-08,2026-07-24
515203,122083,2026-05-08,
515204,122085,2026-05-08,2026-05-22
515205,122088,2026-05-08,
515206,122095,2026-05-08,2026-06-05
515207,122091,2026-05-08,2026-06-10
515208,122092,2026-05-08,
515209,122093,2026-05-08,2026-05-18
515210,122078,2026-05-08,2026-07-17
515211,122097,2026-05-08,2026-06-20
515212,122098,2026-05-08,2026-05-14
515213,122099,2026-05-08,2026-06-14
515214,122100,2026-05-08,2026-05-11
515215,122089,2026-05-08,2026-07-16
515216,122076,2026-05-08,2026-05-09
515217,122075,2026-05-08,
515218,111029,2026-05-08,
515219,112914,2026-05-08,
515220,122074,2026-05-08,2026-07-07
515221,122059,2026-05-08,2026-05-20
515222,113872,2026-05-08,2026-06-21
515223,122062,2026-05-08,2026-06-29
515224,122061,2026-05-08,2026-05-16
515225,122064,2026-05-08,
515226,122066,2026-05-08,2026-05-20
515227,122068,2026-05-08,
515228,122070,2026-05-08,
515229,122072,2026-05-08,2026-05-13
515230,122063,2026-05-08,
515231,122136,2026-05-09,
515232,122134,2026-05-09,
515233,122133,2026-05-09,2026-05-26
515234,122131,2026-05-09,2026-06-05
515235,122124,2026-05-09,2026-05-21
515236,122129,2026-05-09,
515237,122128,2026-05-09,2026-07-21
515238,122138,2026-05-09,
515239,122126,2026-05-09,2026-07-27
515240,122130,2026-05-09,
515241,122139,2026-05-09,2026-05-12
515242,122155,2026-05-09,2026-06-25
515243,122144,2026-05-09,
515244,122145,2026-05-09,
515245,122146,2026-05-09,2026-05-11
515246,122147,2026-05-09,
515247,122157,2026-05-09,2026-05-11
515248,122154,2026-05-09,
515249,122152,2026-05-09,2026-08-01
515250,122151,2026-05-09,2026-05-20
515251,122149,2026-05-09,
515252,122148,2026-05-09,2026-05-28
515253,122143,2026-05-09,
515254,122123,2026-05-09,2026-06-11
515255,122141,2026-05-09,2026-05-12
515256,122121,2026-05-09,
515257,111840,2026-05-09,2026-05-20
515258,103787,2026-05-09,2026-06-03
515259,109270,2026-05-09,2026-06-18
515260,109318,2026-05-09,2026-06-17
515261,122122,2026-05-09,2026-05-31
515262,115490,2026-05-09,2026-06-28
515263,122101,2026-05-09,
515264,122102,2026-05-09,2026-05-15
515265,122103,2026-05-09,
515266,122105,2026-05-09,2026-05-16
515267,109838,2026-05-09,2026-05-10
515268,122118,2026-05-09,2026-05-19
515269,122108,2026-05-09,
515270,122109,2026-05-09,2026-05-21
515271,122110,2026-05-09,2026-06-06
515272,122111,2026-05-09,
515273,122112,2026-05-09,2026-05-20
515274,122114,2026-05-09,2026-05-25
515275,122116,2026-05-09,2026-05-10
515276,122107,2026-05-09,2026-06-03
515277,122119,2026-05-09,2026-07-01
515278,122213,2026-05-10,2026-05-12
515279,122212,2026-05-10,2026-07-22
515280,122211,2026-05-10,2026-06-18
515281,122209,2026-05-10,2026-05-13
515282,122208,2026-05-10,
515283,122207,2026-05-10,2026-05-31
515284,122197,2026-05-10,2026-05-11
515285,122204,2026-05-10,
515286,122202,2026-05-10,2026-07-22
515287,122201,2026-05-10,2026-06-26
515288,122199,2026-05-10,2026-05-23
515289,122214,2026-05-10,2026-06-09
515290,122205,2026-05-10,2026-05-20
515291,122215,2026-05-10,2026-05-23
515292,122232,2026-05-10,2026-06-05
515293,122219,2026-05-10,2026-07-31
515294,122221,2026-05-10,
515295,122223,2026-05-10,
515296,122225,2026-05-10,2026-07-19
515297,122227,2026-05-10,
515298,122229,2026-05-10,2026-05-22
515299,122230,2026-05-10,
515300,122231,2026-05-10,2026-05-31
515301,122196,2026-05-10,2026-07-26
515302,122233,2026-05-10,2026-07-22
515303,122234,2026-05-10,2026-06-01
515304,122235,2026-05-10,
515305,122237,2026-05-10,2026-05-21
515306,119953,2026-05-10,2026-06-21
515307,122217,2026-05-10,2026-07-06
515308,122195,2026-05-10,
515309,122189,2026-05-10,2026-06-05
515310,122192,2026-05-10,2026-06-06
515311,115401,2026-05-10,
515312,122158,2026-05-10,2026-05-25
515313,122159,2026-05-10,2026-05-12
515314,122193,2026-05-10,
515315,122162,2026-05-10,2026-05-11
515316,122163,2026-05-10,
515317,122164,2026-05-10,
515318,122166,2026-05-10,2026-05-29
515319,122167,2026-05-10,2026-06-29
515320,122169,2026-05-10,2026-06-26
515321,122170,2026-05-10,
515322,122172,2026-05-10,2026-05-30
515323,122160,2026-05-10,
515324,122174,2026-05-10,
515325,122173,2026-05-10,2026-07-19
515326,122190,2026-05-10,2026-05-14
515327,122187,2026-05-10,
515328,122186,2026-05-10,2026-05-11
515329,122184,2026-05-10,2026-05-14
515330,122188,2026-05-10,
515331,122181,2026-05-10,2026-05-19
515332,122180,2026-05-10,
515333,122179,2026-05-10,2026-06-08
515334,122177,2026-05-10,
515335,122175,2026-05-10,
515336,122183,2026-05-10,
515337,122271,2026-05-11,2026-05-14
515338,122263,2026-05-11,2026-06-14
515339,122264,2026-05-11,2026-06-26
515340,122266,2026-05-11,
515341,122267,2026-05-11,2026-06-04
515342,122268,2026-05-11,
515343,122270,2026-05-11,
515344,122261,2026-05-11,2026-05-13
515345,122282,2026-05-11,2026-05-12
515346,122274,2026-05-11,2026-07-03
515347,122276,2026-05-11,
515348,122277,2026-05-11,2026-05-31
515349,122279,2026-05-11,
515350,122280,2026-05-11,2026-06-13
515351,122285,2026-05-11,2026-07-26
515352,122287,2026-05-11,2026-05-21
515353,122283,2026-05-11,2026-05-13
515354,122272,2026-05-11,
515355,122260,2026-05-11,2026-06-13
515356,122246,2026-05-11,2026-06-04
515357,122258,2026-05-11,2026-07-23
515358,109380,2026-05-11,2026-05-15
515359,110526,2026-05-11,2026-05-15
515360,122238,2026-05-11,2026-06-03
515361,122239,2026-05-11,2026-05-12
515362,122241,2026-05-11,
515363,122242,2026-05-11,
515364,122243,2026-05-11,2026-06-01
515365,122245,2026-05-11,2026-05-13
515366,122259,2026-05-11,2026-07-23
515367,122249,2026-05-11,2026-05-13
515368,122250,2026-05-11,2026-05-15
515369,122251,2026-05-11,
515370,122253,2026-05-11,2026-05-14
515371,122255,2026-05-11,2026-05-22
515372,122256,2026-05-11,
515373,122257,2026-05-11,
515374,122248,2026-05-11,2026-07-08
515375,122320,2026-05-12,2026-06-13
515376,122318,2026-05-12,2026-07-25
515377,122316,2026-05-12,2026-06-24
515378,122313,2026-05-12,2026-05-18
515379,122314,2026-05-12,2026-05-21
515380,122321,2026-05-12,2026-06-07
515381,122311,2026-05-12,2026-05-23
515382,122315,2026-05-12,2026-05-27
515383,122322,2026-05-12,2026-06-28
515384,122330,2026-05-12,2026-05-28
515385,122326,2026-05-12,2026-05-21
515386,122328,2026-05-12,2026-05-13
515387,122332,2026-05-12,
515388,122333,2026-05-12,2026-05-24
515389,122334,2026-05-12,2026-06-05
515390,122335,2026-05-12,
515391,122309,2026-05-12,2026-05-27
515392,122338,2026-05-12,2026-05-16
515393,122324,2026-05-12,
515394,122337,2026-05-12,2026-05-29
515395,122308,2026-05-12,2026-05-25
515396,122306,2026-05-12,
515397,122307,2026-05-12,2026-06-29
515398,109012,2026-05-12,2026-05-30
515399,122288,2026-05-12,2026-05-20
515400,122289,2026-05-12,2026-05-17
515401,122291,2026-05-12,
515402,122292,2026-05-12,2026-05-14
515403,122293,2026-05-12,
515404,122290,2026-05-12,2026-05-25
515405,122297,2026-05-12,
515406,122298,2026-05-12,2026-05-20
515407,122300,2026-05-12,
515408,122302,2026-05-12,
515409,122303,2026-05-12,2026-05-14
515410,122304,2026-05-12,2026-05-22
515411,122295,2026-05-12,
515412,122305,2026-05-12,2026-07-14
515413,122373,2026-05-13,2026-06-08
515414,122372,2026-05-13,
515415,122370,2026-05-13,
515416,122367,2026-05-13,2026-06-15
515417,122368,2026-05-13,2026-06-05
515418,122366,2026-05-13,2026-05-26
515419,122375,2026-05-13,2026-07-31
515420,122369,2026-05-13,2026-07-01
515421,122377,2026-05-13,2026-05-18
515422,122390,2026-05-13,2026-05-16
515423,122381,2026-05-13,2026-07-12
515424,122382,2026-05-13,2026-07-13
515425,122383,2026-05-13,
515426,122384,2026-05-13,2026-05-15
515427,122385,2026-05-13,2026-05-28
515428,122387,2026-05-13,
515429,122389,2026-05-13,
515430,122388,2026-05-13,2026-06-16
515431,122379,2026-05-13,
515432,122362,2026-05-13,2026-05-24
515433,122364,2026-05-13,2026-06-03
515434,122359,2026-05-13,2026-06-01
515435,119866,2026-05-13,2026-05-14
515436,122340,2026-05-13,2026-07-06
515437,122341,2026-05-13,2026-05-28
515438,122342,2026-05-13,2026-05-17
515439,122343,2026-05-13,
515440,122345,2026-05-13,2026-05-22
515441,122346,2026-05-13,2026-06-20
515442,122360,2026-05-13,2026-07-30
515443,122348,2026-05-13,
515444,122350,2026-05-13,2026-06-04
515445,122352,2026-05-13,
515446,122353,2026-05-13,2026-06-08
515447,122355,2026-05-13,
515448,122356,2026-05-13,2026-05-23
515449,122347,2026-05-13,
515450,122357,2026-05-13,
515451,122432,2026-05-14,2026-05-18
515452,122430,2026-05-14,
515453,122429,2026-05-14,
515454,122426,2026-05-14,2026-06-17
515455,122433,2026-05-14,
515456,122425,2026-05-14,
515457,122423,2026-05-14,2026-05-15
515458,122427,2026-05-14,
515459,122434,2026-05-14,2026-06-26
515460,122440,2026-05-14,
515461,122437,2026-05-14,
515462,122438,2026-05-14,
515463,122442,2026-05-14,2026-06-12
515464,122444,2026-05-14,2026-05-21
515465,122446,2026-05-14,2026-05-20
515466,122421,2026-05-14,2026-06-01
515467,122449,2026-05-14,2026-05-15
515468,122450,2026-05-14,2026-06-01
515469,122452,2026-05-14,2026-05-26
515470,122436,2026-05-14,2026-06-11
515471,122447,2026-05-14,2026-05-17
515472,122419,2026-05-14,
515473,122417,2026-05-14,
515474,122418,2026-05-14,2026-06-29
515475,122392,2026-05-14,
515476,122394,2026-05-14,
515477,122396,2026-05-14,
515478,122398,2026-05-14,2026-05-15
515479,122399,2026-05-14,2026-06-30
515480,122400,2026-05-14,2026-05-17
515481,106533,2026-05-14,
515482,122404,2026-05-14,
515483,122406,2026-05-14,2026-06-19
515484,122408,2026-05-14,2026-05-18
515485,122409,2026-05-14,
515486,122411,2026-05-14,2026-05-15
515487,122413,2026-05-14,2026-05-21
515488,122402,2026-05-14,2026-07-10
515489,122415,2026-05-14,2026-06-02
515490,122490,2026-05-15,2026-05-20
515491,122488,2026-05-15,
515492,122486,2026-05-15,2026-06-18
515493,122481,2026-05-15,2026-05-19
515494,122483,2026-05-15,
515495,122491,2026-05-15,2026-06-02
515496,122480,2026-05-15,2026-06-03
515497,122478,2026-05-15,2026-06-13
515498,122484,2026-05-15,2026-07-14
515499,122492,2026-05-15,2026-06-05
515500,122498,2026-05-15,2026-05-26
515501,122495,2026-05-15,2026-05-25
515502,122497,2026-05-15,
515503,122499,2026-05-15,2026-06-22
515504,122501,2026-05-15,
515505,122506,2026-05-15,2026-06-26
515506,122507,2026-05-15,2026-06-03
515507,122477,2026-05-15,2026-07-29
515508,122504,2026-05-15,2026-05-22
515509,122502,2026-05-15,2026-07-17
515510,122494,2026-05-15,2026-06-16
515511,122475,2026-05-15,2026-07-20
515512,122474,2026-05-15,
515513,122473,2026-05-15,2026-06-10
515514,118447,2026-05-15,2026-05-25
515515,115225,2026-05-15,
515516,107837,2026-05-15,
515517,110187,2026-05-15,2026-05-16
515518,122453,2026-05-15,2026-05-17
515519,122454,2026-05-15,2026-05-22
515520,122455,2026-05-15,2026-06-15
515521,122459,2026-05-15,2026-06-21
515522,122457,2026-05-15,2026-07-24
515523,122462,2026-05-15,
515524,122463,2026-05-15,2026-07-25
515525,122464,2026-05-15,2026-07-16
515526,122465,2026-05-15,
515527,122466,2026-05-15,2026-05-17
515528,122468,2026-05-15,2026-06-15
515529,122470,2026-05-15,
515530,122471,2026-05-15,2026-05-30
515531,122460,2026-05-15,
515532,122554,2026-05-16,2026-07-23
515533,122559,2026-05-16,
515534,122557,2026-05-16,2026-05-20
515535,122555,2026-05-16,
515536,122552,2026-05-16,2026-05-17
515537,122545,2026-05-16,
515538,122549,2026-05-16,2026-05-20
515539,122548,2026-05-16,2026-05-19
515540,122547,2026-05-16,2026-06-15
515541,122561,2026-05-16,
515542,122551,2026-05-16,
515543,122563,2026-05-16,2026-05-27
515544,122580,2026-05-16,2026-06-05
515545,122567,2026-05-16,2026-05-17
515546,122569,2026-05-16,2026-05-29
515547,122571,2026-05-16,
515548,122572,2026-05-16,
515549,122573,2026-05-16,2026-06-09
515550,122575,2026-05-16,2026-07-26
515551,122577,2026-05-16,
515552,122578,2026-05-16,2026-05-17
515553,122544,2026-05-16,2026-07-14
515554,122582,2026-05-16,
515555,122583,2026-05-16,2026-06-07
515556,122585,2026-05-16,2026-06-25
515557,122565,2026-05-16,2026-05-23
515558,122543,2026-05-16,
515559,122574,2026-05-16,2026-06-03
515560,122539,2026-05-16,2026-06-15
515561,122541,2026-05-16,
515562,111515,2026-05-16,2026-06-02
515563,106761,2026-05-16,2026-05-25
515564,111126,2026-05-16,
515565,122508,2026-05-16,2026-07-12
515566,122510,2026-05-16,2026-05-18
515567,122511,2026-05-16,
515568,122513,2026-05-16,2026-07-11
515569,122515,2026-05-16,2026-05-21
515570,122516,2026-05-16,2026-05-29
515571,122518,2026-05-16,
515572,122519,2026-05-16,
515573,119517,2026-05-16,
515574,122523,2026-05-16,2026-06-23
515575,122524,2026-05-16,2026-06-23
515576,122525,2026-05-16,
515577,122526,2026-05-16,2026-06-01
515578,122527,2026-05-16,
515579,122528,2026-05-16,
515580,122530,2026-05-16,2026-06-29
515581,122532,2026-05-16,2026-05-19
515582,122534,2026-05-16,
515583,122521,2026-05-16,
515584,122536,2026-05-16,2026-07-19
515585,122538,2026-05-16,2026-05-17
515586,122629,2026-05-17,2026-05-18
515587,122627,2026-05-17,2026-06-03
515588,122625,2026-05-17,2026-05-21
515589,122624,2026-05-17,2026-06-11
515590,122620,2026-05-17,
515591,122621,2026-05-17,
515592,122631,2026-05-17,2026-05-18
515593,122619,2026-05-17,2026-06-21
515594,122617,2026-05-17,2026-06-03
515595,122622,2026-05-17,2026-05-20
515596,122633,2026-05-17,2026-05-30
515597,122639,2026-05-17,2026-05-28
515598,122636,2026-05-17,2026-05-20
515599,122637,2026-05-17,
515600,122638,2026-05-17,
515601,122640,2026-05-17,2026-07-31
515602,122641,2026-05-17,2026-07-07
515603,122642,2026-05-17,2026-05-19
515604,122643,2026-05-17,2026-05-30
515605,122644,2026-05-17,
515606,122615,2026-05-17,2026-05-21
515607,122645,2026-05-17,2026-05-25
515608,122647,2026-05-17,2026-06-05
515609,122634,2026-05-17,
515610,122613,2026-05-17,
515611,122603,2026-05-17,2026-05-26
515612,122610,2026-05-17,2026-05-26
515613,122612,2026-05-17,2026-07-22
515614,122586,2026-05-17,
515615,122587,2026-05-17,
515616,122588,2026-05-17,2026-05-24
515617,122590,2026-05-17,2026-06-07
515618,122592,2026-05-17,2026-06-10
515619,122593,2026-05-17,2026-05-22
515620,122594,2026-05-17,2026-05-24
515621,122596,2026-05-17,2026-05-25
515622,114593,2026-05-17,2026-07-08
515623,122598,2026-05-17,2026-05-19
515624,122600,2026-05-17,
515625,122601,2026-05-17,
515626,122602,2026-05-17,2026-05-20
515627,122604,2026-05-17,2026-05-26
515628,122606,2026-05-17,
515629,122607,2026-05-17,2026-05-24
515630,122608,2026-05-17,2026-07-01
515631,122597,2026-05-17,
515632,122670,2026-05-18,2026-06-18
515633,122671,2026-05-18,
515634,122672,2026-05-18,2026-05-20
515635,122674,2026-05-18,
515636,122675,2026-05-18,2026-07-03
515637,122676,2026-05-18,
515638,122678,2026-05-18,2026-07-01
515639,122668,2026-05-18,
515640,122681,2026-05-18,2026-05-31
515641,122682,2026-05-18,
515642,122684,2026-05-18,2026-05-25
515643,122688,2026-05-18,2026-05-29
515644,122690,2026-05-18,
515645,122687,2026-05-18,
515646,122686,2026-05-18,2026-06-07
515647,122679,2026-05-18,2026-05-21
515648,122666,2026-05-18,
515649,122685,2026-05-18,2026-06-04
515650,122662,2026-05-18,2026-07-06
515651,110655,2026-05-18,2026-07-31
515652,100584,2026-05-18,2026-07-17
515653,113021,2026-05-18,2026-06-07
515654,122649,2026-05-18,2026-05-24
515655,122651,2026-05-18,2026-05-25
515656,122653,2026-05-18,2026-05-31
515657,122664,2026-05-18,2026-06-30
515658,122655,2026-05-18,2026-06-13
515659,122657,2026-05-18,2026-07-18
515660,122658,2026-05-18,2026-05-28
515661,122654,2026-05-18,2026-05-23
515662,122660,2026-05-18,2026-06-04
515663,122661,2026-05-18,
515664,122725,2026-05-19,2026-05-20
515665,122726,2026-05-19,
515666,122729,2026-05-19,2026-05-27
515667,122731,2026-05-19,2026-05-21
515668,122733,2026-05-19,2026-06-06
515669,122734,2026-05-19,2026-06-13
515670,122736,2026-05-19,2026-05-26
515671,122738,2026-05-19,
515672,122740,2026-05-19,2026-05-25
515673,122741,2026-05-19,
515674,122745,2026-05-19,
515675,122723,2026-05-19,2026-06-19
515676,122747,2026-05-19,2026-07-12
515677,122749,2026-05-19,2026-05-26
515678,122751,2026-05-19,2026-06-18
515679,122752,2026-05-19,2026-08-01
515680,122754,2026-05-19,2026-06-17
515681,122756,2026-05-19,2026-07-10
515682,122758,2026-05-19,
515683,122760,2026-05-19,2026-07-25
515684,122761,2026-05-19,
515685,122743,2026-05-19,2026-05-30
515686,122720,2026-05-19,2026-05-23
515687,122728,2026-05-19,2026-07-06
515688,122717,2026-05-19,
515689,100543,2026-05-19,2026-07-18
515690,113319,2026-05-19,2026-05-25
515691,106446,2026-05-19,
515692,122718,2026-05-19,2026-06-19
515693,114056,2026-05-19,2026-06-28
515694,118955,2026-05-19,2026-06-01
515695,122691,2026-05-19,
515696,122693,2026-05-19,2026-07-11
515697,122695,2026-05-19,2026-06-24
515698,122697,2026-05-19,
515699,122699,2026-05-19,2026-06-27
515700,122721,2026-05-19,
515701,122702,2026-05-19,
515702,122701,2026-05-19,
515703,122715,2026-05-19,2026-05-23
515704,122711,2026-05-19,2026-05-20
515705,122710,2026-05-19,2026-05-31
515706,122713,2026-05-19,2026-06-23
515707,122708,2026-05-19,2026-05-25
515708,122707,2026-05-19,2026-07-13
515709,122705,2026-05-19,
515710,122704,2026-05-19,2026-05-20
515711,122709,2026-05-19,
515712,122798,2026-05-20,2026-05-22
515713,122791,2026-05-20,2026-07-11
515714,122793,2026-05-20,2026-07-10
515715,122794,2026-05-20,2026-06-01
515716,122795,2026-05-20,2026-06-19
515717,122796,2026-05-20,
515718,122799,2026-05-20,2026-05-23
515719,122809,2026-05-20,
515720,122802,2026-05-20,
515721,122803,2026-05-20,2026-06-29
515722,122805,2026-05-20,
515723,122807,2026-05-20,
515724,122810,2026-05-20,2026-05-24
515725,122789,2026-05-20,
515726,122813,2026-05-20,2026-05-28
515727,122801,2026-05-20,
515728,122812,2026-05-20,
515729,122787,2026-05-20,2026-06-16
515730,122784,2026-05-20,
515731,122785,2026-05-20,2026-06-02
515732,118145,2026-05-20,
515733,122763,2026-05-20,2026-06-20
515734,122766,2026-05-20,
515735,122767,2026-05-20,
515736,122769,2026-05-20,2026-05-23
515737,122770,2026-05-20,2026-07-15
515738,122764,2026-05-20,2026-06-28
515739,122773,2026-05-20,
515740,122775,2026-05-20,2026-05-27
515741,122777,2026-05-20,2026-06-26
515742,122779,2026-05-20,2026-06-05
515743,122781,2026-05-20,2026-05-31
515744,122772,2026-05-20,2026-06-04
515745,122782,2026-05-20,2026-07-14
515746,122862,2026-05-21,2026-06-29
515747,122860,2026-05-21,
515748,122858,2026-05-21,2026-06-21
515749,122857,2026-05-21,2026-05-22
515750,122855,2026-05-21,
515751,122854,2026-05-21,2026-05-22
515752,122853,2026-05-21,
515753,122864,2026-05-21,
515754,122856,2026-05-21,2026-05-28
515755,122865,2026-05-21,2026-06-08
515756,122875,2026-05-21,2026-06-07
515757,122868,2026-05-21,2026-06-16
515758,122869,2026-05-21,
515759,122871,2026-05-21,2026-05-31
515760,122872,2026-05-21,2026-05-31
515761,122873,2026-05-21,2026-05-28
515762,122874,2026-05-21,
515763,122877,2026-05-21,
515764,122879,2026-05-21,2026-05-27
515765,122881,2026-05-21,2026-07-12
515766,122867,2026-05-21,2026-06-02
515767,122849,2026-05-21,2026-06-13
515768,122851,2026-05-21,
515769,122846,2026-05-21,2026-05-27
515770,109625,2026-05-21,
515771,122848,2026-05-21,2026-07-08
515772,122814,2026-05-21,
515773,122816,2026-05-21,2026-06-10
515774,122817,2026-05-21,
515775,122819,2026-05-21,2026-07-24
515776,122822,2026-05-21,2026-05-22
515777,122823,2026-05-21,2026-06-03
515778,122825,2026-05-21,2026-07-24
515779,122827,2026-05-21,
515780,122821,2026-05-21,2026-06-11
515781,122831,2026-05-21,2026-07-22
515782,122844,2026-05-21,2026-05-22
515783,122829,2026-05-21,
515784,122841,2026-05-21,2026-06-10
515785,122839,2026-05-21,2026-06-16
515786,122842,2026-05-21,
515787,122835,2026-05-21,2026-05-28
515788,122834,2026-05-21,2026-06-03
515789,122833,2026-05-21,2026-05-29
515790,122837,2026-05-21,2026-07-07
515791,122927,2026-05-22,2026-06-10
515792,122915,2026-05-22,2026-05-23
515793,122917,2026-05-22,
515794,122918,2026-05-22,2026-05-25
515795,122919,2026-05-22,
515796,122921,2026-05-22,
515797,122923,2026-05-22,2026-07-04
515798,122925,2026-05-22,2026-06-23
515799,122929,2026-05-22,
515800,122942,2026-05-22,2026-05-24
515801,122931,2026-05-22,2026-05-29
515802,122932,2026-05-22,2026-06-12
515803,122933,2026-05-22,2026-07-31
515804,122934,2026-05-22,
515805,122936,2026-05-22,2026-07-08
515806,122938,2026-05-22,
515807,122939,2026-05-22,2026-07-10
515808,122940,2026-05-22,
515809,122914,2026-05-22,2026-05-29
515810,122930,2026-05-22,2026-05-23
515811,122913,2026-05-22,2026-07-17
515812,122916,2026-05-22,2026-06-27
515813,122910,2026-05-22,2026-05-24
515814,100565,2026-05-22,
515815,103109,2026-05-22,2026-05-26
515816,122883,2026-05-22,2026-06-09
515817,122884,2026-05-22,2026-06-25
515818,122885,2026-05-22,
515819,122888,2026-05-22,2026-05-25
515820,122889,2026-05-22,2026-08-02
515821,122890,2026-05-22,2026-06-20
515822,122892,2026-05-22,
515823,122886,2026-05-22,2026-06-02
515824,122895,2026-05-22,
515825,122894,2026-05-22,
515826,122912,2026-05-22,2026-06-10
515827,122906,2026-05-22,
515828,122904,2026-05-22,
515829,122908,2026-05-22,2026-05-23
515830,122900,2026-05-22,2026-05-23
515831,122898,2026-05-22,2026-07-28
515832,122897,2026-05-22,
515833,122902,2026-05-22,2026-05-23
515834,122992,2026-05-23,2026-06-04
515835,122982,2026-05-23,2026-05-27
515836,122983,2026-05-23,
515837,122984,2026-05-23,
515838,122986,2026-05-23,2026-05-31
515839,122988,2026-05-23,2026-06-15
515840,122989,2026-05-23,2026-06-03
515841,122990,2026-05-23,2026-07-23
515842,122991,2026-05-23,2026-05-26
515843,122994,2026-05-23,2026-06-17
515844,123013,2026-05-23,2026-07-08
515845,122998,2026-05-23,2026-07-16
515846,122999,2026-05-23,2026-07-02
515847,123001,2026-05-23,2026-07-22
515848,123002,2026-05-23,2026-05-29
515849,123004,2026-05-23,2026-07-10
515850,123005,2026-05-23,2026-06-29
515851,123007,2026-05-23,2026-05-30
515852,123009,2026-05-23,2026-07-07
515853,123011,2026-05-23,2026-05-31
515854,122980,2026-05-23,
515855,122996,2026-05-23,2026-06-09
515856,122978,2026-05-23,2026-08-01
515857,123006,2026-05-23,2026-07-25
515858,122975,2026-05-23,
515859,122977,2026-05-23,2026-07-06
515860,110171,2026-05-23,
515861,122944,2026-05-23,
515862,122946,2026-05-23,
515863,122948,2026-05-23,2026-07-31
515864,122950,2026-05-23,2026-06-19
515865,122953,2026-05-23,2026-06-28
515866,122955,2026-05-23,2026-06-05
515867,122956,2026-05-23,2026-05-31
515868,122957,2026-05-23,2026-07-01
515869,122958,2026-05-23,
515870,122951,2026-05-23,
515871,122962,2026-05-23,2026-07-13
515872,122974,2026-05-23,2026-06-14
515873,122960,2026-05-23,2026-06-13
515874,122971,2026-05-23,2026-05-24
515875,122970,2026-05-23,2026-06-11
515876,122968,2026-05-23,2026-08-02
515877,122972,2026-05-23,2026-06-12
515878,122967,2026-05-23,2026-06-18
515879,122966,2026-05-23,
515880,122965,2026-05-23,2026-06-04
515881,122964,2026-05-23,2026-06-04
515882,123066,2026-05-24,2026-05-30
515883,123054,2026-05-24,
515884,123056,2026-05-24,
515885,123057,2026-05-24,2026-07-20
515886,123059,2026-05-24,2026-05-25
515887,123060,2026-05-24,
515888,123062,2026-05-24,2026-06-06
515889,123063,2026-05-24,
515890,123064,2026-05-24,2026-05-26
515891,123052,2026-05-24,
515892,123067,2026-05-24,2026-06-19
515893,123086,2026-05-24,2026-06-12
515894,123070,2026-05-24,
515895,123071,2026-05-24,2026-06-20
515896,123073,2026-05-24,2026-05-25
515897,123075,2026-05-24,2026-06-27
515898,123077,2026-05-24,
515899,123078,2026-05-24,2026-06-04
515900,123079,2026-05-24,
515901,123081,2026-05-24,
515902,123083,2026-05-24,2026-06-08
515903,123084,2026-05-24,2026-06-23
515904,123050,2026-05-24,
515905,123088,2026-05-24,2026-05-25
515906,123069,2026-05-24,
515907,123048,2026-05-24,
515908,123034,2026-05-24,
515909,123045,2026-05-24,
515910,123014,2026-05-24,2026-06-15
515911,123016,2026-05-24,2026-06-25
515912,123018,2026-05-24,2026-05-31
515913,123019,2026-05-24,
515914,123020,2026-05-24,
515915,123021,2026-05-24,2026-05-26
515916,123046,2026-05-24,2026-06-12
515917,123024,2026-05-24,2026-06-29
515918,123025,2026-05-24,2026-06-10
515919,123027,2026-05-24,2026-07-02
515920,123028,2026-05-24,
515921,123023,2026-05-24,2026-06-04
515922,123031,2026-05-24,2026-06-04
515923,123029,2026-05-24,2026-05-27
515924,123043,2026-05-24,2026-05-25
515925,123042,2026-05-24,2026-07-27
515926,123041,2026-05-24,2026-07-19
515927,123044,2026-05-24,2026-06-11
515928,123037,2026-05-24,
515929,123035,2026-05-24,2026-05-29
515930,123033,2026-05-24,2026-07-16
515931,123032,2026-05-24,2026-06-22
515932,123039,2026-05-24,
515933,123121,2026-05-25,2026-08-02
515934,123120,2026-05-25,2026-05-28
515935,123130,2026-05-25,
515936,123123,2026-05-25,2026-05-27
515937,123125,2026-05-25,2026-06-20
515938,123127,2026-05-25,2026-06-12
515939,123128,2026-05-25,2026-06-20
515940,123119,2026-05-25,2026-07-12
515941,123132,2026-05-25,2026-05-27
515942,123146,2026-05-25,
515943,123135,2026-05-25,2026-05-26
515944,123137,2026-05-25,
515945,123139,2026-05-25,
515946,123141,2026-05-25,2026-06-10
515947,123143,2026-05-25,2026-07-16
515948,123144,2026-05-25,
515949,123145,2026-05-25,2026-05-27
515950,123117,2026-05-25,2026-06-16
515951,123147,2026-05-25,
515952,123149,2026-05-25,2026-05-28
515953,123133,2026-05-25,2026-06-10
515954,123115,2026-05-25,
515955,123129,2026-05-25,2026-07-28
515956,123113,2026-05-25,
515957,115096,2026-05-25,2026-06-04
515958,110111,2026-05-25,2026-06-27
515959,123090,2026-05-25,2026-06-21
515960,123091,2026-05-25,2026-07-18
515961,123092,2026-05-25,2026-05-30
515962,123093,2026-05-25,2026-07-20
515963,123095,2026-05-25,
515964,123096,2026-05-25,
515965,123114,2026-05-25,
515966,123099,2026-05-25,
515967,123101,2026-05-25,
515968,123103,2026-05-25,2026-05-31
515969,123105,2026-05-25,2026-06-12
515970,123106,2026-05-25,2026-06-28
515971,123108,2026-05-25,2026-07-10
515972,123110,2026-05-25,2026-06-25
515973,123097,2026-05-25,2026-07-11
515974,123111,2026-05-25,2026-06-10
515975,123187,2026-05-26,2026-05-27
515976,123185,2026-05-26,2026-07-06
515977,123184,2026-05-26,
515978,123183,2026-05-26,2026-05-28
515979,123178,2026-05-26,2026-07-06
515980,123180,2026-05-26,
515981,123188,2026-05-26,2026-06-10
515982,123176,2026-05-26,2026-05-27
515983,123181,2026-05-26,2026-08-02
515984,123189,2026-05-26,
515985,123196,2026-05-26,2026-05-27
515986,123193,2026-05-26,2026-06-12
515987,123195,2026-05-26,2026-06-07
515988,123174,2026-05-26,2026-05-27
515989,123198,2026-05-26,
515990,123200,2026-05-26,
515991,123202,2026-05-26,2026-07-20
515992,123204,2026-05-26,
515993,123205,2026-05-26,2026-06-08
515994,123206,2026-05-26,2026-07-03
515995,123207,2026-05-26,
515996,123191,2026-05-26,2026-06-13
515997,123173,2026-05-26,
515998,123177,2026-05-26,
515999,123171,2026-05-26,2026-06-25
516000,117227,2026-05-26,
516001,123172,2026-05-26,2026-07-24
516002,119072,2026-05-26,2026-06-26
516003,123150,2026-05-26,
516004,123153,2026-05-26,
516005,123155,2026-05-26,2026-06-09
516006,123157,2026-05-26,
516007,123151,2026-05-26,
516008,123160,2026-05-26,2026-06-25
516009,123162,2026-05-26,2026-07-26
516010,123164,2026-05-26,
516011,123165,2026-05-26,
516012,123167,2026-05-26,2026-06-24
516013,123158,2026-05-26,2026-07-16
516014,123168,2026-05-26,
516015,123169,2026-05-26,2026-05-28
516016,123238,2026-05-27,2026-07-04
516017,123237,2026-05-27,2026-07-29
516018,123236,2026-05-27,
516019,123234,2026-05-27,
516020,123233,2026-05-27,
516021,123231,2026-05-27,2026-06-18
516022,123240,2026-05-27,2026-05-29
516023,123235,2026-05-27,2026-05-28
516024,123241,2026-05-27,2026-06-06
516025,123229,2026-05-27,2026-05-29
516026,123243,2026-05-27,2026-07-05
516027,123245,2026-05-27,2026-05-28
516028,123247,2026-05-27,
516029,123256,2026-05-27,
516030,123254,2026-05-27,
516031,123253,2026-05-27,2026-07-26
516032,123250,2026-05-27,2026-07-22
516033,123249,2026-05-27,
516034,123248,2026-05-27,
516035,123242,2026-05-27,2026-06-14
516036,123251,2026-05-27,2026-07-02
516037,123226,2026-05-27,2026-07-02
516038,123224,2026-05-27,2026-06-22
516039,123227,2026-05-27,2026-05-28
516040,109613,2026-05-27,
516041,107196,2026-05-27,2026-07-17
516042,112372,2026-05-27,2026-07-01
516043,113911,2026-05-27,
516044,123208,2026-05-27,
516045,123209,2026-05-27,2026-07-19
516046,123211,2026-05-27,2026-06-27
516047,112147,2026-05-27,2026-06-24
516048,123213,2026-05-27,2026-07-30
516049,123212,2026-05-27,2026-05-31
516050,123222,2026-05-27,2026-05-28
516051,123219,2026-05-27,2026-06-10
516052,123217,2026-05-27,
516053,123220,2026-05-27,2026-06-05
516054,123215,2026-05-27,2026-06-13
516055,123214,2026-05-27,2026-06-01
516056,123216,2026-05-27,2026-05-29
516057,123278,2026-05-28,
516058,123279,2026-05-28,2026-06-09
516059,123277,2026-05-28,2026-06-24
516060,123288,2026-05-28,2026-06-25
516061,123280,2026-05-28,
516062,123282,2026-05-28,
516063,123284,2026-05-28,2026-06-08
516064,123286,2026-05-28,
516065,123287,2026-05-28,
516066,123290,2026-05-28,2026-07-13
516067,123298,2026-05-28,
516068,123294,2026-05-28,2026-06-21
516069,123296,2026-05-28,
516070,123300,2026-05-28,
516071,123302,2026-05-28,
516072,123304,2026-05-28,2026-06-09
516073,123306,2026-05-28,2026-05-29
516074,123307,2026-05-28,2026-07-08
516075,123308,2026-05-28,
516076,123310,2026-05-28,2026-05-29
516077,123292,2026-05-28,2026-05-31
516078,123275,2026-05-28,2026-08-01
516079,123272,2026-05-28,
516080,123273,2026-05-28,2026-06-16
516081,114667,2026-05-28,2026-06-02
516082,123274,2026-05-28,2026-07-21
516083,110929,2026-05-28,2026-07-03
516084,114783,2026-05-28,2026-06-10
516085,123258,2026-05-28,
516086,123260,2026-05-28,2026-05-29
516087,123261,2026-05-28,2026-06-16
516088,123257,2026-05-28,2026-06-07
516089,123263,2026-05-28,
516090,123264,2026-05-28,2026-06-21
516091,123265,2026-05-28,
516092,123266,2026-05-28,
516093,123270,2026-05-28,2026-06-11
516094,123267,2026-05-28,2026-06-01
516095,123262,2026-05-28,2026-07-08
516096,123269,2026-05-28,
516097,123345,2026-05-29,2026-06-11
516098,123344,2026-05-29,2026-06-30
516099,123342,2026-05-29,
516100,123338,2026-05-29,2026-07-02
516101,123337,2026-05-29,
516102,123336,2026-05-29,2026-06-19
516103,123347,2026-05-29,
516104,123340,2026-05-29,2026-07-14
516105,123349,2026-05-29,2026-07-01
516106,123363,2026-05-29,
516107,123352,2026-05-29,2026-07-12
516108,123353,2026-05-29,2026-06-06
516109,123354,2026-05-29,2026-07-11
516110,123356,2026-05-29,2026-06-30
516111,123365,2026-05-29,2026-06-01
516112,123335,2026-05-29,2026-07-20
516113,123361,2026-05-29,2026-06-01
516114,123359,2026-05-29,2026-06-17
516115,123357,2026-05-29,
516116,123350,2026-05-29,
516117,123333,2026-05-29,2026-07-20
516118,123323,2026-05-29,
516119,123330,2026-05-29,
516120,102979,2026-05-29,
516121,114766,2026-05-29,
516122,123312,2026-05-29,2026-06-08
516123,123313,2026-05-29,
516124,112095,2026-05-29,2026-06-05
516125,123317,2026-05-29,2026-07-22
516126,123318,2026-05-29,
516127,123315,2026-05-29,2026-06-09
516128,123321,2026-05-29,2026-07-15
516129,123331,2026-05-29,2026-07-25
516130,123325,2026-05-29,2026-07-25
516131,123326,2026-05-29,
516132,123327,2026-05-29,2026-07-11
516133,123328,2026-05-29,
516134,123320,2026-05-29,
516135,123422,2026-05-30,2026-07-30
516136,123420,2026-05-30,2026-07-02
516137,123419,2026-05-30,
516138,123418,2026-05-30,
516139,123417,2026-05-30,
516140,123416,2026-05-30,
516141,123409,2026-05-30,2026-07-01
516142,123413,2026-05-30,
516143,123412,2026-05-30,
516144,123411,2026-05-30,2026-06-16
516145,123423,2026-05-30,2026-06-06
516146,123407,2026-05-30,
516147,123415,2026-05-30,2026-07-19
516148,123424,2026-05-30,
516149,123434,2026-05-30,2026-06-20
516150,123426,2026-05-30,
516151,123428,2026-05-30,2026-06-11
516152,123429,2026-05-30,2026-06-10
516153,123431,2026-05-30,2026-06-01
516154,123432,2026-05-30,2026-06-20
516155,123433,2026-05-30,2026-05-31
516156,123406,2026-05-30,
516157,123436,2026-05-30,2026-06-28
516158,123440,2026-05-30,2026-06-10
516159,123442,2026-05-30,
516160,123443,2026-05-30,2026-08-02
516161,123445,2026-05-30,
516162,123447,2026-05-30,2026-07-23
516163,123425,2026-05-30,
516164,123405,2026-05-30,2026-06-27
516165,123438,2026-05-30,2026-07-14
516166,123402,2026-05-30,
516167,113793,2026-05-30,2026-06-19
516168,113620,2026-05-30,
516169,123404,2026-05-30,
516170,114799,2026-05-30,
516171,123366,2026-05-30,2026-06-26
516172,123368,2026-05-30,2026-07-03
516173,123370,2026-05-30,
516174,123372,2026-05-30,2026-07-07
516175,123375,2026-05-30,2026-06-04
516176,123377,2026-05-30,2026-06-20
516177,123378,2026-05-30,2026-06-06
516178,123379,2026-05-30,2026-06-24
516179,123374,2026-05-30,2026-06-01
516180,123382,2026-05-30,2026-07-05
516181,123398,2026-05-30,2026-06-25
516182,123380,2026-05-30,2026-06-13
516183,123396,2026-05-30,
516184,123394,2026-05-30,2026-06-14
516185,123391,2026-05-30,
516186,123393,2026-05-30,2026-05-31
516187,123388,2026-05-30,2026-06-27
516188,123386,2026-05-30,
516189,123384,2026-05-30,2026-06-08
516190,123383,2026-05-30,
516191,123389,2026-05-30,2026-06-04
516192,123400,2026-05-30,2026-06-27
516193,123483,2026-05-31,2026-07-03
516194,123487,2026-05-31,2026-06-12
516195,123485,2026-05-31,2026-06-02
516196,123484,2026-05-31,2026-06-08
516197,123477,2026-05-31,
516198,123480,2026-05-31,2026-06-06
516199,123479,2026-05-31,2026-07-03
516200,123488,2026-05-31,2026-06-13
516201,123482,2026-05-31,
516202,123489,2026-05-31,
516203,123504,2026-05-31,2026-07-03
516204,123491,2026-05-31,2026-07-21
516205,123492,2026-05-31,
516206,123494,2026-05-31,2026-06-04
516207,123495,2026-05-31,2026-07-07
516208,123497,2026-05-31,
516209,123498,2026-05-31,2026-06-07
516210,123500,2026-05-31,
516211,123502,2026-05-31,2026-07-18
516212,123503,2026-05-31,
516213,123476,2026-05-31,2026-06-04
516214,123506,2026-05-31,2026-06-17
516215,123490,2026-05-31,
516216,123475,2026-05-31,2026-06-24
516217,123468,2026-05-31,2026-06-01
516218,123472,2026-05-31,2026-07-17
516219,123473,2026-05-31,2026-06-10
516220,110205,2026-05-31,
516221,107851,2026-05-31,2026-07-21
516222,108520,2026-05-31,2026-06-02
516223,123450,2026-05-31,
516224,123451,2026-05-31,
516225,123452,2026-05-31,2026-06-13
516226,123454,2026-05-31,
516227,123455,2026-05-31,2026-07-10
516228,123449,2026-05-31,2026-06-01
516229,123458,2026-05-31,2026-06-17
516230,123470,2026-05-31,2026-07-01
516231,123457,2026-05-31,2026-06-16
516232,123465,2026-05-31,2026-06-11
516233,123463,2026-05-31,2026-06-19
516234,123466,2026-05-31,
516235,123462,2026-05-31,2026-06-15
516236,123461,2026-05-31,
516237,123459,2026-05-31,
516238,123541,2026-06-01,2026-07-20
516239,123542,2026-06-01,2026-06-18
516240,123556,2026-06-01,2026-06-06
516241,123546,2026-06-01,2026-06-30
516242,123547,2026-06-01,
516243,123549,2026-06-01,2026-06-19
516244,123550,2026-06-01,2026-06-25
516245,123551,2026-06-01,
516246,123552,2026-06-01,2026-06-11
516247,123554,2026-06-01,2026-06-06
516248,123540,2026-06-01,2026-06-02
516249,123558,2026-06-01,2026-06-11
516250,123539,2026-06-01,2026-07-27
516251,123560,2026-06-01,
516252,123561,2026-06-01,
516253,123562,2026-06-01,
516254,123563,2026-06-01,2026-06-16
516255,123565,2026-06-01,2026-06-11
516256,123566,2026-06-01,
516257,123567,2026-06-01,2026-06-06
516258,123575,2026-06-01,
516259,123573,2026-06-01,2026-06-02
516260,123571,2026-06-01,2026-07-14
516261,123569,2026-06-01,2026-07-12
516262,123559,2026-06-01,
516263,123537,2026-06-01,2026-06-25
516264,123544,2026-06-01,
516265,123534,2026-06-01,
516266,123536,2026-06-01,2026-06-04
516267,111489,2026-06-01,2026-06-03
516268,123507,2026-06-01,
516269,123509,2026-06-01,2026-07-28
516270,123510,2026-06-01,2026-07-07
516271,123512,2026-06-01,
516272,123514,2026-06-01,
516273,123515,2026-06-01,
516274,123516,2026-06-01,
516275,123518,2026-06-01,2026-07-11
516276,123508,2026-06-01,2026-07-26
516277,123521,2026-06-01,2026-07-11
516278,123531,2026-06-01,2026-06-10
516279,123519,2026-06-01,
516280,123528,2026-06-01,2026-06-15
516281,123532,2026-06-01,2026-06-04
516282,123530,2026-06-01,2026-08-02
516283,123526,2026-06-01,2026-07-08
516284,123525,2026-06-01,2026-07-11
516285,123523,2026-06-01,2026-07-24
516286,123527,2026-06-01,2026-06-03
516287,123597,2026-06-02,
516288,123604,2026-06-02,
516289,123598,2026-06-02,2026-07-19
516290,123600,2026-06-02,
516291,123602,2026-06-02,
516292,123603,2026-06-02,2026-07-30
516293,123605,2026-06-02,
516294,123611,2026-06-02,
516295,123608,2026-06-02,2026-07-01
516296,123609,2026-06-02,
516297,123613,2026-06-02,
516298,123614,2026-06-02,
516299,123616,2026-06-02,2026-06-09
516300,123617,2026-06-02,
516301,123595,2026-06-02,
516302,123618,2026-06-02,2026-06-05
516303,123606,2026-06-02,2026-06-13
516304,123594,2026-06-02,2026-06-08
516305,123588,2026-06-02,
516306,123591,2026-06-02,
516307,112364,2026-06-02,2026-06-03
516308,104204,2026-06-02,2026-06-24
516309,117537,2026-06-02,2026-08-01
516310,123576,2026-06-02,
516311,123579,2026-06-02,2026-07-11
516312,123578,2026-06-02,2026-06-03
516313,123582,2026-06-02,2026-06-03
516314,123584,2026-06-02,2026-06-03
516315,123585,2026-06-02,2026-07-16
516316,123586,2026-06-02,
516317,123590,2026-06-02,
516318,123581,2026-06-02,
516319,123592,2026-06-02,2026-06-06
516320,123656,2026-06-03,2026-07-20
516321,123660,2026-06-03,2026-06-24
516322,123658,2026-06-03,2026-06-10
516323,123649,2026-06-03,2026-06-09
516324,123653,2026-06-03,2026-08-02
516325,123651,2026-06-03,
516326,123661,2026-06-03,2026-06-14
516327,123654,2026-06-03,
516328,123662,2026-06-03,2026-06-16
516329,123676,2026-06-03,2026-07-13
516330,123665,2026-06-03,2026-06-14
516331,123666,2026-06-03,
516332,123667,2026-06-03,
516333,123668,2026-06-03,2026-07-02
516334,123669,2026-06-03,2026-06-18
516335,123675,2026-06-03,2026-07-08
516336,123673,2026-06-03,
516337,123672,2026-06-03,
516338,123671,2026-06-03,2026-07-27
516339,123664,2026-06-03,2026-06-25
516340,123645,2026-06-03,2026-06-11
516341,123647,2026-06-03,
516342,123642,2026-06-03,2026-06-15
516343,109565,2026-06-03,
516344,123620,2026-06-03,2026-06-09
516345,123621,2026-06-03,
516346,123622,2026-06-03,2026-07-15
516347,123624,2026-06-03,2026-06-15
516348,123626,2026-06-03,2026-06-08
516349,123628,2026-06-03,2026-07-15
516350,123629,2026-06-03,
516351,123644,2026-06-03,
516352,123631,2026-06-03,2026-06-15
516353,123630,2026-06-03,2026-07-15
516354,123638,2026-06-03,2026-07-11
516355,123636,2026-06-03,
516356,123640,2026-06-03,2026-07-12
516357,123634,2026-06-03,
516358,123632,2026-06-03,
516359,123635,2026-06-03,2026-06-23
516360,123703,2026-06-04,
516361,123705,2026-06-04,
516362,123714,2026-06-04,
516363,123707,2026-06-04,
516364,123708,2026-06-04,2026-06-05
516365,123709,2026-06-04,2026-06-23
516366,123710,2026-06-04,
516367,123711,2026-06-04,
516368,123712,2026-06-04,2026-07-13
516369,123715,2026-06-04,
516370,123721,2026-06-04,2026-07-29
516371,123718,2026-06-04,
516372,123720,2026-06-04,2026-06-24
516373,123722,2026-06-04,2026-06-08
516374,123723,2026-06-04,
516375,123725,2026-06-04,
516376,123727,2026-06-04,2026-06-23
516377,123702,2026-06-04,2026-06-05
516378,123731,2026-06-04,
516379,123732,2026-06-04,2026-06-21
516380,123716,2026-06-04,
516381,123729,2026-06-04,
516382,123700,2026-06-04,2026-06-06
516383,123698,2026-06-04,2026-06-06
516384,123699,2026-06-04,
516385,113933,2026-06-04,2026-06-19
516386,108201,2026-06-04,2026-06-15
516387,123678,2026-06-04,
516388,123680,2026-06-04,
516389,123682,2026-06-04,2026-07-08
516390,123684,2026-06-04,2026-07-10
516391,123686,2026-06-04,2026-06-19
516392,111606,2026-06-04,2026-07-27
516393,123688,2026-06-04,
516394,123687,2026-06-04,2026-07-03
516395,123697,2026-06-04,2026-06-05
516396,123693,2026-06-04,2026-07-31
516397,123695,2026-06-04,2026-06-09
516398,123692,2026-06-04,
516399,123691,2026-06-04,2026-06-05
516400,123690,2026-06-04,2026-06-05
516401,123766,2026-06-05,2026-06-18
516402,123767,2026-06-05,
516403,123775,2026-06-05,
516404,123769,2026-06-05,2026-08-01
516405,123794,2026-06-05,2026-07-01
516406,123771,2026-06-05,2026-06-18
516407,123773,2026-06-05,2026-06-08
516408,123764,2026-06-05,2026-06-24
516409,123776,2026-06-05,
516410,123784,2026-06-05,
516411,123780,2026-06-05,2026-06-08
516412,123782,2026-06-05,2026-07-18
516413,123785,2026-06-05,
516414,123786,2026-06-05,2026-06-19
516415,123787,2026-06-05,2026-06-26
516416,123792,2026-06-05,2026-07-07
516417,123763,2026-06-05,2026-06-18
516418,123790,2026-06-05,2026-07-15
516419,123788,2026-06-05,2026-06-10
516420,123778,2026-06-05,
516421,123761,2026-06-05,2026-06-17
516422,123749,2026-06-05,2026-06-06
516423,123759,2026-06-05,2026-06-29
516424,117231,2026-06-05,
516425,123734,2026-06-05,
516426,123736,2026-06-05,2026-07-22
516427,123738,2026-06-05,2026-06-08
516428,123740,2026-06-05,2026-06-12
516429,123741,2026-06-05,2026-06-06
516430,123742,2026-06-05,2026-06-20
516431,123760,2026-06-05,2026-07-13
516432,123745,2026-06-05,
516433,123747,2026-06-05,2026-06-11
516434,123751,2026-06-05,
516435,123753,2026-06-05,
516436,123755,2026-06-05,2026-06-15
516437,123756,2026-06-05,
516438,123758,2026-06-05,2026-06-22
516439,123744,2026-06-05,
516440,123850,2026-06-06,
516441,123849,2026-06-06,2026-06-25
516442,123847,2026-06-06,
516443,123845,2026-06-06,
516444,123843,2026-06-06,2026-07-06
516445,123841,2026-06-06,
516446,123836,2026-06-06,2026-06-14
516447,123838,2026-06-06,2026-06-07
516448,123837,2026-06-06,
516449,123835,2026-06-06,2026-07-04
516450,123834,2026-06-06,
516451,123852,2026-06-06,2026-06-08
516452,123840,2026-06-06,
516453,123854,2026-06-06,2026-07-20
516454,123868,2026-06-06,2026-06-08
516455,123857,2026-06-06,
516456,123859,2026-06-06,2026-07-04
516457,123860,2026-06-06,2026-07-19
516458,123861,2026-06-06,
516459,123863,2026-06-06,2026-06-29
516460,123865,2026-06-06,
516461,123867,2026-06-06,
516462,123833,2026-06-06,2026-06-24
516463,123869,2026-06-06,
516464,123873,2026-06-06,
516465,123874,2026-06-06,2026-06-09
516466,123876,2026-06-06,2026-06-14
516467,123878,2026-06-06,
516468,123879,2026-06-06,2026-07-02
516469,123855,2026-06-06,2026-07-10
516470,123831,2026-06-06,2026-07-20
516471,123871,2026-06-06,2026-06-12
516472,123827,2026-06-06,
516473,115105,2026-06-06,
516474,109891,2026-06-06,2026-06-20
516475,123829,2026-06-06,
516476,119577,2026-06-06,
516477,123796,2026-06-06,
516478,123797,2026-06-06,2026-06-22
516479,123799,2026-06-06,
516480,123801,2026-06-06,2026-07-08
516481,123803,2026-06-06,
516482,123805,2026-06-06,2026-07-05
516483,123807,2026-06-06,
516484,123808,2026-06-06,
516485,123800,2026-06-06,
516486,123810,2026-06-06,
516487,123825,2026-06-06,
516488,123823,2026-06-06,
516489,123809,2026-06-06,2026-06-10
516490,123821,2026-06-06,2026-06-17
516491,123819,2026-06-06,2026-07-10
516492,123818,2026-06-06,2026-06-13
516493,123822,2026-06-06,
516494,123811,2026-06-06,
516495,123815,2026-06-06,
516496,123813,2026-06-06,2026-06-23
516497,123812,2026-06-06,2026-07-17
516498,123817,2026-06-06,
516499,123930,2026-06-07,2026-08-03
516500,123928,2026-06-07,2026-06-22
516501,123926,2026-06-07,2026-06-26
516502,123924,2026-06-07,2026-06-11
516503,123922,2026-06-07,2026-06-23
516504,123931,2026-06-07,2026-06-18
516505,123918,2026-06-07,
516506,123916,2026-06-07,2026-07-08
516507,123914,2026-06-07,2026-06-26
516508,123912,2026-06-07,2026-06-12
516509,123920,2026-06-07,2026-06-18
516510,123933,2026-06-07,2026-06-27
516511,123951,2026-06-07,2026-06-08
516512,123936,2026-06-07,
516513,123938,2026-06-07,2026-07-10
516514,123939,2026-06-07,
516515,123941,2026-06-07,
516516,123942,2026-06-07,
516517,123944,2026-06-07,
516518,123946,2026-06-07,2026-06-10
516519,123948,2026-06-07,
516520,123950,2026-06-07,2026-06-17
516521,123952,2026-06-07,
516522,123953,2026-06-07,
516523,123935,2026-06-07,2026-06-27
516524,123910,2026-06-07,
516525,123907,2026-06-07,
516526,123906,2026-06-07,2026-06-14
516527,123908,2026-06-07,2026-07-17
516528,114645,2026-06-07,2026-06-13
516529,110639,2026-06-07,2026-06-15
516530,123881,2026-06-07,2026-07-25
516531,123882,2026-06-07,2026-06-23
516532,123883,2026-06-07,2026-06-14
516533,123884,2026-06-07,2026-06-16
516534,123886,2026-06-07,2026-07-12
516535,123888,2026-06-07,
516536,121381,2026-06-07,
516537,123891,2026-06-07,
516538,123892,2026-06-07,2026-06-12
516539,123894,2026-06-07,2026-06-08
516540,123896,2026-06-07,
516541,123898,2026-06-07,2026-06-24
516542,123900,2026-06-07,
516543,123890,2026-06-07,
516544,123901,2026-06-07,
516545,123903,2026-06-07,2026-06-08
516546,123905,2026-06-07,
516547,124001,2026-06-08,
516548,124000,2026-06-08,2026-07-10
516549,123999,2026-06-08,2026-06-13
516550,123997,2026-06-08,
516551,123996,2026-06-08,
516552,123994,2026-06-08,2026-07-12
516553,124003,2026-06-08,
516554,123993,2026-06-08,
516555,123992,2026-06-08,
516556,123991,2026-06-08,2026-07-20
516557,123989,2026-06-08,2026-07-16
516558,124025,2026-06-08,2026-06-29
516559,124004,2026-06-08,2026-07-02
516560,124012,2026-06-08,2026-06-25
516561,124008,2026-06-08,
516562,124010,2026-06-08,2026-06-22
516563,124011,2026-06-08,
516564,124013,2026-06-08,2026-06-30
516565,124015,2026-06-08,2026-06-21
516566,124017,2026-06-08,2026-07-17
516567,124019,2026-06-08,2026-07-08
516568,123987,2026-06-08,2026-07-25
516569,124022,2026-06-08,2026-06-17
516570,124023,2026-06-08,
516571,124021,2026-06-08,
516572,124020,2026-06-08,2026-07-31
516573,124006,2026-06-08,2026-07-22
516574,123985,2026-06-08,2026-07-11
516575,123971,2026-06-08,
516576,123981,2026-06-08,
516577,116436,2026-06-08,
516578,110390,2026-06-08,2026-06-15
516579,111594,2026-06-08,2026-06-09
516580,117078,2026-06-08,
516581,117581,2026-06-08,2026-06-09
516582,123955,2026-06-08,2026-07-30
516583,123957,2026-06-08,
516584,123958,2026-06-08,2026-07-16
516585,123960,2026-06-08,
516586,123962,2026-06-08,
516587,123963,2026-06-08,
516588,123983,2026-06-08,2026-06-09
516589,123966,2026-06-08,2026-06-13
516590,123967,2026-06-08,
516591,123968,2026-06-08,
516592,123970,2026-06-08,
516593,123972,2026-06-08,
516594,123973,2026-06-08,2026-07-17
516595,123975,2026-06-08,2026-07-01
516596,123964,2026-06-08,2026-07-12
516597,123976,2026-06-08,
516598,123979,2026-06-08,2026-07-11
516599,123978,2026-06-08,2026-08-03
516600,124068,2026-06-09,2026-06-10
516601,124066,2026-06-09,
516602,124064,2026-06-09,
516603,124062,2026-06-09,2026-07-09
516604,124069,2026-06-09,2026-06-20
516605,124061,2026-06-09,2026-06-15
516606,124060,2026-06-09,
516607,124059,2026-06-09,2026-07-16
516608,124063,2026-06-09,
516609,124070,2026-06-09,2026-07-14
516610,124076,2026-06-09,2026-06-12
516611,124072,2026-06-09,2026-07-25
516612,124073,2026-06-09,2026-07-02
516613,124074,2026-06-09,2026-06-11
516614,124077,2026-06-09,
516615,124078,2026-06-09,
516616,124079,2026-06-09,2026-07-01
516617,124057,2026-06-09,2026-07-03
516618,124083,2026-06-09,2026-06-15
516619,124084,2026-06-09,2026-07-18
516620,124071,2026-06-09,2026-06-24
516621,124055,2026-06-09,
516622,124081,2026-06-09,
516623,124053,2026-06-09,2026-06-11
516624,124054,2026-06-09,
516625,124027,2026-06-09,
516626,124029,2026-06-09,
516627,124032,2026-06-09,2026-06-14
516628,124034,2026-06-09,
516629,124036,2026-06-09,2026-06-22
516630,124037,2026-06-09,2026-06-11
516631,124030,2026-06-09,
516632,124040,2026-06-09,2026-06-12
516633,124042,2026-06-09,2026-06-20
516634,124044,2026-06-09,
516635,124046,2026-06-09,
516636,124047,2026-06-09,2026-06-10
516637,124049,2026-06-09,
516638,124051,2026-06-09,
516639,124039,2026-06-09,2026-06-17
516640,124126,2026-06-10,2026-07-18
516641,124124,2026-06-10,2026-07-12
516642,124123,2026-06-10,2026-06-16
516643,124122,2026-06-10,2026-07-04
516644,124115,2026-06-10,
516645,124119,2026-06-10,2026-07-10
516646,124117,2026-06-10,2026-07-19
516647,124127,2026-06-10,2026-07-11
516648,124120,2026-06-10,2026-06-17
516649,124129,2026-06-10,
516650,124143,2026-06-10,2026-07-18
516651,124132,2026-06-10,2026-07-18
516652,124134,2026-06-10,
516653,124136,2026-06-10,
516654,124138,2026-06-10,
516655,124140,2026-06-10,2026-07-05
516656,124141,2026-06-10,2026-07-27
516657,124112,2026-06-10,
516658,124145,2026-06-10,2026-07-11
516659,124147,2026-06-10,2026-06-22
516660,124149,2026-06-10,2026-06-21
516661,124150,2026-06-10,2026-06-13
516662,124131,2026-06-10,2026-07-08
516663,124110,2026-06-10,
516664,124114,2026-06-10,
516665,124108,2026-06-10,2026-06-13
516666,119064,2026-06-10,2026-07-22
516667,124109,2026-06-10,2026-06-17
516668,119978,2026-06-10,
516669,102686,2026-06-10,2026-06-24
516670,103631,2026-06-10,2026-06-11
516671,114301,2026-06-10,
516672,124086,2026-06-10,
516673,124088,2026-06-10,2026-06-16
516674,124090,2026-06-10,2026-07-25
516675,124092,2026-06-10,2026-06-16
516676,124085,2026-06-10,2026-06-20
516677,124094,2026-06-10,
516678,124095,2026-06-10,2026-06-27
516679,124096,2026-06-10,
516680,124098,2026-06-10,
516681,124100,2026-06-10,2026-06-12
516682,124102,2026-06-10,
516683,124104,2026-06-10,2026-07-08
516684,124105,2026-06-10,
516685,124093,2026-06-10,2026-07-08
516686,124106,2026-06-10,
516687,124107,2026-06-10,2026-06-13
516688,124192,2026-06-11,
516689,124190,2026-06-11,
516690,124189,2026-06-11,2026-06-30
516691,124187,2026-06-11,2026-06-23
516692,124210,2026-06-11,2026-06-17
516693,124184,2026-06-11,
516694,124182,2026-06-11,2026-07-15
516695,124180,2026-06-11,2026-07-09
516696,124193,2026-06-11,2026-07-24
516697,124186,2026-06-11,
516698,124194,2026-06-11,2026-06-18
516699,124208,2026-06-11,
516700,124197,2026-06-11,2026-06-12
516701,124198,2026-06-11,2026-06-13
516702,124199,2026-06-11,
516703,124200,2026-06-11,
516704,124201,2026-06-11,
516705,124202,2026-06-11,
516706,124204,2026-06-11,2026-06-18
516707,124206,2026-06-11,2026-07-01
516708,124179,2026-06-11,2026-06-26
516709,124209,2026-06-11,2026-06-17
516710,124196,2026-06-11,2026-06-18
516711,124178,2026-06-11,
516712,124173,2026-06-11,
516713,124175,2026-06-11,2026-06-25
516714,124177,2026-06-11,2026-06-12
516715,103868,2026-06-11,2026-06-25
516716,124151,2026-06-11,
516717,124153,2026-06-11,2026-07-17
516718,124156,2026-06-11,2026-06-18
516719,124157,2026-06-11,
516720,124158,2026-06-11,
516721,124160,2026-06-11,
516722,124155,2026-06-11,
516723,124162,2026-06-11,2026-06-30
516724,124164,2026-06-11,2026-06-30
516725,124165,2026-06-11,2026-06-18
516726,124166,2026-06-11,2026-06-21
516727,124168,2026-06-11,
516728,124169,2026-06-11,
516729,124161,2026-06-11,2026-06-22
516730,124171,2026-06-11,
516731,124174,2026-06-11,2026-07-22
516732,124252,2026-06-12,
516733,124250,2026-06-12,
516734,124249,2026-06-12,2026-06-26
516735,124248,2026-06-12,
516736,124245,2026-06-12,2026-06-28
516737,124244,2026-06-12,
516738,124242,2026-06-12,2026-07-17
516739,124254,2026-06-12,2026-07-05
516740,124247,2026-06-12,2026-08-02
516741,124256,2026-06-12,
516742,124269,2026-06-12,2026-06-28
516743,124260,2026-06-12,2026-07-12
516744,124262,2026-06-12,2026-06-23
516745,124263,2026-06-12,
516746,124265,2026-06-12,
516747,124267,2026-06-12,
516748,124268,2026-06-12,2026-06-30
516749,124238,2026-06-12,
516750,124271,2026-06-12,
516751,124272,2026-06-12,
516752,124274,2026-06-12,2026-07-17
516753,124258,2026-06-12,2026-07-10
516754,124237,2026-06-12,
516755,124240,2026-06-12,
516756,124233,2026-06-12,2026-06-26
516757,124235,2026-06-12,2026-07-12
516758,110701,2026-06-12,
516759,113368,2026-06-12,2026-06-24
516760,124211,2026-06-12,2026-06-29
516761,124212,2026-06-12,
516762,124214,2026-06-12,2026-06-13
516763,124216,2026-06-12,
516764,124218,2026-06-12,2026-06-24
516765,124219,2026-06-12,
516766,124220,2026-06-12,2026-06-30
516767,117112,2026-06-12,
516768,124222,2026-06-12,
516769,124223,2026-06-12,2026-07-15
516770,124225,2026-06-12,
516771,124227,2026-06-12,2026-07-06
516772,124228,2026-06-12,2026-06-18
516773,124229,2026-06-12,2026-06-16
516774,124221,2026-06-12,2026-07-03
516775,124231,2026-06-12,2026-07-11
516776,124232,2026-06-12,2026-07-01
516777,124326,2026-06-13,2026-06-19
516778,124325,2026-06-13,
516779,124324,2026-06-13,2026-07-20
516780,124322,2026-06-13,2026-07-19
516781,124317,2026-06-13,2026-06-14
516782,124319,2026-06-13,
516783,124328,2026-06-13,
516784,124316,2026-06-13,
516785,124315,2026-06-13,
516786,124313,2026-06-13,
516787,124321,2026-06-13,2026-06-24
516788,124329,2026-06-13,2026-07-01
516789,124337,2026-06-13,2026-06-16
516790,124333,2026-06-13,
516791,124334,2026-06-13,2026-06-19
516792,124336,2026-06-13,2026-06-28
516793,124338,2026-06-13,
516794,124339,2026-06-13,2026-07-12
516795,124340,2026-06-13,
516796,124342,2026-06-13,
516797,124343,2026-06-13,
516798,124348,2026-06-13,
516799,124312,2026-06-13,
516800,124346,2026-06-13,2026-06-18
516801,124345,2026-06-13,2026-06-30
516802,124331,2026-06-13,
516803,124310,2026-06-13,
516804,124276,2026-06-13,
516805,124307,2026-06-13,2026-06-26
516806,124308,2026-06-13,
516807,124277,2026-06-13,
516808,124279,2026-06-13,
516809,124281,2026-06-13,2026-06-21
516810,124284,2026-06-13,2026-06-17
516811,124286,2026-06-13,2026-06-25
516812,124288,2026-06-13,2026-07-01
516813,124290,2026-06-13,2026-07-08
516814,124291,2026-06-13,2026-07-25
516815,124283,2026-06-13,
516816,124294,2026-06-13,2026-06-29
516817,124295,2026-06-13,
516818,124296,2026-06-13,
516819,124298,2026-06-13,2026-07-21
516820,124300,2026-06-13,2026-06-30
516821,124301,2026-06-13,2026-07-05
516822,124303,2026-06-13,
516823,124304,2026-06-13,2026-06-14
516824,124292,2026-06-13,
516825,124305,2026-06-13,
516826,124395,2026-06-14,2026-07-12
516827,124394,2026-06-14,
516828,124392,2026-06-14,
516829,124390,2026-06-14,
516830,124388,2026-06-14,2026-06-25
516831,124382,2026-06-14,
516832,124385,2026-06-14,2026-07-25
516833,124383,2026-06-14,2026-06-29
516834,124380,2026-06-14,
516835,124397,2026-06-14,
516836,124386,2026-06-14,
516837,124399,2026-06-14,
516838,124414,2026-06-14,2026-06-21
516839,124402,2026-06-14,2026-06-17
516840,124403,2026-06-14,
516841,124405,2026-06-14,2026-06-26
516842,124406,2026-06-14,
516843,124408,2026-06-14,
516844,124410,2026-06-14,2026-06-30
516845,124418,2026-06-14,2026-06-28
516846,124416,2026-06-14,2026-07-06
516847,124413,2026-06-14,
516848,124412,2026-06-14,2026-06-26
516849,124379,2026-06-14,
516850,124400,2026-06-14,2026-07-05
516851,124377,2026-06-14,2026-06-26
516852,124370,2026-06-14,2026-07-11
516853,124374,2026-06-14,
516854,111327,2026-06-14,
516855,112057,2026-06-14,
516856,124350,2026-06-14,2026-07-03
516857,124351,2026-06-14,
516858,124353,2026-06-14,
516859,124355,2026-06-14,
516860,124356,2026-06-14,2026-06-15
516861,124358,2026-06-14,2026-08-03
516862,124359,2026-06-14,2026-06-26
516863,107252,2026-06-14,2026-07-24
516864,124361,2026-06-14,
516865,124363,2026-06-14,
516866,124365,2026-06-14,2026-06-20
516867,124366,2026-06-14,
516868,124368,2026-06-14,2026-06-27
516869,124375,2026-06-14,
516870,124360,2026-06-14,
516871,124372,2026-06-14,2026-07-08
516872,124371,2026-06-14,2026-06-24
516873,124452,2026-06-15,2026-06-16
516874,124450,2026-06-15,2026-07-02
516875,124447,2026-06-15,2026-06-25
516876,124448,2026-06-15,
516877,124454,2026-06-15,2026-07-17
516878,124446,2026-06-15,
516879,124444,2026-06-15,2026-07-02
516880,124449,2026-06-15,
516881,124456,2026-06-15,2026-06-20
516882,124462,2026-06-15,
516883,124459,2026-06-15,2026-07-13
516884,124460,2026-06-15,2026-06-21
516885,124464,2026-06-15,2026-06-27
516886,124465,2026-06-15,2026-07-20
516887,124466,2026-06-15,2026-07-09
516888,124443,2026-06-15,
516889,124468,2026-06-15,2026-06-20
516890,124470,2026-06-15,2026-06-17
516891,124458,2026-06-15,2026-06-26
516892,124442,2026-06-15,
516893,124439,2026-06-15,
516894,124422,2026-06-15,
516895,111425,2026-06-15,
516896,124440,2026-06-15,2026-06-16
516897,124420,2026-06-15,
516898,124421,2026-06-15,
516899,114572,2026-06-15,
516900,124424,2026-06-15,
516901,110076,2026-06-15,2026-07-11
516902,124426,2026-06-15,2026-06-24
516903,124430,2026-06-15,2026-06-19
516904,124432,2026-06-15,
516905,124433,2026-06-15,
516906,124435,2026-06-15,
516907,124436,2026-06-15,
516908,124438,2026-06-15,2026-06-21
516909,124428,2026-06-15,2026-06-21
516910,105848,2026-06-15,
516911,124497,2026-06-16,2026-07-26
516912,124508,2026-06-16,2026-07-26
516913,124506,2026-06-16,2026-06-23
516914,124505,2026-06-16,
516915,124499,2026-06-16,2026-06-23
516916,124502,2026-06-16,2026-06-27
516917,124500,2026-06-16,
516918,124510,2026-06-16,2026-06-18
516919,124504,2026-06-16,2026-06-23
516920,124512,2026-06-16,
516921,124525,2026-06-16,2026-07-03
516922,124515,2026-06-16,
516923,124516,2026-06-16,2026-06-27
516924,124526,2026-06-16,
516925,124517,2026-06-16,2026-07-13
516926,124519,2026-06-16,2026-07-22
516927,124520,2026-06-16,2026-07-08
516928,124524,2026-06-16,
516929,124522,2026-06-16,
516930,124514,2026-06-16,2026-06-18
516931,124495,2026-06-16,2026-06-24
516932,124473,2026-06-16,2026-07-04
516933,124491,2026-06-16,2026-06-20
516934,113060,2026-06-16,2026-06-17
516935,124472,2026-06-16,
516936,124474,2026-06-16,
516937,124475,2026-06-16,
516938,124493,2026-06-16,2026-06-24
516939,124478,2026-06-16,2026-06-24
516940,124479,2026-06-16,
516941,124477,2026-06-16,
516942,124481,2026-06-16,2026-06-17
516943,124483,2026-06-16,
516944,124485,2026-06-16,2026-06-21
516945,124486,2026-06-16,2026-07-04
516946,124487,2026-06-16,2026-06-27
516947,124488,2026-06-16,
516948,124489,2026-06-16,
516949,124480,2026-06-16,2026-06-17
516950,124592,2026-06-17,2026-06-22
516951,124590,2026-06-17,2026-06-24
516952,124588,2026-06-17,2026-06-20
516953,124587,2026-06-17,
516954,124585,2026-06-17,2026-06-19
516955,124583,2026-06-17,2026-07-18
516956,124572,2026-06-17,2026-06-25
516957,124579,2026-06-17,
516958,124578,2026-06-17,
516959,124576,2026-06-17,
516960,124574,2026-06-17,2026-06-18
516961,124573,2026-06-17,
516962,124593,2026-06-17,2026-08-02
516963,124581,2026-06-17,
516964,124594,2026-06-17,
516965,124610,2026-06-17,
516966,124598,2026-06-17,
516967,124617,2026-06-17,2026-07-01
516968,124619,2026-06-17,
516969,124621,2026-06-17,2026-06-20
516970,124622,2026-06-17,
516971,124570,2026-06-17,
516972,124615,2026-06-17,2026-07-20
516973,124596,2026-06-17,2026-06-18
516974,124613,2026-06-17,2026-06-19
516975,124608,2026-06-17,2026-07-15
516976,124606,2026-06-17,
516977,124605,2026-06-17,
516978,124604,2026-06-17,
516979,124601,2026-06-17,
516980,124600,2026-06-17,2026-07-11
516981,124612,2026-06-17,
516982,124568,2026-06-17,
516983,124603,2026-06-17,2026-06-23
516984,124565,2026-06-17,
516985,113989,2026-06-17,2026-06-23
516986,118923,2026-06-17,
516987,124528,2026-06-17,
516988,124531,2026-06-17,2026-06-24
516989,124532,2026-06-17,
516990,124534,2026-06-17,
516991,124535,2026-06-17,
516992,124537,2026-06-17,
516993,124567,2026-06-17,
516994,124538,2026-06-17,2026-06-23
516995,124539,2026-06-17,2026-07-12
516996,124541,2026-06-17,
516997,124542,2026-06-17,2026-07-20
516998,124544,2026-06-17,2026-06-25
516999,124529,2026-06-17,
517000,124547,2026-06-17,
517001,124545,2026-06-17,2026-06-18
517002,124564,2026-06-17,
517003,124563,2026-06-17,
517004,124561,2026-06-17,
517005,124560,2026-06-17,
517006,124559,2026-06-17,2026-06-30
517007,124562,2026-06-17,
517008,124555,2026-06-17,2026-06-20
517009,124553,2026-06-17,
517010,124551,2026-06-17,
517011,124550,2026-06-17,2026-06-22
517012,124548,2026-06-17,2026-06-30
517013,124557,2026-06-17,
517014,124660,2026-06-18,
517015,124673,2026-06-18,
517016,124661,2026-06-18,
517017,124663,2026-06-18,2026-06-19
517018,124665,2026-06-18,2026-07-14
517019,124667,2026-06-18,2026-06-19
517020,124668,2026-06-18,
517021,124670,2026-06-18,2026-06-21
517022,124672,2026-06-18,
517023,124675,2026-06-18,2026-07-17
517024,124687,2026-06-18,
517025,124678,2026-06-18,2026-07-08
517026,124680,2026-06-18,2026-08-03
517027,124681,2026-06-18,2026-06-25
517028,124683,2026-06-18,2026-06-19
517029,124685,2026-06-18,
517030,124690,2026-06-18,2026-06-28
517031,124691,2026-06-18,2026-08-03
517032,124692,2026-06-18,
517033,124694,2026-06-18,
517034,124658,2026-06-18,2026-07-08
517035,124677,2026-06-18,
517036,124656,2026-06-18,2026-06-25
517037,124688,2026-06-18,2026-06-21
517038,124652,2026-06-18,2026-06-29
517039,124654,2026-06-18,
517040,124624,2026-06-18,2026-08-03
517041,124625,2026-06-18,
517042,124627,2026-06-18,
517043,124629,2026-06-18,2026-06-25
517044,124630,2026-06-18,
517045,124631,2026-06-18,2026-06-19
517046,124633,2026-06-18,
517047,124634,2026-06-18,2026-07-02
517048,109805,2026-06-18,2026-06-30
517049,124637,2026-06-18,2026-06-28
517050,124639,2026-06-18,2026-06-21
517051,124641,2026-06-18,2026-06-26
517052,124643,2026-06-18,2026-06-26
517053,124645,2026-06-18,
517054,124647,2026-06-18,2026-06-20
517055,124649,2026-06-18,
517056,124636,2026-06-18,
517057,124651,2026-06-18,
517058,124736,2026-06-19,
517059,124735,2026-06-19,2026-07-06
517060,124733,2026-06-19,
517061,124728,2026-06-19,
517062,124729,2026-06-19,
517063,124738,2026-06-19,
517064,124727,2026-06-19,
517065,124726,2026-06-19,2026-07-22
517066,124731,2026-06-19,2026-06-20
517067,124740,2026-06-19,2026-06-20
517068,124746,2026-06-19,
517069,124743,2026-06-19,
517070,124744,2026-06-19,
517071,124745,2026-06-19,
517072,124748,2026-06-19,
517073,124750,2026-06-19,2026-06-29
517074,124751,2026-06-19,2026-07-08
517075,124753,2026-06-19,2026-07-23
517076,124755,2026-06-19,
517077,124756,2026-06-19,2026-07-21
517078,124758,2026-06-19,2026-07-07
517079,124742,2026-06-19,
517080,124723,2026-06-19,2026-07-26
517081,124724,2026-06-19,2026-06-20
517082,124719,2026-06-19,2026-07-21
517083,124721,2026-06-19,
517084,100921,2026-06-19,
517085,106373,2026-06-19,2026-06-27
517086,119667,2026-06-19,
517087,124695,2026-06-19,2026-07-02
517088,124697,2026-06-19,2026-07-28
517089,124699,2026-06-19,
517090,124700,2026-06-19,
517091,124701,2026-06-19,
517092,124702,2026-06-19,
517093,124696,2026-06-19,2026-07-23
517094,124705,2026-06-19,
517095,124717,2026-06-19,2026-06-20
517096,124704,2026-06-19,
517097,124714,2026-06-19,2026-08-03
517098,124712,2026-06-19,
517099,124715,2026-06-19,
517100,124709,2026-06-19,
517101,124708,2026-06-19,2026-06-25
517102,124706,2026-06-19,
517103,124711,2026-06-19,
517104,124809,2026-06-20,2026-07-07
517105,124795,2026-06-20,2026-06-27
517106,124796,2026-06-20,2026-06-22
517107,124798,2026-06-20,2026-06-29
517108,124800,2026-06-20,2026-08-01
517109,124801,2026-06-20,
517110,124802,2026-06-20,
517111,124803,2026-06-20,
517112,124832,2026-06-20,
517113,124807,2026-06-20,2026-06-28
517114,124810,2026-06-20,
517115,124794,2026-06-20,
517116,124813,2026-06-20,
517117,124815,2026-06-20,2026-06-28
517118,124817,2026-06-20,2026-07-06
517119,124818,2026-06-20,
517120,124820,2026-06-20,
517121,124821,2026-06-20,2026-06-28
517122,124823,2026-06-20,2026-07-07
517123,124825,2026-06-20,2026-06-29
517124,124827,2026-06-20,
517125,124830,2026-06-20,2026-07-03
517126,124829,2026-06-20,2026-06-29
517127,124811,2026-06-20,2026-07-05
517128,124792,2026-06-20,2026-06-22
517129,124805,2026-06-20,
517130,124790,2026-06-20,
517131,124791,2026-06-20,2026-06-23
517132,115358,2026-06-20,
517133,108618,2026-06-20,2026-06-25
517134,124759,2026-06-20,2026-06-27
517135,124763,2026-06-20,2026-06-23
517136,124765,2026-06-20,2026-06-29
517137,124766,2026-06-20,2026-07-01
517138,124767,2026-06-20,
517139,124768,2026-06-20,
517140,124770,2026-06-20,2026-07-19
517141,124772,2026-06-20,2026-06-26
517142,124761,2026-06-20,
517143,124775,2026-06-20,
517144,124773,2026-06-20,2026-07-30
517145,124789,2026-06-20,2026-07-05
517146,124787,2026-06-20,2026-06-30
517147,124786,2026-06-20,2026-07-25
517148,124783,2026-06-20,
517149,124784,2026-06-20,
517150,124781,2026-06-20,
517151,124780,2026-06-20,2026-06-26
517152,124778,2026-06-20,2026-06-24
517153,124777,2026-06-20,2026-06-25
517154,124782,2026-06-20,
517155,124903,2026-06-21,
517156,124897,2026-06-21,2026-07-26
517157,124902,2026-06-21,2026-07-15
517158,124901,2026-06-21,
517159,124899,2026-06-21,2026-07-24
517160,124895,2026-06-21,
517161,124886,2026-06-21,
517162,124892,2026-06-21,
517163,124890,2026-06-21,
517164,124888,2026-06-21,2026-06-26
517165,124887,2026-06-21,
517166,124884,2026-06-21,2026-08-03
517167,124883,2026-06-21,2026-07-18
517168,124905,2026-06-21,
517169,124893,2026-06-21,
517170,124906,2026-06-21,2026-08-02
517171,124925,2026-06-21,
517172,124909,2026-06-21,
517173,124933,2026-06-21,
517174,124931,2026-06-21,2026-06-25
517175,124930,2026-06-21,
517176,124928,2026-06-21,
517177,124927,2026-06-21,2026-06-26
517178,124882,2026-06-21,
517179,124907,2026-06-21,2026-06-22
517180,124924,2026-06-21,
517181,124921,2026-06-21,2026-07-02
517182,124920,2026-06-21,
517183,124918,2026-06-21,
517184,124916,2026-06-21,2026-07-22
517185,124912,2026-06-21,2026-07-15
517186,124911,2026-06-21,
517187,124922,2026-06-21,2026-07-07
517188,124880,2026-06-21,
517189,124914,2026-06-21,2026-06-22
517190,124877,2026-06-21,2026-07-07
517191,124850,2026-06-21,
517192,124848,2026-06-21,2026-06-30
517193,124847,2026-06-21,
517194,124845,2026-06-21,
517195,124844,2026-06-21,2026-07-07
517196,124842,2026-06-21,2026-06-28
517197,124851,2026-06-21,
517198,124840,2026-06-21,
517199,124838,2026-06-21,
517200,124836,2026-06-21,
517201,124835,2026-06-21,
517202,124833,2026-06-21,
517203,111926,2026-06-21,2026-07-06
517204,124879,2026-06-21,
517205,124839,2026-06-21,2026-07-18
517206,124852,2026-06-21,
517207,124837,2026-06-21,2026-07-01
517208,124855,2026-06-21,
517209,124854,2026-06-21,2026-06-22
517210,124873,2026-06-21,2026-06-24
517211,124875,2026-06-21,2026-06-22
517212,124872,2026-06-21,
517213,124868,2026-06-21,2026-07-09
517214,124866,2026-06-21,2026-08-03
517215,124865,2026-06-21,
517216,124870,2026-06-21,
517217,124863,2026-06-21,2026-07-31
517218,124862,2026-06-21,2026-06-29
517219,124861,2026-06-21,
517220,124860,2026-06-21,2026-06-24
517221,124859,2026-06-21,
517222,124864,2026-06-21,2026-07-02
517223,124857,2026-06-21,2026-07-09
517224,124980,2026-06-22,
517225,124978,2026-06-22,2026-06-30
517226,124977,2026-06-22,2026-07-18
517227,124976,2026-06-22,2026-07-21
517228,124973,2026-06-22,
517229,124971,2026-06-22,
517230,124981,2026-06-22,
517231,124970,2026-06-22,2026-06-30
517232,124975,2026-06-22,
517233,124983,2026-06-22,
517234,124996,2026-06-22,2026-07-01
517235,124987,2026-06-22,
517236,124989,2026-06-22,
517237,124991,2026-06-22,2026-06-29
517238,124993,2026-06-22,
517239,124994,2026-06-22,
517240,124997,2026-06-22,2026-07-21
517241,124998,2026-06-22,2026-06-23
517242,125000,2026-06-22,
517243,125002,2026-06-22,
517244,124968,2026-06-22,2026-07-10
517245,124985,2026-06-22,2026-07-22
517246,124967,2026-06-22,
517247,124960,2026-06-22,2026-07-06
517248,124964,2026-06-22,2026-06-25
517249,124965,2026-06-22,2026-06-27
517250,122053,2026-06-22,2026-07-21
517251,113200,2026-06-22,
517252,124935,2026-06-22,
517253,124936,2026-06-22,
517254,124939,2026-06-22,
517255,124940,2026-06-22,
517256,124941,2026-06-22,
517257,124943,2026-06-22,2026-07-01
517258,124945,2026-06-22,2026-06-29
517259,124937,2026-06-22,2026-07-04
517260,124948,2026-06-22,
517261,124950,2026-06-22,2026-07-01
517262,124952,2026-06-22,
517263,124953,2026-06-22,2026-06-27
517264,124954,2026-06-22,
517265,124956,2026-06-22,2026-07-15
517266,124958,2026-06-22,2026-07-20
517267,124961,2026-06-22,2026-07-12
517268,124947,2026-06-22,
517269,124962,2026-06-22,2026-07-09
517270,125056,2026-06-23,
517271,125055,2026-06-23,
517272,125054,2026-06-23,2026-07-20
517273,125052,2026-06-23,2026-07-30
517274,125050,2026-06-23,2026-06-27
517275,125043,2026-06-23,2026-07-17
517276,125046,2026-06-23,2026-07-09
517277,125044,2026-06-23,2026-07-24
517278,125041,2026-06-23,
517279,125057,2026-06-23,
517280,125048,2026-06-23,2026-07-12
517281,125059,2026-06-23,
517282,125077,2026-06-23,
517283,125064,2026-06-23,
517284,125065,2026-06-23,
517285,125067,2026-06-23,
517286,125068,2026-06-23,
517287,125070,2026-06-23,2026-07-14
517288,125071,2026-06-23,2026-07-17
517289,125072,2026-06-23,
517290,125074,2026-06-23,2026-07-26
517291,125075,2026-06-23,2026-07-09
517292,125078,2026-06-23,
517293,125039,2026-06-23,2026-06-24
517294,125061,2026-06-23,2026-06-24
517295,125037,2026-06-23,
517296,125063,2026-06-23,
517297,125033,2026-06-23,2026-07-06
517298,125003,2026-06-23,2026-07-03
517299,125007,2026-06-23,2026-08-01
517300,125008,2026-06-23,
517301,125009,2026-06-23,
517302,125010,2026-06-23,
517303,125011,2026-06-23,2026-07-03
517304,125035,2026-06-23,2026-06-30
517305,125012,2026-06-23,2026-06-26
517306,125013,2026-06-23,
517307,125015,2026-06-23,2026-07-17
517308,125005,2026-06-23,
517309,125018,2026-06-23,
517310,125020,2026-06-23,2026-07-09
517311,125022,2026-06-23,2026-07-26
517312,125024,2026-06-23,2026-06-29
517313,125026,2026-06-23,2026-07-25
517314,125027,2026-06-23,
517315,125028,2026-06-23,2026-07-18
517316,125029,2026-06-23,
517317,125031,2026-06-23,2026-06-30
517318,125032,2026-06-23,
517319,125017,2026-06-23,
517320,125110,2026-06-24,
517321,125109,2026-06-24,
517322,125107,2026-06-24,2026-07-06
517323,125102,2026-06-24,
517324,125104,2026-06-24,2026-06-27
517325,125103,2026-06-24,
517326,125112,2026-06-24,2026-07-03
517327,125105,2026-06-24,
517328,125114,2026-06-24,2026-06-25
517329,125122,2026-06-24,
517330,125117,2026-06-24,2026-07-31
517331,125119,2026-06-24,
517332,125121,2026-06-24,
517333,125123,2026-06-24,
517334,125124,2026-06-24,
517335,125125,2026-06-24,2026-07-05
517336,125127,2026-06-24,2026-06-27
517337,125100,2026-06-24,2026-07-11
517338,125115,2026-06-24,2026-08-03
517339,125099,2026-06-24,
517340,125095,2026-06-24,
517341,119457,2026-06-24,2026-08-02
517342,106962,2026-06-24,
517343,125080,2026-06-24,
517344,125082,2026-06-24,2026-06-29
517345,119288,2026-06-24,2026-07-07
517346,125085,2026-06-24,2026-08-02
517347,125084,2026-06-24,
517348,125088,2026-06-24,2026-07-10
517349,125090,2026-06-24,
517350,125091,2026-06-24,
517351,125092,2026-06-24,2026-06-25
517352,125093,2026-06-24,2026-06-29
517353,125087,2026-06-24,
517354,125097,2026-06-24,
517355,125178,2026-06-25,
517356,125176,2026-06-25,
517357,125175,2026-06-25,
517358,125173,2026-06-25,2026-07-26
517359,125163,2026-06-25,2026-07-20
517360,125171,2026-06-25,2026-06-28
517361,125170,2026-06-25,
517362,125167,2026-06-25,
517363,125180,2026-06-25,2026-07-10
517364,125165,2026-06-25,2026-06-26
517365,125172,2026-06-25,
517366,125181,2026-06-25,
517367,125192,2026-06-25,2026-08-01
517368,125183,2026-06-25,2026-06-27
517369,125184,2026-06-25,2026-07-05
517370,125186,2026-06-25,
517371,125188,2026-06-25,2026-07-21
517372,125189,2026-06-25,
517373,125190,2026-06-25,
517374,125199,2026-06-25,2026-07-15
517375,125197,2026-06-25,2026-07-11
517376,125196,2026-06-25,2026-06-29
517377,125195,2026-06-25,
517378,125194,2026-06-25,
517379,125182,2026-06-25,2026-07-15
517380,125161,2026-06-25,2026-06-28
517381,125169,2026-06-25,2026-07-08
517382,125159,2026-06-25,2026-07-14
517383,122333,2026-06-25,
517384,120615,2026-06-25,
517385,108514,2026-06-25,
517386,125129,2026-06-25,2026-07-16
517387,125131,2026-06-25,2026-07-12
517388,125133,2026-06-25,2026-07-09
517389,125134,2026-06-25,2026-07-01
517390,125136,2026-06-25,2026-07-02
517391,125138,2026-06-25,
517392,125139,2026-06-25,
517393,125141,2026-06-25,2026-07-02
517394,125160,2026-06-25,2026-06-30
517395,125144,2026-06-25,
517396,125146,2026-06-25,2026-07-05
517397,125147,2026-06-25,2026-07-23
517398,125148,2026-06-25,
517399,125150,2026-06-25,
517400,125152,2026-06-25,
517401,125153,2026-06-25,2026-06-28
517402,125142,2026-06-25,
517403,125154,2026-06-25,2026-07-18
517404,125155,2026-06-25,
517405,125157,2026-06-25,2026-06-26
517406,125240,2026-06-26,2026-07-20
517407,125238,2026-06-26,
517408,125236,2026-06-26,
517409,125232,2026-06-26,2026-06-27
517410,125241,2026-06-26,
517411,125231,2026-06-26,2026-07-21
517412,125230,2026-06-26,2026-07-09
517413,125229,2026-06-26,2026-07-13
517414,125234,2026-06-26,
517415,125243,2026-06-26,
517416,125252,2026-06-26,2026-07-18
517417,125247,2026-06-26,
517418,125248,2026-06-26,2026-07-09
517419,125250,2026-06-26,
517420,125251,2026-06-26,2026-07-02
517421,125253,2026-06-26,2026-07-01
517422,125254,2026-06-26,
517423,125228,2026-06-26,
517424,125258,2026-06-26,
517425,125260,2026-06-26,
517426,125261,2026-06-26,2026-07-18
517427,125245,2026-06-26,2026-07-03
517428,125256,2026-06-26,
517429,125226,2026-06-26,2026-06-28
517430,125224,2026-06-26,
517431,125225,2026-06-26,
517432,121727,2026-06-26,2026-07-02
517433,125202,2026-06-26,
517434,125203,2026-06-26,2026-06-30
517435,125205,2026-06-26,2026-07-30
517436,125206,2026-06-26,2026-07-16
517437,125207,2026-06-26,
517438,125208,2026-06-26,
517439,125200,2026-06-26,
517440,125212,2026-06-26,2026-07-11
517441,125214,2026-06-26,
517442,125215,2026-06-26,2026-06-30
517443,125217,2026-06-26,
517444,125219,2026-06-26,2026-07-10
517445,125221,2026-06-26,2026-06-27
517446,125210,2026-06-26,
517447,125223,2026-06-26,2026-07-01
517448,125317,2026-06-27,
517449,125316,2026-06-27,
517450,125314,2026-06-27,
517451,125312,2026-06-27,2026-07-12
517452,125311,2026-06-27,
517453,125307,2026-06-27,2026-07-30
517454,125309,2026-06-27,2026-06-28
517455,125305,2026-06-27,
517456,125304,2026-06-27,2026-07-02
517457,125302,2026-06-27,
517458,125318,2026-06-27,
517459,125310,2026-06-27,
517460,125320,2026-06-27,
517461,125333,2026-06-27,2026-07-30
517462,125322,2026-06-27,
517463,125323,2026-06-27,
517464,125324,2026-06-27,2026-07-01
517465,125326,2026-06-27,
517466,125328,2026-06-27,2026-07-04
517467,125330,2026-06-27,
517468,125332,2026-06-27,
517469,125301,2026-06-27,2026-07-07
517470,125338,2026-06-27,2026-07-04
517471,125340,2026-06-27,
517472,125337,2026-06-27,
517473,125335,2026-06-27,
517474,125321,2026-06-27,2026-07-01
517475,125300,2026-06-27,
517476,125272,2026-06-27,2026-07-05
517477,125297,2026-06-27,2026-07-01
517478,125299,2026-06-27,
517479,104184,2026-06-27,2026-07-04
517480,125262,2026-06-27,2026-06-30
517481,125263,2026-06-27,2026-07-01
517482,125264,2026-06-27,2026-06-28
517483,125266,2026-06-27,2026-07-01
517484,125270,2026-06-27,
517485,125274,2026-06-27,
517486,125275,2026-06-27,2026-07-08
517487,125276,2026-06-27,
517488,125277,2026-06-27,2026-07-20
517489,125268,2026-06-27,
517490,125281,2026-06-27,2026-08-02
517491,125282,2026-06-27,
517492,125284,2026-06-27,
517493,125285,2026-06-27,2026-07-06
517494,125287,2026-06-27,2026-07-15
517495,125289,2026-06-27,2026-07-09
517496,125290,2026-06-27,
517497,125292,2026-06-27,2026-07-01
517498,125279,2026-06-27,2026-07-08
517499,125295,2026-06-27,
517500,125293,2026-06-27,
517501,125393,2026-06-28,
517502,125391,2026-06-28,2026-07-14
517503,125389,2026-06-28,2026-06-30
517504,125387,2026-06-28,
517505,125385,2026-06-28,
517506,125378,2026-06-28,
517507,125381,2026-06-28,2026-07-01
517508,125379,2026-06-28,
517509,125376,2026-06-28,
517510,125395,2026-06-28,
517511,125374,2026-06-28,2026-07-14
517512,125383,2026-06-28,
517513,125396,2026-06-28,
517514,125411,2026-06-28,
517515,125400,2026-06-28,
517516,125401,2026-06-28,2026-07-26
517517,125402,2026-06-28,2026-08-02
517518,125403,2026-06-28,2026-06-29
517519,125407,2026-06-28,
517520,125408,2026-06-28,
517521,125409,2026-06-28,2026-07-30
517522,125410,2026-06-28,
517523,125373,2026-06-28,
517524,125413,2026-06-28,2026-07-19
517525,125414,2026-06-28,2026-07-16
517526,125415,2026-06-28,
517527,125398,2026-06-28,2026-07-02
517528,125372,2026-06-28,
517529,125405,2026-06-28,
517530,125368,2026-06-28,
517531,116030,2026-06-28,2026-08-01
517532,107326,2026-06-28,
517533,118699,2026-06-28,
517534,125370,2026-06-28,
517535,120072,2026-06-28,
517536,125341,2026-06-28,
517537,125342,2026-06-28,
517538,125343,2026-06-28,
517539,125345,2026-06-28,
517540,125346,2026-06-28,2026-06-30
517541,125348,2026-06-28,
517542,125344,2026-06-28,
517543,125351,2026-06-28,
517544,125353,2026-06-28,
517545,125355,2026-06-28,2026-07-09
517546,125356,2026-06-28,
517547,125358,2026-06-28,
517548,125360,2026-06-28,
517549,125362,2026-06-28,
517550,125363,2026-06-28,
517551,125349,2026-06-28,
517552,125365,2026-06-28,
517553,125366,2026-06-28,2026-07-27
517554,125367,2026-06-28,2026-07-09
517555,125448,2026-06-29,2026-07-22
517556,125447,2026-06-29,
517557,125446,2026-06-29,2026-07-30
517558,125441,2026-06-29,2026-07-03
517559,125443,2026-06-29,2026-07-26
517560,125449,2026-06-29,2026-07-20
517561,125444,2026-06-29,
517562,125450,2026-06-29,2026-07-07
517563,125460,2026-06-29,
517564,125452,2026-06-29,
517565,125453,2026-06-29,2026-07-03
517566,125454,2026-06-29,
517567,125456,2026-06-29,2026-07-07
517568,125457,2026-06-29,2026-06-30
517569,125458,2026-06-29,2026-08-01
517570,125459,2026-06-29,
517571,125451,2026-06-29,2026-07-02
517572,125439,2026-06-29,2026-07-19
517573,125440,2026-06-29,
517574,125436,2026-06-29,2026-07-03
517575,116155,2026-06-29,2026-06-30
517576,125416,2026-06-29,2026-07-02
517577,125418,2026-06-29,2026-07-25
517578,125420,2026-06-29,2026-07-09
517579,125438,2026-06-29,
517580,125423,2026-06-29,2026-07-19
517581,125424,2026-06-29,
517582,125422,2026-06-29,
517583,125428,2026-06-29,
517584,125429,2026-06-29,
517585,125430,2026-06-29,2026-07-05
517586,125431,2026-06-29,
517587,125432,2026-06-29,
517588,125434,2026-06-29,
517589,125426,2026-06-29,
517590,125520,2026-06-30,2026-07-05
517591,125519,2026-06-30,
517592,125517,2026-06-30,
517593,125516,2026-06-30,2026-07-27
517594,125515,2026-06-30,2026-07-15
517595,125514,2026-06-30,
517596,125504,2026-06-30,
517597,125511,2026-06-30,
517598,125509,2026-06-30,2026-07-08
517599,125507,2026-06-30,2026-07-08
517600,125506,2026-06-30,2026-07-15
517601,125522,2026-06-30,
517602,125503,2026-06-30,
517603,125513,2026-06-30,
517604,125523,2026-06-30,2026-07-03
517605,125533,2026-06-30,
517606,125524,2026-06-30,
517607,125525,2026-06-30,
517608,125527,2026-06-30,
517609,125528,2026-06-30,
517610,125530,2026-06-30,
517611,125531,2026-06-30,
517612,125535,2026-06-30,
517613,125537,2026-06-30,
517614,125539,2026-06-30,2026-07-20
517615,125541,2026-06-30,2026-07-09
517616,125545,2026-06-30,2026-07-04
517617,125546,2026-06-30,
517618,125501,2026-06-30,
517619,125543,2026-06-30,2026-07-09
517620,125547,2026-06-30,2026-07-08
517621,125500,2026-06-30,
517622,125472,2026-06-30,2026-07-27
517623,125498,2026-06-30,
517624,121014,2026-06-30,2026-07-30
517625,114846,2026-06-30,2026-07-03
517626,125499,2026-06-30,2026-07-01
517627,125462,2026-06-30,
517628,125463,2026-06-30,
517629,125465,2026-06-30,
517630,125467,2026-06-30,2026-07-15
517631,125470,2026-06-30,2026-07-23
517632,125471,2026-06-30,
517633,125474,2026-06-30,
517634,125476,2026-06-30,
517635,125477,2026-06-30,2026-07-02
517636,125468,2026-06-30,2026-07-01
517637,125479,2026-06-30,2026-07-27
517638,125497,2026-06-30,
517639,125478,2026-06-30,2026-07-01
517640,125495,2026-06-30,
517641,125494,2026-06-30,2026-08-02
517642,125492,2026-06-30,
517643,125489,2026-06-30,2026-07-11
517644,125490,2026-06-30,2026-07-25
517645,125485,2026-06-30,
517646,125484,2026-06-30,2026-07-10
517647,125482,2026-06-30,2026-07-15
517648,125480,2026-06-30,2026-07-09
517649,125487,2026-06-30,
517650,125593,2026-07-01,
517651,125600,2026-07-01,
517652,125597,2026-07-01,2026-07-26
517653,125595,2026-07-01,
517654,125591,2026-07-01,2026-07-09
517655,125582,2026-07-01,
517656,125589,2026-07-01,2026-07-21
517657,125587,2026-07-01,2026-07-25
517658,125585,2026-07-01,
517659,125584,2026-07-01,2026-07-11
517660,125601,2026-07-01,2026-07-02
517661,125590,2026-07-01,2026-08-02
517662,125602,2026-07-01,2026-07-06
517663,125620,2026-07-01,
517664,125605,2026-07-01,2026-07-27
517665,125607,2026-07-01,
517666,125609,2026-07-01,2026-07-29
517667,125610,2026-07-01,2026-07-02
517668,125611,2026-07-01,2026-07-13
517669,125613,2026-07-01,
517670,125615,2026-07-01,
517671,125617,2026-07-01,
517672,125618,2026-07-01,2026-07-11
517673,125619,2026-07-01,2026-07-10
517674,125580,2026-07-01,
517675,125621,2026-07-01,2026-07-06
517676,125603,2026-07-01,2026-07-25
517677,125578,2026-07-01,
517678,125598,2026-07-01,
517679,125575,2026-07-01,
517680,106038,2026-07-01,
517681,117158,2026-07-01,2026-07-03
517682,116740,2026-07-01,2026-07-05
517683,125577,2026-07-01,2026-07-10
517684,117461,2026-07-01,
517685,125549,2026-07-01,
517686,125550,2026-07-01,2026-07-09
517687,125551,2026-07-01,
517688,125552,2026-07-01,
517689,125554,2026-07-01,2026-07-12
517690,125556,2026-07-01,2026-07-05
517691,125553,2026-07-01,2026-07-27
517692,117016,2026-07-01,
517693,125573,2026-07-01,2026-07-30
517694,125571,2026-07-01,
517695,125570,2026-07-01,
517696,125558,2026-07-01,2026-07-29
517697,125567,2026-07-01,
517698,125568,2026-07-01,
517699,125563,2026-07-01,2026-07-06
517700,125561,2026-07-01,2026-07-10
517701,125560,2026-07-01,
517702,125559,2026-07-01,
517703,125565,2026-07-01,
517704,125645,2026-07-02,2026-07-24
517705,125647,2026-07-02,
517706,125652,2026-07-02,2026-07-05
517707,125648,2026-07-02,
517708,125649,2026-07-02,2026-07-22
517709,125650,2026-07-02,2026-07-19
517710,125654,2026-07-02,2026-07-07
517711,125664,2026-07-02,
517712,125656,2026-07-02,2026-07-22
517713,125658,2026-07-02,
517714,125659,2026-07-02,
517715,125660,2026-07-02,
517716,125661,2026-07-02,2026-07-05
517717,125662,2026-07-02,2026-07-12
517718,125663,2026-07-02,2026-07-06
517719,125644,2026-07-02,2026-07-21
517720,125655,2026-07-02,
517721,125642,2026-07-02,
517722,125636,2026-07-02,2026-07-09
517723,125639,2026-07-02,
517724,125640,2026-07-02,
517725,110907,2026-07-02,
517726,125624,2026-07-02,
517727,125625,2026-07-02,2026-07-05
517728,125626,2026-07-02,2026-08-02
517729,125627,2026-07-02,2026-07-16
517730,125622,2026-07-02,2026-07-06
517731,125630,2026-07-02,
517732,125632,2026-07-02,
517733,125634,2026-07-02,
517734,125635,2026-07-02,2026-07-11
517735,125637,2026-07-02,
517736,125629,2026-07-02,
517737,125709,2026-07-03,2026-07-16
517738,125698,2026-07-03,2026-07-06
517739,125700,2026-07-03,
517740,125702,2026-07-03,2026-07-14
517741,125704,2026-07-03,
517742,125705,2026-07-03,
517743,125697,2026-07-03,2026-07-04
517744,125707,2026-07-03,2026-07-16
517745,125708,2026-07-03,
517746,125710,2026-07-03,
517747,125723,2026-07-03,2026-07-11
517748,125714,2026-07-03,
517749,125716,2026-07-03,2026-07-07
517750,125717,2026-07-03,
517751,125719,2026-07-03,2026-07-13
517752,125721,2026-07-03,
517753,125724,2026-07-03,2026-07-10
517754,125726,2026-07-03,
517755,125727,2026-07-03,2026-07-21
517756,125729,2026-07-03,
517757,125712,2026-07-03,
517758,125696,2026-07-03,
517759,125706,2026-07-03,2026-07-06
517760,125693,2026-07-03,2026-07-06
517761,125695,2026-07-03,
517762,106162,2026-07-03,2026-08-02
517763,125665,2026-07-03,
517764,125668,2026-07-03,2026-07-08
517765,125670,2026-07-03,
517766,125671,2026-07-03,
517767,125673,2026-07-03,2026-07-08
517768,125674,2026-07-03,2026-07-21
517769,125676,2026-07-03,2026-07-05
517770,125667,2026-07-03,
517771,125680,2026-07-03,2026-07-15
517772,125681,2026-07-03,
517773,125683,2026-07-03,2026-07-27
517774,125684,2026-07-03,2026-07-04
517775,125686,2026-07-03,2026-07-20
517776,125688,2026-07-03,
517777,125678,2026-07-03,
517778,125689,2026-07-03,2026-07-23
517779,125691,2026-07-03,2026-07-14
517780,125788,2026-07-04,2026-07-06
517781,125787,2026-07-04,
517782,125785,2026-07-04,
517783,125784,2026-07-04,2026-07-10
517784,125783,2026-07-04,2026-07-27
517785,125777,2026-07-04,
517786,125779,2026-07-04,
517787,125775,2026-07-04,
517788,125774,2026-07-04,
517789,125773,2026-07-04,2026-07-11
517790,125789,2026-07-04,2026-07-31
517791,125781,2026-07-04,
517792,125790,2026-07-04,
517793,125805,2026-07-04,
517794,125793,2026-07-04,
517795,125795,2026-07-04,
517796,125797,2026-07-04,2026-08-02
517797,125798,2026-07-04,
517798,125800,2026-07-04,2026-07-05
517799,125801,2026-07-04,
517800,125803,2026-07-04,2026-07-06
517801,125804,2026-07-04,
517802,125771,2026-07-04,
517803,125809,2026-07-04,
517804,125811,2026-07-04,2026-08-01
517805,125812,2026-07-04,
517806,125813,2026-07-04,
517807,125791,2026-07-04,
517808,125769,2026-07-04,
517809,125807,2026-07-04,
517810,125766,2026-07-04,
517811,125767,2026-07-04,2026-08-01
517812,117420,2026-07-04,
517813,104036,2026-07-04,2026-07-11
517814,125730,2026-07-04,2026-07-22
517815,125731,2026-07-04,
517816,125733,2026-07-04,2026-07-26
517817,125734,2026-07-04,2026-07-24
517818,125736,2026-07-04,2026-07-05
517819,125738,2026-07-04,
517820,125740,2026-07-04,2026-07-16
517821,125741,2026-07-04,
517822,125743,2026-07-04,
517823,125744,2026-07-04,2026-07-13
517824,112217,2026-07-04,2026-07-10
517825,125747,2026-07-04,2026-08-01
517826,125765,2026-07-04,
517827,125764,2026-07-04,
517828,125746,2026-07-04,
517829,125763,2026-07-04,2026-07-10
517830,125759,2026-07-04,
517831,125761,2026-07-04,
517832,125755,2026-07-04,
517833,125753,2026-07-04,
517834,125751,2026-07-04,
517835,125750,2026-07-04,
517836,125749,2026-07-04,2026-07-06
517837,125757,2026-07-04,
517838,125862,2026-07-05,2026-07-30
517839,125865,2026-07-05,2026-07-12
517840,125864,2026-07-05,2026-07-14
517841,125860,2026-07-05,2026-07-18
517842,125853,2026-07-05,2026-07-13
517843,125857,2026-07-05,
517844,125855,2026-07-05,
517845,125867,2026-07-05,
517846,125851,2026-07-05,2026-07-14
517847,125849,2026-07-05,
517848,125859,2026-07-05,
517849,125869,2026-07-05,
517850,125878,2026-07-05,
517851,125873,2026-07-05,
517852,125875,2026-07-05,2026-07-22
517853,125876,2026-07-05,
517854,125877,2026-07-05,
517855,125879,2026-07-05,
517856,125881,2026-07-05,2026-07-19
517857,125883,2026-07-05,
517858,125885,2026-07-05,2026-07-19
517859,125886,2026-07-05,
517860,125888,2026-07-05,
517861,125847,2026-07-05,
517862,125890,2026-07-05,2026-07-28
517863,125892,2026-07-05,2026-07-20
517864,125871,2026-07-05,2026-07-07
517865,125845,2026-07-05,
517866,125838,2026-07-05,
517867,125842,2026-07-05,2026-07-15
517868,106089,2026-07-05,2026-07-15
517869,109988,2026-07-05,
517870,125843,2026-07-05,
517871,114997,2026-07-05,2026-07-06
517872,125814,2026-07-05,2026-07-26
517873,125815,2026-07-05,2026-07-07
517874,125816,2026-07-05,2026-07-06
517875,125819,2026-07-05,
517876,125820,2026-07-05,
517877,125821,2026-07-05,
517878,125823,2026-07-05,2026-07-07
517879,125817,2026-07-05,2026-07-11
517880,125826,2026-07-05,
517881,125841,2026-07-05,2026-07-18
517882,125840,2026-07-05,
517883,125824,2026-07-05,
517884,125836,2026-07-05,2026-07-15
517885,125835,2026-07-05,
517886,125839,2026-07-05,
517887,125831,2026-07-05,2026-07-06
517888,125830,2026-07-05,2026-08-02
517889,125828,2026-07-05,
517890,125833,2026-07-05,
517891,125921,2026-07-06,
517892,125932,2026-07-06,2026-07-07
517893,125923,2026-07-06,
517894,125947,2026-07-06,2026-07-09
517895,125924,2026-07-06,2026-07-10
517896,125926,2026-07-06,
517897,125928,2026-07-06,
517898,125930,2026-07-06,
517899,125933,2026-07-06,2026-07-23
517900,125945,2026-07-06,
517901,125935,2026-07-06,
517902,125937,2026-07-06,2026-07-17
517903,125938,2026-07-06,2026-07-23
517904,125940,2026-07-06,
517905,125941,2026-07-06,
517906,125942,2026-07-06,
517907,125919,2026-07-06,
517908,125946,2026-07-06,
517909,125944,2026-07-06,2026-08-02
517910,125934,2026-07-06,2026-07-16
517911,125918,2026-07-06,
517912,125908,2026-07-06,2026-07-19
517913,125915,2026-07-06,
517914,125916,2026-07-06,
517915,109305,2026-07-06,
517916,125893,2026-07-06,
517917,125895,2026-07-06,2026-07-07
517918,125898,2026-07-06,
517919,125899,2026-07-06,
517920,125900,2026-07-06,2026-08-01
517921,125896,2026-07-06,2026-08-03
517922,125903,2026-07-06,2026-07-15
517923,125904,2026-07-06,
517924,125905,2026-07-06,
517925,125906,2026-07-06,
517926,125910,2026-07-06,2026-07-09
517927,125911,2026-07-06,
517928,125913,2026-07-06,2026-07-23
517929,125901,2026-07-06,
517930,125979,2026-07-07,
517931,125971,2026-07-07,2026-07-16
517932,125973,2026-07-07,
517933,125975,2026-07-07,2026-07-22
517934,125976,2026-07-07,
517935,125977,2026-07-07,2026-07-31
517936,125978,2026-07-07,
517937,125980,2026-07-07,2026-08-01
517938,125991,2026-07-07,
517939,125983,2026-07-07,
517940,125984,2026-07-07,2026-07-12
517941,125986,2026-07-07,
517942,125988,2026-07-07,
517943,125990,2026-07-07,
517944,125967,2026-07-07,
517945,125993,2026-07-07,
517946,125981,2026-07-07,
517947,125965,2026-07-07,2026-07-08
517948,125969,2026-07-07,2026-07-24
517949,125962,2026-07-07,
517950,125963,2026-07-07,
517951,114324,2026-07-07,
517952,110224,2026-07-07,
517953,119928,2026-07-07,2026-07-11
517954,125948,2026-07-07,
517955,125949,2026-07-07,
517956,125950,2026-07-07,2026-07-09
517957,111980,2026-07-07,
517958,125953,2026-07-07,2026-07-25
517959,125954,2026-07-07,2026-07-30
517960,125955,2026-07-07,2026-07-14
517961,125957,2026-07-07,2026-07-13
517962,125959,2026-07-07,
517963,125951,2026-07-07,
517964,125961,2026-07-07,
517965,126039,2026-07-08,
517966,126037,2026-07-08,2026-07-15
517967,126036,2026-07-08,2026-07-19
517968,126035,2026-07-08,2026-07-15
517969,126033,2026-07-08,2026-07-24
517970,126025,2026-07-08,
517971,126030,2026-07-08,
517972,126028,2026-07-08,2026-07-18
517973,126027,2026-07-08,
517974,126041,2026-07-08,2026-08-03
517975,126031,2026-07-08,
517976,126042,2026-07-08,
517977,126057,2026-07-08,2026-07-15
517978,126046,2026-07-08,2026-08-03
517979,126047,2026-07-08,2026-07-17
517980,126049,2026-07-08,
517981,126051,2026-07-08,
517982,126053,2026-07-08,2026-07-11
517983,126055,2026-07-08,
517984,126058,2026-07-08,
517985,126064,2026-07-08,2026-07-15
517986,126062,2026-07-08,
517987,126060,2026-07-08,2026-07-09
517988,126024,2026-07-08,
517989,126044,2026-07-08,
517990,126023,2026-07-08,
517991,126002,2026-07-08,
517992,126021,2026-07-08,
517993,126022,2026-07-08,2026-07-09
517994,109220,2026-07-08,
517995,125994,2026-07-08,2026-07-16
517996,125995,2026-07-08,2026-07-10
517997,125996,2026-07-08,
517998,125997,2026-07-08,
517999,125999,2026-07-08,
518000,126001,2026-07-08,
518001,126004,2026-07-08,
518002,126006,2026-07-08,
518003,110130,2026-07-08,2026-07-09
518004,126009,2026-07-08,2026-07-26
518005,126010,2026-07-08,
518006,126011,2026-07-08,2026-07-25
518007,126013,2026-07-08,2026-07-27
518008,126015,2026-07-08,
518009,126016,2026-07-08,
518010,126017,2026-07-08,2026-07-10
518011,126008,2026-07-08,2026-07-13
518012,126018,2026-07-08,2026-07-20
518013,126019,2026-07-08,
518014,126122,2026-07-09,2026-07-28
518015,126121,2026-07-09,
518016,126120,2026-07-09,2026-07-14
518017,126118,2026-07-09,
518018,126116,2026-07-09,
518019,126112,2026-07-09,2026-07-15
518020,126124,2026-07-09,2026-07-13
518021,126111,2026-07-09,2026-07-15
518022,126109,2026-07-09,
518023,126107,2026-07-09,2026-08-02
518024,126105,2026-07-09,
518025,126114,2026-07-09,
518026,126126,2026-07-09,
518027,126133,2026-07-09,
518028,126128,2026-07-09,
518029,126130,2026-07-09,
518030,126132,2026-07-09,2026-07-10
518031,126134,2026-07-09,
518032,126135,2026-07-09,
518033,126136,2026-07-09,2026-08-03
518034,126137,2026-07-09,
518035,126139,2026-07-09,
518036,126145,2026-07-09,
518037,126143,2026-07-09,
518038,126141,2026-07-09,2026-07-10
518039,126140,2026-07-09,2026-07-12
518040,126102,2026-07-09,
518041,126127,2026-07-09,
518042,126100,2026-07-09,2026-07-27
518043,126103,2026-07-09,
518044,126096,2026-07-09,
518045,113511,2026-07-09,2026-07-17
518046,112537,2026-07-09,2026-07-31
518047,126066,2026-07-09,2026-07-10
518048,126068,2026-07-09,2026-07-16
518049,126069,2026-07-09,2026-07-16
518050,126071,2026-07-09,
518051,126073,2026-07-09,
518052,126074,2026-07-09,2026-07-20
518053,126076,2026-07-09,
518054,126077,2026-07-09,
518055,126079,2026-07-09,2026-07-13
518056,126070,2026-07-09,
518057,126081,2026-07-09,
518058,126098,2026-07-09,
518059,126080,2026-07-09,2026-07-17
518060,126095,2026-07-09,
518061,126093,2026-07-09,
518062,126090,2026-07-09,2026-07-10
518063,126092,2026-07-09,
518064,126088,2026-07-09,
518065,126087,2026-07-09,2026-07-13
518066,126086,2026-07-09,
518067,126084,2026-07-09,
518068,126082,2026-07-09,
518069,126168,2026-07-10,
518070,126164,2026-07-10,
518071,126165,2026-07-10,
518072,126166,2026-07-10,
518073,126162,2026-07-10,
518074,126170,2026-07-10,
518075,126179,2026-07-10,2026-07-28
518076,126173,2026-07-10,
518077,126175,2026-07-10,2026-07-12
518078,126177,2026-07-10,2026-07-12
518079,126180,2026-07-10,
518080,126161,2026-07-10,2026-07-13
518081,126171,2026-07-10,
518082,126159,2026-07-10,
518083,126157,2026-07-10,2026-08-01
518084,111933,2026-07-10,2026-07-17
518085,126156,2026-07-10,
518086,126154,2026-07-10,
518087,126152,2026-07-10,
518088,126150,2026-07-10,
518089,126148,2026-07-10,
518090,126147,2026-07-10,2026-07-17
518091,126146,2026-07-10,2026-07-15
518092,111115,2026-07-10,
518093,126158,2026-07-10,
518094,114420,2026-07-10,2026-07-11
518095,126227,2026-07-11,
518096,126251,2026-07-11,
518097,126226,2026-07-11,2026-07-15
518098,126224,2026-07-11,2026-07-12
518099,126214,2026-07-11,
518100,126221,2026-07-11,2026-07-26
518101,126219,2026-07-11,2026-07-19
518102,126229,2026-07-11,
518103,126217,2026-07-11,2026-07-20
518104,126216,2026-07-11,2026-07-17
518105,126223,2026-07-11,
518106,126231,2026-07-11,
518107,126241,2026-07-11,2026-07-26
518108,126235,2026-07-11,
518109,126237,2026-07-11,2026-07-27
518110,126238,2026-07-11,
518111,126240,2026-07-11,
518112,126242,2026-07-11,
518113,126243,2026-07-11,
518114,126244,2026-07-11,2026-07-18
518115,126246,2026-07-11,2026-07-23
518116,126249,2026-07-11,
518117,126248,2026-07-11,
518118,126247,2026-07-11,
518119,126233,2026-07-11,
518120,126213,2026-07-11,2026-07-23
518121,126195,2026-07-11,
518122,126210,2026-07-11,
518123,119185,2026-07-11,
518124,103634,2026-07-11,
518125,111750,2026-07-11,
518126,126182,2026-07-11,
518127,126184,2026-07-11,2026-07-15
518128,126185,2026-07-11,
518129,126189,2026-07-11,
518130,126190,2026-07-11,
518131,126192,2026-07-11,
518132,126187,2026-07-11,2026-07-19
518133,126197,2026-07-11,
518134,126208,2026-07-11,2026-07-18
518135,126206,2026-07-11,
518136,126194,2026-07-11,2026-07-17
518137,126203,2026-07-11,
518138,126205,2026-07-11,
518139,126201,2026-07-11,
518140,126199,2026-07-11,2026-08-02
518141,126202,2026-07-11,
518142,126211,2026-07-11,
518143,126320,2026-07-12,
518144,126319,2026-07-12,2026-07-14
518145,126318,2026-07-12,2026-07-13
518146,126311,2026-07-12,2026-07-16
518147,126317,2026-07-12,2026-07-17
518148,126315,2026-07-12,2026-07-27
518149,126313,2026-07-12,
518150,126301,2026-07-12,
518151,126309,2026-07-12,
518152,126308,2026-07-12,
518153,126306,2026-07-12,
518154,126305,2026-07-12,
518155,126303,2026-07-12,
518156,126322,2026-07-12,
518157,126299,2026-07-12,
518158,126310,2026-07-12,2026-07-30
518159,126323,2026-07-12,2026-07-19
518160,126340,2026-07-12,
518161,126327,2026-07-12,2026-07-27
518162,126344,2026-07-12,
518163,126345,2026-07-12,
518164,126346,2026-07-12,2026-07-19
518165,126347,2026-07-12,
518166,126350,2026-07-12,2026-07-19
518167,126297,2026-07-12,
518168,126343,2026-07-12,
518169,126341,2026-07-12,2026-07-23
518170,126339,2026-07-12,2026-07-13
518171,126337,2026-07-12,2026-07-13
518172,126336,2026-07-12,
518173,126334,2026-07-12,2026-07-31
518174,126333,2026-07-12,
518175,126331,2026-07-12,
518176,126329,2026-07-12,
518177,126325,2026-07-12,2026-07-13
518178,126295,2026-07-12,
518179,126348,2026-07-12,
518180,126292,2026-07-12,2026-07-25
518181,102336,2026-07-12,
518182,119738,2026-07-12,2026-07-16
518183,108334,2026-07-12,
518184,126294,2026-07-12,
518185,126255,2026-07-12,
518186,126256,2026-07-12,
518187,126257,2026-07-12,
518188,126259,2026-07-12,
518189,126260,2026-07-12,
518190,126262,2026-07-12,
518191,126264,2026-07-12,
518192,126266,2026-07-12,
518193,126267,2026-07-12,
518194,126268,2026-07-12,2026-07-17
518195,126253,2026-07-12,
518196,126271,2026-07-12,
518197,126269,2026-07-12,
518198,126291,2026-07-12,
518199,126289,2026-07-12,
518200,126287,2026-07-12,2026-07-19
518201,126283,2026-07-12,
518202,126282,2026-07-12,
518203,126285,2026-07-12,2026-07-28
518204,126279,2026-07-12,2026-07-25
518205,126272,2026-07-12,
518206,126273,2026-07-12,2026-07-26
518207,126280,2026-07-12,
518208,126276,2026-07-12,2026-07-21
518209,126274,2026-07-12,2026-07-14
518210,126277,2026-07-12,
518211,126382,2026-07-13,2026-07-14
518212,126374,2026-07-13,
518213,126371,2026-07-13,
518214,126370,2026-07-13,
518215,126376,2026-07-13,2026-07-14
518216,126377,2026-07-13,2026-07-27
518217,126379,2026-07-13,
518218,126380,2026-07-13,2026-07-19
518219,126372,2026-07-13,
518220,126383,2026-07-13,
518221,126395,2026-07-13,2026-07-17
518222,126386,2026-07-13,2026-07-14
518223,126387,2026-07-13,2026-07-17
518224,126388,2026-07-13,2026-07-26
518225,126390,2026-07-13,2026-07-30
518226,126392,2026-07-13,
518227,126394,2026-07-13,
518228,126396,2026-07-13,2026-07-22
518229,126397,2026-07-13,2026-07-20
518230,126398,2026-07-13,
518231,126369,2026-07-13,2026-07-26
518232,126385,2026-07-13,
518233,126368,2026-07-13,
518234,126356,2026-07-13,2026-07-15
518235,126366,2026-07-13,
518236,122593,2026-07-13,2026-07-21
518237,126367,2026-07-13,
518238,106604,2026-07-13,2026-07-18
518239,121133,2026-07-13,
518240,126351,2026-07-13,
518241,126353,2026-07-13,2026-07-21
518242,126354,2026-07-13,
518243,110923,2026-07-13,
518244,126357,2026-07-13,
518245,126359,2026-07-13,
518246,126360,2026-07-13,
518247,126355,2026-07-13,
518248,126364,2026-07-13,2026-07-23
518249,126361,2026-07-13,2026-07-16
518250,126363,2026-07-13,
518251,126422,2026-07-14,
518252,126432,2026-07-14,
518253,126430,2026-07-14,
518254,126427,2026-07-14,
518255,126434,2026-07-14,
518256,126426,2026-07-14,
518257,126425,2026-07-14,
518258,126424,2026-07-14,
518259,126429,2026-07-14,2026-07-31
518260,126436,2026-07-14,2026-07-15
518261,126442,2026-07-14,
518262,126439,2026-07-14,2026-07-29
518263,126441,2026-07-14,2026-07-29
518264,126452,2026-07-14,
518265,126450,2026-07-14,
518266,126448,2026-07-14,
518267,126447,2026-07-14,
518268,126445,2026-07-14,
518269,126444,2026-07-14,
518270,126438,2026-07-14,2026-07-26
518271,126420,2026-07-14,
518272,126412,2026-07-14,
518273,126418,2026-07-14,2026-07-15
518274,122642,2026-07-14,
518275,126419,2026-07-14,
518276,126399,2026-07-14,
518277,126402,2026-07-14,2026-07-15
518278,126404,2026-07-14,
518279,126405,2026-07-14,2026-07-15
518280,126401,2026-07-14,2026-07-30
518281,126408,2026-07-14,
518282,126410,2026-07-14,
518283,126414,2026-07-14,
518284,126416,2026-07-14,
518285,126407,2026-07-14,
518286,126492,2026-07-15,
518287,126481,2026-07-15,2026-07-27
518288,126482,2026-07-15,2026-07-16
518289,126484,2026-07-15,
518290,126487,2026-07-15,
518291,126488,2026-07-15,
518292,126490,2026-07-15,2026-07-23
518293,126491,2026-07-15,2026-07-19
518294,126494,2026-07-15,
518295,126503,2026-07-15,2026-08-03
518296,126497,2026-07-15,2026-07-17
518297,126499,2026-07-15,2026-07-22
518298,126501,2026-07-15,2026-07-19
518299,126479,2026-07-15,2026-07-19
518300,126505,2026-07-15,
518301,126506,2026-07-15,
518302,126507,2026-07-15,
518303,126509,2026-07-15,
518304,126511,2026-07-15,2026-07-16
518305,117178,2026-07-15,2026-07-16
518306,126495,2026-07-15,2026-08-01
518307,126478,2026-07-15,2026-07-18
518308,126486,2026-07-15,
518309,126474,2026-07-15,
518310,121038,2026-07-15,2026-07-31
518311,121010,2026-07-15,
518312,122234,2026-07-15,2026-07-19
518313,114112,2026-07-15,2026-07-23
518314,115098,2026-07-15,
518315,126456,2026-07-15,
518316,126458,2026-07-15,
518317,126454,2026-07-15,
518318,126462,2026-07-15,
518319,126464,2026-07-15,
518320,126466,2026-07-15,
518321,126468,2026-07-15,
518322,126469,2026-07-15,
518323,126470,2026-07-15,
518324,126472,2026-07-15,2026-07-31
518325,126460,2026-07-15,
518326,126476,2026-07-15,
518327,126557,2026-07-16,
518328,126563,2026-07-16,2026-08-03
518329,126561,2026-07-16,2026-07-19
518330,126559,2026-07-16,
518331,126558,2026-07-16,
518332,126553,2026-07-16,
518333,126548,2026-07-16,2026-08-01
518334,126554,2026-07-16,2026-07-26
518335,126564,2026-07-16,
518336,126551,2026-07-16,2026-07-31
518337,126550,2026-07-16,
518338,126555,2026-07-16,
518339,126566,2026-07-16,2026-07-23
518340,126579,2026-07-16,
518341,126569,2026-07-16,
518342,126571,2026-07-16,
518343,126572,2026-07-16,2026-07-17
518344,126574,2026-07-16,
518345,126576,2026-07-16,2026-07-21
518346,126577,2026-07-16,2026-07-28
518347,126578,2026-07-16,
518348,126581,2026-07-16,2026-07-25
518349,126586,2026-07-16,
518350,126587,2026-07-16,2026-07-19
518351,126585,2026-07-16,
518352,126583,2026-07-16,
518353,126568,2026-07-16,
518354,126547,2026-07-16,
518355,126535,2026-07-16,
518356,126545,2026-07-16,
518357,111974,2026-07-16,2026-08-03
518358,116795,2026-07-16,
518359,107036,2026-07-16,2026-07-17
518360,123476,2026-07-16,2026-07-31
518361,126512,2026-07-16,
518362,126514,2026-07-16,
518363,126516,2026-07-16,2026-07-30
518364,126517,2026-07-16,
518365,126518,2026-07-16,2026-08-02
518366,126520,2026-07-16,2026-07-19
518367,126522,2026-07-16,
518368,126524,2026-07-16,
518369,126546,2026-07-16,2026-07-18
518370,126526,2026-07-16,
518371,126543,2026-07-16,
518372,126541,2026-07-16,2026-07-21
518373,126540,2026-07-16,
518374,126525,2026-07-16,
518375,126536,2026-07-16,
518376,126538,2026-07-16,
518377,126532,2026-07-16,2026-07-19
518378,126531,2026-07-16,2026-07-23
518379,126530,2026-07-16,2026-07-17
518380,126529,2026-07-16,
518381,126528,2026-07-16,
518382,126534,2026-07-16,
518383,126634,2026-07-17,2026-07-31
518384,126632,2026-07-17,
518385,126631,2026-07-17,
518386,126630,2026-07-17,
518387,126623,2026-07-17,
518388,126627,2026-07-17,
518389,126625,2026-07-17,
518390,126624,2026-07-17,
518391,126636,2026-07-17,
518392,126628,2026-07-17,
518393,126638,2026-07-17,
518394,126648,2026-07-17,
518395,126642,2026-07-17,2026-07-19
518396,126644,2026-07-17,
518397,126645,2026-07-17,
518398,126647,2026-07-17,
518399,126649,2026-07-17,2026-07-26
518400,126651,2026-07-17,
518401,126653,2026-07-17,
518402,126655,2026-07-17,
518403,126657,2026-07-17,
518404,126621,2026-07-17,2026-07-20
518405,126640,2026-07-17,
518406,126619,2026-07-17,
518407,126618,2026-07-17,
518408,126590,2026-07-17,2026-07-21
518409,110252,2026-07-17,2026-07-28
518410,116322,2026-07-17,
518411,126588,2026-07-17,2026-07-23
518412,126592,2026-07-17,
518413,126593,2026-07-17,
518414,126595,2026-07-17,2026-07-26
518415,126597,2026-07-17,
518416,126599,2026-07-17,
518417,126600,2026-07-17,
518418,126596,2026-07-17,
518419,126603,2026-07-17,2026-07-24
518420,126605,2026-07-17,
518421,126607,2026-07-17,
518422,126609,2026-07-17,
518423,126610,2026-07-17,
518424,126611,2026-07-17,
518425,126612,2026-07-17,
518426,126614,2026-07-17,
518427,126601,2026-07-17,
518428,126616,2026-07-17,
518429,126713,2026-07-18,
518430,126720,2026-07-18,2026-07-22
518431,126718,2026-07-18,2026-07-20
518432,126716,2026-07-18,2026-07-19
518433,126715,2026-07-18,2026-07-23
518434,126714,2026-07-18,
518435,126703,2026-07-18,
518436,126710,2026-07-18,2026-08-01
518437,126708,2026-07-18,
518438,126707,2026-07-18,
518439,126705,2026-07-18,
518440,126704,2026-07-18,
518441,126722,2026-07-18,
518442,126712,2026-07-18,
518443,126723,2026-07-18,
518444,126740,2026-07-18,2026-07-26
518445,126727,2026-07-18,
518446,126729,2026-07-18,
518447,126731,2026-07-18,
518448,126733,2026-07-18,
518449,126735,2026-07-18,
518450,126736,2026-07-18,
518451,126737,2026-07-18,2026-07-19
518452,126738,2026-07-18,
518453,126741,2026-07-18,2026-07-19
518454,126747,2026-07-18,
518455,126746,2026-07-18,
518456,126745,2026-07-18,
518457,126744,2026-07-18,
518458,126742,2026-07-18,2026-07-27
518459,126725,2026-07-18,
518460,126701,2026-07-18,2026-07-21
518461,126660,2026-07-18,
518462,126698,2026-07-18,
518463,118492,2026-07-18,
518464,126699,2026-07-18,
518465,113890,2026-07-18,2026-07-19
518466,126659,2026-07-18,2026-07-27
518467,126661,2026-07-18,
518468,126663,2026-07-18,
518469,126665,2026-07-18,2026-07-22
518470,126667,2026-07-18,
518471,126669,2026-07-18,2026-07-20
518472,126671,2026-07-18,
518473,126672,2026-07-18,2026-07-22
518474,126674,2026-07-18,
518475,126676,2026-07-18,
518476,126666,2026-07-18,2026-08-02
518477,126679,2026-07-18,
518478,126696,2026-07-18,2026-07-22
518479,126677,2026-07-18,
518480,126694,2026-07-18,2026-07-22
518481,126692,2026-07-18,
518482,126690,2026-07-18,2026-07-25
518483,126688,2026-07-18,
518484,126695,2026-07-18,2026-07-22
518485,126684,2026-07-18,
518486,126683,2026-07-18,
518487,126682,2026-07-18,
518488,126681,2026-07-18,2026-07-20
518489,126686,2026-07-18,2026-07-20
518490,126796,2026-07-19,
518491,126795,2026-07-19,2026-08-02
518492,126794,2026-07-19,
518493,126818,2026-07-19,
518494,126793,2026-07-19,
518495,126791,2026-07-19,2026-07-20
518496,126787,2026-07-19,
518497,126788,2026-07-19,
518498,126786,2026-07-19,
518499,126784,2026-07-19,
518500,126783,2026-07-19,
518501,126789,2026-07-19,2026-07-30
518502,126798,2026-07-19,
518503,126813,2026-07-19,
518504,126800,2026-07-19,2026-08-03
518505,126802,2026-07-19,2026-07-27
518506,126803,2026-07-19,
518507,126804,2026-07-19,
518508,126806,2026-07-19,
518509,126807,2026-07-19,2026-07-31
518510,126808,2026-07-19,2026-07-29
518511,126810,2026-07-19,
518512,126781,2026-07-19,
518513,126816,2026-07-19,2026-07-29
518514,126814,2026-07-19,
518515,126812,2026-07-19,
518516,126799,2026-07-19,
518517,126779,2026-07-19,
518518,126760,2026-07-19,2026-07-29
518519,126776,2026-07-19,
518520,115389,2026-07-19,2026-08-02
518521,118559,2026-07-19,
518522,115256,2026-07-19,
518523,126777,2026-07-19,
518524,126749,2026-07-19,2026-08-02
518525,126750,2026-07-19,
518526,126752,2026-07-19,2026-07-30
518527,126754,2026-07-19,
518528,126755,2026-07-19,2026-07-28
518529,126756,2026-07-19,2026-07-31
518530,126753,2026-07-19,
518531,126759,2026-07-19,
518532,126762,2026-07-19,
518533,126764,2026-07-19,
518534,126766,2026-07-19,
518535,126768,2026-07-19,2026-07-23
518536,126769,2026-07-19,
518537,126771,2026-07-19,
518538,126758,2026-07-19,
518539,126772,2026-07-19,
518540,126775,2026-07-19,
518541,126773,2026-07-19,
518542,126857,2026-07-20,2026-07-25
518543,126855,2026-07-20,2026-07-27
518544,126853,2026-07-20,
518545,126847,2026-07-20,2026-07-27
518546,126849,2026-07-20,2026-08-02
518547,126846,2026-07-20,2026-07-25
518548,126858,2026-07-20,2026-07-26
518549,126851,2026-07-20,
518550,126860,2026-07-20,
518551,126875,2026-07-20,
518552,126864,2026-07-20,
518553,126865,2026-07-20,2026-07-26
518554,126866,2026-07-20,
518555,126868,2026-07-20,
518556,126870,2026-07-20,
518557,126872,2026-07-20,
518558,126873,2026-07-20,
518559,126844,2026-07-20,
518560,126877,2026-07-20,2026-07-27
518561,126862,2026-07-20,2026-07-23
518562,126843,2026-07-20,2026-07-31
518563,126845,2026-07-20,2026-07-31
518564,126840,2026-07-20,2026-07-27
518565,117179,2026-07-20,
518566,121103,2026-07-20,
518567,115349,2026-07-20,
518568,126820,2026-07-20,
518569,126822,2026-07-20,
518570,126841,2026-07-20,
518571,126824,2026-07-20,2026-07-26
518572,126826,2026-07-20,
518573,126823,2026-07-20,2026-07-21
518574,126829,2026-07-20,2026-07-31
518575,126831,2026-07-20,
518576,126833,2026-07-20,
518577,126835,2026-07-20,
518578,126837,2026-07-20,
518579,126839,2026-07-20,
518580,126827,2026-07-20,2026-07-23
518581,126939,2026-07-21,
518582,126937,2026-07-21,2026-07-22
518583,126940,2026-07-21,
518584,126936,2026-07-21,
518585,126934,2026-07-21,
518586,126933,2026-07-21,
518587,126922,2026-07-21,2026-08-01
518588,126930,2026-07-21,
518589,126928,2026-07-21,
518590,126926,2026-07-21,
518591,126924,2026-07-21,
518592,126941,2026-07-21,
518593,126921,2026-07-21,2026-07-23
518594,126931,2026-07-21,
518595,126942,2026-07-21,2026-07-26
518596,126953,2026-07-21,
518597,126945,2026-07-21,
518598,126947,2026-07-21,
518599,126949,2026-07-21,2026-07-22
518600,126950,2026-07-21,
518601,126951,2026-07-21,2026-07-23
518602,126952,2026-07-21,
518603,126955,2026-07-21,2026-07-30
518604,126956,2026-07-21,
518605,126958,2026-07-21,
518606,126963,2026-07-21,
518607,126962,2026-07-21,
518608,126961,2026-07-21,
518609,126959,2026-07-21,2026-07-22
518610,126919,2026-07-21,
518611,126943,2026-07-21,
518612,126917,2026-07-21,
518613,126883,2026-07-21,
518614,126914,2026-07-21,
518615,119973,2026-07-21,
518616,126915,2026-07-21,
518617,126879,2026-07-21,
518618,126881,2026-07-21,2026-07-23
518619,126885,2026-07-21,
518620,126886,2026-07-21,
518621,126888,2026-07-21,
518622,126889,2026-07-21,2026-07-29
518623,126891,2026-07-21,
518624,126892,2026-07-21,
518625,126894,2026-07-21,2026-07-30
518626,112847,2026-07-21,2026-07-22
518627,126898,2026-07-21,
518628,126899,2026-07-21,
518629,126901,2026-07-21,
518630,126902,2026-07-21,2026-07-31
518631,126904,2026-07-21,2026-07-26
518632,126905,2026-07-21,2026-08-01
518633,126907,2026-07-21,
518634,126909,2026-07-21,2026-08-03
518635,126896,2026-07-21,
518636,126910,2026-07-21,2026-07-31
518637,126912,2026-07-21,
518638,127014,2026-07-22,
518639,127013,2026-07-22,
518640,127011,2026-07-22,
518641,127010,2026-07-22,2026-07-24
518642,127004,2026-07-22,
518643,127007,2026-07-22,
518644,127006,2026-07-22,
518645,127016,2026-07-22,
518646,127003,2026-07-22,
518647,127001,2026-07-22,
518648,126999,2026-07-22,
518649,127009,2026-07-22,
518650,127018,2026-07-22,
518651,127026,2026-07-22,
518652,127022,2026-07-22,
518653,127024,2026-07-22,
518654,127025,2026-07-22,
518655,127027,2026-07-22,
518656,127038,2026-07-22,
518657,127037,2026-07-22,2026-08-02
518658,127035,2026-07-22,2026-07-23
518659,127033,2026-07-22,
518660,127031,2026-07-22,2026-07-26
518661,127030,2026-07-22,
518662,127029,2026-07-22,
518663,126997,2026-07-22,
518664,127020,2026-07-22,
518665,126995,2026-07-22,2026-07-26
518666,126984,2026-07-22,
518667,126992,2026-07-22,
518668,116885,2026-07-22,
518669,114403,2026-07-22,
518670,111704,2026-07-22,
518671,116486,2026-07-22,2026-07-30
518672,126993,2026-07-22,
518673,126964,2026-07-22,
518674,126965,2026-07-22,2026-07-24
518675,126966,2026-07-22,
518676,126968,2026-07-22,
518677,126970,2026-07-22,
518678,126972,2026-07-22,
518679,115374,2026-07-22,
518680,126976,2026-07-22,
518681,126978,2026-07-22,
518682,126980,2026-07-22,
518683,126982,2026-07-22,
518684,126983,2026-07-22,
518685,117772,2026-07-22,
518686,126985,2026-07-22,
518687,126974,2026-07-22,
518688,126986,2026-07-22,2026-07-29
518689,126988,2026-07-22,2026-07-26
518690,126990,2026-07-22,
518691,127075,2026-07-23,
518692,127074,2026-07-23,
518693,127072,2026-07-23,
518694,127070,2026-07-23,
518695,127076,2026-07-23,
518696,127068,2026-07-23,
518697,127067,2026-07-23,2026-07-29
518698,127071,2026-07-23,2026-07-26
518699,127077,2026-07-23,
518700,127086,2026-07-23,
518701,127080,2026-07-23,
518702,127082,2026-07-23,2026-08-01
518703,127084,2026-07-23,
518704,127087,2026-07-23,
518705,127089,2026-07-23,
518706,127091,2026-07-23,
518707,127065,2026-07-23,
518708,127092,2026-07-23,2026-08-01
518709,127079,2026-07-23,
518710,127063,2026-07-23,
518711,127060,2026-07-23,
518712,127039,2026-07-23,
518713,104321,2026-07-23,2026-08-01
518714,114640,2026-07-23,
518715,121724,2026-07-23,
518716,127041,2026-07-23,2026-08-01
518717,127043,2026-07-23,
518718,127062,2026-07-23,
518719,127046,2026-07-23,2026-07-30
518720,127044,2026-07-23,
518721,127048,2026-07-23,
518722,127050,2026-07-23,2026-07-25
518723,127051,2026-07-23,
518724,127053,2026-07-23,
518725,127054,2026-07-23,
518726,127056,2026-07-23,
518727,127058,2026-07-23,
518728,127047,2026-07-23,
518729,127143,2026-07-24,
518730,127141,2026-07-24,
518731,127140,2026-07-24,2026-08-03
518732,127139,2026-07-24,
518733,127130,2026-07-24,
518734,127136,2026-07-24,
518735,127134,2026-07-24,2026-07-25
518736,127132,2026-07-24,2026-07-25
518737,127145,2026-07-24,2026-07-25
518738,127137,2026-07-24,
518739,127147,2026-07-24,
518740,127162,2026-07-24,
518741,127151,2026-07-24,
518742,127152,2026-07-24,
518743,127154,2026-07-24,
518744,127156,2026-07-24,
518745,127158,2026-07-24,
518746,127167,2026-07-24,
518747,127160,2026-07-24,
518748,127165,2026-07-24,
518749,127163,2026-07-24,
518750,127149,2026-07-24,
518751,127128,2026-07-24,2026-08-03
518752,127098,2026-07-24,
518753,127125,2026-07-24,
518754,127126,2026-07-24,
518755,114197,2026-07-24,2026-08-02
518756,111658,2026-07-24,
518757,127094,2026-07-24,
518758,127096,2026-07-24,
518759,127099,2026-07-24,2026-07-25
518760,127103,2026-07-24,
518761,127104,2026-07-24,2026-07-27
518762,127106,2026-07-24,
518763,127107,2026-07-24,
518764,127101,2026-07-24,2026-08-03
518765,127111,2026-07-24,
518766,127123,2026-07-24,
518767,127109,2026-07-24,
518768,127120,2026-07-24,2026-07-27
518769,127118,2026-07-24,
518770,127117,2026-07-24,
518771,127122,2026-07-24,2026-07-25
518772,127115,2026-07-24,2026-07-26
518773,127113,2026-07-24,2026-07-31
518774,127112,2026-07-24,2026-07-29
518775,127116,2026-07-24,
518776,127225,2026-07-25,
518777,127211,2026-07-25,
518778,127213,2026-07-25,
518779,127215,2026-07-25,
518780,127216,2026-07-25,2026-07-31
518781,127217,2026-07-25,
518782,127218,2026-07-25,2026-07-27
518783,127209,2026-07-25,
518784,127221,2026-07-25,
518785,127223,2026-07-25,
518786,127226,2026-07-25,
518787,127244,2026-07-25,2026-08-02
518788,127229,2026-07-25,
518789,127230,2026-07-25,
518790,127232,2026-07-25,
518791,127234,2026-07-25,
518792,127236,2026-07-25,
518793,127237,2026-07-25,
518794,127239,2026-07-25,
518795,127240,2026-07-25,
518796,127241,2026-07-25,2026-08-02
518797,127242,2026-07-25,
518798,127245,2026-07-25,2026-07-30
518799,127228,2026-07-25,
518800,127207,2026-07-25,2026-08-02
518801,127220,2026-07-25,
518802,127204,2026-07-25,
518803,127205,2026-07-25,
518804,127168,2026-07-25,2026-07-28
518805,127170,2026-07-25,2026-07-28
518806,127171,2026-07-25,
518807,127172,2026-07-25,
518808,127174,2026-07-25,
518809,127178,2026-07-25,
518810,127179,2026-07-25,
518811,127180,2026-07-25,
518812,127182,2026-07-25,2026-08-02
518813,127183,2026-07-25,
518814,127176,2026-07-25,
518815,127185,2026-07-25,
518816,127184,2026-07-25,
518817,127202,2026-07-25,2026-07-28
518818,127201,2026-07-25,2026-07-30
518819,127199,2026-07-25,
518820,127195,2026-07-25,
518821,127197,2026-07-25,
518822,127192,2026-07-25,2026-07-27
518823,127191,2026-07-25,
518824,127189,2026-07-25,
518825,127187,2026-07-25,
518826,127193,2026-07-25,
518827,127310,2026-07-26,
518828,127305,2026-07-26,
518829,127308,2026-07-26,
518830,127306,2026-07-26,
518831,127304,2026-07-26,
518832,127295,2026-07-26,
518833,127301,2026-07-26,
518834,127300,2026-07-26,
518835,127299,2026-07-26,
518836,127297,2026-07-26,
518837,127312,2026-07-26,
518838,127302,2026-07-26,
518839,127313,2026-07-26,
518840,127337,2026-07-26,
518841,127317,2026-07-26,
518842,127318,2026-07-26,
518843,127320,2026-07-26,
518844,127322,2026-07-26,
518845,127323,2026-07-26,
518846,127324,2026-07-26,
518847,127326,2026-07-26,
518848,127330,2026-07-26,
518849,127332,2026-07-26,
518850,127333,2026-07-26,
518851,127335,2026-07-26,
518852,127293,2026-07-26,
518853,127338,2026-07-26,
518854,127315,2026-07-26,
518855,127291,2026-07-26,
518856,127328,2026-07-26,
518857,127289,2026-07-26,
518858,127290,2026-07-26,
518859,119113,2026-07-26,2026-07-28
518860,127247,2026-07-26,
518861,127249,2026-07-26,
518862,127250,2026-07-26,2026-07-29
518863,127252,2026-07-26,2026-07-30
518864,127254,2026-07-26,
518865,127258,2026-07-26,
518866,127260,2026-07-26,
518867,127262,2026-07-26,
518868,127264,2026-07-26,
518869,127266,2026-07-26,
518870,127268,2026-07-26,
518871,127256,2026-07-26,
518872,127271,2026-07-26,
518873,127287,2026-07-26,
518874,127270,2026-07-26,2026-08-02
518875,127285,2026-07-26,2026-07-28
518876,127284,2026-07-26,
518877,127282,2026-07-26,
518878,127280,2026-07-26,
518879,127286,2026-07-26,
518880,127277,2026-07-26,
518881,127276,2026-07-26,2026-07-28
518882,127274,2026-07-26,2026-08-02
518883,127279,2026-07-26,
518884,127272,2026-07-26,2026-07-27
518885,127382,2026-07-27,
518886,127396,2026-07-27,
518887,127394,2026-07-27,2026-07-28
518888,127393,2026-07-27,2026-08-03
518889,127391,2026-07-27,
518890,127390,2026-07-27,2026-07-30
518891,127388,2026-07-27,
518892,127387,2026-07-27,
518893,127385,2026-07-27,
518894,127384,2026-07-27,
518895,127398,2026-07-27,
518896,127389,2026-07-27,
518897,127399,2026-07-27,2026-08-02
518898,127424,2026-07-27,
518899,127403,2026-07-27,
518900,127405,2026-07-27,
518901,127406,2026-07-27,
518902,127408,2026-07-27,
518903,127410,2026-07-27,
518904,127411,2026-07-27,
518905,127413,2026-07-27,2026-07-28
518906,127415,2026-07-27,
518907,127417,2026-07-27,
518908,127419,2026-07-27,
518909,127421,2026-07-27,
518910,127423,2026-07-27,
518911,127380,2026-07-27,
518912,121852,2026-07-27,
518913,127401,2026-07-27,
518914,127379,2026-07-27,
518915,127367,2026-07-27,
518916,127375,2026-07-27,
518917,116304,2026-07-27,
518918,116661,2026-07-27,
518919,127340,2026-07-27,
518920,127377,2026-07-27,
518921,127342,2026-07-27,
518922,127344,2026-07-27,2026-07-28
518923,127345,2026-07-27,
518924,127346,2026-07-27,
518925,127347,2026-07-27,2026-07-29
518926,127349,2026-07-27,2026-07-28
518927,127351,2026-07-27,
518928,127353,2026-07-27,
518929,127341,2026-07-27,2026-07-31
518930,127356,2026-07-27,
518931,127354,2026-07-27,
518932,127374,2026-07-27,
518933,127370,2026-07-27,
518934,127369,2026-07-27,
518935,127368,2026-07-27,2026-07-29
518936,127372,2026-07-27,
518937,127363,2026-07-27,
518938,127362,2026-07-27,
518939,127360,2026-07-27,
518940,127358,2026-07-27,
518941,127365,2026-07-27,
518942,127456,2026-07-28,
518943,127451,2026-07-28,2026-07-30
518944,127452,2026-07-28,
518945,127453,2026-07-28,2026-07-31
518946,127455,2026-07-28,
518947,127450,2026-07-28,
518948,127458,2026-07-28,2026-08-03
518949,127469,2026-07-28,
518950,127462,2026-07-28,
518951,127464,2026-07-28,
518952,127465,2026-07-28,
518953,127467,2026-07-28,
518954,127473,2026-07-28,
518955,127471,2026-07-28,
518956,127470,2026-07-28,
518957,127460,2026-07-28,
518958,127449,2026-07-28,
518959,127438,2026-07-28,
518960,127446,2026-07-28,2026-07-30
518961,104583,2026-07-28,
518962,127447,2026-07-28,
518963,127427,2026-07-28,
518964,127429,2026-07-28,
518965,127431,2026-07-28,
518966,127433,2026-07-28,
518967,127425,2026-07-28,
518968,127435,2026-07-28,
518969,127437,2026-07-28,
518970,127439,2026-07-28,
518971,127441,2026-07-28,
518972,127443,2026-07-28,
518973,127445,2026-07-28,
518974,127434,2026-07-28,
518975,127518,2026-07-29,
518976,127516,2026-07-29,
518977,127515,2026-07-29,
518978,127514,2026-07-29,2026-08-03
518979,127509,2026-07-29,
518980,127510,2026-07-29,
518981,127507,2026-07-29,2026-07-30
518982,127519,2026-07-29,
518983,127512,2026-07-29,
518984,127520,2026-07-29,
518985,127530,2026-07-29,2026-07-30
518986,127522,2026-07-29,
518987,127524,2026-07-29,
518988,127525,2026-07-29,
518989,127527,2026-07-29,
518990,127529,2026-07-29,
518991,127503,2026-07-29,
518992,127532,2026-07-29,
518993,127533,2026-07-29,
518994,127534,2026-07-29,
518995,127521,2026-07-29,
518996,127502,2026-07-29,
518997,127505,2026-07-29,
518998,127499,2026-07-29,
518999,109350,2026-07-29,
519000,127501,2026-07-29,
519001,114131,2026-07-29,
519002,127474,2026-07-29,
519003,127475,2026-07-29,
519004,127477,2026-07-29,
519005,127479,2026-07-29,
519006,127482,2026-07-29,2026-07-30
519007,127484,2026-07-29,
519008,127485,2026-07-29,
519009,127480,2026-07-29,
519010,127487,2026-07-29,
519011,127497,2026-07-29,2026-08-01
519012,127486,2026-07-29,
519013,127494,2026-07-29,
519014,127493,2026-07-29,
519015,127495,2026-07-29,
519016,127490,2026-07-29,
519017,127489,2026-07-29,
519018,127491,2026-07-29,
519019,127571,2026-07-30,
519020,127582,2026-07-30,
519021,127570,2026-07-30,2026-08-01
519022,127573,2026-07-30,
519023,127574,2026-07-30,2026-08-03
519024,127576,2026-07-30,
519025,127578,2026-07-30,
519026,127580,2026-07-30,
519027,127584,2026-07-30,
519028,127600,2026-07-30,
519029,127588,2026-07-30,
519030,127589,2026-07-30,
519031,127591,2026-07-30,
519032,127592,2026-07-30,
519033,127593,2026-07-30,
519034,127595,2026-07-30,
519035,127597,2026-07-30,
519036,127602,2026-07-30,
519037,127599,2026-07-30,
519038,127568,2026-07-30,
519039,127586,2026-07-30,
519040,127567,2026-07-30,
519041,127552,2026-07-30,
519042,127565,2026-07-30,
519043,127566,2026-07-30,2026-08-01
519044,121299,2026-07-30,
519045,127536,2026-07-30,
519046,127538,2026-07-30,
519047,127540,2026-07-30,
519048,127541,2026-07-30,
519049,127542,2026-07-30,
519050,127543,2026-07-30,
519051,127545,2026-07-30,
519052,110663,2026-07-30,
519053,127549,2026-07-30,
519054,127551,2026-07-30,
519055,127554,2026-07-30,
519056,127555,2026-07-30,
519057,127557,2026-07-30,
519058,127559,2026-07-30,
519059,127560,2026-07-30,
519060,127562,2026-07-30,
519061,127563,2026-07-30,
519062,127547,2026-07-30,
519063,127645,2026-07-31,
519064,127644,2026-07-31,
519065,127634,2026-07-31,
519066,127640,2026-07-31,
519067,127638,2026-07-31,
519068,127636,2026-07-31,
519069,127642,2026-07-31,
519070,127647,2026-07-31,
519071,127652,2026-07-31,
519072,127650,2026-07-31,
519073,127651,2026-07-31,
519074,127654,2026-07-31,
519075,127656,2026-07-31,
519076,127657,2026-07-31,
519077,127659,2026-07-31,
519078,127660,2026-07-31,
519079,127633,2026-07-31,
519080,127649,2026-07-31,
519081,127632,2026-07-31,
519082,127618,2026-07-31,
519083,127630,2026-07-31,
519084,127661,2026-07-31,
519085,127603,2026-07-31,
519086,127605,2026-07-31,
519087,127606,2026-07-31,
519088,127607,2026-07-31,
519089,127609,2026-07-31,
519090,127611,2026-07-31,
519091,127613,2026-07-31,
519092,127615,2026-07-31,
519093,127617,2026-07-31,
519094,127619,2026-07-31,
519095,127621,2026-07-31,
519096,127623,2026-07-31,
519097,127625,2026-07-31,
519098,127627,2026-07-31,
519099,127628,2026-07-31,2026-08-02
519100,127629,2026-07-31,
519101,127631,2026-07-31,
519102,127663,2026-07-31,
