subscription_id,customer_id,created_date,canceled_date
500001,100002,1/1/2025,2/3/2025
500002,100034,1/1/2025,7/20/2025
500003,100033,1/1/2025,1/21/2025
500004,100031,1/1/2025,1/4/2025
500005,100030,1/1/2025,1/16/2025
500006,100029,1/1/2025,1/11/2025
500007,100026,1/1/2025,
500008,100025,1/1/2025,2/28/2025
500009,100024,1/1/2025,1/6/2025
500010,100022,1/1/2025,1/5/2025
500011,100020,1/1/2025,3/27/2026
500012,100027,1/1/2025,6/25/2025
500013,100017,1/1/2025,1/2/2025
500014,100016,1/1/2025,1/11/2025
500015,100015,1/1/2025,1/23/2025
500016,100014,1/1/2025,4/21/2025
500017,100012,1/1/2025,4/20/2025
500018,100010,1/1/2025,3/7/2025
500019,100008,1/1/2025,2/19/2025
500020,100006,1/1/2025,1/3/2025
500021,100004,1/1/2025,8/27/2025
500022,100019,1/1/2025,1/4/2025
500023,100058,1/2/2025,1/19/2025
500024,100059,1/2/2025,1/5/2025
500025,100060,1/2/2025,11/2/2025
500026,100062,1/2/2025,1/15/2025
500027,100070,1/2/2025,12/29/2025
500028,100065,1/2/2025,1/12/2025
500029,100067,1/2/2025,1/22/2025
500030,100069,1/2/2025,3/13/2025
500031,100057,1/2/2025,6/10/2025
500032,100063,1/2/2025,1/3/2025
500033,100055,1/2/2025,3/25/2025
500034,100053,1/2/2025,2/2/2025
500035,100052,1/2/2025,2/15/2025
500036,100035,1/2/2025,
500037,100037,1/2/2025,
500038,100041,1/2/2025,1/29/2025
500039,100042,1/2/2025,8/4/2025
500040,100039,1/2/2025,1/11/2025
500041,100045,1/2/2025,
500042,100046,1/2/2025,3/6/2025
500043,100048,1/2/2025,4/21/2025
500044,100050,1/2/2025,1/29/2025
500045,100044,1/2/2025,
500046,100081,1/3/2025,1/28/2025
500047,100087,1/3/2025,2/15/2026
500048,100085,1/3/2025,1/20/2025
500049,100084,1/3/2025,2/2/2025
500050,100082,1/3/2025,6/27/2025
500051,100079,1/3/2025,1/8/2025
500052,100078,1/3/2025,2/20/2025
500053,100077,1/3/2025,1/7/2025
500054,100075,1/3/2025,3/13/2026
500055,100074,1/3/2025,1/10/2025
500056,100073,1/3/2025,3/9/2025
500057,100072,1/3/2025,6/20/2025
500058,100119,1/4/2025,3/16/2025
500059,100118,1/4/2025,4/21/2025
500060,100117,1/4/2025,2/26/2025
500061,100113,1/4/2025,8/28/2025
500062,100111,1/4/2025,1/11/2025
500063,100109,1/4/2025,1/22/2025
500064,100107,1/4/2025,1/11/2025
500065,100106,1/4/2025,1/24/2025
500066,100104,1/4/2025,4/22/2025
500067,100102,1/4/2025,7/4/2025
500068,100115,1/4/2025,8/14/2025
500069,100100,1/4/2025,2/27/2026
500070,100099,1/4/2025,2/26/2025
500071,100097,1/4/2025,3/31/2026
500072,100096,1/4/2025,1/14/2025
500073,100095,1/4/2025,11/27/2025
500074,100093,1/4/2025,9/16/2025
500075,100101,1/4/2025,7/20/2025
500076,100092,1/4/2025,7/16/2025
500077,100090,1/4/2025,6/2/2025
500078,100088,1/4/2025,3/6/2025
500079,100141,1/5/2025,
500080,100143,1/5/2025,1/18/2025
500081,100144,1/5/2025,1/18/2025
500082,100145,1/5/2025,2/10/2025
500083,100146,1/5/2025,2/27/2025
500084,100155,1/5/2025,1/6/2025
500085,100150,1/5/2025,1/10/2025
500086,100152,1/5/2025,11/30/2025
500087,100154,1/5/2025,9/23/2025
500088,100140,1/5/2025,3/22/2025
500089,100148,1/5/2025,6/11/2025
500090,100138,1/5/2025,2/8/2025
500091,100135,1/5/2025,9/28/2025
500092,100122,1/5/2025,6/12/2025
500093,100133,1/5/2025,2/15/2025
500094,100132,1/5/2025,1/14/2025
500095,100130,1/5/2025,1/17/2025
500096,100128,1/5/2025,1/12/2026
500097,100127,1/5/2025,2/12/2025
500098,100126,1/5/2025,6/25/2025
500099,100125,1/5/2025,1/29/2025
500100,100124,1/5/2025,1/7/2025
500101,100136,1/5/2025,11/21/2025
500102,100121,1/5/2025,1/22/2025
500103,100120,1/5/2025,
500104,100181,1/6/2025,1/22/2025
500105,100173,1/6/2025,1/21/2025
500106,100175,1/6/2025,1/25/2025
500107,100172,1/6/2025,2/7/2025
500108,100177,1/6/2025,1/9/2025
500109,100179,1/6/2025,1/14/2025
500110,100176,1/6/2025,4/4/2025
500111,100171,1/6/2025,8/2/2026
500112,100165,1/6/2025,1/16/2025
500113,100168,1/6/2025,8/29/2025
500114,100167,1/6/2025,4/14/2025
500115,100163,1/6/2025,2/26/2025
500116,100161,1/6/2025,3/28/2025
500117,100159,1/6/2025,3/4/2025
500118,100158,1/6/2025,1/22/2025
500119,100156,1/6/2025,5/27/2025
500120,100169,1/6/2025,5/12/2025
500121,100203,1/7/2025,2/18/2025
500122,100204,1/7/2025,1/26/2025
500123,100206,1/7/2025,1/28/2025
500124,100212,1/7/2025,1/27/2025
500125,100209,1/7/2025,12/30/2025
500126,100210,1/7/2025,9/25/2025
500127,100214,1/7/2025,5/9/2026
500128,100208,1/7/2025,5/17/2025
500129,100199,1/7/2025,3/14/2025
500130,100201,1/7/2025,1/8/2025
500131,100195,1/7/2025,1/11/2025
500132,100194,1/7/2025,1/9/2025
500133,100192,1/7/2025,2/8/2025
500134,100190,1/7/2025,4/18/2025
500135,100188,1/7/2025,1/22/2025
500136,100186,1/7/2025,1/12/2025
500137,100184,1/7/2025,1/9/2025
500138,100182,1/7/2025,1/24/2025
500139,100197,1/7/2025,1/15/2025
500140,100233,1/8/2025,3/24/2025
500141,100234,1/8/2025,1/23/2025
500142,100235,1/8/2025,2/4/2025
500143,100236,1/8/2025,1/20/2025
500144,100245,1/8/2025,2/1/2025
500145,100240,1/8/2025,1/29/2025
500146,100242,1/8/2025,1/17/2025
500147,100243,1/8/2025,1/15/2025
500148,100231,1/8/2025,1/19/2025
500149,100238,1/8/2025,1/12/2025
500150,100230,1/8/2025,1/15/2025
500151,100219,1/8/2025,12/19/2025
500152,100227,1/8/2025,1/29/2025
500153,100215,1/8/2025,2/22/2025
500154,100216,1/8/2025,1/27/2025
500155,100218,1/8/2025,3/26/2025
500156,100220,1/8/2025,2/5/2025
500157,100228,1/8/2025,1/14/2025
500158,100222,1/8/2025,1/21/2025
500159,100221,1/8/2025,7/24/2025
500160,100223,1/8/2025,3/30/2025
500161,100224,1/8/2025,4/19/2025
500162,100225,1/8/2025,3/30/2025
500163,100272,1/9/2025,1/15/2025
500164,100271,1/9/2025,1/10/2025
500165,100269,1/9/2025,1/10/2025
500166,100267,1/9/2025,1/30/2025
500167,100266,1/9/2025,1/17/2025
500168,100265,1/9/2025,1/18/2026
500169,100264,1/9/2025,5/26/2025
500170,100263,1/9/2025,1/13/2025
500171,100261,1/9/2025,1/11/2025
500172,100260,1/9/2025,1/24/2025
500173,100274,1/9/2025,1/14/2025
500174,100258,1/9/2025,5/24/2025
500175,100246,1/9/2025,2/4/2025
500176,100248,1/9/2025,3/12/2025
500177,100249,1/9/2025,1/10/2025
500178,100250,1/9/2025,2/1/2025
500179,100259,1/9/2025,2/11/2025
500180,100253,1/9/2025,1/14/2025
500181,100254,1/9/2025,1/26/2025
500182,100255,1/9/2025,4/21/2025
500183,100257,1/9/2025,1/17/2025
500184,100252,1/9/2025,7/17/2025
500185,100291,1/10/2025,1/25/2025
500186,100305,1/10/2025,3/24/2025
500187,100304,1/10/2025,3/13/2025
500188,100303,1/10/2025,2/10/2025
500189,100302,1/10/2025,1/26/2025
500190,100300,1/10/2025,1/17/2025
500191,100299,1/10/2025,6/10/2025
500192,100297,1/10/2025,1/12/2025
500193,100295,1/10/2025,9/15/2025
500194,100293,1/10/2025,1/30/2025
500195,100306,1/10/2025,1/24/2025
500196,100290,1/10/2025,1/31/2025
500197,100287,1/10/2025,2/10/2025
500198,100288,1/10/2025,1/14/2025
500199,100275,1/10/2025,
500200,100276,1/10/2025,2/3/2025
500201,100279,1/10/2025,12/18/2025
500202,100277,1/10/2025,7/8/2026
500203,100282,1/10/2025,1/18/2025
500204,100284,1/10/2025,4/4/2025
500205,100286,1/10/2025,1/13/2025
500206,100280,1/10/2025,1/12/2025
500207,100342,1/11/2025,2/19/2025
500208,100341,1/11/2025,5/25/2025
500209,100340,1/11/2025,3/5/2025
500210,100338,1/11/2025,3/10/2025
500211,100336,1/11/2025,2/2/2025
500212,100334,1/11/2025,4/12/2026
500213,100333,1/11/2025,1/18/2025
500214,100331,1/11/2025,2/28/2025
500215,100329,1/11/2025,2/3/2025
500216,100327,1/11/2025,6/30/2026
500217,100326,1/11/2025,6/25/2025
500218,100323,1/11/2025,1/20/2025
500219,100325,1/11/2025,5/5/2025
500220,100310,1/11/2025,3/14/2025
500221,100312,1/11/2025,10/18/2025
500222,100314,1/11/2025,4/9/2025
500223,100308,1/11/2025,3/4/2025
500224,100318,1/11/2025,4/17/2025
500225,100319,1/11/2025,2/8/2025
500226,100320,1/11/2025,1/16/2025
500227,100322,1/11/2025,2/12/2025
500228,100316,1/11/2025,1/25/2025
500229,100359,1/12/2025,1/15/2025
500230,100366,1/12/2025,1/13/2025
500231,100364,1/12/2025,2/9/2025
500232,100363,1/12/2025,1/28/2025
500233,100362,1/12/2025,1/26/2025
500234,100361,1/12/2025,1/27/2025
500235,100360,1/12/2025,2/2/2025
500236,100358,1/12/2025,1/29/2025
500237,100354,1/12/2025,2/20/2025
500238,100355,1/12/2025,3/8/2025
500239,100352,1/12/2025,4/21/2025
500240,100350,1/12/2025,2/10/2025
500241,100348,1/12/2025,5/24/2025
500242,100346,1/12/2025,2/5/2025
500243,100344,1/12/2025,3/9/2025
500244,100343,1/12/2025,3/13/2025
500245,100356,1/12/2025,10/11/2025
500246,100383,1/13/2025,2/7/2025
500247,100390,1/13/2025,1/10/2026
500248,100389,1/13/2025,1/26/2025
500249,100387,1/13/2025,4/17/2025
500250,100386,1/13/2025,8/6/2025
500251,100384,1/13/2025,1/15/2025
500252,100392,1/13/2025,3/12/2025
500253,100381,1/13/2025,9/18/2025
500254,100375,1/13/2025,2/4/2025
500255,100377,1/13/2025,1/25/2025
500256,100374,1/13/2025,1/28/2025
500257,100373,1/13/2025,10/16/2025
500258,100372,1/13/2025,1/31/2025
500259,100370,1/13/2025,8/18/2025
500260,100368,1/13/2025,1/28/2025
500261,100379,1/13/2025,1/17/2025
500262,100418,1/14/2025,1/26/2025
500263,100417,1/14/2025,2/24/2025
500264,100415,1/14/2025,1/28/2025
500265,100413,1/14/2025,1/18/2025
500266,100411,1/14/2025,4/21/2025
500267,100410,1/14/2025,7/3/2025
500268,100409,1/14/2025,3/26/2025
500269,100408,1/14/2025,4/28/2025
500270,100406,1/14/2025,2/2/2025
500271,100404,1/14/2025,2/2/2025
500272,100402,1/14/2025,10/20/2025
500273,100401,1/14/2025,9/9/2025
500274,100400,1/14/2025,1/23/2025
500275,100398,1/14/2025,1/19/2025
500276,100396,1/14/2025,1/24/2025
500277,100395,1/14/2025,4/16/2025
500278,100394,1/14/2025,11/26/2025
500279,100403,1/14/2025,
500280,100430,1/15/2025,1/27/2025
500281,100439,1/15/2025,3/7/2025
500282,100436,1/15/2025,10/21/2025
500283,100434,1/15/2025,4/24/2025
500284,100432,1/15/2025,1/18/2025
500285,100428,1/15/2025,1/22/2025
500286,100438,1/15/2025,2/19/2025
500287,100425,1/15/2025,3/17/2025
500288,100424,1/15/2025,1/23/2025
500289,100422,1/15/2025,5/11/2025
500290,100421,1/15/2025,1/18/2025
500291,100427,1/15/2025,2/24/2025
500292,100420,1/15/2025,3/4/2026
500293,100459,1/16/2025,2/7/2025
500294,100458,1/16/2025,2/19/2025
500295,100457,1/16/2025,5/22/2025
500296,100455,1/16/2025,1/22/2025
500297,100453,1/16/2025,3/10/2025
500298,100452,1/16/2025,2/2/2025
500299,100449,1/16/2025,2/5/2025
500300,100451,1/16/2025,4/20/2025
500301,100447,1/16/2025,5/16/2025
500302,100445,1/16/2025,5/11/2025
500303,100443,1/16/2025,2/1/2026
500304,100442,1/16/2025,2/14/2025
500305,100441,1/16/2025,2/5/2025
500306,100440,1/16/2025,1/21/2025
500307,100448,1/16/2025,1/29/2025
500308,100473,1/17/2025,2/18/2025
500309,100483,1/17/2025,1/18/2025
500310,100481,1/17/2025,1/23/2025
500311,100479,1/17/2025,
500312,100477,1/17/2025,2/18/2025
500313,100476,1/17/2025,4/23/2025
500314,100474,1/17/2025,5/7/2025
500315,100472,1/17/2025,4/27/2025
500316,100482,1/17/2025,3/7/2025
500317,100469,1/17/2025,5/12/2025
500318,100460,1/17/2025,1/27/2025
500319,100461,1/17/2025,3/10/2025
500320,100463,1/17/2025,8/13/2025
500321,100470,1/17/2025,1/11/2026
500322,100465,1/17/2025,1/28/2025
500323,100466,1/17/2025,2/14/2025
500324,100467,1/17/2025,11/24/2025
500325,100464,1/17/2025,2/8/2025
500326,100521,1/18/2025,3/4/2025
500327,100520,1/18/2025,8/8/2025
500328,100506,1/18/2025,1/23/2025
500329,100517,1/18/2025,2/18/2025
500330,100516,1/18/2025,5/8/2025
500331,100514,1/18/2025,2/25/2025
500332,100512,1/18/2025,
500333,100511,1/18/2025,1/28/2025
500334,100510,1/18/2025,2/17/2026
500335,100509,1/18/2025,5/24/2025
500336,100508,1/18/2025,7/1/2025
500337,100518,1/18/2025,1/20/2025
500338,100504,1/18/2025,11/3/2025
500339,100501,1/18/2025,2/22/2025
500340,100502,1/18/2025,4/4/2025
500341,100487,1/18/2025,1/23/2025
500342,100488,1/18/2025,9/6/2025
500343,100489,1/18/2025,4/11/2025
500344,100490,1/18/2025,3/30/2025
500345,100485,1/18/2025,2/2/2025
500346,100493,1/18/2025,3/25/2025
500347,100495,1/18/2025,1/29/2025
500348,100496,1/18/2025,2/27/2025
500349,100498,1/18/2025,2/26/2025
500350,100500,1/18/2025,2/28/2025
500351,100492,1/18/2025,4/27/2025
500352,100542,1/19/2025,7/17/2025
500353,100555,1/19/2025,4/14/2025
500354,100553,1/19/2025,2/25/2025
500355,100551,1/19/2025,4/3/2025
500356,100549,1/19/2025,
500357,100548,1/19/2025,2/10/2025
500358,100546,1/19/2025,1/21/2025
500359,100544,1/19/2025,2/11/2025
500360,100543,1/19/2025,3/12/2026
500361,100541,1/19/2025,
500362,100540,1/19/2025,2/27/2025
500363,100538,1/19/2025,12/2/2025
500364,100524,1/19/2025,2/21/2025
500365,100526,1/19/2025,1/31/2025
500366,100527,1/19/2025,2/3/2025
500367,100528,1/19/2025,2/9/2025
500368,100523,1/19/2025,2/1/2025
500369,100532,1/19/2025,5/17/2025
500370,100533,1/19/2025,1/26/2025
500371,100534,1/19/2025,2/2/2025
500372,100536,1/19/2025,
500373,100530,1/19/2025,2/11/2025
500374,100573,1/20/2025,5/26/2025
500375,100584,1/20/2025,7/15/2025
500376,100583,1/20/2025,3/10/2025
500377,100582,1/20/2025,2/8/2025
500378,100581,1/20/2025,4/3/2025
500379,100579,1/20/2025,8/4/2025
500380,100578,1/20/2025,6/16/2025
500381,100576,1/20/2025,4/18/2025
500382,100575,1/20/2025,2/3/2025
500383,100572,1/20/2025,1/21/2025
500384,100569,1/20/2025,2/3/2025
500385,100570,1/20/2025,2/15/2025
500386,100557,1/20/2025,5/29/2025
500387,100571,1/20/2025,5/14/2025
500388,100559,1/20/2025,1/22/2025
500389,100561,1/20/2025,1/22/2025
500390,100558,1/20/2025,2/1/2025
500391,100564,1/20/2025,4/29/2025
500392,100565,1/20/2025,3/4/2025
500393,100567,1/20/2025,4/29/2025
500394,100562,1/20/2025,1/29/2025
500395,100597,1/21/2025,7/11/2025
500396,100605,1/21/2025,1/23/2025
500397,100603,1/21/2025,2/11/2025
500398,100601,1/21/2025,1/26/2025
500399,100600,1/21/2025,2/21/2025
500400,100598,1/21/2025,2/26/2025
500401,100594,1/21/2025,2/7/2025
500402,100588,1/21/2025,1/22/2025
500403,100592,1/21/2025,5/15/2025
500404,100590,1/21/2025,1/22/2025
500405,100587,1/21/2025,1/29/2025
500406,100586,1/21/2025,3/9/2025
500407,100585,1/21/2025,1/25/2025
500408,100596,1/21/2025,4/24/2025
500409,100627,1/22/2025,3/19/2025
500410,100628,1/22/2025,5/8/2025
500411,100629,1/22/2025,12/15/2025
500412,100631,1/22/2025,3/10/2025
500413,100637,1/22/2025,4/13/2025
500414,100635,1/22/2025,2/2/2025
500415,100639,1/22/2025,3/14/2025
500416,100641,1/22/2025,3/3/2025
500417,100643,1/22/2025,2/5/2025
500418,100633,1/22/2025,2/3/2025
500419,100625,1/22/2025,4/15/2025
500420,100621,1/22/2025,1/23/2025
500421,100622,1/22/2025,6/14/2025
500422,100620,1/22/2025,2/16/2025
500423,100618,1/22/2025,2/2/2025
500424,100617,1/22/2025,2/11/2025
500425,100616,1/22/2025,3/23/2025
500426,100614,1/22/2025,1/23/2025
500427,100612,1/22/2025,2/16/2025
500428,100610,1/22/2025,2/15/2025
500429,100608,1/22/2025,3/22/2025
500430,100607,1/22/2025,3/1/2025
500431,100624,1/22/2025,2/17/2025
500432,100664,1/23/2025,3/7/2025
500433,100662,1/23/2025,2/15/2025
500434,100665,1/23/2025,8/9/2025
500435,100660,1/23/2025,8/21/2025
500436,100671,1/23/2025,2/23/2025
500437,100668,1/23/2025,3/8/2025
500438,100669,1/23/2025,3/18/2025
500439,100666,1/23/2025,2/1/2025
500440,100658,1/23/2025,4/11/2025
500441,100647,1/23/2025,4/21/2025
500442,100656,1/23/2025,2/25/2025
500443,100654,1/23/2025,2/27/2025
500444,100653,1/23/2025,3/13/2025
500445,100651,1/23/2025,2/19/2025
500446,100649,1/23/2025,2/8/2025
500447,100646,1/23/2025,9/25/2025
500448,100645,1/23/2025,6/19/2026
500449,100657,1/23/2025,2/1/2025
500450,100690,1/24/2025,11/27/2025
500451,100688,1/24/2025,2/4/2025
500452,100686,1/24/2025,5/18/2025
500453,100685,1/24/2025,2/9/2025
500454,100683,1/24/2025,1/25/2025
500455,100681,1/24/2025,
500456,100684,1/24/2025,1/27/2025
500457,100678,1/24/2025,1/31/2025
500458,100676,1/24/2025,2/11/2025
500459,100674,1/24/2025,2/16/2025
500460,100673,1/24/2025,10/27/2025
500461,100672,1/24/2025,8/5/2025
500462,100680,1/24/2025,3/17/2025
500463,100713,1/25/2025,1/30/2025
500464,100714,1/25/2025,8/13/2025
500465,100715,1/25/2025,2/23/2025
500466,100717,1/25/2025,1/31/2025
500467,100719,1/25/2025,2/9/2025
500468,100724,1/25/2025,5/2/2026
500469,100722,1/25/2025,2/9/2025
500470,100725,1/25/2025,1/27/2025
500471,100727,1/25/2025,
500472,100729,1/25/2025,3/24/2025
500473,100712,1/25/2025,7/2/2025
500474,100721,1/25/2025,8/3/2025
500475,100710,1/25/2025,3/22/2025
500476,100702,1/25/2025,1/28/2025
500477,100707,1/25/2025,1/28/2025
500478,100708,1/25/2025,2/2/2025
500479,100693,1/25/2025,1/26/2025
500480,100694,1/25/2025,2/7/2025
500481,100696,1/25/2025,2/6/2025
500482,100697,1/25/2025,8/23/2025
500483,100691,1/25/2025,2/2/2025
500484,100700,1/25/2025,2/6/2025
500485,100701,1/25/2025,2/21/2025
500486,100703,1/25/2025,8/22/2025
500487,100705,1/25/2025,3/7/2025
500488,100699,1/25/2025,2/10/2025
500489,100750,1/26/2025,3/22/2025
500490,100751,1/26/2025,3/3/2025
500491,100753,1/26/2025,1/29/2025
500492,100754,1/26/2025,2/15/2025
500493,100755,1/26/2025,4/9/2025
500494,100758,1/26/2025,2/13/2025
500495,100759,1/26/2025,1/29/2025
500496,100762,1/26/2025,2/23/2025
500497,100761,1/26/2025,3/27/2025
500498,100749,1/26/2025,2/20/2025
500499,100757,1/26/2025,8/9/2025
500500,100747,1/26/2025,3/28/2025
500501,100760,1/26/2025,2/6/2025
500502,100745,1/26/2025,2/10/2025
500503,100746,1/26/2025,3/16/2025
500504,100733,1/26/2025,3/12/2025
500505,100734,1/26/2025,2/6/2025
500506,100735,1/26/2025,2/1/2025
500507,100736,1/26/2025,2/26/2025
500508,100731,1/26/2025,1/28/2025
500509,100739,1/26/2025,5/13/2025
500510,100740,1/26/2025,2/6/2025
500511,100742,1/26/2025,8/21/2025
500512,100744,1/26/2025,11/25/2025
500513,100737,1/26/2025,1/27/2025
500514,100781,1/27/2025,3/6/2025
500515,100793,1/27/2025,2/23/2025
500516,100791,1/27/2025,3/3/2025
500517,100789,1/27/2025,2/9/2025
500518,100788,1/27/2025,4/25/2025
500519,100787,1/27/2025,3/12/2025
500520,100785,1/27/2025,1/30/2025
500521,100783,1/27/2025,6/21/2025
500522,100782,1/27/2025,2/6/2025
500523,100779,1/27/2025,2/20/2025
500524,100777,1/27/2025,3/28/2025
500525,100763,1/27/2025,3/10/2025
500526,100775,1/27/2025,4/25/2025
500527,100773,1/27/2025,
500528,100772,1/27/2025,1/28/2025
500529,100771,1/27/2025,2/9/2025
500530,100769,1/27/2025,5/6/2025
500531,100767,1/27/2025,1/30/2025
500532,100766,1/27/2025,2/16/2025
500533,100764,1/27/2025,3/1/2025
500534,100778,1/27/2025,1/31/2025
500535,100815,1/28/2025,1/29/2025
500536,100827,1/28/2025,1/30/2025
500537,100817,1/28/2025,7/23/2025
500538,100819,1/28/2025,8/6/2025
500539,100813,1/28/2025,3/4/2025
500540,100821,1/28/2025,1/23/2026
500541,100823,1/28/2025,2/2/2025
500542,100825,1/28/2025,7/2/2025
500543,100820,1/28/2025,2/5/2025
500544,100811,1/28/2025,2/2/2025
500545,100804,1/28/2025,2/20/2025
500546,100807,1/28/2025,2/1/2025
500547,100806,1/28/2025,2/2/2025
500548,100803,1/28/2025,3/3/2025
500549,100802,1/28/2025,10/27/2025
500550,100800,1/28/2025,2/5/2026
500551,100798,1/28/2025,3/28/2025
500552,100796,1/28/2025,5/1/2025
500553,100795,1/28/2025,2/10/2025
500554,100809,1/28/2025,3/31/2025
500555,100851,1/29/2025,2/11/2025
500556,100849,1/29/2025,1/30/2025
500557,100847,1/29/2025,4/18/2025
500558,100846,1/29/2025,4/8/2025
500559,100844,1/29/2025,5/30/2025
500560,100843,1/29/2025,6/6/2026
500561,100839,1/29/2025,4/10/2026
500562,100841,1/29/2025,3/19/2025
500563,100836,1/29/2025,1/30/2025
500564,100835,1/29/2025,1/21/2026
500565,100834,1/29/2025,6/30/2026
500566,100832,1/29/2025,1/30/2025
500567,100830,1/29/2025,11/20/2025
500568,100828,1/29/2025,10/25/2025
500569,100837,1/29/2025,3/8/2025
500570,100873,1/30/2025,4/17/2025
500571,100874,1/30/2025,3/1/2025
500572,100876,1/30/2025,6/12/2025
500573,100878,1/30/2025,6/23/2025
500574,100880,1/30/2025,4/19/2025
500575,100885,1/30/2025,3/8/2025
500576,100883,1/30/2025,8/2/2025
500577,100886,1/30/2025,7/8/2025
500578,100888,1/30/2025,2/7/2025
500579,100872,1/30/2025,3/11/2025
500580,100881,1/30/2025,3/12/2025
500581,100871,1/30/2025,3/14/2026
500582,100890,1/30/2025,6/5/2025
500583,100868,1/30/2025,2/4/2025
500584,100870,1/30/2025,2/14/2025
500585,100853,1/30/2025,9/28/2025
500586,100855,1/30/2025,1/31/2025
500587,100857,1/30/2025,8/29/2025
500588,100859,1/30/2025,7/20/2026
500589,100856,1/30/2025,8/11/2025
500590,100862,1/30/2025,2/5/2025
500591,100864,1/30/2025,2/8/2025
500592,100865,1/30/2025,2/7/2025
500593,100867,1/30/2025,1/31/2025
500594,100860,1/30/2025,5/12/2025
500595,100900,1/31/2025,2/11/2025
500596,100904,1/31/2025,3/16/2025
500597,100903,1/31/2025,6/19/2025
500598,100901,1/31/2025,2/27/2025
500599,100899,1/31/2025,2/27/2025
500600,100897,1/31/2025,7/19/2025
500601,100895,1/31/2025,2/3/2025
500602,100894,1/31/2025,2/14/2025
500603,100892,1/31/2025,3/25/2025
500604,100898,1/31/2025,2/11/2025
500605,100922,2/1/2025,2/7/2026
500606,100934,2/1/2025,5/21/2025
500607,100933,2/1/2025,2/7/2025
500608,100932,2/1/2025,4/26/2025
500609,100929,2/1/2025,2/12/2025
500610,100927,2/1/2025,2/19/2025
500611,100925,2/1/2025,2/2/2025
500612,100924,2/1/2025,4/29/2025
500613,100923,2/1/2025,2/7/2025
500614,100921,2/1/2025,5/23/2025
500615,100931,2/1/2025,3/9/2025
500616,100917,2/1/2025,2/10/2025
500617,100905,2/1/2025,2/11/2025
500618,100906,2/1/2025,6/3/2025
500619,100908,2/1/2025,2/8/2025
500620,100910,2/1/2025,2/11/2025
500621,100919,2/1/2025,2/2/2025
500622,100913,2/1/2025,4/1/2025
500623,100914,2/1/2025,2/3/2025
500624,100916,2/1/2025,2/18/2025
500625,100912,2/1/2025,2/20/2025
500626,100972,2/2/2025,4/26/2025
500627,100957,2/2/2025,8/19/2025
500628,100970,2/2/2025,
500629,100968,2/2/2025,2/22/2026
500630,100966,2/2/2025,10/14/2025
500631,100964,2/2/2025,3/18/2025
500632,100963,2/2/2025,2/10/2025
500633,100962,2/2/2025,4/9/2025
500634,100961,2/2/2025,2/4/2025
500635,100960,2/2/2025,4/15/2025
500636,100959,2/2/2025,2/5/2025
500637,100971,2/2/2025,2/7/2025
500638,100956,2/2/2025,11/29/2025
500639,100953,2/2/2025,3/11/2025
500640,100951,2/2/2025,6/18/2025
500641,100949,2/2/2025,2/20/2025
500642,100947,2/2/2025,5/6/2025
500643,100946,2/2/2025,6/6/2025
500644,100944,2/2/2025,4/19/2025
500645,100942,2/2/2025,4/1/2026
500646,100940,2/2/2025,3/7/2026
500647,100938,2/2/2025,2/5/2025
500648,100936,2/2/2025,4/27/2025
500649,100935,2/2/2025,2/3/2025
500650,100955,2/2/2025,2/21/2025
500651,100991,2/3/2025,3/10/2025
500652,100992,2/3/2025,3/21/2025
500653,100993,2/3/2025,3/7/2025
500654,100995,2/3/2025,8/9/2025
500655,100989,2/3/2025,2/23/2025
500656,100999,2/3/2025,2/11/2025
500657,101000,2/3/2025,3/2/2025
500658,101002,2/3/2025,4/11/2025
500659,101004,2/3/2025,3/2/2025
500660,100997,2/3/2025,2/11/2025
500661,100988,2/3/2025,3/15/2025
500662,100987,2/3/2025,2/13/2025
500663,100985,2/3/2025,8/1/2025
500664,100983,2/3/2025,3/16/2025
500665,100981,2/3/2025,2/19/2025
500666,100979,2/3/2025,6/27/2025
500667,100978,2/3/2025,10/12/2025
500668,100977,2/3/2025,2/7/2025
500669,100976,2/3/2025,2/23/2025
500670,100975,2/3/2025,2/25/2025
500671,100974,2/3/2025,2/5/2025
500672,100973,2/3/2025,2/9/2025
500673,101025,2/4/2025,2/13/2025
500674,101027,2/4/2025,4/11/2025
500675,101028,2/4/2025,3/22/2025
500676,101030,2/4/2025,7/9/2025
500677,101037,2/4/2025,2/24/2025
500678,101033,2/4/2025,3/23/2025
500679,101035,2/4/2025,2/6/2025
500680,101036,2/4/2025,2/25/2025
500681,101024,2/4/2025,2/27/2025
500682,101031,2/4/2025,2/11/2025
500683,101023,2/4/2025,3/29/2025
500684,101022,2/4/2025,3/2/2025
500685,101005,2/4/2025,3/30/2025
500686,101020,2/4/2025,1/10/2026
500687,101019,2/4/2025,2/8/2025
500688,101018,2/4/2025,6/12/2025
500689,101017,2/4/2025,11/9/2025
500690,101015,2/4/2025,3/16/2026
500691,101013,2/4/2025,4/15/2025
500692,101012,2/4/2025,6/26/2025
500693,101010,2/4/2025,2/28/2025
500694,101008,2/4/2025,2/5/2025
500695,101006,2/4/2025,3/8/2025
500696,101021,2/4/2025,10/24/2025
500697,101057,2/5/2025,2/20/2025
500698,101058,2/5/2025,2/18/2025
500699,101060,2/5/2025,3/6/2025
500700,101062,2/5/2025,2/11/2025
500701,101056,2/5/2025,2/12/2025
500702,101065,2/5/2025,2/16/2025
500703,101067,2/5/2025,2/6/2025
500704,101068,2/5/2025,2/15/2025
500705,101069,2/5/2025,5/15/2025
500706,101063,2/5/2025,2/9/2025
500707,101054,2/5/2025,5/20/2026
500708,101044,2/5/2025,3/1/2025
500709,101052,2/5/2025,4/5/2025
500710,101038,2/5/2025,4/27/2025
500711,101053,2/5/2025,2/8/2025
500712,101042,2/5/2025,4/23/2025
500713,101043,2/5/2025,2/12/2025
500714,101040,2/5/2025,2/24/2025
500715,101046,2/5/2025,2/9/2025
500716,101047,2/5/2025,3/21/2025
500717,101049,2/5/2025,2/6/2025
500718,101050,2/5/2025,8/7/2025
500719,101089,2/6/2025,2/16/2025
500720,101087,2/6/2025,4/28/2025
500721,101086,2/6/2025,2/16/2025
500722,101085,2/6/2025,7/13/2025
500723,101084,2/6/2025,6/7/2025
500724,101091,2/6/2025,2/7/2025
500725,101082,2/6/2025,3/14/2025
500726,101080,2/6/2025,2/17/2025
500727,101078,2/6/2025,4/11/2025
500728,101076,2/6/2025,7/12/2025
500729,101074,2/6/2025,2/15/2025
500730,101072,2/6/2025,3/14/2025
500731,101071,2/6/2025,12/25/2025
500732,101081,2/6/2025,3/15/2025
500733,101102,2/7/2025,4/3/2025
500734,101112,2/7/2025,4/22/2025
500735,101110,2/7/2025,3/17/2025
500736,101108,2/7/2025,3/25/2025
500737,101106,2/7/2025,3/2/2025
500738,101104,2/7/2025,
500739,101101,2/7/2025,
500740,101095,2/7/2025,2/12/2025
500741,101099,2/7/2025,2/19/2025
500742,101098,2/7/2025,3/28/2025
500743,101096,2/7/2025,2/18/2025
500744,101100,2/7/2025,3/1/2025
500745,101094,2/7/2025,3/31/2025
500746,101092,2/7/2025,8/13/2025
500747,101135,2/8/2025,3/6/2026
500748,101137,2/8/2025,3/19/2025
500749,101138,2/8/2025,
500750,101139,2/8/2025,2/13/2025
500751,101144,2/8/2025,3/13/2025
500752,101142,2/8/2025,2/13/2025
500753,101134,2/8/2025,5/19/2025
500754,101146,2/8/2025,3/2/2025
500755,101147,2/8/2025,
500756,101140,2/8/2025,3/30/2025
500757,101131,2/8/2025,2/14/2025
500758,101133,2/8/2025,9/17/2025
500759,101127,2/8/2025,2/14/2025
500760,101113,2/8/2025,9/22/2025
500761,101129,2/8/2025,4/26/2025
500762,101116,2/8/2025,3/16/2025
500763,101117,2/8/2025,2/12/2025
500764,101119,2/8/2025,5/24/2025
500765,101115,2/8/2025,1/14/2026
500766,101122,2/8/2025,2/9/2025
500767,101124,2/8/2025,4/9/2025
500768,101125,2/8/2025,3/6/2025
500769,101126,2/8/2025,2/15/2025
500770,101120,2/8/2025,2/21/2025
500771,101164,2/9/2025,5/26/2025
500772,101175,2/9/2025,2/28/2025
500773,101174,2/9/2025,2/14/2025
500774,101173,2/9/2025,11/3/2025
500775,101171,2/9/2025,7/9/2025
500776,101169,2/9/2025,
500777,101168,2/9/2025,8/3/2025
500778,101166,2/9/2025,3/9/2025
500779,101165,2/9/2025,7/8/2025
500780,101163,2/9/2025,3/7/2025
500781,101161,2/9/2025,5/4/2025
500782,101159,2/9/2025,3/19/2025
500783,101148,2/9/2025,2/13/2025
500784,101150,2/9/2025,3/26/2025
500785,101151,2/9/2025,2/26/2025
500786,101152,2/9/2025,2/11/2025
500787,101149,2/9/2025,11/29/2025
500788,101155,2/9/2025,4/14/2025
500789,101156,2/9/2025,2/19/2025
500790,101158,2/9/2025,2/21/2025
500791,101153,2/9/2025,3/4/2025
500792,101191,2/10/2025,3/26/2025
500793,101200,2/10/2025,3/2/2025
500794,101198,2/10/2025,3/14/2025
500795,101197,2/10/2025,2/11/2025
500796,101195,2/10/2025,2/21/2025
500797,101193,2/10/2025,2/18/2025
500798,101192,2/10/2025,2/11/2025
500799,101187,2/10/2025,2/24/2025
500800,101189,2/10/2025,7/1/2025
500801,101184,2/10/2025,4/20/2025
500802,101183,2/10/2025,2/11/2025
500803,101182,2/10/2025,4/19/2025
500804,101181,2/10/2025,5/7/2025
500805,101180,2/10/2025,4/20/2025
500806,101179,2/10/2025,2/11/2025
500807,101178,2/10/2025,8/15/2025
500808,101176,2/10/2025,3/9/2025
500809,101185,2/10/2025,7/3/2025
500810,101226,2/11/2025,2/20/2025
500811,101228,2/11/2025,3/26/2025
500812,101230,2/11/2025,2/13/2025
500813,101232,2/11/2025,2/20/2025
500814,101234,2/11/2025,2/12/2025
500815,101239,2/11/2025,3/14/2025
500816,101243,2/11/2025,3/25/2025
500817,101237,2/11/2025,3/10/2025
500818,101238,2/11/2025,2/13/2025
500819,101241,2/11/2025,5/16/2025
500820,101225,2/11/2025,4/18/2026
500821,101236,2/11/2025,3/24/2025
500822,101224,2/11/2025,2/24/2025
500823,101209,2/11/2025,2/20/2025
500824,101221,2/11/2025,8/8/2025
500825,101222,2/11/2025,3/14/2025
500826,101203,2/11/2025,2/13/2025
500827,101205,2/11/2025,3/6/2025
500828,101207,2/11/2025,7/1/2025
500829,101211,2/11/2025,2/28/2025
500830,101202,2/11/2025,5/20/2026
500831,101214,2/11/2025,2/21/2025
500832,101215,2/11/2025,2/28/2025
500833,101217,2/11/2025,2/23/2025
500834,101218,2/11/2025,2/20/2025
500835,101213,2/11/2025,2/19/2025
500836,101219,2/11/2025,7/11/2025
500837,101265,2/12/2025,3/3/2025
500838,101266,2/12/2025,4/14/2025
500839,101267,2/12/2025,2/23/2025
500840,101269,2/12/2025,2/22/2025
500841,101273,2/12/2025,2/15/2025
500842,101275,2/12/2025,3/17/2025
500843,101276,2/12/2025,2/17/2025
500844,101278,2/12/2025,3/8/2026
500845,101263,2/12/2025,2/14/2025
500846,101271,2/12/2025,3/6/2025
500847,101262,2/12/2025,3/5/2025
500848,101272,2/12/2025,5/16/2025
500849,101259,2/12/2025,3/27/2025
500850,101260,2/12/2025,7/18/2025
500851,101246,2/12/2025,3/1/2025
500852,101247,2/12/2025,2/14/2025
500853,101249,2/12/2025,8/4/2025
500854,101251,2/12/2025,3/6/2025
500855,101244,2/12/2025,
500856,101253,2/12/2025,4/21/2025
500857,101255,2/12/2025,3/4/2025
500858,101256,2/12/2025,3/5/2025
500859,101257,2/12/2025,2/26/2025
500860,101252,2/12/2025,8/22/2025
500861,101307,2/13/2025,6/16/2025
500862,101305,2/13/2025,6/5/2025
500863,101304,2/13/2025,4/19/2026
500864,101302,2/13/2025,2/24/2026
500865,101300,2/13/2025,2/22/2025
500866,101298,2/13/2025,3/8/2025
500867,101297,2/13/2025,5/4/2025
500868,101296,2/13/2025,5/23/2025
500869,101295,2/13/2025,2/16/2025
500870,101289,2/13/2025,2/25/2025
500871,101291,2/13/2025,2/24/2025
500872,101288,2/13/2025,2/27/2025
500873,101287,2/13/2025,5/1/2025
500874,101286,2/13/2025,5/7/2025
500875,101285,2/13/2025,2/28/2025
500876,101284,2/13/2025,2/26/2025
500877,101282,2/13/2025,3/8/2025
500878,101280,2/13/2025,4/26/2025
500879,101293,2/13/2025,2/21/2025
500880,101327,2/14/2025,2/20/2025
500881,101335,2/14/2025,2/8/2026
500882,101328,2/14/2025,2/18/2025
500883,101326,2/14/2025,2/19/2025
500884,101331,2/14/2025,1/6/2026
500885,101332,2/14/2025,2/25/2025
500886,101333,2/14/2025,3/8/2025
500887,101329,2/14/2025,4/8/2025
500888,101325,2/14/2025,4/19/2025
500889,101317,2/14/2025,4/6/2025
500890,101322,2/14/2025,3/2/2025
500891,101320,2/14/2025,3/21/2025
500892,101319,2/14/2025,4/12/2025
500893,101315,2/14/2025,6/24/2025
500894,101314,2/14/2025,10/6/2025
500895,101312,2/14/2025,9/11/2025
500896,101310,2/14/2025,7/12/2025
500897,101308,2/14/2025,3/1/2025
500898,101324,2/14/2025,2/15/2025
500899,101356,2/15/2025,2/28/2025
500900,101358,2/15/2025,4/5/2025
500901,101359,2/15/2025,3/14/2025
500902,101360,2/15/2025,3/6/2025
500903,101365,2/15/2025,3/8/2025
500904,101362,2/15/2025,5/20/2025
500905,101364,2/15/2025,4/3/2025
500906,101354,2/15/2025,2/16/2025
500907,101361,2/15/2025,4/10/2025
500908,101352,2/15/2025,3/14/2025
500909,101355,2/15/2025,5/20/2025
500910,101349,2/15/2025,5/13/2025
500911,101350,2/15/2025,2/16/2026
500912,101336,2/15/2025,4/28/2025
500913,101337,2/15/2025,9/8/2025
500914,101340,2/15/2025,4/11/2025
500915,101341,2/15/2025,2/22/2025
500916,101339,2/15/2025,2/18/2025
500917,101344,2/15/2025,4/2/2025
500918,101346,2/15/2025,4/27/2026
500919,101348,2/15/2025,3/23/2025
500920,101342,2/15/2025,2/28/2025
500921,101394,2/16/2025,4/19/2025
500922,101388,2/16/2025,2/17/2025
500923,101389,2/16/2025,1/18/2026
500924,101391,2/16/2025,11/23/2025
500925,101392,2/16/2025,2/19/2025
500926,101395,2/16/2025,2/26/2025
500927,101402,2/16/2025,4/6/2025
500928,101399,2/16/2025,8/10/2025
500929,101400,2/16/2025,5/14/2025
500930,101401,2/16/2025,2/17/2025
500931,101404,2/16/2025,3/7/2025
500932,101387,2/16/2025,4/22/2025
500933,101397,2/16/2025,3/21/2025
500934,101386,2/16/2025,2/20/2025
500935,101369,2/16/2025,1/15/2026
500936,101384,2/16/2025,6/16/2025
500937,101366,2/16/2025,12/27/2025
500938,101367,2/16/2025,8/5/2025
500939,101385,2/16/2025,2/17/2025
500940,101370,2/16/2025,4/20/2025
500941,101372,2/16/2025,4/22/2025
500942,101374,2/16/2025,3/30/2025
500943,101368,2/16/2025,2/22/2025
500944,101377,2/16/2025,2/17/2025
500945,101379,2/16/2025,2/18/2025
500946,101380,2/16/2025,2/26/2025
500947,101381,2/16/2025,
500948,101382,2/16/2025,10/5/2025
500949,101376,2/16/2025,2/20/2025
500950,101422,2/17/2025,4/20/2025
500951,101435,2/17/2025,4/6/2025
500952,101434,2/17/2025,4/1/2025
500953,101431,2/17/2025,3/6/2025
500954,101429,2/17/2025,6/30/2025
500955,101428,2/17/2025,4/8/2026
500956,101426,2/17/2025,4/25/2025
500957,101424,2/17/2025,3/26/2025
500958,101420,2/17/2025,3/31/2025
500959,101432,2/17/2025,1/12/2026
500960,101417,2/17/2025,3/19/2025
500961,101416,2/17/2025,3/6/2025
500962,101414,2/17/2025,6/5/2025
500963,101412,2/17/2025,3/21/2025
500964,101411,2/17/2025,2/23/2025
500965,101409,2/17/2025,2/18/2025
500966,101418,2/17/2025,3/4/2025
500967,101407,2/17/2025,3/12/2025
500968,101405,2/17/2025,2/23/2025
500969,101457,2/18/2025,3/3/2025
500970,101458,2/18/2025,2/19/2025
500971,101459,2/18/2025,3/6/2025
500972,101460,2/18/2025,2/20/2025
500973,101467,2/18/2025,3/1/2025
500974,101464,2/18/2025,7/31/2025
500975,101466,2/18/2025,2/23/2025
500976,101456,2/18/2025,2/21/2025
500977,101462,2/18/2025,3/20/2025
500978,101454,2/18/2025,2/22/2025
500979,101449,2/18/2025,8/27/2025
500980,101450,2/18/2025,9/5/2025
500981,101447,2/18/2025,3/15/2025
500982,101446,2/18/2025,7/6/2025
500983,101444,2/18/2025,4/10/2025
500984,101442,2/18/2025,3/19/2025
500985,101441,2/18/2025,3/20/2025
500986,101440,2/18/2025,3/13/2025
500987,101438,2/18/2025,7/3/2025
500988,101437,2/18/2025,8/3/2025
500989,101452,2/18/2025,2/25/2025
500990,101478,2/19/2025,4/24/2025
500991,101483,2/19/2025,4/2/2025
500992,101482,2/19/2025,8/12/2025
500993,101480,2/19/2025,6/2/2025
500994,101477,2/19/2025,3/13/2025
500995,101485,2/19/2025,3/15/2025
500996,101473,2/19/2025,2/20/2025
500997,101472,2/19/2025,4/13/2025
500998,101471,2/19/2025,2/25/2025
500999,101470,2/19/2025,4/22/2025
501000,101468,2/19/2025,2/20/2025
501001,101475,2/19/2025,4/11/2026
501002,101509,2/20/2025,2/26/2025
501003,101507,2/20/2025,4/2/2025
501004,101505,2/20/2025,3/3/2025
501005,101504,2/20/2025,4/1/2025
501006,101503,2/20/2025,12/9/2025
501007,101501,2/20/2025,2/27/2025
501008,101500,2/20/2025,3/15/2025
501009,101499,2/20/2025,3/20/2025
501010,101511,2/20/2025,2/25/2025
501011,101496,2/20/2025,5/15/2025
501012,101494,2/20/2025,3/5/2025
501013,101493,2/20/2025,7/18/2025
501014,101491,2/20/2025,5/24/2025
501015,101490,2/20/2025,3/14/2025
501016,101489,2/20/2025,5/28/2025
501017,101487,2/20/2025,3/10/2025
501018,101486,2/20/2025,3/11/2025
501019,101497,2/20/2025,2/23/2025
501020,101530,2/21/2025,3/15/2025
501021,101529,2/21/2025,8/17/2025
501022,101528,2/21/2025,3/5/2025
501023,101527,2/21/2025,2/24/2025
501024,101525,2/21/2025,2/27/2025
501025,101524,2/21/2025,3/29/2025
501026,101522,2/21/2025,3/31/2025
501027,101519,2/21/2025,2/27/2025
501028,101517,2/21/2025,2/25/2025
501029,101516,2/21/2025,3/20/2025
501030,101514,2/21/2025,12/10/2025
501031,101512,2/21/2025,7/16/2025
501032,101521,2/21/2025,4/18/2025
501033,101547,2/22/2025,2/23/2025
501034,101560,2/22/2025,2/27/2025
501035,101558,2/22/2025,3/18/2025
501036,101556,2/22/2025,2/26/2025
501037,101554,2/22/2025,2/18/2026
501038,101552,2/22/2025,3/13/2025
501039,101551,2/22/2025,1/29/2026
501040,101561,2/22/2025,2/26/2025
501041,101549,2/22/2025,3/17/2025
501042,101546,2/22/2025,3/16/2025
501043,101540,2/22/2025,3/11/2025
501044,101543,2/22/2025,7/16/2026
501045,101542,2/22/2025,3/22/2025
501046,101539,2/22/2025,8/24/2025
501047,101538,2/22/2025,5/16/2025
501048,101537,2/22/2025,2/25/2025
501049,101535,2/22/2025,3/23/2025
501050,101533,2/22/2025,8/24/2025
501051,101531,2/22/2025,8/20/2025
501052,101545,2/22/2025,2/23/2025
501053,101582,2/23/2025,4/1/2025
501054,101584,2/23/2025,10/6/2025
501055,101586,2/23/2025,5/3/2025
501056,101588,2/23/2025,2/23/2026
501057,101590,2/23/2025,3/24/2025
501058,101598,2/23/2025,8/24/2025
501059,101594,2/23/2025,5/13/2025
501060,101596,2/23/2025,
501061,101581,2/23/2025,2/25/2025
501062,101600,2/23/2025,2/27/2025
501063,101592,2/23/2025,9/6/2025
501064,101579,2/23/2025,4/23/2025
501065,101578,2/23/2025,3/25/2025
501066,101564,2/23/2025,2/25/2025
501067,101562,2/23/2025,8/21/2025
501068,101576,2/23/2025,9/13/2025
501069,101565,2/23/2025,3/1/2025
501070,101566,2/23/2025,3/6/2025
501071,101569,2/23/2025,5/10/2026
501072,101568,2/23/2025,3/1/2025
501073,101571,2/23/2025,3/10/2025
501074,101572,2/23/2025,3/14/2025
501075,101573,2/23/2025,4/17/2025
501076,101574,2/23/2025,3/23/2025
501077,101575,2/23/2025,3/1/2025
501078,101570,2/23/2025,10/18/2025
501079,101624,2/24/2025,
501080,101621,2/24/2025,4/30/2026
501081,101622,2/24/2025,9/14/2025
501082,101626,2/24/2025,3/21/2025
501083,101619,2/24/2025,3/3/2025
501084,101630,2/24/2025,
501085,101632,2/24/2025,5/26/2025
501086,101633,2/24/2025,3/21/2025
501087,101628,2/24/2025,3/6/2025
501088,101617,2/24/2025,2/26/2025
501089,101602,2/24/2025,2/25/2025
501090,101614,2/24/2025,2/27/2025
501091,101613,2/24/2025,7/3/2025
501092,101612,2/24/2025,
501093,101611,2/24/2025,2/25/2025
501094,101610,2/24/2025,3/18/2025
501095,101609,2/24/2025,8/27/2025
501096,101607,2/24/2025,5/17/2025
501097,101606,2/24/2025,3/26/2025
501098,101604,2/24/2025,3/11/2025
501099,101615,2/24/2025,3/28/2026
501100,101656,2/25/2025,2/16/2026
501101,101657,2/25/2025,4/11/2025
501102,101658,2/25/2025,2/28/2025
501103,101660,2/25/2025,12/27/2025
501104,101661,2/25/2025,6/26/2025
501105,101662,2/25/2025,2/26/2025
501106,101669,2/25/2025,3/3/2025
501107,101666,2/25/2025,3/1/2025
501108,101667,2/25/2025,6/5/2025
501109,101668,2/25/2025,3/18/2025
501110,101671,2/25/2025,3/2/2025
501111,101673,2/25/2025,6/19/2025
501112,101674,2/25/2025,6/5/2025
501113,101664,2/25/2025,3/30/2025
501114,101653,2/25/2025,
501115,101655,2/25/2025,10/31/2025
501116,101651,2/25/2025,3/20/2025
501117,101652,2/25/2025,2/26/2025
501118,101634,2/25/2025,
501119,101636,2/25/2025,3/19/2025
501120,101638,2/25/2025,3/24/2025
501121,101639,2/25/2025,3/12/2025
501122,101640,2/25/2025,11/22/2025
501123,101635,2/25/2025,8/9/2025
501124,101643,2/25/2025,3/8/2025
501125,101642,2/25/2025,4/26/2025
501126,101648,2/25/2025,3/12/2025
501127,101650,2/25/2025,2/28/2025
501128,101645,2/25/2025,9/8/2025
501129,101644,2/25/2025,3/2/2025
501130,101647,2/25/2025,3/16/2025
501131,101696,2/26/2025,3/12/2025
501132,101712,2/26/2025,3/2/2025
501133,101711,2/26/2025,5/27/2025
501134,101708,2/26/2025,3/6/2025
501135,101706,2/26/2025,6/19/2025
501136,101704,2/26/2025,3/19/2025
501137,101702,2/26/2025,5/31/2025
501138,101701,2/26/2025,6/2/2025
501139,101700,2/26/2025,6/22/2025
501140,101698,2/26/2025,7/22/2025
501141,101695,2/26/2025,5/2/2025
501142,101709,2/26/2025,5/14/2025
501143,101692,2/26/2025,3/4/2025
501144,101677,2/26/2025,6/18/2026
501145,101679,2/26/2025,4/17/2025
501146,101680,2/26/2025,5/2/2025
501147,101681,2/26/2025,3/13/2025
501148,101676,2/26/2025,2/27/2025
501149,101685,2/26/2025,3/4/2025
501150,101687,2/26/2025,3/11/2025
501151,101689,2/26/2025,3/10/2025
501152,101691,2/26/2025,3/8/2025
501153,101683,2/26/2025,2/28/2025
501154,101694,2/26/2025,5/2/2025
501155,101733,2/27/2025,3/19/2025
501156,101746,2/27/2025,4/13/2025
501157,101745,2/27/2025,3/7/2025
501158,101744,2/27/2025,9/28/2025
501159,101742,2/27/2025,2/28/2025
501160,101740,2/27/2025,3/3/2025
501161,101739,2/27/2025,3/12/2025
501162,101737,2/27/2025,4/27/2025
501163,101735,2/27/2025,6/18/2025
501164,101731,2/27/2025,3/25/2025
501165,101728,2/27/2025,3/30/2025
501166,101726,2/27/2025,4/24/2025
501167,101724,2/27/2025,5/7/2025
501168,101723,2/27/2025,5/26/2025
501169,101721,2/27/2025,8/18/2025
501170,101719,2/27/2025,6/29/2025
501171,101717,2/27/2025,5/14/2025
501172,101715,2/27/2025,6/12/2025
501173,101713,2/27/2025,4/30/2025
501174,101729,2/27/2025,4/27/2025
501175,101770,2/28/2025,3/14/2025
501176,101773,2/28/2025,3/14/2025
501177,101774,2/28/2025,4/8/2025
501178,101776,2/28/2025,8/3/2025
501179,101777,2/28/2025,
501180,101779,2/28/2025,3/28/2025
501181,101785,2/28/2025,
501182,101781,2/28/2025,3/16/2025
501183,101782,2/28/2025,7/22/2025
501184,101783,2/28/2025,4/16/2025
501185,101787,2/28/2025,7/30/2025
501186,101769,2/28/2025,3/1/2025
501187,101780,2/28/2025,3/1/2025
501188,101768,2/28/2025,3/21/2025
501189,101772,2/28/2025,3/18/2025
501190,101764,2/28/2025,6/2/2025
501191,101747,2/28/2025,3/15/2025
501192,101749,2/28/2025,3/5/2025
501193,101751,2/28/2025,3/14/2025
501194,101752,2/28/2025,4/27/2025
501195,101753,2/28/2025,3/29/2025
501196,101754,2/28/2025,3/21/2025
501197,101748,2/28/2025,1/21/2026
501198,101757,2/28/2025,4/5/2025
501199,101758,2/28/2025,5/30/2025
501200,101760,2/28/2025,10/22/2025
501201,101766,2/28/2025,3/11/2025
501202,101762,2/28/2025,4/5/2025
501203,101756,2/28/2025,3/28/2025
501204,101811,3/1/2025,6/16/2025
501205,101813,3/1/2025,9/22/2025
501206,101815,3/1/2025,3/8/2025
501207,101817,3/1/2025,4/1/2026
501208,101819,3/1/2025,2/6/2026
501209,101825,3/1/2025,3/8/2025
501210,101822,3/1/2025,12/30/2025
501211,101827,3/1/2025,6/1/2025
501212,101828,3/1/2025,3/3/2025
501213,101809,3/1/2025,3/8/2025
501214,101821,3/1/2025,3/23/2025
501215,101807,3/1/2025,6/5/2025
501216,101823,3/1/2025,4/16/2026
501217,101804,3/1/2025,4/8/2025
501218,101789,3/1/2025,2/27/2026
501219,101791,3/1/2025,3/4/2025
501220,101792,3/1/2025,3/13/2025
501221,101794,3/1/2025,1/2/2026
501222,101788,3/1/2025,9/29/2025
501223,101797,3/1/2025,3/2/2025
501224,101795,3/1/2025,3/2/2025
501225,101802,3/1/2025,7/20/2025
501226,101806,3/1/2025,4/6/2025
501227,101798,3/1/2025,11/27/2025
501228,101800,3/1/2025,9/6/2025
501229,101868,3/2/2025,9/30/2025
501230,101854,3/2/2025,3/7/2025
501231,101867,3/2/2025,3/17/2025
501232,101865,3/2/2025,3/23/2025
501233,101862,3/2/2025,3/24/2025
501234,101861,3/2/2025,3/3/2025
501235,101860,3/2/2025,2/15/2026
501236,101858,3/2/2025,3/8/2025
501237,101857,3/2/2025,3/13/2025
501238,101856,3/2/2025,3/8/2025
501239,101863,3/2/2025,3/25/2025
501240,101850,3/2/2025,3/4/2025
501241,101848,3/2/2025,3/26/2025
501242,101846,3/2/2025,4/3/2025
501243,101844,3/2/2025,3/10/2025
501244,101842,3/2/2025,3/3/2025
501245,101840,3/2/2025,7/30/2025
501246,101838,3/2/2025,3/29/2025
501247,101836,3/2/2025,3/11/2025
501248,101834,3/2/2025,6/21/2026
501249,101832,3/2/2025,3/31/2025
501250,101830,3/2/2025,3/27/2025
501251,101852,3/2/2025,4/12/2025
501252,101888,3/3/2025,4/16/2025
501253,101890,3/3/2025,3/10/2025
501254,101891,3/3/2025,4/4/2025
501255,101892,3/3/2025,3/4/2025
501256,101886,3/3/2025,3/8/2025
501257,101895,3/3/2025,8/8/2025
501258,101896,3/3/2025,6/19/2025
501259,101898,3/3/2025,3/28/2026
501260,101894,3/3/2025,3/7/2025
501261,101885,3/3/2025,7/28/2025
501262,101880,3/3/2025,3/9/2025
501263,101882,3/3/2025,3/21/2025
501264,101884,3/3/2025,
501265,101879,3/3/2025,5/12/2025
501266,101877,3/3/2025,3/29/2025
501267,101876,3/3/2025,3/5/2025
501268,101875,3/3/2025,
501269,101874,3/3/2025,3/6/2025
501270,101872,3/3/2025,4/2/2025
501271,101870,3/3/2025,3/22/2025
501272,101921,3/4/2025,3/5/2025
501273,101920,3/4/2025,4/21/2025
501274,101918,3/4/2025,
501275,101917,3/4/2025,7/11/2026
501276,101915,3/4/2025,3/20/2025
501277,101913,3/4/2025,6/1/2025
501278,101912,3/4/2025,3/1/2026
501279,101908,3/4/2025,5/6/2025
501280,101910,3/4/2025,10/15/2025
501281,101906,3/4/2025,12/30/2025
501282,101905,3/4/2025,6/26/2025
501283,101904,3/4/2025,8/5/2025
501284,101902,3/4/2025,4/29/2025
501285,101900,3/4/2025,3/18/2025
501286,101911,3/4/2025,3/21/2025
501287,101933,3/5/2025,4/19/2025
501288,101938,3/5/2025,8/18/2025
501289,101937,3/5/2025,3/26/2025
501290,101936,3/5/2025,4/1/2025
501291,101940,3/5/2025,3/20/2025
501292,101932,3/5/2025,3/6/2025
501293,101935,3/5/2025,3/28/2025
501294,101930,3/5/2025,5/4/2025
501295,101929,3/5/2025,5/5/2025
501296,101927,3/5/2025,
501297,101925,3/5/2025,3/30/2025
501298,101923,3/5/2025,4/15/2025
501299,101922,3/5/2025,6/2/2025
501300,101931,3/5/2025,3/30/2025
501301,101964,3/6/2025,3/14/2025
501302,101963,3/6/2025,3/19/2025
501303,101962,3/6/2025,8/1/2025
501304,101961,3/6/2025,3/12/2025
501305,101959,3/6/2025,3/14/2025
501306,101958,3/6/2025,8/6/2025
501307,101956,3/6/2025,8/25/2025
501308,101954,3/6/2025,3/26/2025
501309,101957,3/6/2025,3/26/2025
501310,101951,3/6/2025,3/5/2026
501311,101949,3/6/2025,3/20/2025
501312,101947,3/6/2025,7/12/2025
501313,101946,3/6/2025,3/22/2025
501314,101944,3/6/2025,3/17/2025
501315,101943,3/6/2025,
501316,101941,3/6/2025,3/8/2025
501317,101952,3/6/2025,6/17/2025
501318,101987,3/7/2025,3/18/2025
501319,101989,3/7/2025,3/11/2025
501320,101992,3/7/2025,3/24/2025
501321,101994,3/7/2025,3/10/2025
501322,101995,3/7/2025,3/9/2025
501323,102001,3/7/2025,3/10/2025
501324,101998,3/7/2025,3/13/2025
501325,102000,3/7/2025,6/25/2025
501326,102002,3/7/2025,3/13/2025
501327,101985,3/7/2025,6/7/2025
501328,101996,3/7/2025,3/16/2025
501329,101983,3/7/2025,7/1/2026
501330,101990,3/7/2025,9/5/2025
501331,101979,3/7/2025,7/28/2025
501332,101967,3/7/2025,
501333,101968,3/7/2025,
501334,101969,3/7/2025,3/31/2025
501335,101970,3/7/2025,3/8/2025
501336,101965,3/7/2025,
501337,101973,3/7/2025,6/2/2025
501338,101981,3/7/2025,3/31/2025
501339,101975,3/7/2025,3/23/2025
501340,101977,3/7/2025,5/6/2025
501341,101972,3/7/2025,11/12/2025
501342,102019,3/8/2025,3/30/2025
501343,102034,3/8/2025,6/7/2025
501344,102032,3/8/2025,
501345,102030,3/8/2025,6/29/2025
501346,102028,3/8/2025,6/27/2025
501347,102026,3/8/2025,3/25/2025
501348,102024,3/8/2025,3/17/2025
501349,102022,3/8/2025,7/15/2026
501350,102021,3/8/2025,3/15/2025
501351,102018,3/8/2025,3/17/2025
501352,102017,3/8/2025,3/19/2025
501353,102013,3/8/2025,4/29/2025
501354,102011,3/8/2025,5/13/2025
501355,102009,3/8/2025,8/25/2025
501356,102008,3/8/2025,3/31/2025
501357,102007,3/8/2025,3/22/2025
501358,102006,3/8/2025,6/7/2025
501359,102005,3/8/2025,3/14/2025
501360,102004,3/8/2025,4/21/2025
501361,102003,3/8/2025,4/17/2025
501362,102015,3/8/2025,3/26/2025
501363,102058,3/9/2025,4/4/2026
501364,102060,3/9/2025,3/23/2025
501365,102061,3/9/2025,4/9/2025
501366,102062,3/9/2025,3/15/2025
501367,102064,3/9/2025,3/28/2025
501368,102065,3/9/2025,9/4/2025
501369,102074,3/9/2025,3/16/2025
501370,102068,3/9/2025,10/7/2025
501371,102070,3/9/2025,
501372,102071,3/9/2025,4/6/2025
501373,102072,3/9/2025,3/15/2025
501374,102076,3/9/2025,3/24/2025
501375,102066,3/9/2025,3/18/2025
501376,102056,3/9/2025,4/17/2025
501377,102035,3/9/2025,4/28/2025
501378,102053,3/9/2025,5/15/2025
501379,102055,3/9/2025,4/7/2025
501380,102038,3/9/2025,5/30/2025
501381,102039,3/9/2025,4/12/2025
501382,102041,3/9/2025,4/27/2025
501383,102043,3/9/2025,3/13/2025
501384,102037,3/9/2025,3/28/2026
501385,102047,3/9/2025,5/12/2025
501386,102049,3/9/2025,4/15/2025
501387,102050,3/9/2025,11/8/2025
501388,102051,3/9/2025,3/22/2025
501389,102045,3/9/2025,4/21/2025
501390,102088,3/10/2025,3/15/2025
501391,102099,3/10/2025,3/22/2025
501392,102097,3/10/2025,4/3/2026
501393,102100,3/10/2025,5/9/2025
501394,102095,3/10/2025,1/31/2026
501395,102093,3/10/2025,4/4/2025
501396,102091,3/10/2025,8/13/2025
501397,102090,3/10/2025,4/14/2025
501398,102087,3/10/2025,3/16/2025
501399,102096,3/10/2025,2/2/2026
501400,102085,3/10/2025,4/8/2026
501401,102084,3/10/2025,3/25/2025
501402,102083,3/10/2025,6/26/2025
501403,102082,3/10/2025,4/30/2025
501404,102080,3/10/2025,4/8/2025
501405,102079,3/10/2025,3/15/2025
501406,102077,3/10/2025,7/17/2025
501407,100181,3/10/2025,3/19/2025
501408,102086,3/10/2025,5/17/2025
501409,102125,3/11/2025,3/18/2025
501410,102124,3/11/2025,4/19/2025
501411,102123,3/11/2025,3/26/2025
501412,102121,3/11/2025,5/14/2025
501413,102119,3/11/2025,3/28/2025
501414,102118,3/11/2025,3/16/2025
501415,102116,3/11/2025,3/30/2025
501416,102115,3/11/2025,3/20/2025
501417,102111,3/11/2025,6/26/2025
501418,102109,3/11/2025,4/7/2025
501419,102107,3/11/2025,3/16/2025
501420,102105,3/11/2025,6/22/2025
501421,102104,3/11/2025,12/10/2025
501422,102103,3/11/2025,3/17/2025
501423,102101,3/11/2025,3/15/2025
501424,102113,3/11/2025,
501425,102143,3/12/2025,3/23/2025
501426,102144,3/12/2025,3/30/2025
501427,102145,3/12/2025,3/17/2025
501428,102156,3/12/2025,3/13/2025
501429,102154,3/12/2025,5/3/2025
501430,102150,3/12/2025,4/9/2025
501431,102151,3/12/2025,5/29/2025
501432,102152,3/12/2025,12/16/2025
501433,102148,3/12/2025,4/14/2025
501434,102141,3/12/2025,5/12/2025
501435,102146,3/12/2025,3/31/2025
501436,102138,3/12/2025,4/12/2025
501437,102126,3/12/2025,4/3/2025
501438,102127,3/12/2025,3/20/2025
501439,102128,3/12/2025,3/23/2025
501440,102129,3/12/2025,7/7/2025
501441,102140,3/12/2025,9/6/2025
501442,102132,3/12/2025,3/19/2025
501443,102134,3/12/2025,4/7/2025
501444,102136,3/12/2025,7/26/2025
501445,102131,3/12/2025,3/28/2025
501446,102191,3/13/2025,6/9/2025
501447,102176,3/13/2025,3/30/2025
501448,102188,3/13/2025,4/19/2025
501449,102186,3/13/2025,4/20/2025
501450,102185,3/13/2025,9/12/2025
501451,102184,3/13/2025,7/11/2025
501452,102182,3/13/2025,3/30/2025
501453,102180,3/13/2025,
501454,102179,3/13/2025,3/28/2025
501455,102178,3/13/2025,4/11/2025
501456,102177,3/13/2025,3/21/2025
501457,102190,3/13/2025,4/15/2025
501458,102172,3/13/2025,2/1/2026
501459,102171,3/13/2025,3/15/2025
501460,102174,3/13/2025,6/9/2025
501461,102160,3/13/2025,5/25/2025
501462,102162,3/13/2025,3/16/2025
501463,102163,3/13/2025,3/14/2025
501464,102165,3/13/2025,3/29/2025
501465,102158,3/13/2025,4/3/2025
501466,102167,3/13/2025,7/31/2025
501467,102168,3/13/2025,4/5/2025
501468,102169,3/13/2025,8/12/2025
501469,102170,3/13/2025,7/10/2025
501470,102166,3/13/2025,5/10/2025
501471,102209,3/14/2025,5/1/2025
501472,102218,3/14/2025,11/5/2025
501473,102217,3/14/2025,3/22/2025
501474,102215,3/14/2025,9/4/2025
501475,102214,3/14/2025,3/16/2025
501476,102213,3/14/2025,3/20/2025
501477,102212,3/14/2025,6/26/2025
501478,102210,3/14/2025,12/9/2025
501479,102207,3/14/2025,3/21/2025
501480,102219,3/14/2025,4/12/2025
501481,102203,3/14/2025,4/13/2025
501482,102202,3/14/2025,6/18/2026
501483,102201,3/14/2025,3/22/2025
501484,102200,3/14/2025,4/3/2025
501485,102198,3/14/2025,3/19/2025
501486,102196,3/14/2025,3/24/2025
501487,102194,3/14/2025,2/26/2026
501488,102192,3/14/2025,3/21/2025
501489,102205,3/14/2025,3/20/2025
501490,102242,3/15/2025,12/21/2025
501491,102244,3/15/2025,1/13/2026
501492,102247,3/15/2025,4/9/2025
501493,102248,3/15/2025,3/22/2025
501494,102249,3/15/2025,5/31/2026
501495,102251,3/15/2025,3/17/2025
501496,102258,3/15/2025,8/18/2025
501497,102255,3/15/2025,3/31/2025
501498,102257,3/15/2025,3/17/2025
501499,102241,3/15/2025,8/23/2025
501500,102260,3/15/2025,6/20/2025
501501,102262,3/15/2025,3/27/2025
501502,102253,3/15/2025,5/4/2025
501503,102239,3/15/2025,6/17/2025
501504,102246,3/15/2025,3/18/2025
501505,102236,3/15/2025,6/14/2025
501506,102237,3/15/2025,5/10/2025
501507,102220,3/15/2025,3/18/2025
501508,102221,3/15/2025,6/7/2025
501509,102222,3/15/2025,12/30/2025
501510,102224,3/15/2025,3/16/2025
501511,102225,3/15/2025,
501512,102227,3/15/2025,4/20/2025
501513,102223,3/15/2025,4/8/2025
501514,102229,3/15/2025,4/28/2025
501515,102231,3/15/2025,4/21/2025
501516,102232,3/15/2025,9/28/2025
501517,102233,3/15/2025,3/19/2025
501518,102234,3/15/2025,8/13/2025
501519,102228,3/15/2025,6/1/2025
501520,102299,3/16/2025,5/13/2025
501521,102291,3/16/2025,4/30/2025
501522,102293,3/16/2025,3/18/2025
501523,102294,3/16/2025,6/30/2025
501524,102295,3/16/2025,5/6/2025
501525,102296,3/16/2025,9/10/2025
501526,102298,3/16/2025,8/24/2025
501527,102301,3/16/2025,3/8/2026
501528,102313,3/16/2025,3/18/2025
501529,102307,3/16/2025,4/17/2025
501530,102308,3/16/2025,4/6/2025
501531,102309,3/16/2025,4/14/2025
501532,102311,3/16/2025,7/11/2025
501533,102312,3/16/2025,3/21/2025
501534,102315,3/16/2025,7/29/2026
501535,102290,3/16/2025,5/12/2025
501536,102303,3/16/2025,9/14/2025
501537,102288,3/16/2025,5/31/2025
501538,102305,3/16/2025,10/11/2025
501539,102285,3/16/2025,7/31/2025
501540,100346,3/16/2025,10/16/2025
501541,102263,3/16/2025,4/10/2025
501542,102264,3/16/2025,4/25/2025
501543,102265,3/16/2025,4/14/2025
501544,102266,3/16/2025,3/30/2025
501545,102269,3/16/2025,4/8/2025
501546,102287,3/16/2025,10/22/2025
501547,102270,3/16/2025,3/25/2025
501548,102268,3/16/2025,3/30/2025
501549,102273,3/16/2025,7/6/2025
501550,102275,3/16/2025,4/3/2025
501551,102277,3/16/2025,4/24/2025
501552,102279,3/16/2025,3/18/2025
501553,102280,3/16/2025,4/1/2025
501554,102282,3/16/2025,4/3/2025
501555,102284,3/16/2025,4/11/2025
501556,102271,3/16/2025,3/26/2025
501557,102332,3/17/2025,3/21/2025
501558,102341,3/17/2025,6/29/2026
501559,102339,3/17/2025,4/3/2025
501560,102337,3/17/2025,3/22/2025
501561,102336,3/17/2025,4/30/2025
501562,102335,3/17/2025,4/28/2025
501563,102333,3/17/2025,6/14/2025
501564,102330,3/17/2025,4/7/2025
501565,102316,3/17/2025,3/18/2025
501566,102326,3/17/2025,4/7/2025
501567,102324,3/17/2025,4/27/2025
501568,102322,3/17/2025,
501569,102320,3/17/2025,1/2/2026
501570,102318,3/17/2025,7/12/2025
501571,100228,3/17/2025,4/19/2025
501572,102328,3/17/2025,3/22/2025
501573,102353,3/18/2025,6/5/2025
501574,102362,3/18/2025,11/28/2025
501575,102360,3/18/2025,3/25/2025
501576,102358,3/18/2025,10/13/2025
501577,102356,3/18/2025,10/21/2025
501578,102354,3/18/2025,4/3/2025
501579,102364,3/18/2025,4/13/2025
501580,102351,3/18/2025,4/19/2025
501581,102346,3/18/2025,3/20/2025
501582,102349,3/18/2025,8/16/2025
501583,102348,3/18/2025,3/19/2025
501584,102345,3/18/2025,3/26/2025
501585,102344,3/18/2025,3/29/2025
501586,102343,3/18/2025,5/16/2025
501587,102342,3/18/2025,3/28/2025
501588,102350,3/18/2025,6/16/2025
501589,102389,3/19/2025,4/6/2025
501590,102387,3/19/2025,7/17/2025
501591,102386,3/19/2025,
501592,102384,3/19/2025,1/29/2026
501593,102383,3/19/2025,2/23/2026
501594,102382,3/19/2025,10/20/2025
501595,102380,3/19/2025,3/30/2025
501596,102379,3/19/2025,9/15/2025
501597,102376,3/19/2025,4/14/2025
501598,102377,3/19/2025,6/7/2025
501599,102372,3/19/2025,3/20/2025
501600,102371,3/19/2025,4/19/2025
501601,102369,3/19/2025,9/20/2025
501602,102367,3/19/2025,3/30/2025
501603,102366,3/19/2025,10/12/2025
501604,102365,3/19/2025,4/12/2025
501605,100396,3/19/2025,4/1/2025
501606,102374,3/19/2025,4/23/2025
501607,102410,3/20/2025,4/12/2025
501608,102412,3/20/2025,3/28/2025
501609,102414,3/20/2025,
501610,102416,3/20/2025,3/31/2025
501611,102421,3/20/2025,4/3/2025
501612,102419,3/20/2025,4/5/2025
501613,102420,3/20/2025,4/12/2025
501614,102422,3/20/2025,3/24/2025
501615,102408,3/20/2025,4/19/2025
501616,102418,3/20/2025,3/26/2025
501617,102406,3/20/2025,4/10/2025
501618,100267,3/20/2025,5/7/2025
501619,102402,3/20/2025,6/26/2025
501620,102404,3/20/2025,7/31/2025
501621,102392,3/20/2025,6/24/2025
501622,102393,3/20/2025,3/22/2025
501623,102395,3/20/2025,
501624,102390,3/20/2025,
501625,102398,3/20/2025,1/8/2026
501626,102400,3/20/2025,4/20/2026
501627,102401,3/20/2025,4/13/2025
501628,102397,3/20/2025,3/22/2025
501629,102445,3/21/2025,3/23/2025
501630,102444,3/21/2025,4/10/2025
501631,102442,3/21/2025,8/26/2025
501632,102440,3/21/2025,7/11/2025
501633,102439,3/21/2025,3/24/2025
501634,102437,3/21/2025,8/3/2025
501635,102436,3/21/2025,4/2/2025
501636,102430,3/21/2025,3/31/2025
501637,102432,3/21/2025,9/23/2025
501638,102429,3/21/2025,11/27/2025
501639,102427,3/21/2025,4/17/2025
501640,102426,3/21/2025,4/15/2025
501641,102425,3/21/2025,11/2/2025
501642,102423,3/21/2025,8/23/2025
501643,102434,3/21/2025,5/15/2026
501644,102470,3/22/2025,5/26/2025
501645,102469,3/22/2025,6/16/2025
501646,102467,3/22/2025,6/7/2026
501647,102466,3/22/2025,3/23/2025
501648,102465,3/22/2025,3/24/2025
501649,102464,3/22/2025,4/8/2025
501650,102461,3/22/2025,7/4/2025
501651,102460,3/22/2025,4/24/2025
501652,102458,3/22/2025,4/11/2025
501653,102462,3/22/2025,4/9/2025
501654,102456,3/22/2025,4/7/2025
501655,102455,3/22/2025,4/29/2025
501656,102454,3/22/2025,6/2/2025
501657,102452,3/22/2025,3/27/2025
501658,102450,3/22/2025,3/25/2025
501659,102449,3/22/2025,8/29/2025
501660,102448,3/22/2025,4/28/2025
501661,102447,3/22/2025,6/8/2025
501662,102446,3/22/2025,4/7/2025
501663,102457,3/22/2025,10/3/2025
501664,102497,3/23/2025,4/5/2025
501665,102499,3/23/2025,4/9/2026
501666,102501,3/23/2025,4/12/2025
501667,102502,3/23/2025,3/29/2025
501668,102503,3/23/2025,5/26/2025
501669,102505,3/23/2025,3/27/2025
501670,102512,3/23/2025,4/9/2025
501671,102507,3/23/2025,4/19/2025
501672,102509,3/23/2025,9/4/2025
501673,102511,3/23/2025,4/10/2025
501674,102514,3/23/2025,4/7/2025
501675,102495,3/23/2025,6/25/2025
501676,102506,3/23/2025,6/6/2025
501677,102494,3/23/2025,3/29/2025
501678,102493,3/23/2025,3/28/2025
501679,102478,3/23/2025,9/18/2025
501680,102472,3/23/2025,6/26/2025
501681,102474,3/23/2025,4/7/2025
501682,102476,3/23/2025,5/30/2025
501683,102492,3/23/2025,7/13/2025
501684,102479,3/23/2025,5/9/2025
501685,102480,3/23/2025,5/5/2025
501686,102481,3/23/2025,3/28/2025
501687,102484,3/23/2025,3/29/2025
501688,102485,3/23/2025,
501689,102486,3/23/2025,4/7/2025
501690,102487,3/23/2025,5/30/2025
501691,102489,3/23/2025,3/17/2026
501692,102490,3/23/2025,5/27/2025
501693,102482,3/23/2025,3/24/2025
501694,102535,3/24/2025,5/25/2025
501695,102534,3/24/2025,5/2/2025
501696,102536,3/24/2025,10/14/2025
501697,102525,3/24/2025,4/9/2025
501698,102539,3/24/2025,3/30/2025
501699,102541,3/24/2025,8/19/2025
501700,102532,3/24/2025,11/3/2025
501701,102538,3/24/2025,3/26/2025
501702,102530,3/24/2025,4/6/2025
501703,102521,3/24/2025,11/6/2025
501704,102526,3/24/2025,6/25/2025
501705,102524,3/24/2025,3/25/2025
501706,102522,3/24/2025,1/30/2026
501707,102519,3/24/2025,5/9/2025
501708,102518,3/24/2025,4/11/2025
501709,102516,3/24/2025,4/1/2025
501710,102528,3/24/2025,4/7/2025
501711,102568,3/25/2025,4/29/2025
501712,102563,3/25/2025,4/22/2025
501713,102565,3/25/2025,3/29/2025
501714,102567,3/25/2025,
501715,102569,3/25/2025,
501716,102562,3/25/2025,4/4/2025
501717,102573,3/25/2025,5/10/2025
501718,102574,3/25/2025,1/22/2026
501719,102576,3/25/2025,5/26/2025
501720,102575,3/25/2025,5/23/2025
501721,102571,3/25/2025,6/26/2025
501722,102560,3/25/2025,3/28/2025
501723,102545,3/25/2025,7/10/2025
501724,102557,3/25/2025,4/16/2025
501725,102558,3/25/2025,2/3/2026
501726,102543,3/25/2025,3/27/2025
501727,102547,3/25/2025,4/25/2025
501728,102549,3/25/2025,6/4/2025
501729,102546,3/25/2025,6/24/2025
501730,102551,3/25/2025,10/5/2025
501731,102553,3/25/2025,4/20/2025
501732,102555,3/25/2025,7/5/2026
501733,102556,3/25/2025,4/29/2025
501734,102550,3/25/2025,3/26/2025
501735,102590,3/26/2025,8/11/2025
501736,102599,3/26/2025,5/6/2025
501737,102598,3/26/2025,6/18/2025
501738,102596,3/26/2025,3/31/2025
501739,102594,3/26/2025,
501740,102593,3/26/2025,3/31/2025
501741,102589,3/26/2025,8/23/2025
501742,102591,3/26/2025,5/21/2025
501743,102586,3/26/2025,3/27/2025
501744,102584,3/26/2025,7/30/2025
501745,102582,3/26/2025,4/7/2025
501746,102581,3/26/2025,3/31/2025
501747,102580,3/26/2025,3/2/2026
501748,102578,3/26/2025,4/17/2025
501749,102588,3/26/2025,8/10/2025
501750,102622,3/27/2025,4/26/2025
501751,102623,3/27/2025,4/3/2025
501752,102625,3/27/2025,4/6/2025
501753,102627,3/27/2025,
501754,102628,3/27/2025,9/6/2025
501755,102630,3/27/2025,9/29/2025
501756,102635,3/27/2025,4/8/2025
501757,102632,3/27/2025,4/14/2025
501758,102634,3/27/2025,5/15/2025
501759,102636,3/27/2025,3/29/2025
501760,102637,3/27/2025,7/21/2025
501761,102638,3/27/2025,4/1/2025
501762,102621,3/27/2025,4/3/2025
501763,102640,3/27/2025,9/14/2025
501764,102620,3/27/2025,7/14/2025
501765,102607,3/27/2025,4/13/2025
501766,102617,3/27/2025,12/24/2025
501767,102600,3/27/2025,4/4/2025
501768,102619,3/27/2025,4/8/2025
501769,102602,3/27/2025,4/30/2025
501770,102603,3/27/2025,3/13/2026
501771,102605,3/27/2025,4/2/2025
501772,102606,3/27/2025,4/23/2025
501773,102601,3/27/2025,1/27/2026
501774,102609,3/27/2025,4/5/2025
501775,102610,3/27/2025,6/14/2025
501776,102612,3/27/2025,4/1/2025
501777,102614,3/27/2025,9/13/2025
501778,102616,3/27/2025,3/30/2025
501779,102608,3/27/2025,4/9/2025
501780,102670,3/28/2025,6/13/2025
501781,102669,3/28/2025,5/21/2025
501782,102668,3/28/2025,4/7/2025
501783,102666,3/28/2025,5/24/2025
501784,102665,3/28/2025,4/11/2025
501785,102663,3/28/2025,5/2/2025
501786,102661,3/28/2025,12/24/2025
501787,102659,3/28/2025,4/16/2025
501788,102657,3/28/2025,5/23/2025
501789,102653,3/28/2025,4/25/2026
501790,102654,3/28/2025,4/24/2025
501791,102651,3/28/2025,7/25/2026
501792,102650,3/28/2025,7/1/2025
501793,102648,3/28/2025,6/24/2025
501794,102646,3/28/2025,7/25/2025
501795,102645,3/28/2025,4/14/2025
501796,102643,3/28/2025,6/29/2025
501797,102641,3/28/2025,4/10/2025
501798,102656,3/28/2025,4/6/2025
501799,102692,3/29/2025,5/12/2025
501800,102694,3/29/2025,5/4/2025
501801,102695,3/29/2025,7/16/2025
501802,102697,3/29/2025,9/12/2025
501803,102705,3/29/2025,4/6/2025
501804,102701,3/29/2025,6/5/2026
501805,102703,3/29/2025,9/2/2025
501806,102704,3/29/2025,7/20/2025
501807,102689,3/29/2025,7/18/2025
501808,102699,3/29/2025,4/4/2025
501809,102688,3/29/2025,4/12/2025
501810,102691,3/29/2025,4/12/2025
501811,102686,3/29/2025,9/28/2025
501812,102687,3/29/2025,5/11/2025
501813,102672,3/29/2025,4/2/2025
501814,102673,3/29/2025,3/31/2025
501815,102674,3/29/2025,6/4/2025
501816,102677,3/29/2025,4/26/2025
501817,102676,3/29/2025,4/9/2025
501818,102680,3/29/2025,9/4/2025
501819,102682,3/29/2025,9/9/2025
501820,102684,3/29/2025,3/31/2025
501821,102685,3/29/2025,3/31/2025
501822,102678,3/29/2025,4/1/2025
501823,102737,3/30/2025,3/31/2025
501824,102731,3/30/2025,2/15/2026
501825,102733,3/30/2025,5/11/2025
501826,102735,3/30/2025,4/11/2025
501827,102736,3/30/2025,5/4/2025
501828,102739,3/30/2025,10/16/2025
501829,102749,3/30/2025,12/5/2025
501830,102742,3/30/2025,4/30/2025
501831,102743,3/30/2025,6/23/2025
501832,102745,3/30/2025,4/14/2025
501833,102747,3/30/2025,4/27/2025
501834,102729,3/30/2025,4/27/2025
501835,102740,3/30/2025,5/23/2025
501836,102727,3/30/2025,
501837,102708,3/30/2025,4/5/2025
501838,102724,3/30/2025,1/3/2026
501839,102707,3/30/2025,4/8/2025
501840,102710,3/30/2025,5/4/2025
501841,102726,3/30/2025,7/10/2025
501842,102712,3/30/2025,3/31/2026
501843,102713,3/30/2025,5/30/2025
501844,102714,3/30/2025,8/8/2025
501845,102711,3/30/2025,5/18/2025
501846,102717,3/30/2025,4/30/2025
501847,102718,3/30/2025,4/11/2025
501848,102720,3/30/2025,8/14/2025
501849,102722,3/30/2025,4/10/2025
501850,102723,3/30/2025,4/1/2025
501851,102715,3/30/2025,5/8/2025
501852,102764,3/31/2025,5/30/2025
501853,102771,3/31/2025,4/15/2025
501854,102770,3/31/2025,5/1/2025
501855,102768,3/31/2025,4/2/2025
501856,102767,3/31/2025,8/9/2025
501857,102765,3/31/2025,4/1/2025
501858,102763,3/31/2025,8/6/2025
501859,102769,3/31/2025,4/6/2025
501860,102759,3/31/2025,12/30/2025
501861,102757,3/31/2025,5/26/2025
501862,102756,3/31/2025,4/22/2025
501863,102755,3/31/2025,7/28/2025
501864,102753,3/31/2025,4/5/2025
501865,102761,3/31/2025,5/19/2025
501866,102752,3/31/2025,6/8/2025
501867,102750,3/31/2025,5/7/2025
501868,102788,4/1/2025,4/7/2025
501869,102790,4/1/2025,4/22/2025
501870,102791,4/1/2025,4/6/2025
501871,102792,4/1/2025,6/7/2025
501872,102798,4/1/2025,4/11/2025
501873,102795,4/1/2025,5/28/2025
501874,102796,4/1/2025,7/10/2025
501875,102787,4/1/2025,7/6/2025
501876,102794,4/1/2025,5/25/2025
501877,102786,4/1/2025,5/11/2025
501878,102785,4/1/2025,4/27/2025
501879,102783,4/1/2025,4/24/2025
501880,102772,4/1/2025,7/3/2025
501881,102774,4/1/2025,4/25/2025
501882,102775,4/1/2025,4/19/2025
501883,102776,4/1/2025,4/7/2025
501884,102773,4/1/2025,4/2/2025
501885,102779,4/1/2025,10/12/2025
501886,102781,4/1/2025,4/5/2025
501887,102782,4/1/2025,5/1/2025
501888,102777,4/1/2025,4/5/2025
501889,102817,4/2/2025,4/18/2025
501890,102826,4/2/2025,9/23/2025
501891,102825,4/2/2025,4/22/2025
501892,102823,4/2/2025,6/3/2025
501893,102822,4/2/2025,5/3/2025
501894,102821,4/2/2025,4/12/2025
501895,102827,4/2/2025,4/30/2025
501896,102816,4/2/2025,5/4/2025
501897,102819,4/2/2025,4/3/2025
501898,102813,4/2/2025,4/7/2025
501899,102811,4/2/2025,4/7/2025
501900,102809,4/2/2025,6/13/2025
501901,102807,4/2/2025,5/19/2025
501902,102805,4/2/2025,5/6/2025
501903,102804,4/2/2025,7/22/2025
501904,102802,4/2/2025,7/5/2025
501905,102800,4/2/2025,4/7/2025
501906,102814,4/2/2025,
501907,102848,4/3/2025,4/27/2025
501908,102849,4/3/2025,5/9/2025
501909,102851,4/3/2025,9/21/2025
501910,102852,4/3/2025,6/22/2025
501911,102860,4/3/2025,4/12/2025
501912,102855,4/3/2025,5/2/2025
501913,102857,4/3/2025,1/20/2026
501914,102858,4/3/2025,6/23/2025
501915,102861,4/3/2025,4/21/2025
501916,102853,4/3/2025,4/4/2025
501917,102844,4/3/2025,
501918,102846,4/3/2025,7/2/2025
501919,102842,4/3/2025,
501920,102840,4/3/2025,5/29/2025
501921,102839,4/3/2025,5/7/2025
501922,102837,4/3/2025,4/8/2025
501923,102836,4/3/2025,6/6/2025
501924,102835,4/3/2025,4/14/2025
501925,102833,4/3/2025,10/20/2025
501926,102831,4/3/2025,7/10/2025
501927,102829,4/3/2025,5/26/2025
501928,102828,4/3/2025,5/10/2025
501929,102843,4/3/2025,4/11/2025
501930,102885,4/4/2025,2/9/2026
501931,102886,4/4/2025,4/22/2025
501932,102888,4/4/2025,3/19/2026
501933,102889,4/4/2025,7/27/2025
501934,102883,4/4/2025,2/25/2026
501935,102892,4/4/2025,5/20/2025
501936,102893,4/4/2025,10/4/2025
501937,102895,4/4/2025,6/30/2025
501938,102896,4/4/2025,4/5/2025
501939,102890,4/4/2025,4/9/2025
501940,102882,4/4/2025,5/14/2025
501941,102871,4/4/2025,
501942,102879,4/4/2025,4/21/2025
501943,102877,4/4/2025,6/11/2025
501944,102876,4/4/2025,4/21/2025
501945,102874,4/4/2025,5/22/2025
501946,102872,4/4/2025,4/21/2025
501947,102880,4/4/2025,7/30/2025
501948,102869,4/4/2025,4/6/2025
501949,102867,4/4/2025,8/19/2025
501950,102865,4/4/2025,4/7/2025
501951,102864,4/4/2025,12/26/2025
501952,102862,4/4/2025,4/20/2025
501953,102921,4/5/2025,3/24/2026
501954,102923,4/5/2025,5/2/2025
501955,102925,4/5/2025,4/6/2025
501956,102927,4/5/2025,5/1/2025
501957,102929,4/5/2025,4/8/2025
501958,102937,4/5/2025,8/14/2025
501959,102932,4/5/2025,11/20/2025
501960,102933,4/5/2025,1/29/2026
501961,102935,4/5/2025,6/7/2025
501962,102918,4/5/2025,4/6/2025
501963,102931,4/5/2025,5/14/2025
501964,102916,4/5/2025,5/4/2025
501965,102919,4/5/2025,7/21/2025
501966,102913,4/5/2025,6/15/2025
501967,102914,4/5/2025,7/11/2025
501968,102898,4/5/2025,6/25/2025
501969,102900,4/5/2025,5/11/2025
501970,102901,4/5/2025,4/13/2025
501971,102905,4/5/2025,4/15/2025
501972,102903,4/5/2025,4/30/2025
501973,102908,4/5/2025,11/24/2025
501974,102909,4/5/2025,
501975,102910,4/5/2025,4/9/2025
501976,102912,4/5/2025,8/22/2025
501977,102907,4/5/2025,2/19/2026
501978,102969,4/6/2025,4/19/2025
501979,102965,4/6/2025,4/9/2025
501980,102963,4/6/2025,4/7/2025
501981,102966,4/6/2025,5/6/2025
501982,102967,4/6/2025,1/22/2026
501983,102971,4/6/2025,2/3/2026
501984,102979,4/6/2025,12/3/2025
501985,102974,4/6/2025,5/12/2025
501986,102975,4/6/2025,4/19/2025
501987,102976,4/6/2025,5/2/2025
501988,102977,4/6/2025,8/13/2025
501989,102980,4/6/2025,4/18/2025
501990,102962,4/6/2025,
501991,102972,4/6/2025,3/14/2026
501992,102960,4/6/2025,5/12/2025
501993,102939,4/6/2025,4/29/2025
501994,102957,4/6/2025,7/29/2025
501995,102938,4/6/2025,5/24/2025
501996,102958,4/6/2025,10/17/2025
501997,102941,4/6/2025,9/26/2025
501998,102943,4/6/2025,5/19/2025
501999,102944,4/6/2025,5/26/2025
502000,102947,4/6/2025,10/17/2025
502001,102946,4/6/2025,6/7/2025
502002,102950,4/6/2025,5/10/2025
502003,102952,4/6/2025,7/14/2026
502004,102953,4/6/2025,4/18/2025
502005,102955,4/6/2025,5/20/2025
502006,102956,4/6/2025,4/22/2025
502007,102949,4/6/2025,5/30/2025
502008,103002,4/7/2025,4/8/2025
502009,102998,4/7/2025,4/12/2025
502010,103000,4/7/2025,5/29/2025
502011,103003,4/7/2025,5/18/2025
502012,102996,4/7/2025,4/20/2025
502013,103010,4/7/2025,4/11/2025
502014,103006,4/7/2025,4/27/2025
502015,103008,4/7/2025,6/7/2025
502016,103009,4/7/2025,4/26/2025
502017,103004,4/7/2025,4/11/2025
502018,102995,4/7/2025,7/15/2025
502019,102984,4/7/2025,5/11/2025
502020,102992,4/7/2025,4/16/2025
502021,102981,4/7/2025,4/8/2025
502022,102982,4/7/2025,5/7/2025
502023,102985,4/7/2025,4/9/2025
502024,102994,4/7/2025,4/13/2025
502025,102988,4/7/2025,4/20/2025
502026,102989,4/7/2025,2/10/2026
502027,102991,4/7/2025,7/30/2025
502028,102987,4/7/2025,10/29/2025
502029,103025,4/8/2025,4/9/2025
502030,103036,4/8/2025,4/17/2025
502031,103035,4/8/2025,4/9/2025
502032,103034,4/8/2025,6/6/2025
502033,103033,4/8/2025,4/21/2025
502034,103031,4/8/2025,4/13/2025
502035,103030,4/8/2025,4/9/2025
502036,103028,4/8/2025,4/17/2025
502037,103023,4/8/2025,4/9/2025
502038,103027,4/8/2025,4/11/2025
502039,103020,4/8/2025,6/7/2025
502040,103019,4/8/2025,4/12/2025
502041,103017,4/8/2025,4/12/2025
502042,103016,4/8/2025,6/12/2025
502043,103014,4/8/2025,5/20/2025
502044,103012,4/8/2025,5/1/2025
502045,103011,4/8/2025,4/30/2025
502046,103022,4/8/2025,5/16/2025
502047,100832,4/8/2025,4/11/2025
502048,103064,4/9/2025,
502049,103065,4/9/2025,5/24/2025
502050,103067,4/9/2025,5/8/2025
502051,103069,4/9/2025,5/17/2025
502052,103071,4/9/2025,11/7/2025
502053,103077,4/9/2025,6/25/2025
502054,103074,4/9/2025,4/22/2025
502055,103075,4/9/2025,4/22/2025
502056,103078,4/9/2025,1/18/2026
502057,103080,4/9/2025,7/15/2026
502058,103062,4/9/2025,5/8/2026
502059,103073,4/9/2025,12/1/2025
502060,103061,4/9/2025,4/26/2025
502061,103041,4/9/2025,5/6/2025
502062,103057,4/9/2025,4/26/2025
502063,103037,4/9/2025,12/17/2025
502064,103039,4/9/2025,4/23/2025
502065,103059,4/9/2025,
502066,103044,4/9/2025,8/13/2025
502067,103046,4/9/2025,4/30/2025
502068,103042,4/9/2025,11/8/2025
502069,103050,4/9/2025,
502070,103052,4/9/2025,12/8/2025
502071,103054,4/9/2025,6/2/2025
502072,103055,4/9/2025,4/13/2025
502073,103056,4/9/2025,5/3/2025
502074,103048,4/9/2025,4/17/2025
502075,103094,4/10/2025,5/11/2025
502076,103099,4/10/2025,6/19/2025
502077,103098,4/10/2025,7/3/2025
502078,103096,4/10/2025,1/7/2026
502079,103095,4/10/2025,4/23/2025
502080,103092,4/10/2025,5/3/2025
502081,103100,4/10/2025,8/1/2025
502082,103088,4/10/2025,4/23/2025
502083,103086,4/10/2025,7/30/2025
502084,103085,4/10/2025,5/30/2025
502085,103084,4/10/2025,
502086,103082,4/10/2025,5/7/2025
502087,103090,4/10/2025,4/16/2025
502088,103128,4/11/2025,6/7/2025
502089,103127,4/11/2025,6/25/2025
502090,103125,4/11/2025,5/4/2025
502091,103122,4/11/2025,4/22/2025
502092,103120,4/11/2025,6/7/2025
502093,103118,4/11/2025,6/5/2025
502094,103117,4/11/2025,4/19/2025
502095,103116,4/11/2025,4/16/2025
502096,103114,4/11/2025,10/17/2025
502097,103123,4/11/2025,6/4/2025
502098,103110,4/11/2025,4/12/2025
502099,103112,4/11/2025,5/15/2025
502100,103102,4/11/2025,4/12/2025
502101,103103,4/11/2025,4/15/2025
502102,103101,4/11/2025,4/20/2025
502103,103106,4/11/2025,4/19/2025
502104,103107,4/11/2025,4/25/2025
502105,103109,4/11/2025,3/20/2026
502106,103104,4/11/2025,5/26/2025
502107,103161,4/12/2025,4/13/2025
502108,103169,4/12/2025,7/28/2026
502109,103162,4/12/2025,4/16/2025
502110,103164,4/12/2025,5/27/2025
502111,103165,4/12/2025,9/25/2025
502112,103166,4/12/2025,6/19/2025
502113,103168,4/12/2025,5/28/2025
502114,103171,4/12/2025,7/14/2025
502115,103177,4/12/2025,4/22/2025
502116,103174,4/12/2025,5/14/2025
502117,103176,4/12/2025,4/18/2025
502118,103178,4/12/2025,6/3/2025
502119,103179,4/12/2025,6/28/2025
502120,103180,4/12/2025,11/14/2025
502121,103182,4/12/2025,4/17/2025
502122,103160,4/12/2025,6/24/2025
502123,103172,4/12/2025,2/3/2026
502124,103158,4/12/2025,4/5/2026
502125,103147,4/12/2025,8/5/2025
502126,103155,4/12/2025,6/20/2025
502127,103130,4/12/2025,5/31/2025
502128,103132,4/12/2025,4/19/2025
502129,103134,4/12/2025,6/17/2025
502130,103156,4/12/2025,4/24/2025
502131,103137,4/12/2025,5/3/2025
502132,103138,4/12/2025,4/23/2025
502133,103140,4/12/2025,4/16/2025
502134,103141,4/12/2025,6/1/2026
502135,103136,4/12/2025,8/3/2025
502136,103144,4/12/2025,4/19/2025
502137,103145,4/12/2025,5/22/2025
502138,103148,4/12/2025,7/11/2025
502139,103149,4/12/2025,4/13/2025
502140,103150,4/12/2025,3/29/2026
502141,103152,4/12/2025,1/24/2026
502142,103154,4/12/2025,11/17/2025
502143,103142,4/12/2025,6/16/2025
502144,103204,4/13/2025,9/28/2025
502145,103206,4/13/2025,6/10/2025
502146,103207,4/13/2025,10/21/2025
502147,103209,4/13/2025,1/29/2026
502148,103211,4/13/2025,7/9/2025
502149,103216,4/13/2025,4/26/2025
502150,103214,4/13/2025,7/31/2025
502151,103215,4/13/2025,4/25/2025
502152,103217,4/13/2025,4/26/2025
502153,103203,4/13/2025,9/20/2025
502154,103212,4/13/2025,6/3/2025
502155,103202,4/13/2025,9/24/2025
502156,103200,4/13/2025,8/8/2025
502157,103199,4/13/2025,4/30/2025
502158,103184,4/13/2025,5/19/2025
502159,103188,4/13/2025,5/24/2025
502160,103190,4/13/2025,9/2/2025
502161,103192,4/13/2025,
502162,103186,4/13/2025,4/28/2025
502163,103195,4/13/2025,4/14/2025
502164,103196,4/13/2025,4/29/2025
502165,103197,4/13/2025,7/12/2025
502166,103198,4/13/2025,4/22/2025
502167,103193,4/13/2025,4/18/2025
502168,103233,4/14/2025,5/8/2025
502169,103243,4/14/2025,6/6/2025
502170,103241,4/14/2025,4/18/2025
502171,103239,4/14/2025,4/24/2025
502172,103237,4/14/2025,10/3/2025
502173,103235,4/14/2025,1/9/2026
502174,103234,4/14/2025,
502175,103232,4/14/2025,8/7/2025
502176,103226,4/14/2025,9/8/2025
502177,103229,4/14/2025,4/17/2025
502178,103227,4/14/2025,4/19/2025
502179,103225,4/14/2025,5/23/2025
502180,103223,4/14/2025,11/12/2025
502181,103221,4/14/2025,4/17/2025
502182,103219,4/14/2025,5/20/2025
502183,103231,4/14/2025,4/22/2025
502184,103254,4/15/2025,4/21/2025
502185,103259,4/15/2025,8/2/2025
502186,103258,4/15/2025,4/18/2025
502187,103256,4/15/2025,4/20/2025
502188,103253,4/15/2025,5/3/2025
502189,103257,4/15/2025,3/23/2026
502190,103250,4/15/2025,11/7/2025
502191,103249,4/15/2025,4/21/2025
502192,103248,4/15/2025,10/5/2025
502193,103246,4/15/2025,5/6/2025
502194,103244,4/15/2025,4/16/2025
502195,103251,4/15/2025,5/23/2025
502196,103278,4/16/2025,1/18/2026
502197,103279,4/16/2025,6/23/2025
502198,103281,4/16/2025,5/4/2025
502199,103283,4/16/2025,6/19/2025
502200,103285,4/16/2025,5/7/2025
502201,103289,4/16/2025,4/27/2025
502202,103288,4/16/2025,5/7/2025
502203,103291,4/16/2025,5/10/2025
502204,103293,4/16/2025,7/19/2025
502205,103295,4/16/2025,8/8/2025
502206,103286,4/16/2025,6/5/2025
502207,103275,4/16/2025,7/29/2025
502208,103276,4/16/2025,4/19/2025
502209,103273,4/16/2025,5/28/2025
502210,103274,4/16/2025,1/27/2026
502211,103262,4/16/2025,5/12/2025
502212,103263,4/16/2025,5/16/2025
502213,103265,4/16/2025,6/3/2025
502214,103266,4/16/2025,7/20/2026
502215,103261,4/16/2025,8/15/2025
502216,103268,4/16/2025,5/7/2025
502217,103270,4/16/2025,9/4/2025
502218,103271,4/16/2025,6/6/2025
502219,103272,4/16/2025,1/12/2026
502220,103267,4/16/2025,7/27/2025
502221,103312,4/17/2025,4/22/2025
502222,103323,4/17/2025,5/15/2025
502223,103321,4/17/2025,5/18/2026
502224,103319,4/17/2025,6/11/2026
502225,103318,4/17/2025,8/2/2026
502226,103316,4/17/2025,4/18/2025
502227,103315,4/17/2025,5/7/2025
502228,103325,4/17/2025,8/13/2025
502229,103311,4/17/2025,6/12/2026
502230,103314,4/17/2025,6/6/2025
502231,103307,4/17/2025,5/28/2025
502232,103306,4/17/2025,8/9/2025
502233,103304,4/17/2025,4/28/2025
502234,103303,4/17/2025,9/3/2025
502235,103301,4/17/2025,7/7/2025
502236,103300,4/17/2025,5/6/2026
502237,103299,4/17/2025,4/21/2025
502238,103298,4/17/2025,4/18/2025
502239,103296,4/17/2025,5/20/2025
502240,103309,4/17/2025,10/16/2025
502241,103343,4/18/2025,6/17/2025
502242,103341,4/18/2025,
502243,103340,4/18/2025,11/21/2025
502244,103339,4/18/2025,10/9/2025
502245,103337,4/18/2025,5/12/2025
502246,103336,4/18/2025,5/4/2025
502247,103334,4/18/2025,4/22/2025
502248,103332,4/18/2025,5/5/2025
502249,103330,4/18/2025,6/14/2025
502250,103328,4/18/2025,4/29/2025
502251,103326,4/18/2025,7/25/2025
502252,103382,4/19/2025,4/26/2025
502253,103381,4/19/2025,4/22/2025
502254,103379,4/19/2025,4/29/2025
502255,103377,4/19/2025,3/5/2026
502256,103375,4/19/2025,5/23/2025
502257,103372,4/19/2025,5/12/2025
502258,103370,4/19/2025,4/28/2025
502259,103368,4/19/2025,6/2/2025
502260,103367,4/19/2025,4/20/2025
502261,103365,4/19/2025,
502262,103363,4/19/2025,7/3/2025
502263,103373,4/19/2025,4/30/2025
502264,103361,4/19/2025,10/25/2025
502265,103344,4/19/2025,5/17/2025
502266,103346,4/19/2025,5/7/2025
502267,103347,4/19/2025,5/4/2025
502268,103350,4/19/2025,4/24/2025
502269,103362,4/19/2025,5/6/2025
502270,103349,4/19/2025,4/26/2025
502271,103354,4/19/2025,5/24/2025
502272,103356,4/19/2025,4/20/2025
502273,103358,4/19/2025,9/3/2025
502274,103359,4/19/2025,5/23/2025
502275,103352,4/19/2025,6/26/2025
502276,103412,4/20/2025,5/6/2025
502277,103408,4/20/2025,5/27/2025
502278,103409,4/20/2025,7/3/2025
502279,103411,4/20/2025,8/10/2025
502280,103414,4/20/2025,5/22/2025
502281,103423,4/20/2025,7/29/2025
502282,103417,4/20/2025,1/30/2026
502283,103418,4/20/2025,4/21/2025
502284,103419,4/20/2025,6/1/2025
502285,103421,4/20/2025,1/5/2026
502286,103407,4/20/2025,7/31/2025
502287,103424,4/20/2025,
502288,103415,4/20/2025,11/6/2025
502289,103406,4/20/2025,9/5/2025
502290,103401,4/20/2025,5/17/2025
502291,103403,4/20/2025,5/24/2025
502292,103383,4/20/2025,5/5/2025
502293,103384,4/20/2025,10/4/2025
502294,103385,4/20/2025,5/12/2025
502295,103405,4/20/2025,5/13/2025
502296,103388,4/20/2025,5/5/2025
502297,103390,4/20/2025,11/9/2025
502298,103387,4/20/2025,1/17/2026
502299,103394,4/20/2025,4/21/2025
502300,103395,4/20/2025,7/21/2025
502301,103397,4/20/2025,4/21/2025
502302,103399,4/20/2025,4/26/2025
502303,103402,4/20/2025,6/20/2025
502304,103392,4/20/2025,5/6/2025
502305,103434,4/21/2025,5/12/2025
502306,103438,4/21/2025,5/5/2026
502307,103437,4/21/2025,6/23/2026
502308,103440,4/21/2025,4/29/2025
502309,103436,4/21/2025,5/17/2025
502310,103432,4/21/2025,4/23/2025
502311,103427,4/21/2025,4/26/2025
502312,103430,4/21/2025,8/7/2025
502313,103429,4/21/2025,5/11/2025
502314,103428,4/21/2025,5/14/2025
502315,103425,4/21/2025,5/3/2025
502316,103431,4/21/2025,7/2/2025
502317,103460,4/22/2025,9/12/2025
502318,103464,4/22/2025,5/1/2025
502319,103466,4/22/2025,5/26/2025
502320,103467,4/22/2025,10/11/2025
502321,103469,4/22/2025,2/13/2026
502322,103472,4/22/2025,4/28/2025
502323,103459,4/22/2025,5/18/2025
502324,103474,4/22/2025,4/28/2025
502325,103476,4/22/2025,5/2/2025
502326,103478,4/22/2025,7/10/2025
502327,103471,4/22/2025,5/4/2026
502328,103457,4/22/2025,5/10/2025
502329,103462,4/22/2025,6/29/2025
502330,103454,4/22/2025,5/18/2025
502331,103452,4/22/2025,8/12/2025
502332,103450,4/22/2025,2/24/2026
502333,103448,4/22/2025,5/11/2025
502334,103447,4/22/2025,5/13/2025
502335,103446,4/22/2025,5/12/2025
502336,103445,4/22/2025,5/20/2025
502337,103443,4/22/2025,6/8/2025
502338,103441,4/22/2025,5/19/2025
502339,103455,4/22/2025,4/26/2025
502340,103502,4/23/2025,
502341,103504,4/23/2025,6/29/2025
502342,103505,4/23/2025,
502343,103506,4/23/2025,5/22/2025
502344,103517,4/23/2025,7/13/2025
502345,103507,4/23/2025,
502346,103516,4/23/2025,5/21/2025
502347,103509,4/23/2025,
502348,103510,4/23/2025,5/18/2025
502349,103512,4/23/2025,4/30/2025
502350,103515,4/23/2025,9/5/2025
502351,103514,4/23/2025,5/3/2025
502352,103501,4/23/2025,4/24/2025
502353,103508,4/23/2025,4/28/2025
502354,103499,4/23/2025,5/1/2025
502355,103486,4/23/2025,5/7/2025
502356,103495,4/23/2025,7/31/2025
502357,103497,4/23/2025,12/17/2025
502358,100575,4/23/2025,5/26/2025
502359,103479,4/23/2025,8/5/2025
502360,103482,4/23/2025,7/4/2025
502361,103483,4/23/2025,6/9/2025
502362,103481,4/23/2025,8/12/2025
502363,103488,4/23/2025,6/7/2025
502364,103490,4/23/2025,4/24/2025
502365,103491,4/23/2025,4/24/2025
502366,103493,4/23/2025,5/2/2025
502367,103494,4/23/2025,2/28/2026
502368,103485,4/23/2025,6/16/2025
502369,103552,4/24/2025,9/1/2025
502370,103545,4/24/2025,5/15/2025
502371,103546,4/24/2025,4/27/2025
502372,103547,4/24/2025,5/12/2025
502373,103549,4/24/2025,5/9/2025
502374,103551,4/24/2025,6/14/2025
502375,103554,4/24/2025,5/4/2025
502376,103564,4/24/2025,5/27/2025
502377,103558,4/24/2025,7/10/2026
502378,103559,4/24/2025,12/11/2025
502379,103560,4/24/2025,5/23/2025
502380,103561,4/24/2025,5/2/2025
502381,103544,4/24/2025,12/26/2025
502382,103563,4/24/2025,4/28/2025
502383,103556,4/24/2025,5/31/2025
502384,103542,4/24/2025,6/22/2025
502385,103550,4/24/2025,5/2/2025
502386,103538,4/24/2025,10/21/2025
502387,101915,4/24/2025,8/9/2025
502388,103519,4/24/2025,5/20/2025
502389,103521,4/24/2025,5/8/2025
502390,103522,4/24/2025,5/18/2025
502391,103525,4/24/2025,9/23/2025
502392,103526,4/24/2025,4/27/2025
502393,103523,4/24/2025,4/28/2025
502394,103528,4/24/2025,5/25/2025
502395,103540,4/24/2025,8/18/2025
502396,103530,4/24/2025,6/28/2025
502397,103532,4/24/2025,10/20/2025
502398,103534,4/24/2025,6/2/2026
502399,103536,4/24/2025,5/17/2025
502400,103527,4/24/2025,5/7/2025
502401,103594,4/25/2025,12/10/2025
502402,103586,4/25/2025,5/5/2025
502403,103588,4/25/2025,
502404,103590,4/25/2025,5/31/2025
502405,103592,4/25/2025,4/26/2025
502406,103596,4/25/2025,6/8/2025
502407,103604,4/25/2025,12/28/2025
502408,103599,4/25/2025,6/4/2025
502409,103601,4/25/2025,6/18/2025
502410,103602,4/25/2025,10/5/2025
502411,103603,4/25/2025,5/31/2025
502412,103584,4/25/2025,4/26/2025
502413,103597,4/25/2025,4/26/2025
502414,103583,4/25/2025,4/29/2025
502415,103582,4/25/2025,4/30/2025
502416,103580,4/25/2025,4/27/2025
502417,100750,4/25/2025,4/29/2025
502418,103565,4/25/2025,5/4/2025
502419,103566,4/25/2025,5/2/2025
502420,103569,4/25/2025,7/7/2026
502421,103571,4/25/2025,5/31/2025
502422,103567,4/25/2025,5/29/2025
502423,103573,4/25/2025,5/3/2025
502424,103574,4/25/2025,
502425,103576,4/25/2025,4/26/2025
502426,103577,4/25/2025,6/5/2025
502427,103579,4/25/2025,
502428,103572,4/25/2025,5/3/2025
502429,103636,4/26/2025,5/1/2025
502430,103629,4/26/2025,5/18/2025
502431,103631,4/26/2025,10/15/2025
502432,103632,4/26/2025,10/28/2025
502433,103634,4/26/2025,5/3/2025
502434,103635,4/26/2025,7/28/2025
502435,103637,4/26/2025,9/15/2025
502436,103646,4/26/2025,4/28/2025
502437,103639,4/26/2025,5/1/2025
502438,103640,4/26/2025,10/27/2025
502439,103642,4/26/2025,4/27/2025
502440,103643,4/26/2025,7/8/2025
502441,103644,4/26/2025,
502442,103627,4/26/2025,6/12/2025
502443,103647,4/26/2025,5/17/2025
502444,103638,4/26/2025,5/25/2025
502445,103626,4/26/2025,6/20/2025
502446,103641,4/26/2025,5/16/2025
502447,103624,4/26/2025,4/28/2025
502448,103625,4/26/2025,4/28/2025
502449,103608,4/26/2025,7/9/2025
502450,103609,4/26/2025,5/2/2025
502451,103610,4/26/2025,10/3/2025
502452,103612,4/26/2025,5/5/2025
502453,103614,4/26/2025,5/6/2025
502454,103606,4/26/2025,5/19/2025
502455,103617,4/26/2025,6/2/2025
502456,103618,4/26/2025,1/27/2026
502457,103619,4/26/2025,5/15/2025
502458,103620,4/26/2025,5/14/2025
502459,103622,4/26/2025,4/29/2025
502460,103623,4/26/2025,4/30/2026
502461,103615,4/26/2025,5/12/2025
502462,103672,4/27/2025,9/11/2025
502463,103673,4/27/2025,5/9/2025
502464,103675,4/27/2025,2/19/2026
502465,103677,4/27/2025,9/21/2025
502466,103678,4/27/2025,6/14/2025
502467,103680,4/27/2025,5/29/2025
502468,103685,4/27/2025,5/2/2025
502469,103683,4/27/2025,6/30/2025
502470,103684,4/27/2025,
502471,103688,4/27/2025,11/11/2025
502472,103690,4/27/2025,5/4/2025
502473,103671,4/27/2025,5/5/2025
502474,103691,4/27/2025,5/3/2025
502475,103682,4/27/2025,6/10/2025
502476,103669,4/27/2025,5/12/2025
502477,103686,4/27/2025,4/30/2025
502478,103665,4/27/2025,4/29/2025
502479,103667,4/27/2025,5/7/2025
502480,100977,4/27/2025,6/28/2025
502481,103649,4/27/2025,7/30/2025
502482,103650,4/27/2025,4/28/2025
502483,103652,4/27/2025,9/13/2025
502484,103654,4/27/2025,1/7/2026
502485,103651,4/27/2025,12/18/2025
502486,103657,4/27/2025,4/28/2025
502487,103658,4/27/2025,10/3/2025
502488,103660,4/27/2025,5/13/2025
502489,103661,4/27/2025,2/27/2026
502490,103663,4/27/2025,4/18/2026
502491,103655,4/27/2025,4/30/2025
502492,103721,4/28/2025,5/25/2025
502493,103716,4/28/2025,12/6/2025
502494,103717,4/28/2025,7/28/2025
502495,103718,4/28/2025,12/11/2025
502496,103719,4/28/2025,4/22/2026
502497,103723,4/28/2025,10/26/2025
502498,103732,4/28/2025,4/30/2025
502499,103725,4/28/2025,6/20/2025
502500,103727,4/28/2025,5/16/2025
502501,103728,4/28/2025,5/2/2025
502502,103730,4/28/2025,6/17/2025
502503,103715,4/28/2025,1/27/2026
502504,103734,4/28/2025,5/15/2026
502505,103724,4/28/2025,7/27/2025
502506,103714,4/28/2025,5/3/2025
502507,103708,4/28/2025,4/29/2025
502508,103710,4/28/2025,
502509,101179,4/28/2025,7/10/2025
502510,103712,4/28/2025,5/28/2025
502511,103695,4/28/2025,10/4/2025
502512,103696,4/28/2025,9/21/2025
502513,103697,4/28/2025,6/3/2025
502514,103699,4/28/2025,8/5/2025
502515,103693,4/28/2025,6/28/2026
502516,103702,4/28/2025,10/2/2025
502517,103703,4/28/2025,6/26/2025
502518,103705,4/28/2025,5/15/2025
502519,103706,4/28/2025,5/3/2025
502520,103707,4/28/2025,7/8/2025
502521,103700,4/28/2025,4/29/2025
502522,103754,4/29/2025,5/17/2025
502523,103767,4/29/2025,5/23/2025
502524,103765,4/29/2025,5/3/2025
502525,103763,4/29/2025,5/4/2025
502526,103762,4/29/2025,8/2/2025
502527,103761,4/29/2025,6/1/2025
502528,103759,4/29/2025,4/30/2025
502529,103757,4/29/2025,7/2/2025
502530,103756,4/29/2025,7/10/2025
502531,103752,4/29/2025,5/15/2025
502532,103750,4/29/2025,5/14/2025
502533,103736,4/29/2025,5/1/2025
502534,103749,4/29/2025,6/1/2025
502535,103747,4/29/2025,5/11/2025
502536,103746,4/29/2025,11/12/2025
502537,103745,4/29/2025,5/1/2025
502538,103743,4/29/2025,5/21/2025
502539,103742,4/29/2025,5/1/2025
502540,103740,4/29/2025,5/3/2025
502541,103738,4/29/2025,
502542,103751,4/29/2025,4/30/2025
502543,103784,4/30/2025,5/1/2025
502544,103786,4/30/2025,6/9/2025
502545,103787,4/30/2025,6/26/2025
502546,103795,4/30/2025,5/25/2025
502547,103790,4/30/2025,5/6/2025
502548,103791,4/30/2025,7/12/2025
502549,103783,4/30/2025,10/2/2025
502550,103788,4/30/2025,11/7/2025
502551,103781,4/30/2025,5/10/2025
502552,103793,4/30/2025,5/13/2025
502553,103777,4/30/2025,7/16/2025
502554,103776,4/30/2025,5/13/2025
502555,103774,4/30/2025,5/18/2025
502556,103773,4/30/2025,12/27/2025
502557,103772,4/30/2025,5/3/2025
502558,103771,4/30/2025,5/11/2025
502559,103770,4/30/2025,6/21/2025
502560,103769,4/30/2025,5/2/2025
502561,103779,4/30/2025,6/9/2025
502562,103815,5/1/2025,7/24/2025
502563,103817,5/1/2025,6/9/2025
502564,103819,5/1/2025,6/8/2025
502565,103821,5/1/2025,5/7/2025
502566,103827,5/1/2025,5/6/2025
502567,103823,5/1/2025,5/14/2025
502568,103825,5/1/2025,
502569,103813,5/1/2025,5/30/2025
502570,103829,5/1/2025,5/16/2025
502571,103830,5/1/2025,
502572,103822,5/1/2025,12/26/2025
502573,103812,5/1/2025,5/10/2025
502574,103805,5/1/2025,5/13/2025
502575,103808,5/1/2025,5/31/2025
502576,103807,5/1/2025,7/9/2025
502577,103803,5/1/2025,5/2/2025
502578,103802,5/1/2025,5/6/2025
502579,103800,5/1/2025,5/7/2025
502580,103799,5/1/2025,6/8/2025
502581,103797,5/1/2025,7/21/2025
502582,101327,5/1/2025,
502583,100274,5/1/2025,7/17/2025
502584,103831,5/1/2025,5/17/2026
502585,103810,5/1/2025,11/10/2025
502586,103833,5/1/2025,7/19/2025
502587,103859,5/2/2025,8/16/2025
502588,103863,5/2/2025,
502589,103855,5/2/2025,5/11/2025
502590,103860,5/2/2025,1/15/2026
502591,103867,5/2/2025,
502592,103865,5/2/2025,8/11/2025
502593,103854,5/2/2025,
502594,103861,5/2/2025,5/26/2025
502595,103852,5/2/2025,6/21/2025
502596,103857,5/2/2025,5/16/2025
502597,103849,5/2/2025,6/29/2025
502598,103847,5/2/2025,8/6/2025
502599,103845,5/2/2025,5/8/2025
502600,103843,5/2/2025,1/8/2026
502601,103841,5/2/2025,9/16/2025
502602,103839,5/2/2025,6/13/2025
502603,103837,5/2/2025,5/8/2025
502604,103835,5/2/2025,5/3/2025
502605,103851,5/2/2025,5/20/2025
502606,103892,5/3/2025,5/25/2025
502607,103894,5/3/2025,
502608,103895,5/3/2025,10/23/2025
502609,103896,5/3/2025,5/16/2025
502610,103898,5/3/2025,6/21/2025
502611,103905,5/3/2025,6/6/2025
502612,103901,5/3/2025,2/3/2026
502613,103902,5/3/2025,6/18/2025
502614,103904,5/3/2025,8/16/2025
502615,103890,5/3/2025,8/22/2025
502616,103907,5/3/2025,6/5/2025
502617,103899,5/3/2025,6/9/2025
502618,103888,5/3/2025,5/21/2025
502619,103906,5/3/2025,6/25/2025
502620,103884,5/3/2025,
502621,103886,5/3/2025,5/8/2025
502622,101937,5/3/2025,5/17/2025
502623,103868,5/3/2025,9/25/2025
502624,103870,5/3/2025,5/19/2025
502625,103872,5/3/2025,5/23/2025
502626,103874,5/3/2025,5/10/2025
502627,103871,5/3/2025,8/18/2025
502628,103878,5/3/2025,6/8/2025
502629,103879,5/3/2025,9/11/2025
502630,103881,5/3/2025,5/10/2025
502631,103882,5/3/2025,5/8/2025
502632,103883,5/3/2025,
502633,103876,5/3/2025,6/26/2025
502634,103934,5/4/2025,6/4/2025
502635,103929,5/4/2025,5/16/2025
502636,103930,5/4/2025,12/10/2025
502637,103932,5/4/2025,6/17/2025
502638,103935,5/4/2025,9/5/2025
502639,103945,5/4/2025,
502640,103938,5/4/2025,5/18/2025
502641,103939,5/4/2025,5/5/2025
502642,103941,5/4/2025,5/20/2025
502643,103943,5/4/2025,5/11/2025
502644,103944,5/4/2025,5/22/2025
502645,103928,5/4/2025,
502646,103936,5/4/2025,6/20/2025
502647,103926,5/4/2025,5/18/2025
502648,103918,5/4/2025,5/5/2025
502649,103924,5/4/2025,5/10/2025
502650,103909,5/4/2025,2/28/2026
502651,103925,5/4/2025,7/17/2025
502652,103912,5/4/2025,2/5/2026
502653,103913,5/4/2025,5/6/2025
502654,103914,5/4/2025,6/8/2025
502655,103910,5/4/2025,7/19/2025
502656,103917,5/4/2025,7/16/2025
502657,103919,5/4/2025,5/6/2025
502658,103921,5/4/2025,5/7/2025
502659,103923,5/4/2025,7/8/2025
502660,103915,5/4/2025,5/27/2025
502661,103971,5/5/2025,5/15/2025
502662,103970,5/5/2025,1/16/2026
502663,103978,5/5/2025,6/5/2026
502664,103972,5/5/2025,9/26/2025
502665,103974,5/5/2025,11/21/2025
502666,103976,5/5/2025,10/3/2025
502667,103980,5/5/2025,11/26/2025
502668,103967,5/5/2025,
502669,103982,5/5/2025,6/21/2025
502670,103984,5/5/2025,5/18/2025
502671,103985,5/5/2025,6/14/2025
502672,103987,5/5/2025,7/17/2025
502673,103988,5/5/2025,10/2/2025
502674,103990,5/5/2025,8/22/2025
502675,103981,5/5/2025,10/13/2025
502676,103966,5/5/2025,7/15/2025
502677,103968,5/5/2025,5/21/2025
502678,103962,5/5/2025,6/2/2025
502679,103946,5/5/2025,6/2/2025
502680,103949,5/5/2025,11/29/2025
502681,103950,5/5/2025,5/13/2026
502682,103951,5/5/2025,5/11/2025
502683,103952,5/5/2025,9/26/2025
502684,103953,5/5/2025,5/28/2025
502685,103948,5/5/2025,5/10/2025
502686,103955,5/5/2025,11/18/2025
502687,103957,5/5/2025,5/6/2025
502688,103959,5/5/2025,10/2/2025
502689,103961,5/5/2025,6/22/2025
502690,103964,5/5/2025,8/6/2025
502691,103954,5/5/2025,5/27/2025
502692,104011,5/6/2025,7/29/2025
502693,104013,5/6/2025,7/14/2025
502694,104015,5/6/2025,6/7/2025
502695,104017,5/6/2025,5/8/2025
502696,104018,5/6/2025,10/20/2025
502697,104021,5/6/2025,5/12/2025
502698,104020,5/6/2025,5/25/2025
502699,104023,5/6/2025,5/23/2025
502700,104024,5/6/2025,5/21/2025
502701,104010,5/6/2025,5/28/2025
502702,104019,5/6/2025,6/1/2025
502703,104008,5/6/2025,6/12/2025
502704,104006,5/6/2025,5/25/2026
502705,104004,5/6/2025,6/4/2025
502706,101989,5/6/2025,5/31/2025
502707,100766,5/6/2025,5/8/2025
502708,103992,5/6/2025,6/6/2025
502709,103994,5/6/2025,6/5/2025
502710,100722,5/6/2025,9/28/2025
502711,103998,5/6/2025,6/9/2025
502712,104000,5/6/2025,6/24/2025
502713,104001,5/6/2025,1/22/2026
502714,104002,5/6/2025,12/10/2025
502715,103996,5/6/2025,7/12/2025
502716,104060,5/7/2025,9/17/2025
502717,104053,5/7/2025,6/9/2025
502718,104054,5/7/2025,
502719,104056,5/7/2025,1/15/2026
502720,104058,5/7/2025,6/5/2025
502721,104061,5/7/2025,5/28/2025
502722,104068,5/7/2025,5/9/2025
502723,104063,5/7/2025,
502724,104064,5/7/2025,5/15/2025
502725,104065,5/7/2025,5/29/2025
502726,104067,5/7/2025,5/8/2025
502727,104052,5/7/2025,5/15/2025
502728,104070,5/7/2025,1/13/2026
502729,104062,5/7/2025,5/17/2025
502730,104051,5/7/2025,12/8/2025
502731,104028,5/7/2025,6/10/2025
502732,104047,5/7/2025,5/10/2025
502733,104049,5/7/2025,7/26/2025
502734,104026,5/7/2025,5/13/2025
502735,104030,5/7/2025,5/24/2025
502736,104034,5/7/2025,9/6/2025
502737,104036,5/7/2025,11/4/2025
502738,104032,5/7/2025,8/18/2025
502739,104040,5/7/2025,7/30/2025
502740,104041,5/7/2025,12/14/2025
502741,104042,5/7/2025,5/20/2025
502742,104044,5/7/2025,5/30/2025
502743,104046,5/7/2025,3/12/2026
502744,104038,5/7/2025,5/28/2025
502745,104101,5/8/2025,5/20/2025
502746,104094,5/8/2025,5/29/2025
502747,104095,5/8/2025,7/22/2025
502748,104097,5/8/2025,5/27/2025
502749,104099,5/8/2025,8/29/2025
502750,104103,5/8/2025,7/3/2025
502751,104114,5/8/2025,6/27/2025
502752,104106,5/8/2025,8/10/2025
502753,104108,5/8/2025,
502754,104110,5/8/2025,5/14/2025
502755,104112,5/8/2025,6/22/2025
502756,104092,5/8/2025,7/29/2025
502757,104105,5/8/2025,5/18/2025
502758,104091,5/8/2025,5/21/2025
502759,104071,5/8/2025,6/7/2025
502760,104088,5/8/2025,
502761,104073,5/8/2025,8/28/2025
502762,104075,5/8/2025,6/4/2025
502763,104076,5/8/2025,5/20/2025
502764,104078,5/8/2025,5/15/2025
502765,104079,5/8/2025,6/7/2025
502766,100586,5/8/2025,
502767,104081,5/8/2025,6/8/2025
502768,104080,5/8/2025,5/12/2025
502769,104087,5/8/2025,5/26/2025
502770,104090,5/8/2025,6/2/2025
502771,104083,5/8/2025,5/24/2025
502772,104082,5/8/2025,5/19/2025
502773,104085,5/8/2025,5/17/2025
502774,104148,5/9/2025,9/15/2025
502775,104134,5/9/2025,5/19/2025
502776,104147,5/9/2025,5/15/2025
502777,104146,5/9/2025,8/30/2025
502778,104143,5/9/2025,6/10/2025
502779,104141,5/9/2025,5/26/2025
502780,104140,5/9/2025,9/16/2025
502781,104139,5/9/2025,5/24/2025
502782,104138,5/9/2025,8/25/2025
502783,104137,5/9/2025,5/12/2025
502784,104136,5/9/2025,9/19/2025
502785,104135,5/9/2025,9/14/2025
502786,104144,5/9/2025,8/5/2025
502787,104133,5/9/2025,8/24/2025
502788,104130,5/9/2025,5/10/2025
502789,104131,5/9/2025,5/12/2025
502790,100719,5/9/2025,5/18/2025
502791,104117,5/9/2025,11/27/2025
502792,104119,5/9/2025,5/30/2025
502793,104120,5/9/2025,5/31/2025
502794,104115,5/9/2025,5/12/2025
502795,104124,5/9/2025,8/7/2025
502796,104126,5/9/2025,6/26/2025
502797,104128,5/9/2025,5/17/2025
502798,104129,5/9/2025,6/7/2025
502799,104122,5/9/2025,6/4/2026
502800,104187,5/10/2025,12/19/2025
502801,104178,5/10/2025,1/8/2026
502802,104180,5/10/2025,6/8/2025
502803,104182,5/10/2025,6/14/2025
502804,104184,5/10/2025,5/20/2025
502805,104186,5/10/2025,5/19/2025
502806,104201,5/10/2025,10/27/2025
502807,104199,5/10/2025,5/16/2025
502808,104192,5/10/2025,8/18/2025
502809,104194,5/10/2025,7/13/2025
502810,104196,5/10/2025,11/2/2025
502811,104198,5/10/2025,5/13/2025
502812,104177,5/10/2025,6/9/2025
502813,104200,5/10/2025,4/12/2026
502814,104191,5/10/2025,5/15/2025
502815,104176,5/10/2025,10/25/2025
502816,104189,5/10/2025,5/21/2025
502817,104173,5/10/2025,9/22/2025
502818,104149,5/10/2025,5/20/2025
502819,104150,5/10/2025,5/12/2025
502820,104152,5/10/2025,10/25/2025
502821,104153,5/10/2025,5/16/2025
502822,104155,5/10/2025,6/3/2025
502823,104157,5/10/2025,5/11/2025
502824,104159,5/10/2025,7/14/2025
502825,104175,5/10/2025,5/26/2025
502826,104163,5/10/2025,6/4/2025
502827,104165,5/10/2025,5/14/2025
502828,104167,5/10/2025,8/13/2025
502829,104168,5/10/2025,5/12/2025
502830,104170,5/10/2025,
502831,104171,5/10/2025,10/23/2025
502832,104161,5/10/2025,8/20/2025
502833,104230,5/11/2025,2/12/2026
502834,104231,5/11/2025,11/3/2025
502835,104234,5/11/2025,8/6/2025
502836,104235,5/11/2025,6/21/2025
502837,104236,5/11/2025,8/27/2025
502838,104237,5/11/2025,8/22/2025
502839,104239,5/11/2025,5/21/2025
502840,104243,5/11/2025,11/3/2025
502841,104242,5/11/2025,7/5/2025
502842,104245,5/11/2025,5/16/2025
502843,104246,5/11/2025,9/17/2025
502844,104248,5/11/2025,5/28/2025
502845,104250,5/11/2025,6/14/2025
502846,104229,5/11/2025,6/16/2025
502847,104240,5/11/2025,8/23/2025
502848,104227,5/11/2025,7/23/2025
502849,104232,5/11/2025,4/19/2026
502850,104224,5/11/2025,
502851,104225,5/11/2025,6/28/2025
502852,100657,5/11/2025,
502853,104202,5/11/2025,5/12/2025
502854,104204,5/11/2025,3/23/2026
502855,104207,5/11/2025,5/30/2025
502856,104209,5/11/2025,7/16/2025
502857,104211,5/11/2025,5/25/2025
502858,104205,5/11/2025,7/8/2025
502859,104215,5/11/2025,11/29/2025
502860,104216,5/11/2025,6/22/2025
502861,104218,5/11/2025,6/25/2025
502862,101485,5/11/2025,5/21/2025
502863,104220,5/11/2025,7/7/2025
502864,104221,5/11/2025,5/14/2025
502865,104223,5/11/2025,5/16/2025
502866,104213,5/11/2025,5/16/2025
502867,104264,5/12/2025,6/12/2026
502868,104273,5/12/2025,1/16/2026
502869,104272,5/12/2025,8/11/2025
502870,104270,5/12/2025,6/4/2025
502871,104268,5/12/2025,7/6/2025
502872,104267,5/12/2025,6/4/2025
502873,104266,5/12/2025,6/13/2025
502874,104263,5/12/2025,9/4/2025
502875,104255,5/12/2025,11/9/2025
502876,104260,5/12/2025,5/26/2025
502877,104258,5/12/2025,5/22/2025
502878,104257,5/12/2025,9/3/2025
502879,104256,5/12/2025,6/8/2025
502880,104254,5/12/2025,9/3/2025
502881,104252,5/12/2025,5/16/2025
502882,104251,5/12/2025,7/17/2025
502883,104261,5/12/2025,5/16/2025
502884,104297,5/13/2025,5/23/2025
502885,104295,5/13/2025,6/13/2025
502886,104293,5/13/2025,10/26/2025
502887,104291,5/13/2025,5/15/2025
502888,104290,5/13/2025,6/28/2025
502889,104285,5/13/2025,5/27/2025
502890,104287,5/13/2025,8/12/2025
502891,104284,5/13/2025,8/29/2025
502892,104288,5/13/2025,5/19/2025
502893,104281,5/13/2025,6/7/2025
502894,104279,5/13/2025,7/14/2025
502895,104278,5/13/2025,8/19/2025
502896,104276,5/13/2025,7/15/2025
502897,104275,5/13/2025,8/10/2025
502898,104274,5/13/2025,5/11/2026
502899,104282,5/13/2025,5/30/2025
502900,104321,5/14/2025,6/19/2025
502901,104323,5/14/2025,7/6/2025
502902,104325,5/14/2025,6/11/2025
502903,104327,5/14/2025,5/27/2025
502904,104329,5/14/2025,5/22/2025
502905,104330,5/14/2025,2/17/2026
502906,104335,5/14/2025,9/24/2025
502907,104333,5/14/2025,7/9/2025
502908,104320,5/14/2025,5/15/2025
502909,104336,5/14/2025,5/18/2025
502910,104338,5/14/2025,5/22/2025
502911,104339,5/14/2025,8/30/2025
502912,104331,5/14/2025,7/8/2025
502913,104319,5/14/2025,6/2/2025
502914,104324,5/14/2025,8/3/2025
502915,104316,5/14/2025,6/30/2025
502916,104317,5/14/2025,5/20/2025
502917,104299,5/14/2025,
502918,104300,5/14/2025,6/15/2025
502919,104301,5/14/2025,5/24/2025
502920,104305,5/14/2025,3/19/2026
502921,104306,5/14/2025,6/25/2025
502922,104303,5/14/2025,
502923,104309,5/14/2025,1/20/2026
502924,104311,5/14/2025,8/20/2025
502925,104313,5/14/2025,9/6/2025
502926,104314,5/14/2025,6/30/2025
502927,104307,5/14/2025,5/18/2025
502928,104376,5/15/2025,1/30/2026
502929,104369,5/15/2025,5/18/2025
502930,104371,5/15/2025,8/9/2025
502931,104372,5/15/2025,7/16/2025
502932,104374,5/15/2025,
502933,104375,5/15/2025,7/25/2025
502934,104378,5/15/2025,4/19/2026
502935,104389,5/15/2025,10/17/2025
502936,104382,5/15/2025,9/23/2025
502937,104393,5/15/2025,5/22/2025
502938,104384,5/15/2025,5/26/2025
502939,104386,5/15/2025,10/20/2025
502940,104387,5/15/2025,5/25/2025
502941,104391,5/15/2025,11/2/2025
502942,104368,5/15/2025,7/19/2025
502943,104380,5/15/2025,
502944,104367,5/15/2025,5/18/2025
502945,104347,5/15/2025,5/25/2025
502946,104363,5/15/2025,12/21/2025
502947,104340,5/15/2025,9/19/2025
502948,104365,5/15/2025,11/17/2025
502949,104343,5/15/2025,8/1/2025
502950,104345,5/15/2025,8/21/2025
502951,104348,5/15/2025,6/20/2025
502952,104349,5/15/2025,5/17/2025
502953,104350,5/15/2025,8/29/2025
502954,104342,5/15/2025,5/17/2025
502955,104352,5/15/2025,9/2/2025
502956,104354,5/15/2025,
502957,104356,5/15/2025,5/17/2025
502958,104357,5/15/2025,5/17/2025
502959,104359,5/15/2025,5/16/2025
502960,104361,5/15/2025,7/3/2025
502961,104351,5/15/2025,5/28/2025
502962,104413,5/16/2025,5/25/2025
502963,104414,5/16/2025,9/14/2025
502964,104416,5/16/2025,5/24/2025
502965,104417,5/16/2025,6/10/2025
502966,104418,5/16/2025,7/6/2025
502967,104425,5/16/2025,5/31/2025
502968,104423,5/16/2025,6/5/2025
502969,104427,5/16/2025,8/21/2025
502970,104428,5/16/2025,7/15/2025
502971,104412,5/16/2025,7/5/2025
502972,104421,5/16/2025,10/14/2025
502973,104410,5/16/2025,
502974,104419,5/16/2025,5/22/2025
502975,104407,5/16/2025,6/2/2025
502976,102901,5/16/2025,11/8/2025
502977,104394,5/16/2025,6/6/2025
502978,104395,5/16/2025,8/14/2025
502979,104397,5/16/2025,9/12/2025
502980,104398,5/16/2025,7/12/2025
502981,104408,5/16/2025,5/31/2025
502982,104400,5/16/2025,5/23/2025
502983,104402,5/16/2025,6/24/2025
502984,104403,5/16/2025,5/19/2025
502985,104405,5/16/2025,5/22/2025
502986,104406,5/16/2025,
502987,104399,5/16/2025,5/17/2025
502988,104455,5/17/2025,5/30/2025
502989,104453,5/17/2025,5/22/2025
502990,104456,5/17/2025,6/12/2025
502991,104457,5/17/2025,5/23/2025
502992,104458,5/17/2025,6/26/2025
502993,104459,5/17/2025,6/13/2025
502994,104460,5/17/2025,5/6/2026
502995,104467,5/17/2025,12/24/2025
502996,104464,5/17/2025,7/2/2025
502997,104465,5/17/2025,5/30/2025
502998,104452,5/17/2025,6/1/2025
502999,104468,5/17/2025,6/23/2025
503000,104470,5/17/2025,8/1/2025
503001,104472,5/17/2025,5/23/2025
503002,104462,5/17/2025,1/7/2026
503003,104451,5/17/2025,8/1/2025
503004,104450,5/17/2025,5/28/2025
503005,104449,5/17/2025,6/6/2026
503006,104430,5/17/2025,5/22/2025
503007,104432,5/17/2025,7/6/2025
503008,104433,5/17/2025,6/6/2025
503009,104435,5/17/2025,3/15/2026
503010,104436,5/17/2025,8/2/2025
503011,104438,5/17/2025,6/3/2025
503012,104437,5/17/2025,8/27/2025
503013,104442,5/17/2025,6/10/2025
503014,104443,5/17/2025,6/18/2025
503015,104445,5/17/2025,9/26/2025
503016,104446,5/17/2025,5/25/2025
503017,104447,5/17/2025,8/16/2025
503018,104440,5/17/2025,9/18/2025
503019,104504,5/18/2025,5/21/2025
503020,104498,5/18/2025,5/24/2025
503021,104499,5/18/2025,6/14/2025
503022,104500,5/18/2025,8/8/2025
503023,104502,5/18/2025,9/27/2025
503024,104505,5/18/2025,1/14/2026
503025,104514,5/18/2025,8/3/2025
503026,104509,5/18/2025,6/17/2025
503027,104510,5/18/2025,5/25/2025
503028,104512,5/18/2025,7/29/2025
503029,104516,5/18/2025,6/6/2025
503030,104517,5/18/2025,3/22/2026
503031,104496,5/18/2025,8/12/2025
503032,104508,5/18/2025,8/20/2025
503033,104495,5/18/2025,8/1/2025
503034,104506,5/18/2025,8/5/2025
503035,104491,5/18/2025,5/19/2025
503036,104473,5/18/2025,6/2/2025
503037,104475,5/18/2025,
503038,104477,5/18/2025,5/21/2025
503039,104479,5/18/2025,6/5/2025
503040,104481,5/18/2025,6/1/2025
503041,104483,5/18/2025,6/14/2025
503042,104482,5/18/2025,8/26/2025
503043,104486,5/18/2025,2/25/2026
503044,104487,5/18/2025,7/27/2026
503045,104488,5/18/2025,7/3/2025
503046,104489,5/18/2025,5/22/2025
503047,104490,5/18/2025,5/21/2025
503048,104484,5/18/2025,8/14/2025
503049,104493,5/18/2025,
503050,104536,5/19/2025,5/30/2025
503051,104544,5/19/2025,5/31/2025
503052,104538,5/19/2025,6/4/2025
503053,104540,5/19/2025,3/16/2026
503054,104542,5/19/2025,5/21/2025
503055,104552,5/19/2025,6/9/2025
503056,104548,5/19/2025,5/23/2025
503057,104550,5/19/2025,7/27/2025
503058,104535,5/19/2025,11/11/2025
503059,101911,5/19/2025,3/4/2026
503060,104546,5/19/2025,1/11/2026
503061,104534,5/19/2025,6/14/2026
503062,104545,5/19/2025,5/30/2025
503063,104530,5/19/2025,1/2/2026
503064,104529,5/19/2025,6/7/2025
503065,104527,5/19/2025,11/30/2025
503066,104526,5/19/2025,7/18/2025
503067,104525,5/19/2025,11/26/2025
503068,104523,5/19/2025,6/19/2025
503069,104522,5/19/2025,9/7/2025
503070,104521,5/19/2025,7/24/2025
503071,104520,5/19/2025,6/26/2025
503072,104519,5/19/2025,6/6/2025
503073,104532,5/19/2025,6/27/2025
503074,104571,5/20/2025,9/14/2025
503075,104572,5/20/2025,6/13/2025
503076,104574,5/20/2025,7/22/2025
503077,104575,5/20/2025,6/27/2025
503078,104577,5/20/2025,5/23/2025
503079,104587,5/20/2025,5/31/2025
503080,104581,5/20/2025,
503081,104583,5/20/2025,12/6/2025
503082,104585,5/20/2025,5/25/2025
503083,104589,5/20/2025,9/8/2025
503084,104579,5/20/2025,7/24/2025
503085,104569,5/20/2025,6/29/2026
503086,104565,5/20/2025,6/18/2025
503087,104566,5/20/2025,10/11/2025
503088,101766,5/20/2025,9/14/2025
503089,104568,5/20/2025,6/30/2025
503090,104555,5/20/2025,5/31/2025
503091,104556,5/20/2025,6/8/2025
503092,104557,5/20/2025,9/8/2025
503093,104554,5/20/2025,5/23/2025
503094,104560,5/20/2025,11/10/2025
503095,104561,5/20/2025,6/4/2025
503096,104563,5/20/2025,7/29/2025
503097,104564,5/20/2025,5/29/2025
503098,104558,5/20/2025,5/23/2025
503099,104617,5/21/2025,5/31/2026
503100,104619,5/21/2025,6/13/2025
503101,104620,5/21/2025,6/23/2025
503102,104621,5/21/2025,
503103,104623,5/21/2025,5/27/2025
503104,104622,5/21/2025,6/27/2026
503105,104624,5/21/2025,6/15/2025
503106,104633,5/21/2025,6/13/2025
503107,104630,5/21/2025,5/26/2025
503108,104632,5/21/2025,6/15/2025
503109,104634,5/21/2025,9/3/2025
503110,104635,5/21/2025,8/9/2025
503111,104637,5/21/2025,11/9/2025
503112,104616,5/21/2025,5/16/2026
503113,104626,5/21/2025,6/16/2025
503114,104614,5/21/2025,8/6/2025
503115,104628,5/21/2025,6/10/2025
503116,104610,5/21/2025,5/24/2025
503117,104591,5/21/2025,6/8/2025
503118,104592,5/21/2025,5/22/2025
503119,104594,5/21/2025,11/23/2025
503120,104595,5/21/2025,5/23/2025
503121,104598,5/21/2025,6/4/2025
503122,104612,5/21/2025,8/11/2025
503123,104599,5/21/2025,9/10/2025
503124,104596,5/21/2025,4/5/2026
503125,104601,5/21/2025,12/10/2025
503126,104603,5/21/2025,11/21/2025
503127,104604,5/21/2025,5/30/2025
503128,104605,5/21/2025,5/24/2025
503129,104607,5/21/2025,7/6/2025
503130,104609,5/21/2025,
503131,104600,5/21/2025,9/14/2025
503132,104653,5/22/2025,11/30/2025
503133,104661,5/22/2025,6/2/2025
503134,104660,5/22/2025,6/3/2026
503135,104658,5/22/2025,10/31/2025
503136,104656,5/22/2025,7/6/2025
503137,104655,5/22/2025,6/25/2025
503138,104654,5/22/2025,5/28/2025
503139,104652,5/22/2025,5/30/2025
503140,104647,5/22/2025,7/20/2025
503141,104649,5/22/2025,7/6/2025
503142,104646,5/22/2025,5/26/2025
503143,104644,5/22/2025,9/5/2025
503144,104643,5/22/2025,5/29/2025
503145,104642,5/22/2025,8/29/2025
503146,104640,5/22/2025,6/27/2025
503147,104639,5/22/2025,5/26/2025
503148,104651,5/22/2025,6/28/2025
503149,104689,5/23/2025,6/22/2025
503150,104691,5/23/2025,8/19/2025
503151,104693,5/23/2025,6/17/2025
503152,104694,5/23/2025,8/17/2025
503153,104695,5/23/2025,6/3/2025
503154,104701,5/23/2025,7/11/2025
503155,104698,5/23/2025,10/2/2025
503156,104700,5/23/2025,5/31/2025
503157,104702,5/23/2025,7/7/2026
503158,104703,5/23/2025,11/14/2025
503159,104688,5/23/2025,7/25/2025
503160,104696,5/23/2025,6/7/2025
503161,104686,5/23/2025,5/27/2025
503162,104673,5/23/2025,6/11/2025
503163,104683,5/23/2025,8/31/2025
503164,104684,5/23/2025,5/30/2025
503165,104663,5/23/2025,5/12/2026
503166,104665,5/23/2025,8/23/2025
503167,104669,5/23/2025,6/20/2025
503168,104671,5/23/2025,
503169,104667,5/23/2025,6/18/2025
503170,104674,5/23/2025,5/28/2025
503171,104676,5/23/2025,8/31/2025
503172,104678,5/23/2025,6/3/2025
503173,104680,5/23/2025,9/23/2025
503174,104682,5/23/2025,9/1/2025
503175,104742,5/24/2025,6/22/2025
503176,104734,5/24/2025,6/1/2025
503177,104735,5/24/2025,5/29/2025
503178,104737,5/24/2025,4/8/2026
503179,104738,5/24/2025,6/19/2025
503180,104740,5/24/2025,6/7/2025
503181,104758,5/24/2025,9/7/2025
503182,104743,5/24/2025,7/15/2025
503183,104754,5/24/2025,10/17/2025
503184,104747,5/24/2025,6/8/2025
503185,104748,5/24/2025,
503186,104750,5/24/2025,8/5/2025
503187,104752,5/24/2025,5/26/2025
503188,104755,5/24/2025,6/7/2025
503189,104757,5/24/2025,7/7/2025
503190,104732,5/24/2025,9/25/2025
503191,104745,5/24/2025,9/24/2025
503192,104731,5/24/2025,7/11/2025
503193,104733,5/24/2025,6/3/2025
503194,104728,5/24/2025,5/31/2025
503195,104730,5/24/2025,1/16/2026
503196,104706,5/24/2025,6/15/2025
503197,104708,5/24/2025,6/16/2025
503198,104710,5/24/2025,11/11/2025
503199,104712,5/24/2025,6/1/2025
503200,104714,5/24/2025,5/26/2025
503201,104716,5/24/2025,8/6/2025
503202,104704,5/24/2025,5/25/2025
503203,104719,5/24/2025,2/12/2026
503204,104717,5/24/2025,5/27/2025
503205,104724,5/24/2025,6/19/2025
503206,104726,5/24/2025,7/20/2025
503207,104721,5/24/2025,6/10/2025
503208,104720,5/24/2025,7/14/2026
503209,104723,5/24/2025,9/11/2025
503210,104781,5/25/2025,5/27/2025
503211,104782,5/25/2025,
503212,104783,5/25/2025,12/30/2025
503213,104785,5/25/2025,6/15/2025
503214,104787,5/25/2025,5/29/2025
503215,104789,5/25/2025,6/4/2025
503216,104791,5/25/2025,6/10/2025
503217,104795,5/25/2025,6/14/2025
503218,104796,5/25/2025,6/25/2025
503219,104797,5/25/2025,8/30/2025
503220,104799,5/25/2025,7/6/2025
503221,104780,5/25/2025,10/7/2025
503222,104792,5/25/2025,8/16/2025
503223,104779,5/25/2025,6/13/2025
503224,104794,5/25/2025,
503225,104777,5/25/2025,8/6/2025
503226,104778,5/25/2025,5/28/2025
503227,104760,5/25/2025,7/2/2025
503228,104761,5/25/2025,5/26/2025
503229,104764,5/25/2025,10/3/2025
503230,104766,5/25/2025,6/4/2025
503231,104762,5/25/2025,11/17/2025
503232,104769,5/25/2025,8/18/2025
503233,104771,5/25/2025,6/1/2025
503234,104773,5/25/2025,6/28/2026
503235,104775,5/25/2025,5/28/2025
503236,104767,5/25/2025,6/3/2025
503237,104827,5/26/2025,10/23/2025
503238,104821,5/26/2025,6/29/2025
503239,104822,5/26/2025,5/27/2025
503240,104824,5/26/2025,6/2/2025
503241,104825,5/26/2025,6/16/2025
503242,104828,5/26/2025,6/10/2025
503243,104838,5/26/2025,9/15/2025
503244,104831,5/26/2025,7/22/2025
503245,104832,5/26/2025,6/3/2025
503246,104834,5/26/2025,8/27/2025
503247,104836,5/26/2025,7/16/2025
503248,104839,5/26/2025,5/28/2025
503249,104841,5/26/2025,6/30/2025
503250,104830,5/26/2025,6/30/2025
503251,104819,5/26/2025,5/29/2025
503252,104816,5/26/2025,6/10/2025
503253,104815,5/26/2025,
503254,104814,5/26/2025,9/29/2025
503255,104813,5/26/2025,5/30/2025
503256,104811,5/26/2025,6/10/2025
503257,104809,5/26/2025,7/1/2025
503258,104808,5/26/2025,5/28/2026
503259,104807,5/26/2025,
503260,104806,5/26/2025,3/1/2026
503261,104804,5/26/2025,8/26/2025
503262,104802,5/26/2025,5/27/2025
503263,104801,5/26/2025,6/14/2025
503264,104817,5/26/2025,6/20/2025
503265,104861,5/27/2025,10/6/2025
503266,104862,5/27/2025,10/6/2025
503267,104863,5/27/2025,8/1/2025
503268,104865,5/27/2025,5/28/2025
503269,104871,5/27/2025,6/18/2025
503270,104867,5/27/2025,6/24/2025
503271,104869,5/27/2025,6/10/2025
503272,104860,5/27/2025,7/10/2025
503273,104873,5/27/2025,12/24/2025
503274,104866,5/27/2025,5/3/2026
503275,104874,5/27/2025,7/13/2025
503276,104858,5/27/2025,5/29/2025
503277,104855,5/27/2025,6/20/2025
503278,104856,5/27/2025,6/5/2025
503279,102581,5/27/2025,7/6/2026
503280,104843,5/27/2025,8/14/2025
503281,104845,5/27/2025,5/28/2025
503282,104846,5/27/2025,6/12/2025
503283,102018,5/27/2025,7/6/2025
503284,104848,5/27/2025,6/2/2025
503285,104850,5/27/2025,6/15/2025
503286,104852,5/27/2025,5/30/2025
503287,104853,5/27/2025,
503288,104847,5/27/2025,6/4/2025
503289,104890,5/28/2025,7/31/2025
503290,104902,5/28/2025,6/6/2025
503291,104901,5/28/2025,5/29/2025
503292,104899,5/28/2025,7/17/2025
503293,104898,5/28/2025,8/14/2025
503294,104896,5/28/2025,6/7/2025
503295,104894,5/28/2025,6/15/2025
503296,104893,5/28/2025,6/30/2025
503297,104889,5/28/2025,12/19/2025
503298,104891,5/28/2025,7/16/2025
503299,104885,5/28/2025,8/6/2025
503300,104884,5/28/2025,6/25/2025
503301,104882,5/28/2025,6/14/2025
503302,104881,5/28/2025,5/29/2025
503303,104879,5/28/2025,6/2/2025
503304,104877,5/28/2025,2/3/2026
503305,104875,5/28/2025,9/8/2025
503306,100758,5/28/2025,8/8/2025
503307,104887,5/28/2025,6/27/2025
503308,104932,5/29/2025,10/29/2025
503309,104934,5/29/2025,6/14/2025
503310,104935,5/29/2025,6/8/2025
503311,104936,5/29/2025,6/9/2025
503312,104937,5/29/2025,6/18/2025
503313,104939,5/29/2025,6/1/2025
503314,104940,5/29/2025,6/3/2025
503315,104946,5/29/2025,7/25/2025
503316,104942,5/29/2025,6/2/2025
503317,104943,5/29/2025,6/14/2025
503318,104945,5/29/2025,9/16/2025
503319,104947,5/29/2025,7/20/2025
503320,104949,5/29/2025,7/6/2025
503321,104950,5/29/2025,2/8/2026
503322,104930,5/29/2025,2/1/2026
503323,104941,5/29/2025,6/13/2025
503324,104929,5/29/2025,6/25/2025
503325,104913,5/29/2025,6/2/2025
503326,104926,5/29/2025,7/28/2025
503327,104904,5/29/2025,6/4/2025
503328,104906,5/29/2025,7/1/2025
503329,104928,5/29/2025,8/18/2025
503330,104908,5/29/2025,7/11/2025
503331,104910,5/29/2025,7/15/2025
503332,104912,5/29/2025,7/13/2025
503333,104915,5/29/2025,9/3/2025
503334,104907,5/29/2025,6/4/2025
503335,104917,5/29/2025,6/5/2025
503336,104919,5/29/2025,6/4/2025
503337,104921,5/29/2025,7/20/2025
503338,104922,5/29/2025,10/4/2025
503339,104924,5/29/2025,6/4/2025
503340,104925,5/29/2025,7/19/2025
503341,104916,5/29/2025,6/10/2025
503342,104970,5/30/2025,5/31/2025
503343,104972,5/30/2025,7/11/2025
503344,104973,5/30/2025,6/16/2025
503345,104974,5/30/2025,6/1/2025
503346,104976,5/30/2025,6/1/2025
503347,104984,5/30/2025,6/7/2025
503348,104980,5/30/2025,1/13/2026
503349,104982,5/30/2025,
503350,104985,5/30/2025,6/4/2025
503351,104978,5/30/2025,7/11/2025
503352,104968,5/30/2025,1/22/2026
503353,104955,5/30/2025,7/26/2025
503354,104966,5/30/2025,6/30/2025
503355,104964,5/30/2025,6/12/2025
503356,104962,5/30/2025,8/13/2025
503357,104960,5/30/2025,6/2/2025
503358,104959,5/30/2025,2/7/2026
503359,104957,5/30/2025,2/3/2026
503360,104956,5/30/2025,6/27/2025
503361,104953,5/30/2025,6/30/2026
503362,104951,5/30/2025,11/4/2025
503363,104967,5/30/2025,6/17/2025
503364,105012,5/31/2025,6/20/2025
503365,105015,5/31/2025,5/17/2026
503366,105016,5/31/2025,6/21/2025
503367,105017,5/31/2025,6/18/2025
503368,105018,5/31/2025,7/10/2025
503369,105019,5/31/2025,11/23/2025
503370,105023,5/31/2025,9/20/2025
503371,105021,5/31/2025,7/11/2025
503372,105022,5/31/2025,6/19/2025
503373,105010,5/31/2025,6/14/2025
503374,105024,5/31/2025,6/27/2025
503375,105026,5/31/2025,7/26/2025
503376,105027,5/31/2025,7/26/2025
503377,105020,5/31/2025,8/6/2025
503378,105009,5/31/2025,7/2/2025
503379,105014,5/31/2025,9/4/2025
503380,105005,5/31/2025,6/8/2025
503381,105007,5/31/2025,6/15/2025
503382,104986,5/31/2025,9/7/2025
503383,104987,5/31/2025,6/25/2025
503384,104989,5/31/2025,6/17/2025
503385,104993,5/31/2025,6/6/2025
503386,104994,5/31/2025,6/28/2025
503387,104991,5/31/2025,
503388,104998,5/31/2025,12/27/2025
503389,104999,5/31/2025,1/4/2026
503390,105001,5/31/2025,6/20/2025
503391,105002,5/31/2025,9/25/2025
503392,105003,5/31/2025,7/2/2025
503393,105004,5/31/2025,6/9/2025
503394,104996,5/31/2025,6/8/2025
503395,105067,6/1/2025,6/3/2025
503396,105060,6/1/2025,8/21/2025
503397,105061,6/1/2025,8/17/2025
503398,105062,6/1/2025,6/16/2025
503399,105064,6/1/2025,7/6/2025
503400,105065,6/1/2025,6/17/2025
503401,105069,6/1/2025,10/17/2025
503402,105084,6/1/2025,7/16/2025
503403,105072,6/1/2025,8/3/2025
503404,105074,6/1/2025,8/22/2025
503405,105076,6/1/2025,10/6/2025
503406,105078,6/1/2025,1/5/2026
503407,105079,6/1/2025,6/27/2025
503408,105080,6/1/2025,7/14/2025
503409,105058,6/1/2025,6/11/2025
503410,105070,6/1/2025,6/24/2025
503411,105056,6/1/2025,7/8/2025
503412,105082,6/1/2025,2/21/2026
503413,105052,6/1/2025,6/6/2025
503414,105054,6/1/2025,6/20/2025
503415,105029,6/1/2025,6/30/2025
503416,105032,6/1/2025,9/17/2025
503417,105034,6/1/2025,6/18/2025
503418,105036,6/1/2025,7/18/2025
503419,105037,6/1/2025,9/17/2025
503420,105038,6/1/2025,7/26/2025
503421,105031,6/1/2025,7/5/2025
503422,105041,6/1/2025,2/23/2026
503423,105042,6/1/2025,6/26/2025
503424,105043,6/1/2025,6/6/2025
503425,105045,6/1/2025,8/2/2025
503426,105046,6/1/2025,6/27/2025
503427,105048,6/1/2025,6/23/2025
503428,105050,6/1/2025,9/19/2025
503429,105040,6/1/2025,6/5/2025
503430,105103,6/2/2025,6/12/2025
503431,105104,6/2/2025,6/11/2025
503432,105105,6/2/2025,7/13/2025
503433,105107,6/2/2025,6/14/2025
503434,105109,6/2/2025,8/15/2025
503435,105115,6/2/2025,9/3/2025
503436,105112,6/2/2025,
503437,105113,6/2/2025,6/5/2025
503438,105116,6/2/2025,6/17/2025
503439,105120,6/2/2025,7/17/2025
503440,105102,6/2/2025,10/26/2025
503441,105111,6/2/2025,7/22/2025
503442,105101,6/2/2025,6/28/2026
503443,105118,6/2/2025,6/7/2025
503444,105099,6/2/2025,1/12/2026
503445,105100,6/2/2025,6/12/2025
503446,105085,6/2/2025,9/4/2025
503447,105087,6/2/2025,6/14/2025
503448,105088,6/2/2025,6/8/2025
503449,105089,6/2/2025,7/7/2025
503450,101288,6/2/2025,1/12/2026
503451,105091,6/2/2025,6/5/2025
503452,105092,6/2/2025,10/4/2025
503453,105093,6/2/2025,10/12/2025
503454,105095,6/2/2025,6/22/2025
503455,105097,6/2/2025,6/21/2025
503456,105090,6/2/2025,1/6/2026
503457,105141,6/3/2025,8/29/2025
503458,105143,6/3/2025,7/27/2025
503459,105145,6/3/2025,6/30/2025
503460,105147,6/3/2025,6/15/2025
503461,105149,6/3/2025,6/8/2025
503462,105153,6/3/2025,9/2/2025
503463,105152,6/3/2025,
503464,105155,6/3/2025,11/14/2025
503465,105156,6/3/2025,8/1/2025
503466,105157,6/3/2025,6/25/2025
503467,105158,6/3/2025,10/1/2025
503468,105151,6/3/2025,9/5/2025
503469,105137,6/3/2025,7/26/2025
503470,105139,6/3/2025,8/22/2025
503471,105135,6/3/2025,12/23/2025
503472,105136,6/3/2025,11/12/2025
503473,102965,6/3/2025,6/4/2025
503474,105121,6/3/2025,6/4/2025
503475,105123,6/3/2025,7/27/2025
503476,105124,6/3/2025,6/21/2025
503477,105122,6/3/2025,6/5/2025
503478,105126,6/3/2025,6/5/2025
503479,105128,6/3/2025,6/16/2025
503480,105129,6/3/2025,6/14/2025
503481,105131,6/3/2025,7/21/2025
503482,105133,6/3/2025,
503483,105125,6/3/2025,7/28/2025
503484,105192,6/4/2025,6/24/2025
503485,105206,6/4/2025,7/11/2025
503486,105188,6/4/2025,8/12/2025
503487,105189,6/4/2025,8/28/2025
503488,105191,6/4/2025,8/7/2025
503489,105194,6/4/2025,6/16/2025
503490,105204,6/4/2025,7/10/2025
503491,105196,6/4/2025,7/16/2025
503492,105197,6/4/2025,10/30/2025
503493,105199,6/4/2025,7/2/2025
503494,105201,6/4/2025,7/27/2025
503495,105203,6/4/2025,6/28/2025
503496,105186,6/4/2025,8/23/2025
503497,105195,6/4/2025,8/10/2025
503498,105184,6/4/2025,
503499,105179,6/4/2025,7/6/2025
503500,105181,6/4/2025,6/5/2025
503501,105183,6/4/2025,6/11/2025
503502,105161,6/4/2025,6/9/2025
503503,105163,6/4/2025,11/28/2025
503504,105164,6/4/2025,6/28/2025
503505,105165,6/4/2025,6/27/2025
503506,105167,6/4/2025,7/8/2025
503507,105160,6/4/2025,4/28/2026
503508,105170,6/4/2025,7/12/2025
503509,105172,6/4/2025,
503510,105174,6/4/2025,
503511,105176,6/4/2025,7/1/2025
503512,105177,6/4/2025,7/19/2025
503513,105169,6/4/2025,6/5/2025
503514,105230,6/5/2025,11/25/2025
503515,105231,6/5/2025,6/19/2025
503516,105233,6/5/2025,7/22/2025
503517,105235,6/5/2025,
503518,105237,6/5/2025,6/25/2025
503519,105242,6/5/2025,7/22/2025
503520,105240,6/5/2025,8/19/2025
503521,105244,6/5/2025,2/24/2026
503522,105245,6/5/2025,6/18/2025
503523,105229,6/5/2025,6/16/2026
503524,105238,6/5/2025,6/14/2025
503525,105227,6/5/2025,8/30/2025
503526,105225,6/5/2025,9/6/2025
503527,105224,6/5/2025,11/19/2025
503528,105207,6/5/2025,1/8/2026
503529,105209,6/5/2025,
503530,105212,6/5/2025,6/12/2025
503531,105213,6/5/2025,3/6/2026
503532,105211,6/5/2025,6/7/2025
503533,105217,6/5/2025,9/15/2025
503534,105219,6/5/2025,6/8/2025
503535,105221,6/5/2025,3/30/2026
503536,105222,6/5/2025,8/27/2025
503537,105215,6/5/2025,6/9/2025
503538,105280,6/6/2025,4/16/2026
503539,105273,6/6/2025,3/10/2026
503540,105275,6/6/2025,9/2/2025
503541,105277,6/6/2025,
503542,105279,6/6/2025,6/13/2025
503543,105281,6/6/2025,7/6/2025
503544,105289,6/6/2025,6/8/2025
503545,105284,6/6/2025,9/13/2025
503546,105285,6/6/2025,8/10/2025
503547,105286,6/6/2025,6/12/2026
503548,105271,6/6/2025,7/4/2025
503549,105288,6/6/2025,6/29/2025
503550,105282,6/6/2025,6/10/2025
503551,105269,6/6/2025,12/12/2025
503552,105247,6/6/2025,6/17/2025
503553,105266,6/6/2025,7/14/2026
503554,105267,6/6/2025,8/9/2025
503555,105246,6/6/2025,7/15/2025
503556,105249,6/6/2025,4/14/2026
503557,105250,6/6/2025,7/16/2026
503558,105253,6/6/2025,6/20/2025
503559,105254,6/6/2025,7/12/2025
503560,105251,6/6/2025,6/7/2025
503561,105257,6/6/2025,6/12/2025
503562,105259,6/6/2025,2/28/2026
503563,105261,6/6/2025,8/1/2025
503564,105263,6/6/2025,8/13/2025
503565,105265,6/6/2025,6/26/2025
503566,105255,6/6/2025,11/18/2025
503567,105317,6/7/2025,9/30/2025
503568,105313,6/7/2025,11/6/2025
503569,105315,6/7/2025,8/1/2025
503570,105332,6/7/2025,
503571,105319,6/7/2025,8/23/2025
503572,105312,6/7/2025,10/12/2025
503573,105322,6/7/2025,6/9/2025
503574,105324,6/7/2025,6/14/2026
503575,105326,6/7/2025,1/13/2026
503576,105328,6/7/2025,9/7/2025
503577,105330,6/7/2025,
503578,105321,6/7/2025,2/7/2026
503579,105310,6/7/2025,8/4/2025
503580,105316,6/7/2025,9/4/2025
503581,105308,6/7/2025,7/24/2025
503582,105309,6/7/2025,6/25/2025
503583,105290,6/7/2025,8/8/2025
503584,105292,6/7/2025,6/27/2025
503585,105294,6/7/2025,7/10/2025
503586,105295,6/7/2025,6/8/2025
503587,105293,6/7/2025,6/8/2025
503588,105298,6/7/2025,6/8/2025
503589,105300,6/7/2025,7/10/2025
503590,105302,6/7/2025,6/17/2025
503591,105304,6/7/2025,8/4/2025
503592,105306,6/7/2025,6/10/2025
503593,105296,6/7/2025,7/13/2025
503594,105372,6/8/2025,9/6/2025
503595,105361,6/8/2025,6/15/2025
503596,105363,6/8/2025,12/31/2025
503597,105365,6/8/2025,6/9/2025
503598,105366,6/8/2025,6/20/2025
503599,105368,6/8/2025,6/9/2025
503600,105374,6/8/2025,9/21/2025
503601,105384,6/8/2025,7/6/2025
503602,105376,6/8/2025,8/27/2025
503603,105378,6/8/2025,9/13/2025
503604,105380,6/8/2025,
503605,105382,6/8/2025,8/23/2025
503606,105360,6/8/2025,7/6/2025
503607,105386,6/8/2025,
503608,105375,6/8/2025,6/20/2025
503609,105358,6/8/2025,6/21/2025
503610,105370,6/8/2025,9/19/2025
503611,105354,6/8/2025,6/14/2025
503612,105356,6/8/2025,1/13/2026
503613,105333,6/8/2025,8/16/2025
503614,105334,6/8/2025,10/3/2025
503615,105336,6/8/2025,6/13/2025
503616,105339,6/8/2025,7/6/2025
503617,105340,6/8/2025,7/13/2025
503618,105341,6/8/2025,2/10/2026
503619,105337,6/8/2025,6/29/2025
503620,105344,6/8/2025,8/9/2025
503621,105346,6/8/2025,
503622,105347,6/8/2025,
503623,105348,6/8/2025,6/10/2025
503624,105350,6/8/2025,6/9/2025
503625,105352,6/8/2025,9/20/2025
503626,105343,6/8/2025,6/18/2025
503627,105409,6/9/2025,6/10/2025
503628,105400,6/9/2025,7/18/2025
503629,105408,6/9/2025,7/7/2025
503630,105406,6/9/2025,6/25/2025
503631,105405,6/9/2025,6/16/2025
503632,105403,6/9/2025,6/13/2025
503633,105402,6/9/2025,7/17/2025
503634,105401,6/9/2025,11/11/2025
503635,105398,6/9/2025,11/19/2025
503636,105392,6/9/2025,6/19/2025
503637,105396,6/9/2025,6/13/2025
503638,105394,6/9/2025,6/30/2025
503639,105391,6/9/2025,8/23/2025
503640,105389,6/9/2025,6/22/2025
503641,105388,6/9/2025,7/4/2025
503642,105387,6/9/2025,8/23/2025
503643,105397,6/9/2025,10/6/2025
503644,105432,6/10/2025,7/5/2025
503645,105434,6/10/2025,6/13/2025
503646,105436,6/10/2025,7/1/2025
503647,105438,6/10/2025,
503648,105442,6/10/2025,6/11/2025
503649,105441,6/10/2025,8/15/2025
503650,105430,6/10/2025,7/11/2025
503651,105444,6/10/2025,6/17/2025
503652,105439,6/10/2025,
503653,105429,6/10/2025,6/22/2025
503654,105427,6/10/2025,6/18/2025
503655,105426,6/10/2025,10/9/2025
503656,105424,6/10/2025,6/17/2025
503657,105422,6/10/2025,7/1/2025
503658,105420,6/10/2025,6/15/2026
503659,105418,6/10/2025,8/14/2025
503660,105417,6/10/2025,6/13/2025
503661,105415,6/10/2025,7/2/2025
503662,105413,6/10/2025,6/13/2025
503663,105411,6/10/2025,6/11/2025
503664,105469,6/11/2025,6/12/2025
503665,105471,6/11/2025,6/23/2025
503666,105473,6/11/2025,6/27/2025
503667,105474,6/11/2025,6/5/2026
503668,105476,6/11/2025,8/12/2025
503669,105484,6/11/2025,7/10/2025
503670,105479,6/11/2025,
503671,105481,6/11/2025,9/13/2025
503672,105482,6/11/2025,6/15/2025
503673,105467,6/11/2025,6/17/2025
503674,105486,6/11/2025,7/4/2025
503675,105477,6/11/2025,4/7/2026
503676,105465,6/11/2025,7/15/2025
503677,105488,6/11/2025,6/25/2025
503678,105462,6/11/2025,6/20/2025
503679,105463,6/11/2025,10/11/2025
503680,105446,6/11/2025,3/6/2026
503681,105447,6/11/2025,9/17/2025
503682,105450,6/11/2025,7/27/2025
503683,105451,6/11/2025,6/16/2026
503684,105449,6/11/2025,6/18/2025
503685,105453,6/11/2025,10/26/2025
503686,105455,6/11/2025,6/12/2025
503687,105457,6/11/2025,7/1/2025
503688,105458,6/11/2025,7/27/2025
503689,105460,6/11/2025,6/17/2025
503690,105452,6/11/2025,12/26/2025
503691,105513,6/12/2025,6/28/2025
503692,105507,6/12/2025,5/6/2026
503693,105508,6/12/2025,
503694,105509,6/12/2025,7/26/2025
503695,105511,6/12/2025,5/26/2026
503696,105514,6/12/2025,6/14/2025
503697,105523,6/12/2025,6/16/2025
503698,105517,6/12/2025,
503699,105518,6/12/2025,11/6/2025
503700,105519,6/12/2025,10/10/2025
503701,105521,6/12/2025,7/30/2025
503702,105525,6/12/2025,1/19/2026
503703,105516,6/12/2025,9/28/2025
503704,105505,6/12/2025,6/21/2025
503705,105503,6/12/2025,6/18/2025
503706,105502,6/12/2025,7/19/2025
503707,105501,6/12/2025,7/22/2025
503708,105499,6/12/2025,
503709,105497,6/12/2025,8/9/2025
503710,105496,6/12/2025,7/11/2025
503711,105495,6/12/2025,6/13/2025
503712,105493,6/12/2025,1/3/2026
503713,105492,6/12/2025,8/5/2025
503714,105491,6/12/2025,7/13/2025
503715,105490,6/12/2025,8/12/2025
503716,105504,6/12/2025,10/1/2025
503717,101447,6/12/2025,6/20/2025
503718,105545,6/13/2025,
503719,105546,6/13/2025,12/20/2025
503720,105548,6/13/2025,7/16/2025
503721,105549,6/13/2025,1/25/2026
503722,105544,6/13/2025,6/18/2025
503723,105552,6/13/2025,6/15/2025
503724,105553,6/13/2025,7/22/2025
503725,105554,6/13/2025,6/16/2025
503726,105555,6/13/2025,7/4/2025
503727,105551,6/13/2025,7/4/2025
503728,105542,6/13/2025,9/21/2025
503729,105530,6/13/2025,6/18/2025
503730,105539,6/13/2025,7/13/2025
503731,105527,6/13/2025,9/27/2025
503732,105529,6/13/2025,10/27/2025
503733,105541,6/13/2025,11/26/2025
503734,105532,6/13/2025,7/29/2025
503735,102837,6/13/2025,8/16/2025
503736,105534,6/13/2025,3/1/2026
503737,105536,6/13/2025,7/1/2025
503738,105537,6/13/2025,6/28/2025
503739,105533,6/13/2025,10/7/2025
503740,105605,6/14/2025,10/30/2025
503741,105594,6/14/2025,7/10/2025
503742,105595,6/14/2025,7/24/2025
503743,105598,6/14/2025,7/1/2025
503744,105599,6/14/2025,6/20/2025
503745,105600,6/14/2025,7/18/2025
503746,105601,6/14/2025,9/2/2025
503747,105603,6/14/2025,8/6/2025
503748,105606,6/14/2025,7/10/2025
503749,105613,6/14/2025,6/15/2025
503750,105609,6/14/2025,8/22/2025
503751,105610,6/14/2025,6/18/2025
503752,105612,6/14/2025,6/23/2025
503753,105592,6/14/2025,1/26/2026
503754,105615,6/14/2025,7/12/2025
503755,105617,6/14/2025,6/15/2025
503756,105619,6/14/2025,11/22/2025
503757,105620,6/14/2025,6/20/2025
503758,105607,6/14/2025,1/13/2026
503759,105590,6/14/2025,8/20/2025
503760,105596,6/14/2025,6/17/2025
503761,105587,6/14/2025,4/12/2026
503762,105556,6/14/2025,9/20/2025
503763,105589,6/14/2025,9/2/2025
503764,105560,6/14/2025,11/26/2025
503765,105562,6/14/2025,6/4/2026
503766,105564,6/14/2025,7/10/2025
503767,105566,6/14/2025,7/12/2025
503768,105568,6/14/2025,8/7/2025
503769,105569,6/14/2025,6/15/2025
503770,105571,6/14/2025,6/20/2025
503771,105558,6/14/2025,3/14/2026
503772,105574,6/14/2025,7/17/2025
503773,105572,6/14/2025,7/31/2025
503774,105584,6/14/2025,6/29/2025
503775,105583,6/14/2025,6/18/2025
503776,105586,6/14/2025,4/23/2026
503777,105579,6/14/2025,6/24/2025
503778,105578,6/14/2025,7/22/2025
503779,105576,6/14/2025,8/15/2025
503780,105581,6/14/2025,6/17/2025
503781,105667,6/15/2025,9/1/2025
503782,105655,6/15/2025,7/24/2025
503783,105649,6/15/2025,8/8/2025
503784,105650,6/15/2025,7/1/2025
503785,105652,6/15/2025,6/19/2025
503786,105653,6/15/2025,8/17/2025
503787,105654,6/15/2025,7/12/2025
503788,105656,6/15/2025,3/2/2026
503789,105661,6/15/2025,7/3/2025
503790,105659,6/15/2025,6/17/2025
503791,105660,6/15/2025,6/2/2026
503792,105662,6/15/2025,7/28/2025
503793,105663,6/15/2025,7/8/2025
503794,105664,6/15/2025,
503795,105666,6/15/2025,7/27/2025
503796,105647,6/15/2025,8/2/2025
503797,105658,6/15/2025,8/25/2025
503798,105645,6/15/2025,
503799,105640,6/15/2025,11/1/2025
503800,105642,6/15/2025,7/6/2025
503801,105644,6/15/2025,6/26/2025
503802,105622,6/15/2025,7/25/2025
503803,105623,6/15/2025,1/1/2026
503804,105624,6/15/2025,8/4/2025
503805,105627,6/15/2025,6/16/2025
503806,105628,6/15/2025,6/17/2025
503807,105625,6/15/2025,7/12/2025
503808,105631,6/15/2025,8/27/2025
503809,105633,6/15/2025,8/20/2025
503810,105634,6/15/2025,7/2/2025
503811,105636,6/15/2025,6/16/2025
503812,105637,6/15/2025,10/30/2025
503813,105638,6/15/2025,7/7/2025
503814,105629,6/15/2025,11/22/2025
503815,105674,6/16/2025,9/6/2025
503816,105682,6/16/2025,11/5/2025
503817,105680,6/16/2025,10/5/2025
503818,105679,6/16/2025,10/23/2025
503819,105677,6/16/2025,11/5/2025
503820,105676,6/16/2025,6/18/2025
503821,105673,6/16/2025,7/15/2025
503822,105669,6/16/2025,12/19/2025
503823,105671,6/16/2025,6/27/2025
503824,105670,6/16/2025,6/18/2025
503825,105668,6/16/2025,10/21/2025
503826,101537,6/16/2025,11/5/2025
503827,101970,6/16/2025,1/21/2026
503828,105672,6/16/2025,9/3/2025
503829,105700,6/17/2025,6/19/2025
503830,105709,6/17/2025,9/3/2025
503831,105708,6/17/2025,11/29/2025
503832,105711,6/17/2025,7/31/2025
503833,105706,6/17/2025,11/15/2025
503834,105704,6/17/2025,6/26/2025
503835,105703,6/17/2025,6/21/2025
503836,105702,6/17/2025,10/16/2025
503837,105701,6/17/2025,6/26/2025
503838,105698,6/17/2025,8/14/2025
503839,105684,6/17/2025,6/29/2025
503840,105694,6/17/2025,3/28/2026
503841,105692,6/17/2025,7/17/2025
503842,105691,6/17/2025,8/29/2025
503843,105690,6/17/2025,1/12/2026
503844,105688,6/17/2025,10/29/2025
503845,105686,6/17/2025,7/3/2025
503846,100562,6/17/2025,6/22/2025
503847,105696,6/17/2025,12/14/2025
503848,105737,6/18/2025,3/15/2026
503849,105738,6/18/2025,6/20/2025
503850,105740,6/18/2025,7/8/2025
503851,105742,6/18/2025,8/29/2025
503852,105744,6/18/2025,1/22/2026
503853,105745,6/18/2025,7/25/2025
503854,105751,6/18/2025,7/26/2025
503855,105747,6/18/2025,12/7/2025
503856,105749,6/18/2025,8/18/2025
503857,105753,6/18/2025,7/1/2025
503858,105754,6/18/2025,7/18/2025
503859,105756,6/18/2025,6/22/2025
503860,105736,6/18/2025,6/27/2025
503861,105746,6/18/2025,6/27/2025
503862,105735,6/18/2025,6/28/2025
503863,105757,6/18/2025,8/10/2025
503864,105731,6/18/2025,7/25/2025
503865,105733,6/18/2025,6/25/2025
503866,101925,6/18/2025,6/29/2025
503867,105713,6/18/2025,9/19/2025
503868,105714,6/18/2025,7/23/2025
503869,105716,6/18/2025,7/11/2025
503870,105718,6/18/2025,6/22/2025
503871,102882,6/18/2025,6/25/2025
503872,105721,6/18/2025,7/1/2025
503873,105722,6/18/2025,7/16/2025
503874,105724,6/18/2025,5/17/2026
503875,105726,6/18/2025,6/29/2025
503876,105728,6/18/2025,7/6/2025
503877,105729,6/18/2025,7/15/2025
503878,105720,6/18/2025,6/27/2025
503879,105787,6/19/2025,6/21/2025
503880,105788,6/19/2025,
503881,105789,6/19/2025,8/14/2025
503882,105791,6/19/2025,7/17/2025
503883,105792,6/19/2025,8/8/2025
503884,105794,6/19/2025,7/12/2025
503885,105801,6/19/2025,6/24/2025
503886,105798,6/19/2025,8/10/2025
503887,105800,6/19/2025,8/10/2025
503888,105802,6/19/2025,6/20/2025
503889,105805,6/19/2025,9/2/2025
503890,105806,6/19/2025,12/18/2025
503891,105786,6/19/2025,
503892,105796,6/19/2025,6/20/2025
503893,105785,6/19/2025,8/11/2025
503894,105804,6/19/2025,6/26/2025
503895,105781,6/19/2025,6/21/2025
503896,105783,6/19/2025,8/11/2025
503897,105761,6/19/2025,7/5/2025
503898,105762,6/19/2025,8/11/2025
503899,105764,6/19/2025,10/18/2025
503900,105766,6/19/2025,6/24/2025
503901,105768,6/19/2025,7/30/2025
503902,105759,6/19/2025,7/4/2025
503903,105772,6/19/2025,6/23/2025
503904,105774,6/19/2025,3/21/2026
503905,105775,6/19/2025,7/7/2026
503906,105777,6/19/2025,4/28/2026
503907,105778,6/19/2025,7/13/2025
503908,105779,6/19/2025,8/27/2025
503909,105770,6/19/2025,1/3/2026
503910,105832,6/20/2025,6/23/2025
503911,105833,6/20/2025,
503912,105834,6/20/2025,4/1/2026
503913,105835,6/20/2025,9/17/2025
503914,105836,6/20/2025,7/13/2025
503915,105837,6/20/2025,8/22/2025
503916,105842,6/20/2025,3/14/2026
503917,105839,6/20/2025,5/23/2026
503918,105841,6/20/2025,
503919,105844,6/20/2025,6/24/2025
503920,105846,6/20/2025,6/30/2025
503921,105848,6/20/2025,11/26/2025
503922,105849,6/20/2025,1/17/2026
503923,105838,6/20/2025,6/21/2025
503924,105831,6/20/2025,6/21/2025
503925,105828,6/20/2025,6/21/2026
503926,105826,6/20/2025,7/31/2025
503927,105830,6/20/2025,8/21/2025
503928,105808,6/20/2025,10/16/2025
503929,105810,6/20/2025,8/17/2025
503930,105813,6/20/2025,9/27/2025
503931,105815,6/20/2025,6/29/2025
503932,105811,6/20/2025,7/23/2025
503933,105818,6/20/2025,6/23/2025
503934,105820,6/20/2025,10/20/2025
503935,105821,6/20/2025,10/7/2025
503936,105822,6/20/2025,11/25/2025
503937,105824,6/20/2025,6/25/2025
503938,105816,6/20/2025,6/27/2025
503939,105880,6/21/2025,12/23/2025
503940,105873,6/21/2025,7/28/2025
503941,105875,6/21/2025,9/29/2025
503942,105877,6/21/2025,8/26/2025
503943,105879,6/21/2025,7/18/2025
503944,105882,6/21/2025,10/4/2025
503945,105871,6/21/2025,
503946,105884,6/21/2025,11/1/2025
503947,105885,6/21/2025,9/16/2025
503948,105886,6/21/2025,7/13/2025
503949,105887,6/21/2025,6/28/2025
503950,105888,6/21/2025,3/16/2026
503951,105883,6/21/2025,7/10/2025
503952,105869,6/21/2025,7/5/2025
503953,105863,6/21/2025,7/21/2026
503954,105867,6/21/2025,8/14/2025
503955,105850,6/21/2025,5/13/2026
503956,105852,6/21/2025,6/22/2025
503957,105855,6/21/2025,7/15/2025
503958,105857,6/21/2025,7/30/2025
503959,105859,6/21/2025,7/5/2025
503960,105854,6/21/2025,7/11/2025
503961,105862,6/21/2025,6/28/2025
503962,100445,6/21/2025,8/14/2025
503963,105864,6/21/2025,6/26/2025
503964,105866,6/21/2025,
503965,105860,6/21/2025,9/11/2025
503966,105868,6/21/2025,6/24/2025
503967,105930,6/22/2025,9/14/2025
503968,105919,6/22/2025,4/22/2026
503969,105921,6/22/2025,10/25/2025
503970,105922,6/22/2025,8/22/2025
503971,105924,6/22/2025,10/31/2025
503972,105926,6/22/2025,7/15/2025
503973,105928,6/22/2025,3/4/2026
503974,105940,6/22/2025,6/23/2025
503975,105935,6/22/2025,7/1/2025
503976,105936,6/22/2025,7/1/2025
503977,105937,6/22/2025,6/27/2025
503978,105939,6/22/2025,6/23/2025
503979,105918,6/22/2025,6/30/2025
503980,105941,6/22/2025,6/30/2025
503981,105943,6/22/2025,
503982,105934,6/22/2025,1/14/2026
503983,105916,6/22/2025,7/6/2025
503984,105932,6/22/2025,6/24/2025
503985,105912,6/22/2025,2/2/2026
503986,105889,6/22/2025,11/6/2025
503987,105891,6/22/2025,7/3/2025
503988,105892,6/22/2025,6/23/2025
503989,105895,6/22/2025,6/27/2025
503990,105897,6/22/2025,7/27/2025
503991,105898,6/22/2025,7/9/2025
503992,105900,6/22/2025,3/27/2026
503993,105894,6/22/2025,6/29/2025
503994,105903,6/22/2025,8/6/2025
503995,105905,6/22/2025,7/16/2025
503996,105906,6/22/2025,11/27/2025
503997,105908,6/22/2025,7/6/2025
503998,105910,6/22/2025,6/28/2025
503999,105911,6/22/2025,11/8/2025
504000,105901,6/22/2025,7/21/2025
504001,105914,6/22/2025,8/13/2025
504002,105960,6/23/2025,7/1/2025
504003,105971,6/23/2025,7/4/2025
504004,105969,6/23/2025,6/30/2025
504005,105967,6/23/2025,7/25/2025
504006,105966,6/23/2025,8/12/2025
504007,105965,6/23/2025,6/24/2025
504008,105964,6/23/2025,7/11/2025
504009,105962,6/23/2025,12/8/2025
504010,105956,6/23/2025,6/27/2025
504011,105954,6/23/2025,7/4/2025
504012,105953,6/23/2025,6/26/2025
504013,105951,6/23/2025,
504014,105949,6/23/2025,8/19/2025
504015,105947,6/23/2025,7/4/2025
504016,105946,6/23/2025,8/29/2025
504017,105944,6/23/2025,6/27/2025
504018,105958,6/23/2025,4/24/2026
504019,105999,6/24/2025,6/28/2025
504020,106001,6/24/2025,11/23/2025
504021,106003,6/24/2025,
504022,106004,6/24/2025,7/12/2025
504023,106006,6/24/2025,3/16/2026
504024,106008,6/24/2025,7/19/2025
504025,106014,6/24/2025,11/19/2025
504026,106011,6/24/2025,6/26/2025
504027,106013,6/24/2025,10/13/2025
504028,106015,6/24/2025,7/29/2025
504029,105998,6/24/2025,4/14/2026
504030,106017,6/24/2025,8/18/2025
504031,106018,6/24/2025,9/28/2025
504032,106009,6/24/2025,7/14/2025
504033,105997,6/24/2025,9/6/2025
504034,105975,6/24/2025,7/8/2025
504035,105994,6/24/2025,7/17/2025
504036,105973,6/24/2025,12/21/2025
504037,105976,6/24/2025,8/10/2025
504038,105978,6/24/2025,7/3/2025
504039,105979,6/24/2025,6/25/2025
504040,105981,6/24/2025,7/9/2025
504041,105982,6/24/2025,6/25/2025
504042,105996,6/24/2025,6/29/2025
504043,105986,6/24/2025,7/10/2025
504044,105987,6/24/2025,6/28/2025
504045,105989,6/24/2025,
504046,105991,6/24/2025,7/5/2025
504047,105992,6/24/2025,8/20/2025
504048,105984,6/24/2025,7/5/2025
504049,106044,6/25/2025,9/3/2025
504050,106046,6/25/2025,11/13/2025
504051,106048,6/25/2025,8/19/2025
504052,106050,6/25/2025,4/7/2026
504053,106051,6/25/2025,9/12/2025
504054,106056,6/25/2025,8/1/2025
504055,106054,6/25/2025,7/7/2025
504056,106057,6/25/2025,12/17/2025
504057,106059,6/25/2025,1/19/2026
504058,106060,6/25/2025,7/25/2025
504059,106043,6/25/2025,6/28/2025
504060,106052,6/25/2025,4/22/2026
504061,106039,6/25/2025,8/19/2025
504062,106041,6/25/2025,7/6/2025
504063,106022,6/25/2025,8/11/2025
504064,106036,6/25/2025,
504065,106034,6/25/2025,5/19/2026
504066,106032,6/25/2025,7/2/2025
504067,106030,6/25/2025,6/30/2025
504068,106028,6/25/2025,7/23/2026
504069,106027,6/25/2025,7/26/2025
504070,106025,6/25/2025,7/10/2025
504071,106023,6/25/2025,6/27/2025
504072,106021,6/25/2025,8/12/2025
504073,106019,6/25/2025,10/16/2025
504074,106038,6/25/2025,7/1/2025
504075,106094,6/26/2025,6/30/2025
504076,106093,6/26/2025,8/7/2025
504077,106091,6/26/2025,8/10/2025
504078,106087,6/26/2025,
504079,106088,6/26/2025,9/17/2025
504080,106095,6/26/2025,7/12/2025
504081,106089,6/26/2025,10/6/2025
504082,106096,6/26/2025,8/20/2025
504083,106104,6/26/2025,7/23/2025
504084,106098,6/26/2025,7/2/2025
504085,106099,6/26/2025,8/28/2025
504086,106107,6/26/2025,7/8/2025
504087,106101,6/26/2025,7/23/2025
504088,106103,6/26/2025,1/12/2026
504089,106105,6/26/2025,7/1/2025
504090,106106,6/26/2025,7/1/2025
504091,106097,6/26/2025,4/13/2026
504092,106085,6/26/2025,9/11/2025
504093,106100,6/26/2025,7/22/2025
504094,106082,6/26/2025,7/4/2025
504095,106084,6/26/2025,8/1/2025
504096,106061,6/26/2025,11/19/2025
504097,106063,6/26/2025,9/26/2025
504098,106065,6/26/2025,2/2/2026
504099,106067,6/26/2025,11/22/2025
504100,106069,6/26/2025,11/10/2025
504101,106070,6/26/2025,11/23/2025
504102,106062,6/26/2025,7/2/2025
504103,106074,6/26/2025,9/18/2025
504104,106072,6/26/2025,6/28/2025
504105,106079,6/26/2025,1/3/2026
504106,106078,6/26/2025,8/9/2025
504107,106081,6/26/2025,9/28/2025
504108,106076,6/26/2025,7/14/2025
504109,106075,6/26/2025,6/27/2025
504110,106077,6/26/2025,
504111,106128,6/27/2025,6/30/2025
504112,106146,6/27/2025,1/31/2026
504113,106145,6/27/2025,
504114,106143,6/27/2025,8/4/2025
504115,106141,6/27/2025,7/4/2025
504116,106140,6/27/2025,7/16/2025
504117,106138,6/27/2025,9/18/2025
504118,106136,6/27/2025,8/28/2025
504119,106134,6/27/2025,1/19/2026
504120,106132,6/27/2025,9/24/2025
504121,106130,6/27/2025,12/19/2025
504122,106129,6/27/2025,8/22/2025
504123,106126,6/27/2025,7/1/2025
504124,106142,6/27/2025,7/31/2025
504125,106124,6/27/2025,8/3/2025
504126,106109,6/27/2025,9/27/2025
504127,106110,6/27/2025,8/6/2025
504128,106112,6/27/2025,
504129,106113,6/27/2025,4/11/2026
504130,106115,6/27/2025,7/6/2025
504131,103566,6/27/2025,6/28/2025
504132,106118,6/27/2025,8/25/2025
504133,106116,6/27/2025,7/19/2025
504134,106122,6/27/2025,11/25/2025
504135,106125,6/27/2025,9/26/2025
504136,106119,6/27/2025,7/30/2025
504137,106121,6/27/2025,9/3/2025
504138,106182,6/28/2025,
504139,106166,6/28/2025,12/9/2025
504140,106181,6/28/2025,8/6/2025
504141,106180,6/28/2025,7/19/2025
504142,106177,6/28/2025,10/23/2025
504143,106176,6/28/2025,7/13/2025
504144,106174,6/28/2025,7/1/2025
504145,106172,6/28/2025,6/30/2025
504146,106170,6/28/2025,7/14/2025
504147,106169,6/28/2025,7/10/2025
504148,106167,6/28/2025,11/13/2025
504149,106178,6/28/2025,7/5/2025
504150,106165,6/28/2025,10/3/2025
504151,106162,6/28/2025,11/28/2025
504152,106164,6/28/2025,7/24/2025
504153,106147,6/28/2025,7/21/2025
504154,106148,6/28/2025,7/28/2025
504155,106151,6/28/2025,7/5/2025
504156,106153,6/28/2025,7/8/2025
504157,106150,6/28/2025,7/24/2025
504158,106156,6/28/2025,
504159,106158,6/28/2025,11/19/2025
504160,106159,6/28/2025,7/11/2025
504161,106161,6/28/2025,
504162,106155,6/28/2025,7/25/2025
504163,106214,6/29/2025,7/6/2025
504164,106228,6/29/2025,7/23/2025
504165,106211,6/29/2025,7/27/2025
504166,106212,6/29/2025,8/17/2025
504167,106213,6/29/2025,4/9/2026
504168,106215,6/29/2025,10/2/2025
504169,106226,6/29/2025,7/28/2025
504170,106219,6/29/2025,7/24/2025
504171,106221,6/29/2025,7/7/2025
504172,106223,6/29/2025,8/11/2025
504173,106225,6/29/2025,8/27/2025
504174,106208,6/29/2025,1/13/2026
504175,106227,6/29/2025,7/2/2025
504176,106217,6/29/2025,7/13/2025
504177,106206,6/29/2025,3/25/2026
504178,106209,6/29/2025,12/26/2025
504179,106202,6/29/2025,11/23/2025
504180,106204,6/29/2025,8/5/2025
504181,101243,6/29/2025,11/6/2025
504182,106183,6/29/2025,
504183,106186,6/29/2025,
504184,106188,6/29/2025,7/1/2025
504185,106189,6/29/2025,
504186,106184,6/29/2025,8/11/2025
504187,106191,6/29/2025,6/21/2026
504188,106192,6/29/2025,7/3/2025
504189,106194,6/29/2025,7/8/2025
504190,106196,6/29/2025,7/24/2025
504191,106198,6/29/2025,9/2/2025
504192,106200,6/29/2025,8/26/2025
504193,106190,6/29/2025,6/30/2025
504194,106243,6/30/2025,8/8/2025
504195,106253,6/30/2025,7/25/2025
504196,106251,6/30/2025,
504197,106249,6/30/2025,12/23/2025
504198,106248,6/30/2025,7/4/2025
504199,106247,6/30/2025,8/27/2025
504200,106246,6/30/2025,7/29/2025
504201,106245,6/30/2025,
504202,106241,6/30/2025,8/15/2025
504203,106252,6/30/2025,7/14/2025
504204,106238,6/30/2025,9/9/2025
504205,106237,6/30/2025,1/6/2026
504206,106235,6/30/2025,7/5/2025
504207,106234,6/30/2025,7/26/2025
504208,106232,6/30/2025,7/5/2025
504209,106231,6/30/2025,8/22/2025
504210,106230,6/30/2025,12/6/2025
504211,106239,6/30/2025,3/12/2026
504212,106272,7/1/2025,4/12/2026
504213,106273,7/1/2025,7/12/2025
504214,106274,7/1/2025,8/23/2025
504215,106276,7/1/2025,4/19/2026
504216,106282,7/1/2025,3/28/2026
504217,106279,7/1/2025,8/3/2025
504218,106281,7/1/2025,
504219,106284,7/1/2025,7/14/2025
504220,106286,7/1/2025,8/29/2025
504221,106277,7/1/2025,7/8/2025
504222,106269,7/1/2025,8/15/2025
504223,106271,7/1/2025,11/5/2025
504224,106266,7/1/2025,7/12/2025
504225,106267,7/1/2025,12/11/2025
504226,106254,7/1/2025,7/16/2025
504227,106255,7/1/2025,8/10/2025
504228,106257,7/1/2025,8/30/2025
504229,103036,7/1/2025,7/20/2025
504230,106259,7/1/2025,7/26/2025
504231,106261,7/1/2025,7/26/2025
504232,106262,7/1/2025,8/3/2025
504233,106264,7/1/2025,8/19/2025
504234,106258,7/1/2025,8/29/2025
504235,106306,7/2/2025,10/5/2025
504236,106308,7/2/2025,7/29/2025
504237,106310,7/2/2025,
504238,106312,7/2/2025,7/10/2025
504239,106313,7/2/2025,12/9/2025
504240,106319,7/2/2025,12/3/2025
504241,106321,7/2/2025,7/21/2025
504242,106322,7/2/2025,1/8/2026
504243,106305,7/2/2025,10/20/2025
504244,106324,7/2/2025,7/6/2025
504245,106317,7/2/2025,7/11/2025
504246,106303,7/2/2025,12/4/2025
504247,106315,7/2/2025,7/6/2025
504248,106301,7/2/2025,7/16/2025
504249,100322,7/2/2025,7/10/2025
504250,106302,7/2/2025,7/11/2025
504251,106287,7/2/2025,7/28/2025
504252,106288,7/2/2025,8/20/2025
504253,106292,7/2/2025,11/5/2025
504254,106290,7/2/2025,9/21/2025
504255,106295,7/2/2025,7/6/2025
504256,106296,7/2/2025,
504257,106298,7/2/2025,7/14/2025
504258,106299,7/2/2025,2/24/2026
504259,106293,7/2/2025,2/13/2026
504260,106349,7/3/2025,7/9/2025
504261,106355,7/3/2025,7/6/2025
504262,106351,7/3/2025,8/12/2025
504263,106353,7/3/2025,7/5/2025
504264,106354,7/3/2025,7/25/2025
504265,106357,7/3/2025,2/12/2026
504266,106365,7/3/2025,8/8/2025
504267,106359,7/3/2025,7/28/2025
504268,106361,7/3/2025,9/17/2025
504269,106363,7/3/2025,7/8/2025
504270,106364,7/3/2025,7/25/2025
504271,106347,7/3/2025,7/31/2025
504272,106367,7/3/2025,2/19/2026
504273,106358,7/3/2025,5/1/2026
504274,106346,7/3/2025,7/14/2025
504275,106366,7/3/2025,7/15/2025
504276,106343,7/3/2025,8/3/2025
504277,106344,7/3/2025,7/4/2025
504278,106325,7/3/2025,11/23/2025
504279,106327,7/3/2025,7/17/2025
504280,106331,7/3/2025,8/6/2025
504281,106333,7/3/2025,7/24/2025
504282,106329,7/3/2025,7/9/2025
504283,106337,7/3/2025,8/2/2025
504284,106338,7/3/2025,10/15/2025
504285,106340,7/3/2025,7/21/2025
504286,106341,7/3/2025,
504287,106335,7/3/2025,7/24/2025
504288,106392,7/4/2025,3/8/2026
504289,106389,7/4/2025,7/27/2025
504290,106390,7/4/2025,8/18/2025
504291,106391,7/4/2025,7/12/2025
504292,106394,7/4/2025,9/25/2025
504293,106403,7/4/2025,7/11/2025
504294,106397,7/4/2025,9/11/2025
504295,106399,7/4/2025,7/16/2025
504296,106401,7/4/2025,8/2/2025
504297,106385,7/4/2025,7/26/2025
504298,106404,7/4/2025,7/6/2025
504299,106396,7/4/2025,7/30/2025
504300,106384,7/4/2025,5/12/2026
504301,106387,7/4/2025,7/14/2025
504302,106381,7/4/2025,11/21/2025
504303,106379,7/4/2025,7/19/2025
504304,106378,7/4/2025,10/12/2025
504305,106376,7/4/2025,9/2/2025
504306,106375,7/4/2025,9/18/2025
504307,106373,7/4/2025,7/12/2025
504308,106372,7/4/2025,7/15/2025
504309,106370,7/4/2025,7/9/2025
504310,106369,7/4/2025,7/26/2025
504311,101010,7/4/2025,7/11/2025
504312,106382,7/4/2025,2/13/2026
504313,106439,7/5/2025,7/13/2025
504314,106438,7/5/2025,10/4/2025
504315,106433,7/5/2025,7/11/2025
504316,106436,7/5/2025,7/13/2025
504317,106434,7/5/2025,1/9/2026
504318,106441,7/5/2025,8/16/2025
504319,106437,7/5/2025,8/9/2025
504320,106443,7/5/2025,8/4/2025
504321,106453,7/5/2025,8/16/2025
504322,106446,7/5/2025,12/17/2025
504323,106448,7/5/2025,8/20/2025
504324,106450,7/5/2025,10/24/2025
504325,106452,7/5/2025,11/10/2025
504326,106454,7/5/2025,7/16/2025
504327,106456,7/5/2025,10/20/2025
504328,106458,7/5/2025,11/28/2025
504329,106431,7/5/2025,11/11/2025
504330,106445,7/5/2025,7/18/2025
504331,106429,7/5/2025,8/2/2025
504332,106427,7/5/2025,9/5/2025
504333,106426,7/5/2025,10/29/2025
504334,100155,7/5/2025,1/19/2026
504335,106405,7/5/2025,9/6/2025
504336,106406,7/5/2025,7/6/2025
504337,106408,7/5/2025,7/16/2025
504338,106409,7/5/2025,12/6/2025
504339,106411,7/5/2025,11/21/2025
504340,106413,7/5/2025,
504341,103104,7/5/2025,7/17/2025
504342,106416,7/5/2025,8/20/2025
504343,106417,7/5/2025,
504344,106419,7/5/2025,6/27/2026
504345,106421,7/5/2025,7/11/2025
504346,106423,7/5/2025,4/9/2026
504347,106425,7/5/2025,7/27/2025
504348,106415,7/5/2025,7/20/2025
504349,106483,7/6/2025,12/9/2025
504350,106484,7/6/2025,7/13/2025
504351,106485,7/6/2025,7/11/2025
504352,106487,7/6/2025,8/8/2025
504353,106489,7/6/2025,8/20/2025
504354,106491,7/6/2025,8/6/2025
504355,106493,7/6/2025,7/9/2025
504356,106500,7/6/2025,7/10/2025
504357,106497,7/6/2025,
504358,106499,7/6/2025,7/10/2025
504359,106501,7/6/2025,9/5/2025
504360,106503,7/6/2025,8/5/2025
504361,106482,7/6/2025,8/27/2025
504362,106504,7/6/2025,7/25/2025
504363,106506,7/6/2025,
504364,106495,7/6/2025,1/7/2026
504365,106480,7/6/2025,7/21/2025
504366,106477,7/6/2025,7/22/2025
504367,106463,7/6/2025,7/9/2025
504368,106476,7/6/2025,7/23/2025
504369,106475,7/6/2025,8/10/2025
504370,106473,7/6/2025,11/10/2025
504371,106471,7/6/2025,7/11/2025
504372,106470,7/6/2025,4/7/2026
504373,106468,7/6/2025,9/7/2025
504374,106466,7/6/2025,7/21/2025
504375,106465,7/6/2025,9/25/2025
504376,106464,7/6/2025,7/29/2025
504377,106462,7/6/2025,
504378,106460,7/6/2025,9/1/2025
504379,106459,7/6/2025,9/19/2025
504380,106478,7/6/2025,7/13/2025
504381,106530,7/7/2025,8/12/2025
504382,106528,7/7/2025,7/15/2025
504383,106525,7/7/2025,7/9/2025
504384,106526,7/7/2025,7/14/2025
504385,106532,7/7/2025,1/6/2026
504386,106527,7/7/2025,7/18/2025
504387,106533,7/7/2025,1/9/2026
504388,106544,7/7/2025,10/26/2025
504389,106536,7/7/2025,7/16/2025
504390,106538,7/7/2025,8/8/2025
504391,106540,7/7/2025,1/14/2026
504392,106542,7/7/2025,7/26/2025
504393,106545,7/7/2025,7/19/2025
504394,106534,7/7/2025,7/18/2025
504395,106524,7/7/2025,8/6/2025
504396,106541,7/7/2025,7/15/2025
504397,106520,7/7/2025,3/9/2026
504398,102420,7/7/2025,7/28/2025
504399,106522,7/7/2025,
504400,106508,7/7/2025,1/2/2026
504401,106510,7/7/2025,9/15/2025
504402,106512,7/7/2025,7/22/2025
504403,106507,7/7/2025,12/12/2025
504404,106514,7/7/2025,7/8/2025
504405,106516,7/7/2025,12/5/2025
504406,106517,7/7/2025,7/11/2025
504407,106518,7/7/2025,7/15/2025
504408,106513,7/7/2025,8/1/2026
504409,106574,7/8/2025,7/23/2025
504410,106565,7/8/2025,8/20/2025
504411,106567,7/8/2025,7/9/2025
504412,106568,7/8/2025,11/11/2025
504413,106570,7/8/2025,7/16/2025
504414,106572,7/8/2025,8/10/2025
504415,106575,7/8/2025,7/23/2025
504416,106582,7/8/2025,7/24/2025
504417,106577,7/8/2025,7/19/2025
504418,106578,7/8/2025,10/4/2025
504419,106580,7/8/2025,8/6/2025
504420,106564,7/8/2025,9/6/2025
504421,106583,7/8/2025,8/18/2025
504422,106586,7/8/2025,1/26/2026
504423,106576,7/8/2025,7/17/2025
504424,106562,7/8/2025,10/5/2025
504425,106585,7/8/2025,7/31/2025
504426,106559,7/8/2025,8/15/2025
504427,100267,7/8/2025,11/24/2025
504428,100796,7/8/2025,7/12/2025
504429,100025,7/8/2025,10/12/2025
504430,106546,7/8/2025,
504431,106547,7/8/2025,7/19/2025
504432,106549,7/8/2025,
504433,106561,7/8/2025,7/12/2025
504434,106551,7/8/2025,7/11/2025
504435,106552,7/8/2025,7/9/2025
504436,106554,7/8/2025,7/11/2025
504437,106555,7/8/2025,1/4/2026
504438,106556,7/8/2025,4/1/2026
504439,106557,7/8/2025,9/2/2025
504440,106550,7/8/2025,3/26/2026
504441,106609,7/9/2025,
504442,106611,7/9/2025,9/19/2025
504443,106613,7/9/2025,4/4/2026
504444,106614,7/9/2025,12/10/2025
504445,106615,7/9/2025,7/17/2025
504446,106616,7/9/2025,8/21/2025
504447,106621,7/9/2025,8/9/2025
504448,106619,7/9/2025,7/11/2025
504449,106622,7/9/2025,7/12/2025
504450,106624,7/9/2025,7/17/2025
504451,106607,7/9/2025,8/2/2025
504452,106627,7/9/2025,9/23/2025
504453,106617,7/9/2025,8/2/2025
504454,106626,7/9/2025,9/7/2025
504455,106606,7/9/2025,7/13/2025
504456,106603,7/9/2025,7/14/2025
504457,106604,7/9/2025,4/21/2026
504458,104479,7/9/2025,6/28/2026
504459,106587,7/9/2025,
504460,106588,7/9/2025,1/31/2026
504461,106592,7/9/2025,8/4/2025
504462,106593,7/9/2025,2/1/2026
504463,106590,7/9/2025,7/30/2025
504464,106595,7/9/2025,
504465,106597,7/9/2025,9/24/2025
504466,106598,7/9/2025,7/16/2025
504467,106600,7/9/2025,7/19/2025
504468,106601,7/9/2025,8/5/2025
504469,106594,7/9/2025,9/28/2025
504470,106659,7/10/2025,7/11/2025
504471,106654,7/10/2025,7/21/2025
504472,106656,7/10/2025,1/21/2026
504473,106673,7/10/2025,8/24/2025
504474,106657,7/10/2025,7/14/2025
504475,106661,7/10/2025,8/20/2025
504476,106671,7/10/2025,
504477,106664,7/10/2025,8/25/2025
504478,106665,7/10/2025,7/26/2025
504479,106667,7/10/2025,7/15/2025
504480,106668,7/10/2025,7/11/2025
504481,106669,7/10/2025,10/11/2025
504482,106652,7/10/2025,
504483,106663,7/10/2025,
504484,106651,7/10/2025,7/11/2025
504485,106643,7/10/2025,7/25/2025
504486,106648,7/10/2025,2/20/2026
504487,106629,7/10/2025,7/25/2025
504488,106631,7/10/2025,
504489,106632,7/10/2025,7/31/2025
504490,106633,7/10/2025,7/11/2025
504491,106635,7/10/2025,10/20/2025
504492,106636,7/10/2025,8/16/2025
504493,106649,7/10/2025,6/22/2026
504494,106639,7/10/2025,7/11/2025
504495,106640,7/10/2025,7/29/2025
504496,106642,7/10/2025,8/26/2025
504497,106645,7/10/2025,7/11/2025
504498,106646,7/10/2025,7/27/2025
504499,106647,7/10/2025,8/20/2025
504500,106637,7/10/2025,12/14/2025
504501,106695,7/11/2025,
504502,106697,7/11/2025,7/12/2025
504503,106700,7/11/2025,7/22/2025
504504,106702,7/11/2025,7/14/2025
504505,106703,7/11/2025,7/26/2025
504506,106707,7/11/2025,7/22/2025
504507,106706,7/11/2025,8/22/2025
504508,106693,7/11/2025,7/22/2025
504509,106709,7/11/2025,7/14/2025
504510,106710,7/11/2025,
504511,106704,7/11/2025,7/12/2025
504512,106692,7/11/2025,7/21/2025
504513,106698,7/11/2025,8/18/2025
504514,106689,7/11/2025,8/13/2025
504515,106691,7/11/2025,7/31/2025
504516,106675,7/11/2025,7/12/2025
504517,106677,7/11/2025,8/3/2025
504518,106678,7/11/2025,7/23/2025
504519,106681,7/11/2025,9/18/2025
504520,106679,7/11/2025,9/10/2025
504521,106683,7/11/2025,12/10/2025
504522,106684,7/11/2025,7/25/2025
504523,106685,7/11/2025,2/28/2026
504524,106687,7/11/2025,7/18/2025
504525,106682,7/11/2025,9/23/2025
504526,106739,7/12/2025,11/29/2025
504527,106735,7/12/2025,9/14/2025
504528,106736,7/12/2025,7/20/2025
504529,106737,7/12/2025,7/21/2025
504530,106738,7/12/2025,7/27/2025
504531,106740,7/12/2025,8/10/2025
504532,106748,7/12/2025,9/7/2025
504533,106743,7/12/2025,8/30/2025
504534,106744,7/12/2025,7/15/2025
504535,106745,7/12/2025,9/10/2025
504536,106746,7/12/2025,8/21/2025
504537,106750,7/12/2025,6/3/2026
504538,106734,7/12/2025,9/11/2025
504539,106742,7/12/2025,11/12/2025
504540,106732,7/12/2025,8/31/2025
504541,106725,7/12/2025,9/28/2025
504542,106730,7/12/2025,
504543,106731,7/12/2025,8/13/2025
504544,106711,7/12/2025,7/28/2025
504545,106712,7/12/2025,7/16/2025
504546,106715,7/12/2025,10/2/2025
504547,106717,7/12/2025,7/19/2025
504548,106719,7/12/2025,11/28/2025
504549,106714,7/12/2025,9/25/2025
504550,106722,7/12/2025,12/27/2025
504551,106724,7/12/2025,
504552,106727,7/12/2025,7/17/2025
504553,106728,7/12/2025,7/15/2025
504554,106729,7/12/2025,8/23/2025
504555,106721,7/12/2025,11/24/2025
504556,106785,7/13/2025,8/4/2025
504557,106797,7/13/2025,7/30/2025
504558,106786,7/13/2025,7/15/2025
504559,106788,7/13/2025,10/9/2025
504560,106789,7/13/2025,11/29/2025
504561,106791,7/13/2025,8/25/2025
504562,106793,7/13/2025,7/25/2025
504563,106795,7/13/2025,10/10/2025
504564,106799,7/13/2025,7/19/2025
504565,106808,7/13/2025,10/1/2025
504566,106813,7/13/2025,7/24/2025
504567,106802,7/13/2025,10/15/2025
504568,106803,7/13/2025,7/21/2025
504569,106805,7/13/2025,10/4/2025
504570,106807,7/13/2025,9/10/2025
504571,106809,7/13/2025,8/1/2025
504572,106810,7/13/2025,7/14/2025
504573,106811,7/13/2025,9/11/2025
504574,106783,7/13/2025,4/21/2026
504575,106800,7/13/2025,7/16/2025
504576,106782,7/13/2025,4/8/2026
504577,106762,7/13/2025,8/19/2025
504578,106779,7/13/2025,7/14/2025
504579,106780,7/13/2025,
504580,106751,7/13/2025,7/26/2025
504581,106753,7/13/2025,7/14/2025
504582,106754,7/13/2025,7/14/2025
504583,106756,7/13/2025,1/22/2026
504584,106758,7/13/2025,7/17/2025
504585,106759,7/13/2025,8/4/2025
504586,106761,7/13/2025,12/2/2025
504587,106764,7/13/2025,9/3/2025
504588,106757,7/13/2025,8/8/2025
504589,106768,7/13/2025,7/17/2025
504590,106777,7/13/2025,9/9/2025
504591,106776,7/13/2025,7/31/2025
504592,106774,7/13/2025,7/19/2025
504593,106773,7/13/2025,7/14/2025
504594,106766,7/13/2025,8/4/2025
504595,106770,7/13/2025,8/16/2025
504596,106769,7/13/2025,2/10/2026
504597,106772,7/13/2025,8/16/2025
504598,106851,7/14/2025,8/24/2025
504599,106849,7/14/2025,7/20/2025
504600,106848,7/14/2025,8/14/2025
504601,106836,7/14/2025,8/12/2025
504602,106845,7/14/2025,8/14/2025
504603,106843,7/14/2025,10/20/2025
504604,106842,7/14/2025,8/29/2025
504605,106841,7/14/2025,7/29/2025
504606,106839,7/14/2025,7/15/2025
504607,106838,7/14/2025,10/31/2025
504608,106837,7/14/2025,3/4/2026
504609,106847,7/14/2025,7/28/2025
504610,106834,7/14/2025,8/11/2025
504611,106831,7/14/2025,6/11/2026
504612,106832,7/14/2025,7/24/2025
504613,106815,7/14/2025,
504614,106816,7/14/2025,7/15/2025
504615,106818,7/14/2025,7/21/2025
504616,106819,7/14/2025,
504617,106828,7/14/2025,7/31/2025
504618,106822,7/14/2025,12/3/2025
504619,106824,7/14/2025,10/3/2025
504620,106826,7/14/2025,8/10/2025
504621,106829,7/14/2025,8/3/2025
504622,106830,7/14/2025,8/4/2025
504623,106821,7/14/2025,5/4/2026
504624,106872,7/15/2025,7/18/2025
504625,106874,7/15/2025,8/6/2025
504626,106876,7/15/2025,11/1/2025
504627,106877,7/15/2025,7/21/2025
504628,106882,7/15/2025,7/28/2025
504629,106881,7/15/2025,11/6/2025
504630,106883,7/15/2025,7/16/2025
504631,106885,7/15/2025,4/23/2026
504632,106870,7/15/2025,7/30/2025
504633,106879,7/15/2025,10/12/2025
504634,106886,7/15/2025,11/7/2025
504635,106867,7/15/2025,7/29/2025
504636,106866,7/15/2025,9/6/2025
504637,106865,7/15/2025,9/23/2025
504638,106863,7/15/2025,7/31/2025
504639,106861,7/15/2025,7/26/2025
504640,106859,7/15/2025,7/26/2025
504641,106858,7/15/2025,10/15/2025
504642,106857,7/15/2025,10/29/2025
504643,106856,7/15/2025,7/30/2025
504644,106855,7/15/2025,1/27/2026
504645,106853,7/15/2025,7/20/2025
504646,106869,7/15/2025,9/18/2025
504647,106908,7/16/2025,3/18/2026
504648,106909,7/16/2025,5/21/2026
504649,106910,7/16/2025,8/7/2025
504650,106911,7/16/2025,7/25/2025
504651,106913,7/16/2025,9/1/2025
504652,106922,7/16/2025,
504653,106917,7/16/2025,
504654,106918,7/16/2025,7/28/2025
504655,106919,7/16/2025,
504656,106921,7/16/2025,12/26/2025
504657,106907,7/16/2025,8/2/2025
504658,106915,7/16/2025,7/17/2025
504659,106906,7/16/2025,9/9/2025
504660,106903,7/16/2025,3/9/2026
504661,106889,7/16/2025,7/24/2025
504662,106901,7/16/2025,
504663,106900,7/16/2025,7/20/2025
504664,106899,7/16/2025,8/16/2025
504665,106897,7/16/2025,1/28/2026
504666,106896,7/16/2025,11/6/2025
504667,106894,7/16/2025,7/24/2025
504668,106892,7/16/2025,10/26/2025
504669,106891,7/16/2025,7/17/2025
504670,106905,7/16/2025,8/3/2025
504671,106888,7/16/2025,7/24/2025
504672,106887,7/16/2025,2/21/2026
504673,106944,7/17/2025,7/19/2025
504674,106946,7/17/2025,8/19/2025
504675,106948,7/17/2025,11/10/2025
504676,106943,7/17/2025,7/29/2025
504677,106952,7/17/2025,7/29/2025
504678,106953,7/17/2025,7/19/2025
504679,106950,7/17/2025,1/7/2026
504680,106941,7/17/2025,
504681,106932,7/17/2025,
504682,106937,7/17/2025,9/26/2025
504683,106935,7/17/2025,7/26/2025
504684,106933,7/17/2025,
504685,106930,7/17/2025,7/25/2025
504686,106928,7/17/2025,8/23/2025
504687,106926,7/17/2025,9/2/2025
504688,106924,7/17/2025,9/8/2025
504689,106939,7/17/2025,7/21/2025
504690,106976,7/18/2025,11/21/2025
504691,106975,7/18/2025,9/4/2025
504692,106973,7/18/2025,
504693,106971,7/18/2025,7/21/2025
504694,106967,7/18/2025,10/17/2025
504695,106966,7/18/2025,9/4/2025
504696,106965,7/18/2025,8/5/2025
504697,106969,7/18/2025,7/28/2025
504698,106962,7/18/2025,9/4/2025
504699,106961,7/18/2025,1/20/2026
504700,106959,7/18/2025,8/6/2025
504701,106958,7/18/2025,
504702,106956,7/18/2025,12/29/2025
504703,106954,7/18/2025,3/8/2026
504704,106963,7/18/2025,9/1/2025
504705,107003,7/19/2025,7/23/2025
504706,107005,7/19/2025,8/28/2025
504707,107006,7/19/2025,10/1/2025
504708,107008,7/19/2025,9/30/2025
504709,107009,7/19/2025,11/6/2025
504710,107011,7/19/2025,9/19/2025
504711,107015,7/19/2025,
504712,107013,7/19/2025,
504713,107022,7/19/2025,1/5/2026
504714,107016,7/19/2025,7/14/2026
504715,107018,7/19/2025,4/25/2026
504716,107020,7/19/2025,
504717,107002,7/19/2025,8/21/2025
504718,107012,7/19/2025,10/13/2025
504719,107001,7/19/2025,10/13/2025
504720,106983,7/19/2025,12/22/2025
504721,106999,7/19/2025,7/28/2025
504722,107000,7/19/2025,1/31/2026
504723,106978,7/19/2025,8/11/2025
504724,106980,7/19/2025,
504725,106982,7/19/2025,8/22/2025
504726,106986,7/19/2025,8/19/2025
504727,106987,7/19/2025,10/21/2025
504728,106984,7/19/2025,7/28/2025
504729,106990,7/19/2025,8/28/2025
504730,106992,7/19/2025,7/28/2025
504731,106994,7/19/2025,7/30/2025
504732,106996,7/19/2025,6/16/2026
504733,106997,7/19/2025,7/24/2025
504734,106989,7/19/2025,7/26/2025
504735,107053,7/20/2025,9/16/2025
504736,107047,7/20/2025,6/20/2026
504737,107049,7/20/2025,2/23/2026
504738,107051,7/20/2025,7/31/2025
504739,107052,7/20/2025,8/14/2025
504740,107055,7/20/2025,7/21/2025
504741,107067,7/20/2025,7/31/2025
504742,107058,7/20/2025,9/20/2025
504743,107060,7/20/2025,9/18/2025
504744,107062,7/20/2025,10/6/2025
504745,107064,7/20/2025,8/22/2025
504746,107065,7/20/2025,9/25/2025
504747,107068,7/20/2025,7/26/2025
504748,107057,7/20/2025,10/29/2025
504749,107044,7/20/2025,8/9/2025
504750,107046,7/20/2025,8/28/2025
504751,107041,7/20/2025,
504752,107043,7/20/2025,
504753,107023,7/20/2025,9/12/2025
504754,107024,7/20/2025,9/6/2025
504755,107027,7/20/2025,8/21/2025
504756,107029,7/20/2025,7/24/2025
504757,107031,7/20/2025,10/24/2025
504758,107025,7/20/2025,9/8/2025
504759,107034,7/20/2025,7/30/2025
504760,107036,7/20/2025,3/27/2026
504761,107037,7/20/2025,8/31/2025
504762,107038,7/20/2025,7/31/2025
504763,107039,7/20/2025,7/25/2025
504764,107032,7/20/2025,8/24/2025
504765,107100,7/21/2025,
504766,107092,7/21/2025,7/22/2025
504767,107093,7/21/2025,7/28/2025
504768,107094,7/21/2025,8/18/2025
504769,107096,7/21/2025,9/26/2025
504770,107097,7/21/2025,9/18/2025
504771,107098,7/21/2025,11/19/2025
504772,107102,7/21/2025,10/10/2025
504773,107112,7/21/2025,7/30/2025
504774,107106,7/21/2025,9/19/2025
504775,107107,7/21/2025,8/19/2025
504776,107108,7/21/2025,3/9/2026
504777,107109,7/21/2025,8/30/2025
504778,107111,7/21/2025,3/15/2026
504779,107114,7/21/2025,7/28/2025
504780,107091,7/21/2025,12/7/2025
504781,107104,7/21/2025,8/15/2025
504782,107090,7/21/2025,9/16/2025
504783,107074,7/21/2025,10/9/2025
504784,107087,7/21/2025,12/25/2025
504785,100002,7/21/2025,8/17/2025
504786,107071,7/21/2025,7/27/2025
504787,107073,7/21/2025,7/24/2025
504788,107088,7/21/2025,7/31/2025
504789,107075,7/21/2025,8/15/2025
504790,107077,7/21/2025,7/28/2025
504791,107069,7/21/2025,10/22/2025
504792,107079,7/21/2025,9/18/2025
504793,107078,7/21/2025,7/23/2025
504794,107085,7/21/2025,10/26/2025
504795,107086,7/21/2025,7/31/2025
504796,107082,7/21/2025,8/15/2025
504797,107080,7/21/2025,8/16/2025
504798,107083,7/21/2025,7/26/2025
504799,107128,7/22/2025,8/2/2025
504800,107145,7/22/2025,7/26/2025
504801,107143,7/22/2025,11/17/2025
504802,107142,7/22/2025,8/14/2025
504803,107139,7/22/2025,8/11/2025
504804,107138,7/22/2025,
504805,107136,7/22/2025,8/14/2025
504806,107134,7/22/2025,8/12/2025
504807,107133,7/22/2025,11/20/2025
504808,107131,7/22/2025,4/24/2026
504809,107129,7/22/2025,2/3/2026
504810,107127,7/22/2025,8/16/2025
504811,107141,7/22/2025,2/11/2026
504812,107125,7/22/2025,7/26/2025
504813,107126,7/22/2025,7/27/2025
504814,101981,7/22/2025,8/15/2025
504815,100899,7/22/2025,7/24/2025
504816,101957,7/22/2025,
504817,101931,7/22/2025,10/17/2025
504818,107117,7/22/2025,7/30/2025
504819,107119,7/22/2025,9/1/2025
504820,107121,7/22/2025,9/15/2025
504821,107123,7/22/2025,8/1/2025
504822,107115,7/22/2025,7/28/2025
504823,107176,7/23/2025,
504824,107174,7/23/2025,3/9/2026
504825,107163,7/23/2025,9/12/2025
504826,107173,7/23/2025,10/8/2025
504827,107171,7/23/2025,
504828,107169,7/23/2025,
504829,107168,7/23/2025,1/12/2026
504830,107167,7/23/2025,8/3/2025
504831,107166,7/23/2025,8/15/2025
504832,107161,7/23/2025,7/25/2025
504833,107164,7/23/2025,9/9/2025
504834,107158,7/23/2025,7/30/2025
504835,107156,7/23/2025,9/13/2025
504836,107154,7/23/2025,10/5/2025
504837,107152,7/23/2025,8/14/2025
504838,107150,7/23/2025,7/31/2025
504839,107148,7/23/2025,7/29/2025
504840,107147,7/23/2025,9/5/2025
504841,100633,7/23/2025,
504842,107159,7/23/2025,2/18/2026
504843,107203,7/24/2025,9/4/2025
504844,107204,7/24/2025,8/9/2025
504845,107206,7/24/2025,9/27/2025
504846,107208,7/24/2025,8/3/2025
504847,107210,7/24/2025,
504848,107211,7/24/2025,8/20/2025
504849,107212,7/24/2025,8/20/2025
504850,107217,7/24/2025,7/31/2025
504851,107215,7/24/2025,10/15/2025
504852,107216,7/24/2025,8/2/2025
504853,107219,7/24/2025,8/2/2025
504854,107220,7/24/2025,8/5/2025
504855,107202,7/24/2025,12/27/2025
504856,107222,7/24/2025,1/29/2026
504857,107214,7/24/2025,11/29/2025
504858,107200,7/24/2025,5/14/2026
504859,107190,7/24/2025,8/31/2025
504860,107196,7/24/2025,3/18/2026
504861,107178,7/24/2025,8/8/2025
504862,107179,7/24/2025,12/3/2025
504863,107181,7/24/2025,8/7/2025
504864,107183,7/24/2025,8/24/2025
504865,107185,7/24/2025,5/10/2026
504866,107187,7/24/2025,8/18/2025
504867,103231,7/24/2025,1/25/2026
504868,107198,7/24/2025,
504869,107191,7/24/2025,9/21/2025
504870,107192,7/24/2025,7/25/2025
504871,107193,7/24/2025,8/15/2025
504872,107194,7/24/2025,7/27/2025
504873,107195,7/24/2025,11/6/2025
504874,107189,7/24/2025,8/7/2025
504875,107247,7/25/2025,8/21/2025
504876,107249,7/25/2025,9/5/2025
504877,107250,7/25/2025,9/18/2025
504878,107252,7/25/2025,2/4/2026
504879,107253,7/25/2025,6/18/2026
504880,107255,7/25/2025,8/12/2025
504881,107265,7/25/2025,2/8/2026
504882,107258,7/25/2025,8/10/2025
504883,107260,7/25/2025,
504884,107262,7/25/2025,9/26/2025
504885,107263,7/25/2025,7/28/2025
504886,107264,7/25/2025,10/13/2025
504887,107246,7/25/2025,9/1/2025
504888,107257,7/25/2025,
504889,107261,7/25/2025,7/27/2025
504890,107244,7/25/2025,7/30/2025
504891,107241,7/25/2025,3/7/2026
504892,107243,7/25/2025,8/5/2025
504893,107223,7/25/2025,6/30/2026
504894,107225,7/25/2025,8/3/2025
504895,107229,7/25/2025,7/29/2025
504896,107231,7/25/2025,12/7/2025
504897,107227,7/25/2025,8/1/2025
504898,107234,7/25/2025,10/20/2025
504899,107236,7/25/2025,9/26/2025
504900,107237,7/25/2025,9/19/2025
504901,107238,7/25/2025,11/27/2025
504902,107240,7/25/2025,8/19/2025
504903,107232,7/25/2025,7/29/2025
504904,107298,7/26/2025,11/30/2025
504905,107291,7/26/2025,8/3/2025
504906,107292,7/26/2025,8/4/2025
504907,107294,7/26/2025,8/16/2025
504908,107295,7/26/2025,10/21/2025
504909,107296,7/26/2025,9/11/2025
504910,107299,7/26/2025,10/16/2025
504911,107308,7/26/2025,11/24/2025
504912,107302,7/26/2025,3/14/2026
504913,107303,7/26/2025,8/20/2025
504914,107306,7/26/2025,8/19/2025
504915,107307,7/26/2025,8/3/2025
504916,107290,7/26/2025,
504917,107310,7/26/2025,9/21/2025
504918,107301,7/26/2025,10/30/2025
504919,107289,7/26/2025,3/3/2026
504920,107304,7/26/2025,8/5/2025
504921,107286,7/26/2025,8/22/2025
504922,107266,7/26/2025,8/3/2025
504923,107268,7/26/2025,7/27/2025
504924,107272,7/26/2025,9/16/2025
504925,107274,7/26/2025,9/26/2025
504926,107276,7/26/2025,8/5/2025
504927,107270,7/26/2025,8/25/2025
504928,107279,7/26/2025,9/30/2025
504929,107281,7/26/2025,8/10/2025
504930,107283,7/26/2025,5/2/2026
504931,107284,7/26/2025,9/13/2025
504932,107285,7/26/2025,8/6/2025
504933,107278,7/26/2025,7/30/2025
504934,107287,7/26/2025,7/29/2025
504935,107347,7/27/2025,10/19/2025
504936,107340,7/27/2025,
504937,107341,7/27/2025,8/2/2025
504938,107342,7/27/2025,
504939,107343,7/27/2025,3/10/2026
504940,107344,7/27/2025,8/7/2025
504941,107346,7/27/2025,
504942,107362,7/27/2025,8/18/2025
504943,107352,7/27/2025,8/3/2025
504944,107354,7/27/2025,7/29/2025
504945,107356,7/27/2025,7/31/2025
504946,107358,7/27/2025,8/1/2025
504947,107360,7/27/2025,10/18/2025
504948,107338,7/27/2025,9/18/2025
504949,107364,7/27/2025,7/28/2025
504950,107366,7/27/2025,12/3/2025
504951,107350,7/27/2025,8/6/2025
504952,107336,7/27/2025,9/11/2025
504953,107349,7/27/2025,7/29/2025
504954,107333,7/27/2025,10/11/2025
504955,107334,7/27/2025,8/29/2025
504956,104321,7/27/2025,11/15/2025
504957,104177,7/27/2025,8/21/2025
504958,107312,7/27/2025,8/9/2025
504959,107314,7/27/2025,7/30/2025
504960,107315,7/27/2025,10/15/2025
504961,107319,7/27/2025,9/21/2025
504962,107317,7/27/2025,10/28/2025
504963,107322,7/27/2025,8/5/2025
504964,107324,7/27/2025,11/5/2025
504965,107326,7/27/2025,10/15/2025
504966,107327,7/27/2025,8/12/2025
504967,107329,7/27/2025,7/31/2025
504968,107330,7/27/2025,10/5/2025
504969,107331,7/27/2025,12/14/2025
504970,107320,7/27/2025,7/28/2025
504971,107386,7/28/2025,9/19/2025
504972,107382,7/28/2025,8/22/2025
504973,107384,7/28/2025,8/20/2025
504974,107387,7/28/2025,8/27/2025
504975,107398,7/28/2025,8/2/2025
504976,107390,7/28/2025,10/14/2025
504977,107392,7/28/2025,7/29/2025
504978,107394,7/28/2025,8/18/2025
504979,107396,7/28/2025,8/13/2025
504980,107381,7/28/2025,9/16/2025
504981,107388,7/28/2025,10/27/2025
504982,107380,7/28/2025,2/1/2026
504983,107374,7/28/2025,8/9/2025
504984,107378,7/28/2025,10/18/2025
504985,107376,7/28/2025,8/17/2025
504986,107375,7/28/2025,3/9/2026
504987,107372,7/28/2025,4/28/2026
504988,107370,7/28/2025,9/1/2025
504989,107369,7/28/2025,8/5/2025
504990,107367,7/28/2025,8/2/2025
504991,107379,7/28/2025,5/10/2026
504992,100231,7/28/2025,
504993,107414,7/29/2025,10/25/2025
504994,107415,7/29/2025,7/30/2025
504995,107417,7/29/2025,8/15/2025
504996,107419,7/29/2025,
504997,107428,7/29/2025,
504998,107422,7/29/2025,8/14/2025
504999,107423,7/29/2025,
505000,107426,7/29/2025,8/17/2025
505001,107425,7/29/2025,8/2/2025
505002,107421,7/29/2025,3/12/2026
505003,107412,7/29/2025,8/21/2025
505004,107409,7/29/2025,7/30/2025
505005,107407,7/29/2025,8/4/2025
505006,107405,7/29/2025,10/12/2025
505007,107404,7/29/2025,9/25/2025
505008,107403,7/29/2025,8/12/2025
505009,107401,7/29/2025,8/22/2025
505010,107400,7/29/2025,8/19/2025
505011,107399,7/29/2025,8/20/2025
505012,107410,7/29/2025,9/27/2025
505013,107453,7/30/2025,8/24/2025
505014,107456,7/30/2025,9/25/2025
505015,107457,7/30/2025,9/30/2025
505016,107459,7/30/2025,4/30/2026
505017,107460,7/30/2025,7/31/2025
505018,107465,7/30/2025,
505019,107462,7/30/2025,8/28/2025
505020,107463,7/30/2025,
505021,107451,7/30/2025,8/22/2025
505022,107467,7/30/2025,8/7/2025
505023,107469,7/30/2025,9/21/2025
505024,107461,7/30/2025,9/28/2025
505025,107450,7/30/2025,8/21/2025
505026,107454,7/30/2025,8/17/2025
505027,107446,7/30/2025,11/2/2025
505028,107448,7/30/2025,9/26/2025
505029,107430,7/30/2025,8/13/2025
505030,104128,7/30/2025,8/15/2025
505031,107434,7/30/2025,9/15/2025
505032,107436,7/30/2025,10/5/2025
505033,107432,7/30/2025,10/12/2025
505034,107439,7/30/2025,8/4/2025
505035,107441,7/30/2025,8/14/2025
505036,107443,7/30/2025,8/5/2025
505037,107444,7/30/2025,
505038,107437,7/30/2025,8/15/2025
505039,107493,7/31/2025,
505040,107495,7/31/2025,12/29/2025
505041,107497,7/31/2025,10/21/2025
505042,107498,7/31/2025,5/15/2026
505043,107499,7/31/2025,8/5/2025
505044,107500,7/31/2025,9/15/2025
505045,107502,7/31/2025,10/2/2025
505046,107509,7/31/2025,4/9/2026
505047,107504,7/31/2025,2/9/2026
505048,107505,7/31/2025,5/22/2026
505049,107507,7/31/2025,5/14/2026
505050,107512,7/31/2025,8/19/2025
505051,107511,7/31/2025,10/28/2025
505052,107491,7/31/2025,
505053,107503,7/31/2025,8/13/2025
505054,107490,7/31/2025,8/9/2025
505055,107475,7/31/2025,1/14/2026
505056,107487,7/31/2025,8/1/2025
505057,100921,7/31/2025,11/18/2025
505058,107488,7/31/2025,8/7/2025
505059,107470,7/31/2025,3/12/2026
505060,107471,7/31/2025,8/11/2025
505061,107472,7/31/2025,8/8/2025
505062,107476,7/31/2025,10/19/2025
505063,107473,7/31/2025,8/5/2025
505064,107479,7/31/2025,12/2/2025
505065,107480,7/31/2025,8/19/2025
505066,107482,7/31/2025,8/1/2025
505067,107483,7/31/2025,12/1/2025
505068,107484,7/31/2025,1/18/2026
505069,107485,7/31/2025,3/8/2026
505070,107478,7/31/2025,8/10/2025
505071,107542,8/1/2025,8/25/2025
505072,107537,8/1/2025,10/17/2025
505073,107539,8/1/2025,8/16/2025
505074,107541,8/1/2025,8/19/2025
505075,107544,8/1/2025,12/6/2025
505076,107535,8/1/2025,
505077,107547,8/1/2025,3/4/2026
505078,107549,8/1/2025,11/23/2025
505079,107551,8/1/2025,4/3/2026
505080,107552,8/1/2025,3/12/2026
505081,107553,8/1/2025,8/16/2025
505082,107545,8/1/2025,
505083,107533,8/1/2025,8/5/2025
505084,107522,8/1/2025,8/17/2025
505085,107531,8/1/2025,8/4/2025
505086,107514,8/1/2025,8/3/2025
505087,107517,8/1/2025,
505088,107519,8/1/2025,8/3/2025
505089,107520,8/1/2025,3/4/2026
505090,107521,8/1/2025,10/18/2025
505091,107515,8/1/2025,8/10/2025
505092,107524,8/1/2025,
505093,107525,8/1/2025,9/3/2025
505094,107527,8/1/2025,9/4/2025
505095,107529,8/1/2025,9/24/2025
505096,107532,8/1/2025,11/6/2025
505097,107568,8/2/2025,9/22/2025
505098,107581,8/2/2025,8/16/2025
505099,107579,8/2/2025,9/23/2025
505100,107577,8/2/2025,8/17/2025
505101,107576,8/2/2025,8/14/2025
505102,107575,8/2/2025,9/10/2025
505103,107573,8/2/2025,4/7/2026
505104,107572,8/2/2025,3/28/2026
505105,107570,8/2/2025,8/21/2025
505106,107566,8/2/2025,
505107,107567,8/2/2025,8/24/2025
505108,107563,8/2/2025,9/3/2025
505109,107562,8/2/2025,1/20/2026
505110,107561,8/2/2025,4/2/2026
505111,107560,8/2/2025,11/21/2025
505112,107558,8/2/2025,8/26/2025
505113,107557,8/2/2025,
505114,107556,8/2/2025,8/7/2025
505115,107555,8/2/2025,8/12/2025
505116,107564,8/2/2025,2/6/2026
505117,107608,8/3/2025,12/5/2025
505118,107610,8/3/2025,
505119,107612,8/3/2025,11/19/2025
505120,107613,8/3/2025,8/13/2025
505121,107615,8/3/2025,8/11/2025
505122,107617,8/3/2025,1/26/2026
505123,107618,8/3/2025,8/5/2025
505124,107627,8/3/2025,8/10/2025
505125,107620,8/3/2025,12/7/2025
505126,107622,8/3/2025,10/1/2025
505127,107625,8/3/2025,11/14/2025
505128,107629,8/3/2025,8/6/2025
505129,107630,8/3/2025,8/29/2025
505130,107619,8/3/2025,9/16/2025
505131,107606,8/3/2025,8/18/2025
505132,107623,8/3/2025,8/5/2025
505133,107602,8/3/2025,8/5/2025
505134,107604,8/3/2025,8/25/2025
505135,107582,8/3/2025,8/15/2025
505136,107583,8/3/2025,8/4/2025
505137,107584,8/3/2025,6/30/2026
505138,107588,8/3/2025,2/1/2026
505139,107590,8/3/2025,10/25/2025
505140,107586,8/3/2025,8/20/2025
505141,107594,8/3/2025,8/24/2025
505142,107595,8/3/2025,8/31/2025
505143,107597,8/3/2025,8/14/2025
505144,107598,8/3/2025,10/27/2025
505145,107600,8/3/2025,9/3/2025
505146,107592,8/3/2025,10/25/2025
505147,107661,8/4/2025,2/2/2026
505148,107654,8/4/2025,11/14/2025
505149,107656,8/4/2025,9/5/2025
505150,107657,8/4/2025,8/9/2025
505151,107659,8/4/2025,2/21/2026
505152,107663,8/4/2025,8/19/2025
505153,107673,8/4/2025,10/28/2025
505154,107665,8/4/2025,2/22/2026
505155,107667,8/4/2025,12/16/2025
505156,107669,8/4/2025,8/9/2025
505157,107671,8/4/2025,
505158,107652,8/4/2025,8/27/2025
505159,107674,8/4/2025,8/26/2025
505160,107664,8/4/2025,8/20/2025
505161,107651,8/4/2025,8/8/2025
505162,107658,8/4/2025,8/17/2025
505163,107648,8/4/2025,8/12/2025
505164,107646,8/4/2025,8/5/2025
505165,107644,8/4/2025,9/21/2025
505166,107642,8/4/2025,
505167,107641,8/4/2025,8/29/2025
505168,107639,8/4/2025,11/12/2025
505169,107637,8/4/2025,8/8/2025
505170,107636,8/4/2025,9/11/2025
505171,107635,8/4/2025,10/27/2025
505172,107633,8/4/2025,8/19/2025
505173,107631,8/4/2025,10/7/2025
505174,107649,8/4/2025,11/7/2025
505175,101485,8/4/2025,8/5/2025
505176,107691,8/5/2025,9/10/2025
505177,107693,8/5/2025,8/7/2025
505178,107695,8/5/2025,8/6/2025
505179,107703,8/5/2025,8/21/2025
505180,107699,8/5/2025,
505181,107700,8/5/2025,8/8/2025
505182,107702,8/5/2025,10/4/2025
505183,107690,8/5/2025,1/8/2026
505184,107697,8/5/2025,9/27/2025
505185,107688,8/5/2025,9/27/2025
505186,107681,8/5/2025,9/30/2025
505187,107685,8/5/2025,8/8/2025
505188,107683,8/5/2025,8/14/2025
505189,107682,8/5/2025,8/23/2025
505190,107679,8/5/2025,3/20/2026
505191,107677,8/5/2025,10/20/2025
505192,107676,8/5/2025,8/24/2025
505193,103195,8/5/2025,8/28/2025
505194,107687,8/5/2025,8/24/2025
505195,107731,8/6/2025,10/21/2025
505196,107735,8/6/2025,12/18/2025
505197,107730,8/6/2025,7/7/2026
505198,107728,8/6/2025,8/7/2025
505199,107732,8/6/2025,3/29/2026
505200,107733,8/6/2025,10/20/2025
505201,107734,8/6/2025,10/7/2025
505202,107736,8/6/2025,9/14/2025
505203,107747,8/6/2025,5/15/2026
505204,107739,8/6/2025,8/19/2025
505205,107741,8/6/2025,8/19/2025
505206,107742,8/6/2025,10/21/2025
505207,107743,8/6/2025,
505208,107746,8/6/2025,3/15/2026
505209,107726,8/6/2025,11/16/2025
505210,107749,8/6/2025,8/10/2025
505211,107738,8/6/2025,8/8/2025
505212,107724,8/6/2025,10/30/2025
505213,107745,8/6/2025,8/27/2025
505214,107721,8/6/2025,
505215,107722,8/6/2025,9/22/2025
505216,104357,8/6/2025,8/23/2025
505217,107705,8/6/2025,9/7/2025
505218,107706,8/6/2025,9/9/2025
505219,107708,8/6/2025,10/4/2025
505220,107709,8/6/2025,
505221,107711,8/6/2025,10/20/2025
505222,101733,8/6/2025,9/4/2025
505223,107713,8/6/2025,8/8/2025
505224,107715,8/6/2025,10/24/2025
505225,107716,8/6/2025,9/1/2025
505226,107717,8/6/2025,10/2/2025
505227,107718,8/6/2025,
505228,107720,8/6/2025,8/13/2025
505229,107712,8/6/2025,10/30/2025
505230,107774,8/7/2025,9/21/2025
505231,107776,8/7/2025,1/24/2026
505232,107777,8/7/2025,8/16/2025
505233,107779,8/7/2025,11/21/2025
505234,107781,8/7/2025,1/17/2026
505235,107783,8/7/2025,8/8/2025
505236,107784,8/7/2025,8/23/2025
505237,107789,8/7/2025,8/17/2025
505238,107787,8/7/2025,9/25/2025
505239,107790,8/7/2025,9/8/2025
505240,107791,8/7/2025,8/26/2025
505241,107792,8/7/2025,8/9/2025
505242,107773,8/7/2025,10/23/2025
505243,107794,8/7/2025,9/23/2025
505244,107785,8/7/2025,
505245,107772,8/7/2025,8/17/2025
505246,107768,8/7/2025,8/8/2025
505247,107753,8/7/2025,8/15/2025
505248,102616,8/7/2025,7/24/2026
505249,104520,8/7/2025,9/25/2025
505250,107751,8/7/2025,9/23/2025
505251,107754,8/7/2025,9/28/2025
505252,107770,8/7/2025,8/14/2025
505253,107757,8/7/2025,8/17/2025
505254,107756,8/7/2025,
505255,107760,8/7/2025,4/4/2026
505256,107761,8/7/2025,8/9/2025
505257,107763,8/7/2025,8/20/2025
505258,107765,8/7/2025,9/24/2025
505259,107766,8/7/2025,4/8/2026
505260,107758,8/7/2025,8/23/2025
505261,107824,8/8/2025,9/22/2025
505262,107822,8/8/2025,8/11/2025
505263,107821,8/8/2025,8/17/2025
505264,107816,8/8/2025,8/9/2025
505265,107818,8/8/2025,9/2/2025
505266,107826,8/8/2025,8/23/2025
505267,107819,8/8/2025,1/14/2026
505268,107827,8/8/2025,10/10/2025
505269,107840,8/8/2025,9/24/2025
505270,107830,8/8/2025,9/25/2025
505271,107832,8/8/2025,8/26/2025
505272,107833,8/8/2025,8/24/2025
505273,107834,8/8/2025,11/3/2025
505274,107835,8/8/2025,
505275,107839,8/8/2025,11/24/2025
505276,107828,8/8/2025,9/6/2025
505277,107814,8/8/2025,8/28/2025
505278,107837,8/8/2025,9/9/2025
505279,107812,8/8/2025,9/11/2025
505280,107795,8/8/2025,9/15/2025
505281,107797,8/8/2025,9/17/2025
505282,107798,8/8/2025,11/10/2025
505283,107800,8/8/2025,8/13/2025
505284,107801,8/8/2025,8/25/2025
505285,107813,8/8/2025,8/29/2025
505286,107804,8/8/2025,8/22/2025
505287,107806,8/8/2025,8/23/2025
505288,107808,8/8/2025,8/17/2025
505289,107809,8/8/2025,10/18/2025
505290,107811,8/8/2025,8/27/2025
505291,107803,8/8/2025,9/20/2025
505292,107865,8/9/2025,
505293,107866,8/9/2025,10/16/2025
505294,107867,8/9/2025,3/28/2026
505295,107869,8/9/2025,
505296,107871,8/9/2025,
505297,107873,8/9/2025,9/6/2025
505298,107875,8/9/2025,9/1/2025
505299,107881,8/9/2025,8/22/2025
505300,107879,8/9/2025,
505301,107882,8/9/2025,12/4/2025
505302,107884,8/9/2025,7/8/2026
505303,107886,8/9/2025,4/2/2026
505304,107863,8/9/2025,11/15/2025
505305,107888,8/9/2025,10/10/2025
505306,107890,8/9/2025,8/12/2025
505307,107877,8/9/2025,7/9/2026
505308,107861,8/9/2025,10/8/2025
505309,107887,8/9/2025,8/18/2025
505310,107857,8/9/2025,8/21/2025
505311,102129,8/9/2025,12/3/2025
505312,107859,8/9/2025,5/21/2026
505313,105503,8/9/2025,12/12/2025
505314,107841,8/9/2025,8/12/2025
505315,107842,8/9/2025,8/10/2025
505316,107843,8/9/2025,9/9/2025
505317,107845,8/9/2025,8/13/2025
505318,101890,8/9/2025,
505319,107847,8/9/2025,
505320,107849,8/9/2025,11/2/2025
505321,107850,8/9/2025,8/15/2025
505322,107851,8/9/2025,11/6/2025
505323,107852,8/9/2025,10/5/2025
505324,107853,8/9/2025,5/2/2026
505325,107855,8/9/2025,11/8/2025
505326,107846,8/9/2025,9/7/2025
505327,107915,8/10/2025,8/19/2025
505328,107917,8/10/2025,8/11/2025
505329,107919,8/10/2025,6/14/2026
505330,107920,8/10/2025,5/23/2026
505331,107921,8/10/2025,8/27/2025
505332,107922,8/10/2025,11/25/2025
505333,107923,8/10/2025,12/20/2025
505334,107927,8/10/2025,6/27/2026
505335,107925,8/10/2025,8/24/2025
505336,107926,8/10/2025,8/20/2025
505337,107928,8/10/2025,1/21/2026
505338,107930,8/10/2025,8/11/2025
505339,107932,8/10/2025,8/12/2025
505340,107934,8/10/2025,8/28/2025
505341,107924,8/10/2025,8/12/2025
505342,107913,8/10/2025,12/4/2025
505343,107909,8/10/2025,1/12/2026
505344,107910,8/10/2025,8/11/2025
505345,107912,8/10/2025,1/10/2026
505346,103127,8/10/2025,8/21/2025
505347,107892,8/10/2025,8/18/2025
505348,107894,8/10/2025,8/20/2025
505349,107895,8/10/2025,2/23/2026
505350,107896,8/10/2025,1/29/2026
505351,107897,8/10/2025,9/6/2025
505352,103597,8/10/2025,9/18/2025
505353,107900,8/10/2025,
505354,107901,8/10/2025,8/22/2025
505355,107902,8/10/2025,8/17/2025
505356,107903,8/10/2025,9/1/2025
505357,107905,8/10/2025,8/27/2025
505358,107907,8/10/2025,3/14/2026
505359,107898,8/10/2025,9/3/2025
505360,107957,8/11/2025,9/17/2025
505361,107958,8/11/2025,1/27/2026
505362,107959,8/11/2025,1/27/2026
505363,107960,8/11/2025,
505364,107962,8/11/2025,8/16/2025
505365,107969,8/11/2025,8/16/2025
505366,107966,8/11/2025,10/25/2025
505367,107967,8/11/2025,8/20/2025
505368,107970,8/11/2025,9/26/2025
505369,107972,8/11/2025,8/14/2025
505370,107956,8/11/2025,10/3/2025
505371,107964,8/11/2025,9/28/2025
505372,107955,8/11/2025,4/6/2026
505373,107968,8/11/2025,10/9/2025
505374,107953,8/11/2025,8/16/2025
505375,100039,8/11/2025,8/12/2025
505376,107936,8/11/2025,8/18/2025
505377,107938,8/11/2025,8/12/2025
505378,107939,8/11/2025,10/21/2025
505379,107940,8/11/2025,9/12/2025
505380,107942,8/11/2025,
505381,107954,8/11/2025,11/29/2025
505382,107946,8/11/2025,10/16/2025
505383,107947,8/11/2025,9/1/2025
505384,107948,8/11/2025,12/21/2025
505385,107950,8/11/2025,10/16/2025
505386,107952,8/11/2025,10/26/2025
505387,107944,8/11/2025,8/24/2025
505388,108017,8/12/2025,
505389,108009,8/12/2025,8/14/2025
505390,108011,8/12/2025,
505391,108012,8/12/2025,9/4/2025
505392,108013,8/12/2025,10/14/2025
505393,108015,8/12/2025,8/13/2025
505394,108019,8/12/2025,10/26/2025
505395,108031,8/12/2025,8/19/2025
505396,108022,8/12/2025,8/13/2025
505397,108024,8/12/2025,8/31/2025
505398,108026,8/12/2025,6/18/2026
505399,108027,8/12/2025,1/9/2026
505400,108029,8/12/2025,11/26/2025
505401,108007,8/12/2025,8/18/2025
505402,108033,8/12/2025,8/15/2025
505403,108020,8/12/2025,2/8/2026
505404,108003,8/12/2025,8/16/2025
505405,108005,8/12/2025,2/12/2026
505406,102170,8/12/2025,7/22/2026
505407,108002,8/12/2025,1/8/2026
505408,107974,8/12/2025,12/9/2025
505409,107976,8/12/2025,8/23/2025
505410,107978,8/12/2025,9/15/2025
505411,107980,8/12/2025,5/11/2026
505412,107983,8/12/2025,12/8/2025
505413,107985,8/12/2025,8/15/2025
505414,107982,8/12/2025,12/5/2025
505415,107989,8/12/2025,10/10/2025
505416,107990,8/12/2025,10/14/2025
505417,107992,8/12/2025,
505418,107994,8/12/2025,8/15/2025
505419,107996,8/12/2025,8/15/2025
505420,107998,8/12/2025,8/27/2025
505421,108000,8/12/2025,10/15/2025
505422,107987,8/12/2025,6/25/2026
505423,108072,8/13/2025,6/3/2026
505424,108063,8/13/2025,8/21/2025
505425,108065,8/13/2025,
505426,108067,8/13/2025,9/16/2025
505427,108069,8/13/2025,8/23/2025
505428,108071,8/13/2025,9/9/2025
505429,108074,8/13/2025,10/2/2025
505430,108062,8/13/2025,9/3/2025
505431,108078,8/13/2025,10/3/2025
505432,108080,8/13/2025,10/23/2025
505433,108081,8/13/2025,8/25/2025
505434,108084,8/13/2025,9/5/2025
505435,108086,8/13/2025,
505436,108088,8/13/2025,11/10/2025
505437,108090,8/13/2025,
505438,108076,8/13/2025,8/20/2025
505439,108060,8/13/2025,11/24/2025
505440,108082,8/13/2025,11/4/2025
505441,108057,8/13/2025,1/8/2026
505442,108058,8/13/2025,8/16/2025
505443,108036,8/13/2025,8/22/2025
505444,108037,8/13/2025,9/6/2025
505445,108039,8/13/2025,8/14/2025
505446,108041,8/13/2025,1/5/2026
505447,108043,8/13/2025,12/28/2025
505448,108044,8/13/2025,11/17/2025
505449,108045,8/13/2025,8/18/2025
505450,108035,8/13/2025,10/9/2025
505451,108049,8/13/2025,12/1/2025
505452,108050,8/13/2025,8/23/2025
505453,108051,8/13/2025,11/15/2025
505454,108052,8/13/2025,9/19/2025
505455,108053,8/13/2025,10/16/2025
505456,108055,8/13/2025,
505457,108047,8/13/2025,10/27/2025
505458,108056,8/13/2025,9/6/2025
505459,108116,8/14/2025,
505460,108118,8/14/2025,3/12/2026
505461,108120,8/14/2025,11/18/2025
505462,108121,8/14/2025,
505463,108123,8/14/2025,11/1/2025
505464,108124,8/14/2025,10/18/2025
505465,108125,8/14/2025,9/29/2025
505466,108130,8/14/2025,7/9/2026
505467,108129,8/14/2025,
505468,108131,8/14/2025,8/16/2025
505469,108133,8/14/2025,8/19/2025
505470,108135,8/14/2025,6/16/2026
505471,108136,8/14/2025,
505472,108115,8/14/2025,8/28/2025
505473,108138,8/14/2025,8/24/2025
505474,108126,8/14/2025,11/24/2025
505475,108114,8/14/2025,3/20/2026
505476,108127,8/14/2025,10/20/2025
505477,108111,8/14/2025,8/15/2025
505478,108112,8/14/2025,8/23/2025
505479,108092,8/14/2025,10/12/2025
505480,108093,8/14/2025,4/17/2026
505481,108094,8/14/2025,12/25/2025
505482,108095,8/14/2025,8/29/2025
505483,108096,8/14/2025,8/29/2025
505484,108097,8/14/2025,1/26/2026
505485,100719,8/14/2025,9/4/2025
505486,108100,8/14/2025,8/15/2025
505487,108102,8/14/2025,1/5/2026
505488,108104,8/14/2025,8/19/2025
505489,108106,8/14/2025,9/8/2025
505490,108107,8/14/2025,4/26/2026
505491,108109,8/14/2025,8/18/2025
505492,108110,8/14/2025,
505493,108098,8/14/2025,10/19/2025
505494,108160,8/15/2025,
505495,108162,8/15/2025,10/14/2025
505496,108163,8/15/2025,8/21/2025
505497,108165,8/15/2025,9/3/2025
505498,108166,8/15/2025,8/22/2025
505499,108174,8/15/2025,8/24/2025
505500,108170,8/15/2025,8/16/2025
505501,108172,8/15/2025,8/18/2025
505502,108175,8/15/2025,8/17/2025
505503,108177,8/15/2025,12/29/2025
505504,108178,8/15/2025,9/18/2025
505505,108159,8/15/2025,9/24/2025
505506,108168,8/15/2025,9/24/2025
505507,108157,8/15/2025,9/1/2025
505508,108153,8/15/2025,11/11/2025
505509,108154,8/15/2025,8/20/2025
505510,108156,8/15/2025,8/24/2025
505511,108139,8/15/2025,8/31/2025
505512,108140,8/15/2025,9/9/2025
505513,108142,8/15/2025,5/22/2026
505514,108143,8/15/2025,2/6/2026
505515,108141,8/15/2025,8/17/2025
505516,108146,8/15/2025,5/13/2026
505517,108148,8/15/2025,1/5/2026
505518,108149,8/15/2025,10/13/2025
505519,108151,8/15/2025,8/17/2025
505520,108145,8/15/2025,8/22/2025
505521,108208,8/16/2025,12/26/2025
505522,108202,8/16/2025,10/9/2025
505523,108204,8/16/2025,3/14/2026
505524,108205,8/16/2025,11/6/2025
505525,108207,8/16/2025,
505526,108210,8/16/2025,8/22/2025
505527,108219,8/16/2025,10/25/2025
505528,108212,8/16/2025,9/24/2025
505529,108213,8/16/2025,3/26/2026
505530,108215,8/16/2025,5/15/2026
505531,108217,8/16/2025,8/20/2025
505532,108201,8/16/2025,9/16/2025
505533,108211,8/16/2025,10/3/2025
505534,108200,8/16/2025,9/16/2025
505535,108192,8/16/2025,8/26/2025
505536,108196,8/16/2025,9/3/2025
505537,100156,8/16/2025,9/17/2025
505538,108182,8/16/2025,9/28/2025
505539,108183,8/16/2025,
505540,108184,8/16/2025,10/28/2025
505541,108186,8/16/2025,8/23/2025
505542,108180,8/16/2025,9/1/2025
505543,108189,8/16/2025,
505544,108190,8/16/2025,11/30/2025
505545,108198,8/16/2025,9/9/2025
505546,108194,8/16/2025,8/23/2025
505547,108188,8/16/2025,1/22/2026
505548,108265,8/17/2025,9/24/2025
505549,108254,8/17/2025,9/17/2025
505550,108256,8/17/2025,3/1/2026
505551,108258,8/17/2025,8/24/2025
505552,108259,8/17/2025,9/12/2025
505553,108260,8/17/2025,8/20/2025
505554,108261,8/17/2025,12/26/2025
505555,108262,8/17/2025,8/23/2025
505556,108263,8/17/2025,8/24/2025
505557,108267,8/17/2025,
505558,108277,8/17/2025,8/23/2025
505559,108270,8/17/2025,10/14/2025
505560,108272,8/17/2025,9/26/2025
505561,108274,8/17/2025,10/6/2025
505562,108275,8/17/2025,1/3/2026
505563,108253,8/17/2025,3/14/2026
505564,108278,8/17/2025,11/22/2025
505565,108279,8/17/2025,9/2/2025
505566,108280,8/17/2025,
505567,108281,8/17/2025,8/23/2025
505568,108269,8/17/2025,9/9/2025
505569,108252,8/17/2025,12/27/2025
505570,108249,8/17/2025,12/1/2025
505571,108227,8/17/2025,1/16/2026
505572,106373,8/17/2025,10/7/2025
505573,108220,8/17/2025,11/30/2025
505574,108222,8/17/2025,9/28/2025
505575,108224,8/17/2025,11/20/2025
505576,108225,8/17/2025,8/27/2025
505577,108226,8/17/2025,
505578,108250,8/17/2025,1/21/2026
505579,108229,8/17/2025,8/31/2025
505580,108231,8/17/2025,8/29/2025
505581,108233,8/17/2025,9/5/2025
505582,108232,8/17/2025,10/23/2025
505583,108236,8/17/2025,9/9/2025
505584,108237,8/17/2025,8/20/2025
505585,108239,8/17/2025,11/27/2025
505586,108240,8/17/2025,10/29/2025
505587,108241,8/17/2025,10/7/2025
505588,108243,8/17/2025,8/21/2025
505589,108244,8/17/2025,8/31/2025
505590,108245,8/17/2025,8/19/2025
505591,108247,8/17/2025,10/18/2025
505592,108234,8/17/2025,8/21/2025
505593,108305,8/18/2025,10/5/2025
505594,108303,8/18/2025,8/28/2025
505595,108304,8/18/2025,8/19/2025
505596,108307,8/18/2025,8/27/2025
505597,108301,8/18/2025,9/17/2025
505598,108311,8/18/2025,10/9/2025
505599,108316,8/18/2025,9/10/2025
505600,108314,8/18/2025,9/12/2025
505601,108309,8/18/2025,8/31/2025
505602,108300,8/18/2025,9/23/2025
505603,108313,8/18/2025,8/23/2025
505604,108296,8/18/2025,8/21/2025
505605,108283,8/18/2025,8/25/2025
505606,108284,8/18/2025,
505607,108285,8/18/2025,9/26/2025
505608,108287,8/18/2025,8/26/2025
505609,108298,8/18/2025,10/22/2025
505610,108289,8/18/2025,8/21/2025
505611,108291,8/18/2025,12/15/2025
505612,108292,8/18/2025,9/27/2025
505613,108294,8/18/2025,2/18/2026
505614,108288,8/18/2025,8/24/2025
505615,108333,8/19/2025,10/7/2025
505616,108344,8/19/2025,12/22/2025
505617,108343,8/19/2025,10/2/2025
505618,108342,8/19/2025,
505619,108341,8/19/2025,
505620,108340,8/19/2025,12/6/2025
505621,108339,8/19/2025,9/16/2025
505622,108338,8/19/2025,11/5/2025
505623,108336,8/19/2025,9/10/2025
505624,108334,8/19/2025,2/8/2026
505625,108331,8/19/2025,8/27/2025
505626,108335,8/19/2025,12/31/2025
505627,108328,8/19/2025,9/5/2025
505628,108330,8/19/2025,10/22/2025
505629,108319,8/19/2025,10/30/2025
505630,108320,8/19/2025,9/9/2025
505631,108322,8/19/2025,8/22/2025
505632,108317,8/19/2025,9/28/2025
505633,108324,8/19/2025,4/17/2026
505634,108325,8/19/2025,9/2/2025
505635,108327,8/19/2025,7/11/2026
505636,108323,8/19/2025,8/21/2025
505637,108376,8/20/2025,8/24/2025
505638,108388,8/20/2025,1/23/2026
505639,108378,8/20/2025,8/29/2025
505640,108379,8/20/2025,9/10/2025
505641,108381,8/20/2025,8/21/2025
505642,108383,8/20/2025,12/26/2025
505643,108385,8/20/2025,7/3/2026
505644,108386,8/20/2025,5/9/2026
505645,108404,8/20/2025,3/26/2026
505646,108396,8/20/2025,5/29/2026
505647,108391,8/20/2025,10/1/2025
505648,108392,8/20/2025,9/13/2025
505649,108394,8/20/2025,9/25/2025
505650,108397,8/20/2025,8/25/2025
505651,108399,8/20/2025,9/12/2025
505652,108402,8/20/2025,9/6/2025
505653,108400,8/20/2025,9/24/2025
505654,108374,8/20/2025,8/31/2025
505655,108389,8/20/2025,9/4/2025
505656,108372,8/20/2025,9/9/2025
505657,108356,8/20/2025,12/17/2025
505658,108368,8/20/2025,10/3/2025
505659,102326,8/20/2025,9/24/2025
505660,106534,8/20/2025,9/24/2025
505661,108370,8/20/2025,8/22/2025
505662,108346,8/20/2025,
505663,108348,8/20/2025,12/14/2025
505664,108350,8/20/2025,3/5/2026
505665,108353,8/20/2025,11/14/2025
505666,108354,8/20/2025,10/8/2025
505667,108352,8/20/2025,12/6/2025
505668,108359,8/20/2025,8/22/2025
505669,108361,8/20/2025,9/25/2025
505670,108362,8/20/2025,4/11/2026
505671,108363,8/20/2025,9/24/2025
505672,108364,8/20/2025,1/23/2026
505673,108365,8/20/2025,12/6/2025
505674,108367,8/20/2025,10/17/2025
505675,108358,8/20/2025,9/16/2025
505676,108429,8/21/2025,10/4/2025
505677,108423,8/21/2025,
505678,108425,8/21/2025,12/3/2025
505679,108427,8/21/2025,10/7/2025
505680,108431,8/21/2025,1/13/2026
505681,108438,8/21/2025,8/22/2025
505682,108434,8/21/2025,2/28/2026
505683,108440,8/21/2025,8/23/2025
505684,108436,8/21/2025,4/10/2026
505685,108437,8/21/2025,9/2/2025
505686,108422,8/21/2025,9/6/2025
505687,108433,8/21/2025,5/9/2026
505688,108421,8/21/2025,4/19/2026
505689,108405,8/21/2025,9/6/2025
505690,108418,8/21/2025,9/10/2025
505691,108419,8/21/2025,9/21/2025
505692,108408,8/21/2025,7/2/2026
505693,108410,8/21/2025,9/4/2025
505694,108412,8/21/2025,10/30/2025
505695,108406,8/21/2025,8/27/2025
505696,108415,8/21/2025,12/17/2025
505697,108416,8/21/2025,10/6/2025
505698,108417,8/21/2025,
505699,108413,8/21/2025,8/24/2025
505700,108472,8/22/2025,2/28/2026
505701,108466,8/22/2025,6/30/2026
505702,108468,8/22/2025,9/17/2025
505703,108469,8/22/2025,9/8/2025
505704,108470,8/22/2025,10/8/2025
505705,108471,8/22/2025,4/25/2026
505706,108474,8/22/2025,8/25/2025
505707,108480,8/22/2025,9/7/2025
505708,108476,8/22/2025,4/13/2026
505709,108477,8/22/2025,9/5/2025
505710,108479,8/22/2025,9/10/2025
505711,108464,8/22/2025,9/9/2025
505712,108482,8/22/2025,9/13/2025
505713,108484,8/22/2025,8/29/2025
505714,108485,8/22/2025,12/20/2025
505715,108475,8/22/2025,12/13/2025
505716,108463,8/22/2025,10/15/2025
505717,108467,8/22/2025,10/6/2025
505718,108459,8/22/2025,10/18/2025
505719,108461,8/22/2025,8/27/2025
505720,108442,8/22/2025,12/9/2025
505721,108444,8/22/2025,9/18/2025
505722,108448,8/22/2025,8/30/2025
505723,108450,8/22/2025,1/13/2026
505724,108452,8/22/2025,12/15/2025
505725,108446,8/22/2025,9/30/2025
505726,108455,8/22/2025,11/12/2025
505727,108456,8/22/2025,12/21/2025
505728,108457,8/22/2025,9/1/2025
505729,108458,8/22/2025,9/9/2025
505730,108453,8/22/2025,10/16/2025
505731,108520,8/23/2025,9/23/2025
505732,108506,8/23/2025,8/31/2025
505733,108508,8/23/2025,2/8/2026
505734,108510,8/23/2025,11/7/2025
505735,108512,8/23/2025,8/26/2025
505736,108514,8/23/2025,10/19/2025
505737,108516,8/23/2025,11/6/2025
505738,108518,8/23/2025,3/5/2026
505739,108523,8/23/2025,8/26/2025
505740,108534,8/23/2025,11/27/2025
505741,108525,8/23/2025,9/30/2025
505742,108527,8/23/2025,11/20/2025
505743,108528,8/23/2025,10/16/2025
505744,108529,8/23/2025,8/24/2025
505745,108532,8/23/2025,9/22/2025
505746,108531,8/23/2025,9/8/2025
505747,108530,8/23/2025,4/21/2026
505748,108505,8/23/2025,10/22/2025
505749,108524,8/23/2025,9/8/2025
505750,108504,8/23/2025,10/15/2025
505751,108521,8/23/2025,
505752,108500,8/23/2025,1/16/2026
505753,103332,8/23/2025,4/10/2026
505754,102456,8/23/2025,8/31/2025
505755,104712,8/23/2025,9/16/2025
505756,108486,8/23/2025,8/28/2025
505757,108487,8/23/2025,3/24/2026
505758,108489,8/23/2025,9/10/2025
505759,103774,8/23/2025,8/24/2025
505760,108502,8/23/2025,12/14/2025
505761,108491,8/23/2025,9/29/2025
505762,108490,8/23/2025,10/6/2025
505763,108499,8/23/2025,
505764,108496,8/23/2025,10/2/2025
505765,108498,8/23/2025,9/15/2025
505766,108494,8/23/2025,11/25/2025
505767,108493,8/23/2025,1/11/2026
505768,108495,8/23/2025,9/21/2025
505769,108567,8/24/2025,
505770,108569,8/24/2025,10/11/2025
505771,108570,8/24/2025,9/21/2025
505772,108572,8/24/2025,
505773,108583,8/24/2025,10/16/2025
505774,108574,8/24/2025,
505775,108576,8/24/2025,9/30/2025
505776,108577,8/24/2025,11/4/2025
505777,108579,8/24/2025,8/30/2025
505778,108581,8/24/2025,9/19/2025
505779,108585,8/24/2025,12/29/2025
505780,108589,8/24/2025,9/11/2025
505781,108587,8/24/2025,9/2/2025
505782,108588,8/24/2025,11/5/2025
505783,108590,8/24/2025,8/26/2025
505784,108592,8/24/2025,8/29/2025
505785,108594,8/24/2025,9/8/2025
505786,108565,8/24/2025,12/8/2025
505787,108597,8/24/2025,9/3/2025
505788,108598,8/24/2025,9/21/2025
505789,108599,8/24/2025,10/6/2025
505790,108601,8/24/2025,
505791,108586,8/24/2025,9/3/2025
505792,108596,8/24/2025,11/6/2025
505793,108564,8/24/2025,9/8/2025
505794,108561,8/24/2025,9/30/2025
505795,100366,8/24/2025,2/25/2026
505796,100584,8/24/2025,12/1/2025
505797,108562,8/24/2025,11/7/2025
505798,108535,8/24/2025,10/5/2025
505799,108537,8/24/2025,12/27/2025
505800,108538,8/24/2025,8/26/2025
505801,108540,8/24/2025,9/26/2025
505802,108542,8/24/2025,11/22/2025
505803,108543,8/24/2025,11/20/2025
505804,108539,8/24/2025,10/31/2025
505805,108547,8/24/2025,8/25/2025
505806,108560,8/24/2025,10/4/2025
505807,108559,8/24/2025,10/3/2025
505808,108545,8/24/2025,9/15/2025
505809,108556,8/24/2025,9/17/2025
505810,108557,8/24/2025,8/26/2025
505811,108552,8/24/2025,9/10/2025
505812,108550,8/24/2025,9/25/2025
505813,108548,8/24/2025,9/4/2025
505814,108554,8/24/2025,
505815,108623,8/25/2025,8/30/2025
505816,108633,8/25/2025,10/17/2025
505817,108622,8/25/2025,10/6/2025
505818,108626,8/25/2025,
505819,108628,8/25/2025,9/10/2025
505820,108629,8/25/2025,10/9/2025
505821,108631,8/25/2025,3/11/2026
505822,108634,8/25/2025,
505823,108650,8/25/2025,9/12/2025
505824,108636,8/25/2025,9/2/2025
505825,108637,8/25/2025,
505826,108639,8/25/2025,10/18/2025
505827,108641,8/25/2025,9/21/2025
505828,108643,8/25/2025,
505829,108645,8/25/2025,9/7/2025
505830,108648,8/25/2025,8/26/2025
505831,108646,8/25/2025,2/17/2026
505832,108635,8/25/2025,8/28/2025
505833,108621,8/25/2025,11/6/2025
505834,108625,8/25/2025,8/26/2025
505835,108618,8/25/2025,9/4/2025
505836,101947,8/25/2025,9/15/2025
505837,108619,8/25/2025,10/29/2025
505838,108602,8/25/2025,10/27/2025
505839,108603,8/25/2025,10/28/2025
505840,108607,8/25/2025,9/21/2025
505841,108608,8/25/2025,8/30/2025
505842,108609,8/25/2025,9/10/2025
505843,108605,8/25/2025,8/26/2025
505844,108611,8/25/2025,9/22/2025
505845,108612,8/25/2025,10/6/2025
505846,108614,8/25/2025,9/3/2025
505847,108615,8/25/2025,8/28/2025
505848,108616,8/25/2025,5/9/2026
505849,108617,8/25/2025,12/17/2025
505850,108610,8/25/2025,8/26/2025
505851,108683,8/26/2025,9/1/2025
505852,108676,8/26/2025,9/4/2025
505853,108677,8/26/2025,10/23/2025
505854,108678,8/26/2025,10/22/2025
505855,108679,8/26/2025,9/25/2025
505856,108680,8/26/2025,8/28/2025
505857,108682,8/26/2025,3/11/2026
505858,108685,8/26/2025,9/20/2025
505859,108693,8/26/2025,9/1/2025
505860,108687,8/26/2025,9/17/2025
505861,108688,8/26/2025,4/21/2026
505862,108690,8/26/2025,9/1/2025
505863,108691,8/26/2025,9/7/2025
505864,108692,8/26/2025,9/30/2025
505865,108675,8/26/2025,6/27/2026
505866,108695,8/26/2025,9/8/2025
505867,108686,8/26/2025,9/17/2025
505868,108674,8/26/2025,8/28/2025
505869,108669,8/26/2025,8/29/2025
505870,108671,8/26/2025,11/2/2025
505871,101715,8/26/2025,10/12/2025
505872,108673,8/26/2025,10/16/2025
505873,108652,8/26/2025,
505874,108653,8/26/2025,10/3/2025
505875,108655,8/26/2025,9/16/2025
505876,108657,8/26/2025,4/25/2026
505877,108656,8/26/2025,9/20/2025
505878,108661,8/26/2025,9/19/2025
505879,108663,8/26/2025,2/16/2026
505880,108664,8/26/2025,4/27/2026
505881,108666,8/26/2025,
505882,108667,8/26/2025,9/5/2025
505883,108659,8/26/2025,9/7/2025
505884,108722,8/27/2025,8/28/2025
505885,108718,8/27/2025,11/3/2025
505886,108719,8/27/2025,
505887,108717,8/27/2025,8/31/2025
505888,108721,8/27/2025,
505889,108723,8/27/2025,
505890,108733,8/27/2025,2/17/2026
505891,108726,8/27/2025,9/13/2025
505892,108736,8/27/2025,10/22/2025
505893,108729,8/27/2025,9/4/2025
505894,108735,8/27/2025,9/17/2025
505895,108731,8/27/2025,9/9/2025
505896,108715,8/27/2025,9/7/2025
505897,108724,8/27/2025,4/18/2026
505898,108713,8/27/2025,9/2/2025
505899,108728,8/27/2025,9/2/2025
505900,108711,8/27/2025,12/1/2025
505901,103671,8/27/2025,12/12/2025
505902,104516,8/27/2025,2/2/2026
505903,108712,8/27/2025,12/9/2025
505904,108696,8/27/2025,9/1/2025
505905,108697,8/27/2025,8/31/2025
505906,108700,8/27/2025,9/11/2025
505907,108699,8/27/2025,12/18/2025
505908,108703,8/27/2025,10/23/2025
505909,108704,8/27/2025,9/6/2025
505910,108706,8/27/2025,9/28/2025
505911,108708,8/27/2025,9/2/2025
505912,108709,8/27/2025,8/30/2025
505913,108710,8/27/2025,9/20/2025
505914,108701,8/27/2025,1/28/2026
505915,108764,8/28/2025,6/24/2026
505916,108759,8/28/2025,9/15/2025
505917,108761,8/28/2025,3/20/2026
505918,108763,8/28/2025,10/10/2025
505919,108766,8/28/2025,9/12/2025
505920,108771,8/28/2025,11/3/2025
505921,108768,8/28/2025,8/29/2025
505922,108769,8/28/2025,10/5/2025
505923,108770,8/28/2025,9/21/2025
505924,108757,8/28/2025,9/19/2025
505925,108767,8/28/2025,10/25/2025
505926,108755,8/28/2025,12/6/2025
505927,108753,8/28/2025,12/16/2025
505928,108752,8/28/2025,9/17/2025
505929,108737,8/28/2025,9/2/2025
505930,108738,8/28/2025,3/30/2026
505931,108741,8/28/2025,2/21/2026
505932,108742,8/28/2025,1/9/2026
505933,108739,8/28/2025,1/9/2026
505934,108745,8/28/2025,10/28/2025
505935,108747,8/28/2025,2/2/2026
505936,108749,8/28/2025,10/27/2025
505937,108751,8/28/2025,1/8/2026
505938,108743,8/28/2025,
505939,108808,8/29/2025,9/18/2025
505940,108800,8/29/2025,9/20/2025
505941,108802,8/29/2025,9/19/2025
505942,108804,8/29/2025,8/30/2025
505943,108806,8/29/2025,10/7/2025
505944,108807,8/29/2025,9/23/2025
505945,108810,8/29/2025,8/30/2025
505946,108818,8/29/2025,9/3/2025
505947,108813,8/29/2025,2/4/2026
505948,108815,8/29/2025,9/12/2025
505949,108816,8/29/2025,11/2/2025
505950,108823,8/29/2025,
505951,108799,8/29/2025,6/21/2026
505952,108820,8/29/2025,
505953,108821,8/29/2025,9/16/2025
505954,108812,8/29/2025,9/9/2025
505955,108798,8/29/2025,8/30/2025
505956,108772,8/29/2025,9/17/2025
505957,108795,8/29/2025,10/23/2025
505958,101230,8/29/2025,12/16/2025
505959,108796,8/29/2025,9/17/2025
505960,108774,8/29/2025,9/19/2025
505961,108776,8/29/2025,10/12/2025
505962,108779,8/29/2025,11/24/2025
505963,108780,8/29/2025,10/7/2025
505964,108777,8/29/2025,
505965,108784,8/29/2025,12/28/2025
505966,108785,8/29/2025,9/21/2025
505967,108787,8/29/2025,8/30/2025
505968,108789,8/29/2025,10/10/2025
505969,108791,8/29/2025,
505970,108793,8/29/2025,10/11/2025
505971,108782,8/29/2025,2/17/2026
505972,108852,8/30/2025,11/15/2025
505973,108845,8/30/2025,9/4/2025
505974,108847,8/30/2025,11/8/2025
505975,108849,8/30/2025,9/10/2025
505976,108850,8/30/2025,4/25/2026
505977,108854,8/30/2025,9/1/2025
505978,108861,8/30/2025,9/28/2025
505979,108856,8/30/2025,9/13/2025
505980,108857,8/30/2025,
505981,108858,8/30/2025,9/2/2025
505982,108843,8/30/2025,9/7/2025
505983,108859,8/30/2025,9/7/2025
505984,108855,8/30/2025,9/17/2025
505985,108842,8/30/2025,3/30/2026
505986,108825,8/30/2025,9/15/2025
505987,108840,8/30/2025,9/3/2025
505988,108824,8/30/2025,
505989,108826,8/30/2025,
505990,108827,8/30/2025,7/5/2026
505991,108829,8/30/2025,2/27/2026
505992,108831,8/30/2025,10/26/2025
505993,108841,8/30/2025,12/6/2025
505994,108834,8/30/2025,9/3/2025
505995,108835,8/30/2025,10/6/2025
505996,108837,8/30/2025,
505997,108839,8/30/2025,9/7/2025
505998,108833,8/30/2025,10/13/2025
505999,108907,8/31/2025,
506000,108895,8/31/2025,3/19/2026
506001,108896,8/31/2025,11/13/2025
506002,108898,8/31/2025,9/9/2025
506003,108899,8/31/2025,9/16/2025
506004,108901,8/31/2025,9/16/2025
506005,108903,8/31/2025,12/27/2025
506006,108905,8/31/2025,9/2/2025
506007,108908,8/31/2025,11/1/2025
506008,108916,8/31/2025,12/27/2025
506009,108910,8/31/2025,9/23/2025
506010,108911,8/31/2025,2/14/2026
506011,108913,8/31/2025,9/4/2025
506012,108914,8/31/2025,10/8/2025
506013,108891,8/31/2025,
506014,108918,8/31/2025,9/15/2025
506015,108920,8/31/2025,9/14/2025
506016,108922,8/31/2025,9/27/2025
506017,108924,8/31/2025,10/11/2025
506018,108909,8/31/2025,9/1/2025
506019,108890,8/31/2025,9/17/2025
506020,108893,8/31/2025,11/15/2025
506021,108887,8/31/2025,9/5/2025
506022,104198,8/31/2025,
506023,103293,8/31/2025,9/13/2025
506024,108889,8/31/2025,4/19/2026
506025,108862,8/31/2025,9/8/2025
506026,108863,8/31/2025,10/3/2025
506027,108865,8/31/2025,11/24/2025
506028,108866,8/31/2025,10/15/2025
506029,108870,8/31/2025,9/7/2025
506030,108872,8/31/2025,2/24/2026
506031,108868,8/31/2025,9/5/2025
506032,108874,8/31/2025,9/1/2025
506033,108876,8/31/2025,9/4/2025
506034,108877,8/31/2025,2/4/2026
506035,108879,8/31/2025,1/28/2026
506036,108881,8/31/2025,11/10/2025
506037,108882,8/31/2025,10/10/2025
506038,108883,8/31/2025,10/28/2025
506039,108885,8/31/2025,3/8/2026
506040,108873,8/31/2025,10/20/2025
506041,108961,9/1/2025,1/14/2026
506042,108952,9/1/2025,10/26/2025
506043,108954,9/1/2025,9/8/2025
506044,108955,9/1/2025,9/19/2025
506045,108957,9/1/2025,1/19/2026
506046,108959,9/1/2025,9/26/2025
506047,108962,9/1/2025,12/29/2025
506048,108975,9/1/2025,
506049,108965,9/1/2025,9/2/2025
506050,108966,9/1/2025,10/3/2025
506051,108967,9/1/2025,12/20/2025
506052,108969,9/1/2025,9/3/2025
506053,108971,9/1/2025,
506054,108973,9/1/2025,2/26/2026
506055,108951,9/1/2025,9/2/2025
506056,108964,9/1/2025,
506057,108950,9/1/2025,9/12/2025
506058,108953,9/1/2025,10/6/2025
506059,108948,9/1/2025,9/7/2025
506060,104419,9/1/2025,9/2/2025
506061,108926,9/1/2025,9/28/2025
506062,108927,9/1/2025,
506063,108929,9/1/2025,10/24/2025
506064,108931,9/1/2025,9/16/2025
506065,108934,9/1/2025,3/14/2026
506066,108936,9/1/2025,
506067,108933,9/1/2025,11/4/2025
506068,108939,9/1/2025,6/30/2026
506069,108941,9/1/2025,4/12/2026
506070,108943,9/1/2025,9/16/2025
506071,108944,9/1/2025,6/21/2026
506072,108946,9/1/2025,9/2/2025
506073,108937,9/1/2025,1/30/2026
506074,108949,9/1/2025,11/9/2025
506075,109009,9/2/2025,9/22/2025
506076,109000,9/2/2025,5/16/2026
506077,109002,9/2/2025,9/24/2025
506078,109004,9/2/2025,10/8/2025
506079,109005,9/2/2025,10/22/2025
506080,109007,9/2/2025,9/3/2025
506081,109019,9/2/2025,9/20/2025
506082,109014,9/2/2025,
506083,109016,9/2/2025,9/25/2025
506084,109017,9/2/2025,9/29/2025
506085,109018,9/2/2025,9/12/2025
506086,108999,9/2/2025,9/8/2025
506087,109021,9/2/2025,
506088,109012,9/2/2025,10/31/2025
506089,108998,9/2/2025,9/11/2025
506090,109011,9/2/2025,11/13/2025
506091,108995,9/2/2025,12/29/2025
506092,108977,9/2/2025,1/25/2026
506093,108996,9/2/2025,10/3/2025
506094,108980,9/2/2025,10/20/2025
506095,108981,9/2/2025,6/30/2026
506096,108983,9/2/2025,1/25/2026
506097,108979,9/2/2025,9/18/2025
506098,108986,9/2/2025,10/31/2025
506099,108988,9/2/2025,1/10/2026
506100,108989,9/2/2025,10/25/2025
506101,108991,9/2/2025,9/13/2025
506102,108993,9/2/2025,9/3/2025
506103,108984,9/2/2025,2/21/2026
506104,109046,9/3/2025,9/4/2025
506105,109044,9/3/2025,9/13/2025
506106,109043,9/3/2025,10/7/2025
506107,109041,9/3/2025,10/9/2025
506108,109039,9/3/2025,11/9/2025
506109,109037,9/3/2025,9/4/2025
506110,109036,9/3/2025,6/6/2026
506111,109033,9/3/2025,9/11/2025
506112,109035,9/3/2025,10/17/2025
506113,109031,9/3/2025,9/7/2025
506114,109030,9/3/2025,11/20/2025
506115,109028,9/3/2025,9/6/2025
506116,109027,9/3/2025,9/23/2025
506117,109025,9/3/2025,10/22/2025
506118,109023,9/3/2025,
506119,104760,9/3/2025,9/19/2025
506120,109032,9/3/2025,9/10/2025
506121,109071,9/4/2025,10/28/2025
506122,109072,9/4/2025,
506123,109074,9/4/2025,9/23/2025
506124,109076,9/4/2025,9/5/2025
506125,109077,9/4/2025,12/30/2025
506126,109079,9/4/2025,9/16/2025
506127,109081,9/4/2025,9/9/2025
506128,109088,9/4/2025,9/9/2025
506129,109085,9/4/2025,9/30/2025
506130,109086,9/4/2025,1/4/2026
506131,109090,9/4/2025,10/5/2025
506132,109091,9/4/2025,9/26/2025
506133,109093,9/4/2025,9/12/2025
506134,109095,9/4/2025,1/26/2026
506135,109070,9/4/2025,2/10/2026
506136,109083,9/4/2025,12/28/2025
506137,109069,9/4/2025,1/6/2026
506138,109048,9/4/2025,11/4/2025
506139,109066,9/4/2025,10/7/2025
506140,105502,9/4/2025,9/5/2025
506141,109067,9/4/2025,5/17/2026
506142,109050,9/4/2025,9/18/2025
506143,109054,9/4/2025,9/20/2025
506144,109056,9/4/2025,9/12/2025
506145,109057,9/4/2025,9/18/2025
506146,109052,9/4/2025,9/19/2025
506147,109060,9/4/2025,9/19/2025
506148,109061,9/4/2025,9/17/2025
506149,109062,9/4/2025,12/18/2025
506150,109064,9/4/2025,
506151,109065,9/4/2025,12/19/2025
506152,109059,9/4/2025,9/30/2025
506153,109126,9/5/2025,3/18/2026
506154,109117,9/5/2025,10/1/2025
506155,109119,9/5/2025,6/17/2026
506156,109121,9/5/2025,10/2/2025
506157,109122,9/5/2025,9/18/2025
506158,109123,9/5/2025,
506159,109124,9/5/2025,12/24/2025
506160,109128,9/5/2025,
506161,109136,9/5/2025,9/9/2025
506162,109132,9/5/2025,10/23/2025
506163,109133,9/5/2025,
506164,109134,9/5/2025,9/24/2025
506165,109135,9/5/2025,9/7/2025
506166,109116,9/5/2025,9/8/2025
506167,109138,9/5/2025,9/27/2025
506168,109139,9/5/2025,9/23/2025
506169,109130,9/5/2025,10/30/2025
506170,109115,9/5/2025,
506171,109111,9/5/2025,9/6/2025
506172,109112,9/5/2025,10/2/2025
506173,105403,9/5/2025,9/17/2025
506174,109114,9/5/2025,10/7/2025
506175,109097,9/5/2025,9/6/2025
506176,109099,9/5/2025,3/25/2026
506177,109101,9/5/2025,12/30/2025
506178,109102,9/5/2025,9/14/2025
506179,109103,9/5/2025,9/22/2025
506180,100817,9/5/2025,11/23/2025
506181,109105,9/5/2025,9/8/2025
506182,109107,9/5/2025,12/9/2025
506183,109108,9/5/2025,9/11/2025
506184,109109,9/5/2025,9/10/2025
506185,109110,9/5/2025,10/2/2025
506186,109104,9/5/2025,3/8/2026
506187,109170,9/6/2025,9/23/2025
506188,109159,9/6/2025,10/4/2025
506189,109160,9/6/2025,10/29/2025
506190,109161,9/6/2025,9/10/2025
506191,109162,9/6/2025,2/17/2026
506192,109166,9/6/2025,11/24/2025
506193,109164,9/6/2025,9/18/2025
506194,109156,9/6/2025,5/5/2026
506195,109168,9/6/2025,
506196,109167,9/6/2025,9/10/2025
506197,109163,9/6/2025,9/14/2025
506198,109154,9/6/2025,9/7/2025
506199,109158,9/6/2025,3/13/2026
506200,109151,9/6/2025,9/27/2025
506201,102722,9/6/2025,12/13/2025
506202,109140,9/6/2025,10/14/2025
506203,109142,9/6/2025,9/29/2025
506204,109143,9/6/2025,12/28/2025
506205,109153,9/6/2025,11/27/2025
506206,109147,9/6/2025,
506207,109148,9/6/2025,
506208,109150,9/6/2025,
506209,109145,9/6/2025,9/8/2025
506210,109215,9/7/2025,
506211,109206,9/7/2025,10/2/2025
506212,109208,9/7/2025,3/8/2026
506213,109209,9/7/2025,9/25/2025
506214,109211,9/7/2025,9/29/2025
506215,109213,9/7/2025,9/18/2025
506216,109214,9/7/2025,10/11/2025
506217,109216,9/7/2025,6/29/2026
506218,109222,9/7/2025,12/4/2025
506219,109219,9/7/2025,9/11/2025
506220,109220,9/7/2025,11/2/2025
506221,109203,9/7/2025,11/12/2025
506222,109224,9/7/2025,9/15/2025
506223,109225,9/7/2025,11/20/2025
506224,109226,9/7/2025,9/15/2025
506225,109228,9/7/2025,10/22/2025
506226,109230,9/7/2025,11/5/2025
506227,109218,9/7/2025,12/4/2025
506228,109201,9/7/2025,1/11/2026
506229,109204,9/7/2025,9/8/2025
506230,109199,9/7/2025,12/22/2025
506231,103027,9/7/2025,9/9/2025
506232,109200,9/7/2025,9/29/2025
506233,109172,9/7/2025,3/9/2026
506234,109174,9/7/2025,9/23/2025
506235,109175,9/7/2025,9/8/2025
506236,109177,9/7/2025,9/12/2025
506237,109179,9/7/2025,
506238,109181,9/7/2025,9/9/2025
506239,109178,9/7/2025,10/8/2025
506240,109185,9/7/2025,10/4/2025
506241,109187,9/7/2025,9/24/2025
506242,109188,9/7/2025,9/11/2025
506243,109190,9/7/2025,9/12/2025
506244,109192,9/7/2025,9/20/2025
506245,109193,9/7/2025,10/10/2025
506246,109195,9/7/2025,
506247,109197,9/7/2025,
506248,109183,9/7/2025,10/14/2025
506249,109266,9/8/2025,11/20/2025
506250,109258,9/8/2025,12/24/2025
506251,109260,9/8/2025,1/26/2026
506252,109261,9/8/2025,9/20/2025
506253,109263,9/8/2025,9/13/2025
506254,109264,9/8/2025,9/27/2025
506255,109267,9/8/2025,11/15/2025
506256,109256,9/8/2025,9/9/2025
506257,109270,9/8/2025,9/15/2025
506258,109272,9/8/2025,
506259,109274,9/8/2025,3/11/2026
506260,109276,9/8/2025,11/14/2025
506261,109278,9/8/2025,1/5/2026
506262,109279,9/8/2025,10/26/2025
506263,109268,9/8/2025,3/22/2026
506264,109255,9/8/2025,10/16/2025
506265,109273,9/8/2025,
506266,109251,9/8/2025,9/11/2025
506267,109234,9/8/2025,9/12/2025
506268,109253,9/8/2025,9/10/2025
506269,109235,9/8/2025,2/14/2026
506270,109236,9/8/2025,3/17/2026
506271,109238,9/8/2025,2/28/2026
506272,109239,9/8/2025,12/14/2025
506273,109232,9/8/2025,6/19/2026
506274,109243,9/8/2025,10/22/2025
506275,109245,9/8/2025,9/12/2025
506276,109246,9/8/2025,10/10/2025
506277,109248,9/8/2025,11/10/2025
506278,109249,9/8/2025,11/14/2025
506279,109241,9/8/2025,9/28/2025
506280,109301,9/9/2025,6/1/2026
506281,109303,9/9/2025,2/15/2026
506282,109304,9/9/2025,9/18/2025
506283,109305,9/9/2025,12/4/2025
506284,109306,9/9/2025,9/11/2025
506285,109307,9/9/2025,1/17/2026
506286,109313,9/9/2025,9/16/2025
506287,109311,9/9/2025,9/23/2025
506288,109315,9/9/2025,9/24/2025
506289,109316,9/9/2025,9/10/2025
506290,109318,9/9/2025,9/21/2025
506291,109299,9/9/2025,3/1/2026
506292,109309,9/9/2025,1/14/2026
506293,109298,9/9/2025,11/12/2025
506294,109297,9/9/2025,1/13/2026
506295,109296,9/9/2025,11/12/2025
506296,101701,9/9/2025,9/27/2025
506297,104423,9/9/2025,3/27/2026
506298,109281,9/9/2025,9/22/2025
506299,109282,9/9/2025,9/17/2025
506300,109286,9/9/2025,10/7/2025
506301,109287,9/9/2025,9/19/2025
506302,109284,9/9/2025,9/10/2025
506303,109290,9/9/2025,10/10/2025
506304,109291,9/9/2025,9/26/2025
506305,109293,9/9/2025,10/18/2025
506306,109294,9/9/2025,10/31/2025
506307,109295,9/9/2025,11/12/2025
506308,109288,9/9/2025,10/27/2025
506309,109357,9/10/2025,9/30/2025
506310,109351,9/10/2025,2/5/2026
506311,109352,9/10/2025,4/3/2026
506312,109354,9/10/2025,1/18/2026
506313,109356,9/10/2025,9/14/2025
506314,109359,9/10/2025,7/5/2026
506315,109370,9/10/2025,
506316,109362,9/10/2025,9/26/2025
506317,109364,9/10/2025,7/5/2026
506318,109365,9/10/2025,2/4/2026
506319,109366,9/10/2025,11/30/2025
506320,109368,9/10/2025,9/25/2025
506321,109350,9/10/2025,3/26/2026
506322,109360,9/10/2025,9/16/2025
506323,109348,9/10/2025,1/27/2026
506324,109323,9/10/2025,9/11/2025
506325,109344,9/10/2025,9/13/2025
506326,109346,9/10/2025,9/15/2025
506327,109319,9/10/2025,2/20/2026
506328,109321,9/10/2025,
506329,109327,9/10/2025,10/21/2025
506330,109329,9/10/2025,
506331,109330,9/10/2025,7/24/2026
506332,109325,9/10/2025,
506333,109334,9/10/2025,12/9/2025
506334,109335,9/10/2025,9/30/2025
506335,109337,9/10/2025,11/24/2025
506336,109339,9/10/2025,9/27/2025
506337,109341,9/10/2025,2/25/2026
506338,109343,9/10/2025,9/23/2025
506339,109332,9/10/2025,9/19/2025
506340,109406,9/11/2025,9/14/2025
506341,109397,9/11/2025,9/13/2025
506342,109398,9/11/2025,10/12/2025
506343,109399,9/11/2025,9/28/2025
506344,109401,9/11/2025,10/6/2025
506345,109403,9/11/2025,9/17/2025
506346,109405,9/11/2025,9/27/2025
506347,109408,9/11/2025,12/16/2025
506348,109421,9/11/2025,9/15/2025
506349,109411,9/11/2025,
506350,109413,9/11/2025,10/6/2025
506351,109415,9/11/2025,10/9/2025
506352,109417,9/11/2025,11/17/2025
506353,109419,9/11/2025,1/26/2026
506354,109423,9/11/2025,9/19/2025
506355,109396,9/11/2025,9/16/2025
506356,109409,9/11/2025,9/20/2025
506357,109394,9/11/2025,1/7/2026
506358,109379,9/11/2025,9/28/2025
506359,109391,9/11/2025,2/15/2026
506360,109371,9/11/2025,4/22/2026
506361,109372,9/11/2025,11/17/2025
506362,109373,9/11/2025,9/24/2025
506363,109375,9/11/2025,9/15/2025
506364,109376,9/11/2025,1/13/2026
506365,109377,9/11/2025,5/10/2026
506366,109380,9/11/2025,10/3/2025
506367,109393,9/11/2025,9/17/2025
506368,109382,9/11/2025,9/16/2025
506369,109383,9/11/2025,9/25/2025
506370,109385,9/11/2025,10/15/2025
506371,109387,9/11/2025,9/30/2025
506372,109388,9/11/2025,9/22/2025
506373,109389,9/11/2025,10/27/2025
506374,109381,9/11/2025,
506375,109477,9/12/2025,9/15/2025
506376,109451,9/12/2025,
506377,109453,9/12/2025,2/20/2026
506378,109454,9/12/2025,11/1/2025
506379,109456,9/12/2025,10/21/2025
506380,109458,9/12/2025,10/1/2025
506381,109459,9/12/2025,10/15/2025
506382,109461,9/12/2025,
506383,109467,9/12/2025,9/21/2025
506384,109463,9/12/2025,1/9/2026
506385,109465,9/12/2025,
506386,109469,9/12/2025,1/11/2026
506387,109470,9/12/2025,9/18/2025
506388,109472,9/12/2025,9/18/2025
506389,109474,9/12/2025,12/25/2025
506390,109449,9/12/2025,9/17/2025
506391,109462,9/12/2025,10/14/2025
506392,109475,9/12/2025,10/10/2025
506393,109448,9/12/2025,12/1/2025
506394,109445,9/12/2025,9/20/2025
506395,109446,9/12/2025,12/28/2025
506396,109424,9/12/2025,
506397,109426,9/12/2025,9/14/2025
506398,109429,9/12/2025,11/1/2025
506399,109430,9/12/2025,4/16/2026
506400,109431,9/12/2025,3/20/2026
506401,109432,9/12/2025,9/15/2025
506402,109427,9/12/2025,9/24/2025
506403,109436,9/12/2025,1/19/2026
506404,109437,9/12/2025,12/22/2025
506405,109439,9/12/2025,1/31/2026
506406,109441,9/12/2025,10/19/2025
506407,109442,9/12/2025,10/4/2025
506408,109443,9/12/2025,9/13/2025
506409,109434,9/12/2025,9/20/2025
506410,109513,9/13/2025,9/29/2025
506411,109506,9/13/2025,9/17/2025
506412,109507,9/13/2025,
506413,109508,9/13/2025,12/26/2025
506414,109509,9/13/2025,
506415,109510,9/13/2025,11/26/2025
506416,109511,9/13/2025,3/9/2026
506417,109512,9/13/2025,9/25/2025
506418,109514,9/13/2025,9/23/2025
506419,109526,9/13/2025,11/22/2025
506420,109516,9/13/2025,9/28/2025
506421,109527,9/13/2025,10/30/2025
506422,109517,9/13/2025,10/6/2025
506423,109519,9/13/2025,10/14/2025
506424,109520,9/13/2025,11/12/2025
506425,109504,9/13/2025,10/27/2025
506426,109524,9/13/2025,
506427,109522,9/13/2025,9/28/2025
506428,109515,9/13/2025,4/29/2026
506429,109502,9/13/2025,9/19/2025
506430,109483,9/13/2025,12/19/2025
506431,109499,9/13/2025,11/14/2025
506432,100362,9/13/2025,9/27/2025
506433,102466,9/13/2025,9/24/2025
506434,109479,9/13/2025,3/23/2026
506435,109481,9/13/2025,9/22/2025
506436,109482,9/13/2025,9/22/2025
506437,109485,9/13/2025,9/20/2025
506438,109487,9/13/2025,12/18/2025
506439,109488,9/13/2025,10/27/2025
506440,109500,9/13/2025,12/9/2025
506441,109490,9/13/2025,9/15/2025
506442,109491,9/13/2025,11/10/2025
506443,109492,9/13/2025,9/15/2025
506444,109493,9/13/2025,11/4/2025
506445,109494,9/13/2025,5/18/2026
506446,109496,9/13/2025,9/18/2025
506447,109497,9/13/2025,10/15/2025
506448,109489,9/13/2025,10/27/2025
506449,109553,9/14/2025,6/18/2026
506450,109555,9/14/2025,9/15/2025
506451,109556,9/14/2025,10/8/2025
506452,109558,9/14/2025,7/2/2026
506453,109560,9/14/2025,9/30/2025
506454,109562,9/14/2025,9/24/2025
506455,109563,9/14/2025,11/10/2025
506456,109567,9/14/2025,1/14/2026
506457,109565,9/14/2025,9/24/2025
506458,109566,9/14/2025,9/19/2025
506459,109569,9/14/2025,2/3/2026
506460,109570,9/14/2025,10/25/2025
506461,109571,9/14/2025,12/3/2025
506462,109573,9/14/2025,5/5/2026
506463,109551,9/14/2025,3/15/2026
506464,109564,9/14/2025,12/29/2025
506465,109550,9/14/2025,10/25/2025
506466,109543,9/14/2025,
506467,109547,9/14/2025,9/18/2025
506468,103077,9/14/2025,9/25/2025
506469,109529,9/14/2025,1/3/2026
506470,109549,9/14/2025,10/31/2025
506471,109532,9/14/2025,9/27/2025
506472,109533,9/14/2025,10/30/2025
506473,109534,9/14/2025,2/2/2026
506474,109535,9/14/2025,11/10/2025
506475,109531,9/14/2025,2/20/2026
506476,109537,9/14/2025,
506477,109539,9/14/2025,3/14/2026
506478,109541,9/14/2025,9/15/2025
506479,109545,9/14/2025,10/2/2025
506480,109546,9/14/2025,6/7/2026
506481,109536,9/14/2025,9/23/2025
506482,109591,9/15/2025,4/9/2026
506483,109592,9/15/2025,10/19/2025
506484,109594,9/15/2025,9/19/2025
506485,109597,9/15/2025,9/21/2025
506486,109600,9/15/2025,9/24/2025
506487,109601,9/15/2025,12/4/2025
506488,109603,9/15/2025,9/18/2025
506489,109602,9/15/2025,9/16/2025
506490,109590,9/15/2025,2/23/2026
506491,109598,9/15/2025,10/10/2025
506492,109589,9/15/2025,9/18/2025
506493,109595,9/15/2025,9/24/2025
506494,109586,9/15/2025,11/5/2025
506495,109574,9/15/2025,10/12/2025
506496,109576,9/15/2025,11/8/2025
506497,109577,9/15/2025,9/18/2025
506498,109578,9/15/2025,1/4/2026
506499,109587,9/15/2025,11/25/2025
506500,109582,9/15/2025,11/5/2025
506501,109583,9/15/2025,11/13/2025
506502,109584,9/15/2025,10/26/2025
506503,109585,9/15/2025,11/11/2025
506504,109580,9/15/2025,9/16/2025
506505,109629,9/16/2025,
506506,109630,9/16/2025,9/19/2025
506507,109632,9/16/2025,9/21/2025
506508,109634,9/16/2025,11/16/2025
506509,109635,9/16/2025,1/16/2026
506510,109640,9/16/2025,2/5/2026
506511,109639,9/16/2025,11/23/2025
506512,109641,9/16/2025,10/9/2025
506513,109642,9/16/2025,11/7/2025
506514,109627,9/16/2025,10/1/2025
506515,109645,9/16/2025,10/8/2025
506516,109637,9/16/2025,12/10/2025
506517,109625,9/16/2025,9/22/2025
506518,109644,9/16/2025,9/23/2025
506519,109622,9/16/2025,12/6/2025
506520,109605,9/16/2025,11/16/2025
506521,109607,9/16/2025,10/5/2025
506522,109609,9/16/2025,11/21/2025
506523,109611,9/16/2025,11/1/2025
506524,109613,9/16/2025,1/11/2026
506525,102619,9/16/2025,
506526,109615,9/16/2025,9/20/2025
506527,109614,9/16/2025,9/21/2025
506528,109620,9/16/2025,9/25/2025
506529,109624,9/16/2025,12/31/2025
506530,109617,9/16/2025,10/4/2025
506531,109619,9/16/2025,9/18/2025
506532,109678,9/17/2025,10/6/2025
506533,109664,9/17/2025,12/4/2025
506534,109677,9/17/2025,1/28/2026
506535,109676,9/17/2025,
506536,109673,9/17/2025,9/24/2025
506537,109671,9/17/2025,1/8/2026
506538,109670,9/17/2025,11/24/2025
506539,109669,9/17/2025,9/28/2025
506540,109668,9/17/2025,11/1/2025
506541,109667,9/17/2025,10/11/2025
506542,109665,9/17/2025,3/31/2026
506543,109674,9/17/2025,
506544,109661,9/17/2025,11/3/2025
506545,109660,9/17/2025,11/11/2025
506546,109659,9/17/2025,12/30/2025
506547,109658,9/17/2025,9/24/2025
506548,109657,9/17/2025,9/29/2025
506549,109656,9/17/2025,
506550,109654,9/17/2025,11/10/2025
506551,109653,9/17/2025,9/29/2025
506552,109651,9/17/2025,11/27/2025
506553,109649,9/17/2025,
506554,109648,9/17/2025,12/23/2025
506555,109647,9/17/2025,9/27/2025
506556,109663,9/17/2025,5/18/2026
506557,109698,9/18/2025,11/2/2025
506558,109700,9/18/2025,9/20/2025
506559,109702,9/18/2025,1/8/2026
506560,109703,9/18/2025,10/9/2025
506561,109696,9/18/2025,1/24/2026
506562,109713,9/18/2025,11/29/2025
506563,109707,9/18/2025,1/24/2026
506564,109709,9/18/2025,
506565,109711,9/18/2025,11/13/2025
506566,109704,9/18/2025,11/5/2025
506567,109694,9/18/2025,11/1/2025
506568,109706,9/18/2025,12/8/2025
506569,109691,9/18/2025,10/16/2025
506570,109692,9/18/2025,9/28/2025
506571,100316,9/18/2025,7/3/2026
506572,109681,9/18/2025,4/7/2026
506573,109682,9/18/2025,10/16/2025
506574,109679,9/18/2025,1/15/2026
506575,109686,9/18/2025,9/26/2025
506576,109687,9/18/2025,2/9/2026
506577,109689,9/18/2025,10/18/2025
506578,109690,9/18/2025,
506579,109684,9/18/2025,9/27/2025
506580,109745,9/19/2025,12/29/2025
506581,109734,9/19/2025,10/3/2025
506582,109736,9/19/2025,1/7/2026
506583,109737,9/19/2025,
506584,109739,9/19/2025,10/24/2025
506585,109743,9/19/2025,3/26/2026
506586,109746,9/19/2025,9/23/2025
506587,109752,9/19/2025,10/5/2025
506588,109749,9/19/2025,9/20/2025
506589,109750,9/19/2025,9/20/2025
506590,109751,9/19/2025,10/10/2025
506591,109732,9/19/2025,9/23/2025
506592,109753,9/19/2025,10/9/2025
506593,109754,9/19/2025,11/4/2025
506594,109748,9/19/2025,1/4/2026
506595,109730,9/19/2025,5/2/2026
506596,109741,9/19/2025,10/25/2025
506597,109727,9/19/2025,
506598,109729,9/19/2025,10/12/2025
506599,100827,9/19/2025,10/22/2025
506600,109716,9/19/2025,2/16/2026
506601,109717,9/19/2025,10/7/2025
506602,109718,9/19/2025,9/27/2025
506603,109719,9/19/2025,11/29/2025
506604,109714,9/19/2025,9/20/2025
506605,109722,9/19/2025,12/21/2025
506606,109723,9/19/2025,9/28/2025
506607,109724,9/19/2025,9/22/2025
506608,109725,9/19/2025,11/22/2025
506609,109726,9/19/2025,10/13/2025
506610,109721,9/19/2025,
506611,109801,9/20/2025,9/22/2025
506612,109799,9/20/2025,10/20/2025
506613,109798,9/20/2025,5/9/2026
506614,109796,9/20/2025,10/2/2025
506615,109794,9/20/2025,9/22/2025
506616,109793,9/20/2025,12/15/2025
506617,109792,9/20/2025,10/11/2025
506618,109802,9/20/2025,10/24/2025
506619,109790,9/20/2025,3/14/2026
506620,109795,9/20/2025,10/17/2025
506621,109804,9/20/2025,10/8/2025
506622,109815,9/20/2025,9/23/2025
506623,109807,9/20/2025,10/2/2025
506624,109809,9/20/2025,12/2/2025
506625,109810,9/20/2025,3/17/2026
506626,109812,9/20/2025,10/10/2025
506627,109813,9/20/2025,11/13/2025
506628,109816,9/20/2025,11/4/2025
506629,109818,9/20/2025,10/30/2025
506630,109819,9/20/2025,12/27/2025
506631,109822,9/20/2025,10/15/2025
506632,109820,9/20/2025,
506633,109789,9/20/2025,9/22/2025
506634,109805,9/20/2025,1/18/2026
506635,109788,9/20/2025,10/6/2025
506636,109800,9/20/2025,10/23/2025
506637,109785,9/20/2025,7/28/2026
506638,109786,9/20/2025,
506639,109755,9/20/2025,9/30/2025
506640,109757,9/20/2025,2/3/2026
506641,109760,9/20/2025,9/21/2025
506642,109762,9/20/2025,10/5/2025
506643,109764,9/20/2025,10/13/2025
506644,109766,9/20/2025,10/30/2025
506645,109768,9/20/2025,9/22/2025
506646,109769,9/20/2025,11/19/2025
506647,109759,9/20/2025,10/23/2025
506648,109772,9/20/2025,10/4/2025
506649,109774,9/20/2025,10/19/2025
506650,109775,9/20/2025,9/23/2025
506651,109777,9/20/2025,9/23/2025
506652,109779,9/20/2025,9/29/2025
506653,109780,9/20/2025,12/25/2025
506654,109782,9/20/2025,9/23/2025
506655,109770,9/20/2025,9/30/2025
506656,109783,9/20/2025,10/7/2025
506657,109863,9/21/2025,1/12/2026
506658,109841,9/21/2025,5/27/2026
506659,109843,9/21/2025,
506660,109845,9/21/2025,
506661,109846,9/21/2025,9/22/2025
506662,109848,9/21/2025,10/8/2025
506663,109851,9/21/2025,10/12/2025
506664,109857,9/21/2025,
506665,109854,9/21/2025,9/26/2025
506666,109855,9/21/2025,10/3/2025
506667,109858,9/21/2025,10/22/2025
506668,109860,9/21/2025,11/7/2025
506669,109862,9/21/2025,10/22/2025
506670,109839,9/21/2025,2/10/2026
506671,109852,9/21/2025,9/29/2025
506672,109838,9/21/2025,10/17/2025
506673,109849,9/21/2025,9/23/2025
506674,109836,9/21/2025,9/23/2025
506675,100976,9/21/2025,2/1/2026
506676,104058,9/21/2025,10/10/2025
506677,109823,9/21/2025,9/22/2025
506678,109825,9/21/2025,1/9/2026
506679,109827,9/21/2025,9/23/2025
506680,102634,9/21/2025,9/29/2025
506681,109829,9/21/2025,10/14/2025
506682,109828,9/21/2025,1/4/2026
506683,109835,9/21/2025,11/11/2025
506684,109837,9/21/2025,9/24/2025
506685,109832,9/21/2025,9/23/2025
506686,109830,9/21/2025,
506687,109834,9/21/2025,10/26/2025
506688,109877,9/22/2025,1/12/2026
506689,109891,9/22/2025,9/23/2025
506690,109890,9/22/2025,12/31/2025
506691,109888,9/22/2025,9/27/2025
506692,109886,9/22/2025,9/23/2025
506693,109884,9/22/2025,9/29/2025
506694,109882,9/22/2025,10/17/2025
506695,109880,9/22/2025,1/4/2026
506696,109879,9/22/2025,12/31/2025
506697,109889,9/22/2025,1/29/2026
506698,109875,9/22/2025,10/5/2025
506699,109872,9/22/2025,9/29/2025
506700,109871,9/22/2025,10/16/2025
506701,109869,9/22/2025,12/27/2025
506702,109868,9/22/2025,12/15/2025
506703,109867,9/22/2025,11/10/2025
506704,109865,9/22/2025,9/24/2025
506705,109864,9/22/2025,10/22/2025
506706,106143,9/22/2025,9/26/2025
506707,106032,9/22/2025,1/12/2026
506708,109874,9/22/2025,9/23/2025
506709,109926,9/23/2025,1/6/2026
506710,109924,9/23/2025,12/24/2025
506711,109920,9/23/2025,1/20/2026
506712,109927,9/23/2025,
506713,109918,9/23/2025,9/27/2025
506714,109922,9/23/2025,9/25/2025
506715,109929,9/23/2025,7/24/2026
506716,109936,9/23/2025,10/29/2025
506717,109931,9/23/2025,12/22/2025
506718,109933,9/23/2025,10/8/2025
506719,109934,9/23/2025,10/11/2025
506720,109937,9/23/2025,
506721,109917,9/23/2025,10/2/2025
506722,109939,9/23/2025,4/1/2026
506723,109930,9/23/2025,11/21/2025
506724,109916,9/23/2025,12/18/2025
506725,109893,9/23/2025,
506726,109913,9/23/2025,
506727,109894,9/23/2025,10/5/2025
506728,109895,9/23/2025,10/12/2025
506729,109896,9/23/2025,10/1/2025
506730,109898,9/23/2025,11/19/2025
506731,109900,9/23/2025,10/13/2025
506732,109902,9/23/2025,10/7/2025
506733,109914,9/23/2025,12/1/2025
506734,109905,9/23/2025,9/25/2025
506735,109907,9/23/2025,9/27/2025
506736,109909,9/23/2025,12/13/2025
506737,109911,9/23/2025,12/16/2025
506738,109912,9/23/2025,9/26/2025
506739,109903,9/23/2025,3/26/2026
506740,109959,9/24/2025,11/1/2025
506741,109961,9/24/2025,10/21/2025
506742,109962,9/24/2025,11/16/2025
506743,109963,9/24/2025,
506744,109964,9/24/2025,11/10/2025
506745,109965,9/24/2025,10/6/2025
506746,109966,9/24/2025,
506747,109971,9/24/2025,9/25/2025
506748,109969,9/24/2025,12/7/2025
506749,109972,9/24/2025,10/7/2025
506750,109973,9/24/2025,6/10/2026
506751,109975,9/24/2025,
506752,109958,9/24/2025,10/20/2025
506753,109979,9/24/2025,1/4/2026
506754,109967,9/24/2025,11/3/2025
506755,109977,9/24/2025,5/28/2026
506756,109956,9/24/2025,9/28/2025
506757,109954,9/24/2025,5/28/2026
506758,109955,9/24/2025,9/25/2025
506759,101013,9/24/2025,10/7/2025
506760,109941,9/24/2025,9/26/2025
506761,109942,9/24/2025,10/1/2025
506762,109943,9/24/2025,10/14/2025
506763,105576,9/24/2025,10/9/2025
506764,109946,9/24/2025,4/8/2026
506765,109948,9/24/2025,12/11/2025
506766,109949,9/24/2025,10/22/2025
506767,109951,9/24/2025,10/7/2025
506768,109953,9/24/2025,12/10/2025
506769,109945,9/24/2025,9/25/2025
506770,110016,9/25/2025,11/2/2025
506771,110006,9/25/2025,4/20/2026
506772,110008,9/25/2025,10/3/2025
506773,110010,9/25/2025,10/29/2025
506774,110012,9/25/2025,9/29/2025
506775,110013,9/25/2025,10/29/2025
506776,110014,9/25/2025,1/31/2026
506777,110018,9/25/2025,10/20/2025
506778,110030,9/25/2025,
506779,110020,9/25/2025,11/12/2025
506780,110021,9/25/2025,1/25/2026
506781,110023,9/25/2025,10/1/2025
506782,110024,9/25/2025,10/7/2025
506783,110028,9/25/2025,1/7/2026
506784,110026,9/25/2025,10/1/2025
506785,110025,9/25/2025,3/30/2026
506786,110019,9/25/2025,11/14/2025
506787,110003,9/25/2025,11/2/2025
506788,110005,9/25/2025,
506789,109999,9/25/2025,11/9/2025
506790,106329,9/25/2025,10/18/2025
506791,110001,9/25/2025,10/13/2025
506792,109981,9/25/2025,
506793,109983,9/25/2025,11/19/2025
506794,109984,9/25/2025,1/12/2026
506795,109986,9/25/2025,3/9/2026
506796,109985,9/25/2025,11/2/2025
506797,109989,9/25/2025,2/9/2026
506798,109990,9/25/2025,9/27/2025
506799,109992,9/25/2025,
506800,109993,9/25/2025,
506801,109995,9/25/2025,10/5/2025
506802,109997,9/25/2025,11/8/2025
506803,109988,9/25/2025,10/7/2025
506804,110058,9/26/2025,10/9/2025
506805,110051,9/26/2025,10/31/2025
506806,110054,9/26/2025,10/16/2025
506807,110056,9/26/2025,4/21/2026
506808,110059,9/26/2025,9/27/2025
506809,110070,9/26/2025,2/13/2026
506810,110063,9/26/2025,10/13/2025
506811,110065,9/26/2025,10/7/2025
506812,110067,9/26/2025,10/10/2025
506813,110068,9/26/2025,10/21/2025
506814,110049,9/26/2025,9/27/2025
506815,110061,9/26/2025,11/5/2025
506816,110048,9/26/2025,10/1/2025
506817,110053,9/26/2025,11/5/2025
506818,110045,9/26/2025,4/2/2026
506819,110046,9/26/2025,10/5/2025
506820,103291,9/26/2025,2/16/2026
506821,102723,9/26/2025,12/24/2025
506822,110032,9/26/2025,6/1/2026
506823,110034,9/26/2025,10/10/2025
506824,110035,9/26/2025,10/1/2025
506825,104184,9/26/2025,10/20/2025
506826,110038,9/26/2025,10/15/2025
506827,110039,9/26/2025,
506828,110041,9/26/2025,3/25/2026
506829,110042,9/26/2025,2/8/2026
506830,110044,9/26/2025,12/12/2025
506831,110037,9/26/2025,10/13/2025
506832,110102,9/27/2025,9/29/2025
506833,110114,9/27/2025,1/15/2026
506834,110104,9/27/2025,10/12/2025
506835,110105,9/27/2025,10/9/2025
506836,110106,9/27/2025,
506837,110107,9/27/2025,
506838,110109,9/27/2025,10/18/2025
506839,110111,9/27/2025,10/31/2025
506840,110113,9/27/2025,10/4/2025
506841,110116,9/27/2025,10/1/2025
506842,110127,9/27/2025,9/28/2025
506843,110120,9/27/2025,10/4/2025
506844,110121,9/27/2025,1/1/2026
506845,110122,9/27/2025,7/19/2026
506846,110124,9/27/2025,5/29/2026
506847,110125,9/27/2025,2/22/2026
506848,110129,9/27/2025,10/1/2025
506849,110130,9/27/2025,5/29/2026
506850,110132,9/27/2025,10/13/2025
506851,110101,9/27/2025,11/14/2025
506852,110134,9/27/2025,7/17/2026
506853,110099,9/27/2025,9/30/2025
506854,110118,9/27/2025,
506855,110096,9/27/2025,10/2/2025
506856,110097,9/27/2025,
506857,110073,9/27/2025,9/29/2025
506858,110074,9/27/2025,10/21/2025
506859,110075,9/27/2025,12/6/2025
506860,110076,9/27/2025,9/28/2025
506861,110077,9/27/2025,1/15/2026
506862,110078,9/27/2025,
506863,110079,9/27/2025,2/15/2026
506864,110080,9/27/2025,1/24/2026
506865,110081,9/27/2025,6/24/2026
506866,110072,9/27/2025,10/7/2025
506867,110084,9/27/2025,12/11/2025
506868,110086,9/27/2025,10/9/2025
506869,110087,9/27/2025,9/29/2025
506870,110089,9/27/2025,9/28/2025
506871,110090,9/27/2025,9/30/2025
506872,110091,9/27/2025,10/10/2025
506873,110092,9/27/2025,12/16/2025
506874,110093,9/27/2025,10/26/2025
506875,110094,9/27/2025,11/30/2025
506876,110095,9/27/2025,10/10/2025
506877,110082,9/27/2025,10/4/2025
506878,110181,9/28/2025,10/2/2025
506879,110179,9/28/2025,12/3/2025
506880,110178,9/28/2025,12/2/2025
506881,110171,9/28/2025,12/2/2025
506882,110174,9/28/2025,11/1/2025
506883,110173,9/28/2025,10/2/2025
506884,110182,9/28/2025,10/12/2025
506885,110176,9/28/2025,2/21/2026
506886,110184,9/28/2025,3/20/2026
506887,110193,9/28/2025,2/19/2026
506888,110186,9/28/2025,11/29/2025
506889,110187,9/28/2025,10/4/2025
506890,110189,9/28/2025,10/11/2025
506891,110191,9/28/2025,10/3/2025
506892,110195,9/28/2025,3/12/2026
506893,110196,9/28/2025,1/22/2026
506894,110197,9/28/2025,10/10/2025
506895,110199,9/28/2025,9/30/2025
506896,110170,9/28/2025,10/27/2025
506897,110185,9/28/2025,10/14/2025
506898,110168,9/28/2025,5/29/2026
506899,110163,9/28/2025,10/9/2025
506900,110166,9/28/2025,11/26/2025
506901,107953,9/28/2025,9/30/2025
506902,110167,9/28/2025,10/24/2025
506903,110137,9/28/2025,12/23/2025
506904,110139,9/28/2025,10/8/2025
506905,110141,9/28/2025,3/15/2026
506906,110143,9/28/2025,
506907,110145,9/28/2025,10/9/2025
506908,110146,9/28/2025,10/16/2025
506909,110148,9/28/2025,
506910,110136,9/28/2025,2/27/2026
506911,110151,9/28/2025,10/13/2025
506912,110153,9/28/2025,10/15/2025
506913,110155,9/28/2025,3/8/2026
506914,110157,9/28/2025,10/5/2025
506915,110158,9/28/2025,10/2/2025
506916,110160,9/28/2025,6/9/2026
506917,110162,9/28/2025,10/6/2025
506918,110164,9/28/2025,1/6/2026
506919,110150,9/28/2025,5/12/2026
506920,110226,9/29/2025,10/18/2025
506921,110227,9/29/2025,
506922,110228,9/29/2025,10/31/2025
506923,110229,9/29/2025,6/5/2026
506924,110231,9/29/2025,12/23/2025
506925,110232,9/29/2025,1/11/2026
506926,110234,9/29/2025,10/19/2025
506927,110242,9/29/2025,2/24/2026
506928,110238,9/29/2025,11/19/2025
506929,110239,9/29/2025,10/1/2025
506930,110241,9/29/2025,11/17/2025
506931,110244,9/29/2025,10/9/2025
506932,110246,9/29/2025,12/15/2025
506933,110247,9/29/2025,10/29/2025
506934,110224,9/29/2025,10/24/2025
506935,110236,9/29/2025,10/3/2025
506936,110221,9/29/2025,2/22/2026
506937,110222,9/29/2025,10/8/2025
506938,110218,9/29/2025,12/2/2025
506939,103634,9/29/2025,4/1/2026
506940,110200,9/29/2025,1/2/2026
506941,110201,9/29/2025,
506942,110203,9/29/2025,10/22/2025
506943,110205,9/29/2025,1/3/2026
506944,110206,9/29/2025,11/15/2025
506945,110207,9/29/2025,2/8/2026
506946,110219,9/29/2025,1/16/2026
506947,110209,9/29/2025,11/28/2025
506948,110211,9/29/2025,10/6/2025
506949,110212,9/29/2025,
506950,110214,9/29/2025,10/16/2025
506951,110216,9/29/2025,11/19/2025
506952,110208,9/29/2025,10/28/2025
506953,110267,9/30/2025,11/27/2025
506954,110268,9/30/2025,10/31/2025
506955,110270,9/30/2025,
506956,110271,9/30/2025,10/14/2025
506957,110272,9/30/2025,10/5/2025
506958,110274,9/30/2025,10/1/2025
506959,110279,9/30/2025,11/29/2025
506960,110277,9/30/2025,12/16/2025
506961,110281,9/30/2025,10/4/2025
506962,110283,9/30/2025,10/11/2025
506963,110287,9/30/2025,10/19/2025
506964,110265,9/30/2025,
506965,110275,9/30/2025,10/12/2025
506966,110263,9/30/2025,10/1/2025
506967,110285,9/30/2025,10/6/2025
506968,110259,9/30/2025,10/9/2025
506969,110261,9/30/2025,1/17/2026
506970,101549,9/30/2025,
506971,110249,9/30/2025,10/15/2025
506972,110250,9/30/2025,10/25/2025
506973,110248,9/30/2025,11/19/2025
506974,110253,9/30/2025,10/4/2025
506975,110255,9/30/2025,10/4/2025
506976,110257,9/30/2025,2/9/2026
506977,110258,9/30/2025,5/15/2026
506978,110252,9/30/2025,12/27/2025
506979,110311,10/1/2025,10/31/2025
506980,110305,10/1/2025,11/8/2025
506981,110306,10/1/2025,10/6/2025
506982,110308,10/1/2025,10/19/2025
506983,110310,10/1/2025,1/11/2026
506984,110312,10/1/2025,10/14/2025
506985,110320,10/1/2025,10/17/2025
506986,110315,10/1/2025,11/4/2025
506987,110317,10/1/2025,10/4/2025
506988,110318,10/1/2025,10/27/2025
506989,110322,10/1/2025,10/15/2025
506990,110323,10/1/2025,10/21/2025
506991,110314,10/1/2025,10/9/2025
506992,110302,10/1/2025,3/22/2026
506993,110304,10/1/2025,10/26/2025
506994,110300,10/1/2025,10/18/2025
506995,110301,10/1/2025,10/13/2025
506996,110289,10/1/2025,12/18/2025
506997,110290,10/1/2025,5/4/2026
506998,110291,10/1/2025,2/7/2026
506999,110288,10/1/2025,11/6/2025
507000,110294,10/1/2025,12/25/2025
507001,110295,10/1/2025,10/15/2025
507002,110296,10/1/2025,10/9/2025
507003,110298,10/1/2025,2/1/2026
507004,110293,10/1/2025,1/2/2026
507005,110358,10/2/2025,
507006,110350,10/2/2025,10/21/2025
507007,110352,10/2/2025,1/6/2026
507008,110353,10/2/2025,1/20/2026
507009,110354,10/2/2025,12/17/2025
507010,110356,10/2/2025,
507011,110357,10/2/2025,6/23/2026
507012,110359,10/2/2025,12/3/2025
507013,110372,10/2/2025,12/15/2025
507014,110362,10/2/2025,1/30/2026
507015,110363,10/2/2025,10/13/2025
507016,110374,10/2/2025,12/20/2025
507017,110365,10/2/2025,11/19/2025
507018,110370,10/2/2025,11/30/2025
507019,110368,10/2/2025,10/13/2025
507020,110348,10/2/2025,12/1/2025
507021,110366,10/2/2025,12/9/2025
507022,110360,10/2/2025,10/22/2025
507023,110346,10/2/2025,12/18/2025
507024,110326,10/2/2025,10/3/2025
507025,110343,10/2/2025,10/4/2025
507026,100763,10/2/2025,
507027,106580,10/2/2025,1/1/2026
507028,110345,10/2/2025,10/24/2025
507029,110324,10/2/2025,2/11/2026
507030,110328,10/2/2025,10/22/2025
507031,110329,10/2/2025,11/1/2025
507032,110330,10/2/2025,11/2/2025
507033,102984,10/2/2025,
507034,110332,10/2/2025,10/15/2025
507035,110334,10/2/2025,4/14/2026
507036,110336,10/2/2025,1/10/2026
507037,110337,10/2/2025,10/3/2025
507038,110339,10/2/2025,4/21/2026
507039,110340,10/2/2025,11/14/2025
507040,110342,10/2/2025,4/3/2026
507041,110331,10/2/2025,2/18/2026
507042,110396,10/3/2025,
507043,110397,10/3/2025,11/12/2025
507044,110399,10/3/2025,10/12/2025
507045,110401,10/3/2025,11/17/2025
507046,110403,10/3/2025,11/29/2025
507047,110404,10/3/2025,10/12/2025
507048,110408,10/3/2025,10/23/2025
507049,110406,10/3/2025,6/25/2026
507050,110407,10/3/2025,10/8/2025
507051,110410,10/3/2025,10/24/2025
507052,110412,10/3/2025,10/25/2025
507053,110394,10/3/2025,2/26/2026
507054,110405,10/3/2025,
507055,110393,10/3/2025,11/14/2025
507056,110395,10/3/2025,4/5/2026
507057,110390,10/3/2025,10/12/2025
507058,110392,10/3/2025,1/12/2026
507059,107270,10/3/2025,10/14/2025
507060,110375,10/3/2025,5/29/2026
507061,110377,10/3/2025,11/19/2025
507062,110378,10/3/2025,10/4/2025
507063,110380,10/3/2025,10/13/2025
507064,110376,10/3/2025,10/29/2025
507065,110383,10/3/2025,12/25/2025
507066,110385,10/3/2025,8/2/2026
507067,110386,10/3/2025,12/18/2025
507068,110387,10/3/2025,10/4/2025
507069,110389,10/3/2025,10/20/2025
507070,110381,10/3/2025,10/11/2025
507071,110463,10/4/2025,11/11/2025
507072,110453,10/4/2025,10/22/2025
507073,110454,10/4/2025,11/17/2025
507074,110456,10/4/2025,11/28/2025
507075,110449,10/4/2025,
507076,110458,10/4/2025,5/1/2026
507077,110460,10/4/2025,10/26/2025
507078,110462,10/4/2025,10/7/2025
507079,110465,10/4/2025,11/28/2025
507080,110474,10/4/2025,1/26/2026
507081,110467,10/4/2025,10/5/2025
507082,110468,10/4/2025,10/9/2025
507083,110470,10/4/2025,10/12/2025
507084,110472,10/4/2025,
507085,110475,10/4/2025,10/6/2025
507086,110476,10/4/2025,1/17/2026
507087,110477,10/4/2025,
507088,110478,10/4/2025,10/10/2025
507089,110447,10/4/2025,12/15/2025
507090,110466,10/4/2025,12/2/2025
507091,110446,10/4/2025,
507092,110451,10/4/2025,4/25/2026
507093,110442,10/4/2025,3/4/2026
507094,110444,10/4/2025,6/9/2026
507095,110413,10/4/2025,10/7/2025
507096,110415,10/4/2025,10/10/2025
507097,110416,10/4/2025,10/30/2025
507098,110417,10/4/2025,5/3/2026
507099,110419,10/4/2025,4/15/2026
507100,110422,10/4/2025,
507101,110424,10/4/2025,12/9/2025
507102,110426,10/4/2025,10/6/2025
507103,110420,10/4/2025,12/5/2025
507104,110429,10/4/2025,11/26/2025
507105,110427,10/4/2025,10/15/2025
507106,110438,10/4/2025,12/8/2025
507107,110436,10/4/2025,4/25/2026
507108,110434,10/4/2025,10/19/2025
507109,110440,10/4/2025,10/10/2025
507110,110432,10/4/2025,11/23/2025
507111,110430,10/4/2025,1/8/2026
507112,110433,10/4/2025,11/5/2025
507113,110518,10/5/2025,2/19/2026
507114,110509,10/5/2025,10/23/2025
507115,110510,10/5/2025,11/21/2025
507116,110511,10/5/2025,10/16/2025
507117,110513,10/5/2025,10/26/2025
507118,110515,10/5/2025,12/3/2025
507119,110516,10/5/2025,1/8/2026
507120,110520,10/5/2025,1/18/2026
507121,110533,10/5/2025,
507122,110522,10/5/2025,1/28/2026
507123,110524,10/5/2025,7/18/2026
507124,110526,10/5/2025,10/13/2025
507125,110527,10/5/2025,
507126,110529,10/5/2025,10/30/2025
507127,110530,10/5/2025,10/12/2025
507128,110532,10/5/2025,1/31/2026
507129,110507,10/5/2025,10/20/2025
507130,110521,10/5/2025,11/3/2025
507131,110506,10/5/2025,11/19/2025
507132,110500,10/5/2025,5/19/2026
507133,110503,10/5/2025,10/29/2025
507134,100575,10/5/2025,
507135,110505,10/5/2025,1/10/2026
507136,110482,10/5/2025,12/4/2025
507137,110483,10/5/2025,1/3/2026
507138,110484,10/5/2025,5/6/2026
507139,110486,10/5/2025,3/3/2026
507140,110487,10/5/2025,10/10/2025
507141,110488,10/5/2025,10/12/2025
507142,110480,10/5/2025,10/6/2025
507143,110490,10/5/2025,
507144,110492,10/5/2025,11/21/2025
507145,110493,10/5/2025,5/9/2026
507146,110494,10/5/2025,1/3/2026
507147,110496,10/5/2025,10/24/2025
507148,110498,10/5/2025,3/5/2026
507149,110499,10/5/2025,6/8/2026
507150,110502,10/5/2025,10/12/2025
507151,110489,10/5/2025,10/8/2025
507152,110584,10/6/2025,1/31/2026
507153,110565,10/6/2025,11/21/2025
507154,110566,10/6/2025,11/29/2025
507155,110568,10/6/2025,
507156,110570,10/6/2025,10/17/2025
507157,110572,10/6/2025,7/19/2026
507158,110579,10/6/2025,10/25/2025
507159,110575,10/6/2025,2/5/2026
507160,110576,10/6/2025,11/19/2025
507161,110578,10/6/2025,5/27/2026
507162,110581,10/6/2025,10/20/2025
507163,110582,10/6/2025,3/11/2026
507164,110563,10/6/2025,1/25/2026
507165,110573,10/6/2025,
507166,110561,10/6/2025,4/6/2026
507167,110555,10/6/2025,3/20/2026
507168,110558,10/6/2025,5/25/2026
507169,110559,10/6/2025,10/20/2025
507170,110537,10/6/2025,12/10/2025
507171,110539,10/6/2025,10/9/2025
507172,110541,10/6/2025,3/24/2026
507173,110542,10/6/2025,11/28/2025
507174,110544,10/6/2025,10/7/2025
507175,110535,10/6/2025,12/23/2025
507176,110548,10/6/2025,10/27/2025
507177,110549,10/6/2025,10/10/2025
507178,110551,10/6/2025,10/20/2025
507179,110553,10/6/2025,12/3/2025
507180,110557,10/6/2025,2/7/2026
507181,110546,10/6/2025,10/8/2025
507182,110604,10/7/2025,11/21/2025
507183,110605,10/7/2025,11/12/2025
507184,110607,10/7/2025,11/16/2025
507185,110609,10/7/2025,10/24/2025
507186,110614,10/7/2025,
507187,110613,10/7/2025,
507188,110615,10/7/2025,10/26/2025
507189,110616,10/7/2025,10/16/2025
507190,110603,10/7/2025,10/17/2025
507191,110611,10/7/2025,11/8/2025
507192,110601,10/7/2025,10/10/2025
507193,110598,10/7/2025,
507194,110597,10/7/2025,12/6/2025
507195,110595,10/7/2025,10/14/2025
507196,110594,10/7/2025,1/8/2026
507197,110593,10/7/2025,11/16/2025
507198,110592,10/7/2025,
507199,110590,10/7/2025,11/7/2025
507200,110588,10/7/2025,
507201,110586,10/7/2025,2/8/2026
507202,110600,10/7/2025,11/13/2025
507203,110637,10/8/2025,3/1/2026
507204,110639,10/8/2025,12/4/2025
507205,110641,10/8/2025,10/9/2025
507206,110642,10/8/2025,11/1/2025
507207,110643,10/8/2025,5/7/2026
507208,110644,10/8/2025,10/25/2025
507209,110649,10/8/2025,12/13/2025
507210,110646,10/8/2025,11/18/2025
507211,110647,10/8/2025,10/13/2025
507212,110648,10/8/2025,6/20/2026
507213,110651,10/8/2025,7/29/2026
507214,110645,10/8/2025,2/1/2026
507215,110636,10/8/2025,3/6/2026
507216,110618,10/8/2025,2/18/2026
507217,110633,10/8/2025,10/12/2025
507218,110634,10/8/2025,12/6/2025
507219,103033,10/8/2025,
507220,110619,10/8/2025,11/25/2025
507221,110622,10/8/2025,11/22/2025
507222,110624,10/8/2025,10/9/2025
507223,110621,10/8/2025,1/13/2026
507224,110628,10/8/2025,10/11/2025
507225,110629,10/8/2025,10/9/2025
507226,110631,10/8/2025,3/27/2026
507227,110632,10/8/2025,10/9/2025
507228,110626,10/8/2025,
507229,110686,10/9/2025,1/11/2026
507230,110680,10/9/2025,1/3/2026
507231,110681,10/9/2025,11/7/2025
507232,110682,10/9/2025,1/25/2026
507233,110684,10/9/2025,10/24/2025
507234,110688,10/9/2025,10/18/2025
507235,110698,10/9/2025,10/10/2025
507236,110691,10/9/2025,
507237,110692,10/9/2025,
507238,110694,10/9/2025,11/13/2025
507239,110696,10/9/2025,6/15/2026
507240,110700,10/9/2025,
507241,110679,10/9/2025,10/30/2025
507242,110690,10/9/2025,10/29/2025
507243,110677,10/9/2025,10/17/2025
507244,110657,10/9/2025,11/2/2025
507245,110674,10/9/2025,10/20/2025
507246,105372,10/9/2025,11/1/2025
507247,110653,10/9/2025,10/19/2025
507248,110655,10/9/2025,10/23/2025
507249,110656,10/9/2025,11/22/2025
507250,110659,10/9/2025,3/3/2026
507251,110661,10/9/2025,10/12/2025
507252,104985,10/9/2025,10/10/2025
507253,110665,10/9/2025,3/22/2026
507254,110663,10/9/2025,11/30/2025
507255,110673,10/9/2025,11/15/2025
507256,110671,10/9/2025,6/2/2026
507257,110675,10/9/2025,12/13/2025
507258,110667,10/9/2025,10/10/2025
507259,110669,10/9/2025,12/5/2025
507260,110720,10/10/2025,12/7/2025
507261,110739,10/10/2025,11/6/2025
507262,110737,10/10/2025,7/7/2026
507263,110736,10/10/2025,10/11/2025
507264,110740,10/10/2025,
507265,110732,10/10/2025,2/5/2026
507266,110731,10/10/2025,4/25/2026
507267,110729,10/10/2025,11/26/2025
507268,110728,10/10/2025,11/10/2025
507269,110726,10/10/2025,11/15/2025
507270,110724,10/10/2025,7/21/2026
507271,110722,10/10/2025,10/15/2025
507272,110721,10/10/2025,
507273,110734,10/10/2025,1/28/2026
507274,110718,10/10/2025,
507275,110715,10/10/2025,10/12/2025
507276,110716,10/10/2025,2/3/2026
507277,110701,10/10/2025,12/16/2025
507278,110702,10/10/2025,10/27/2025
507279,110704,10/10/2025,11/5/2025
507280,110706,10/10/2025,
507281,110703,10/10/2025,10/11/2025
507282,110708,10/10/2025,10/30/2025
507283,110710,10/10/2025,11/21/2025
507284,110712,10/10/2025,10/11/2025
507285,110714,10/10/2025,4/13/2026
507286,110707,10/10/2025,
507287,110768,10/11/2025,12/14/2025
507288,110762,10/11/2025,10/25/2025
507289,110763,10/11/2025,11/15/2025
507290,110765,10/11/2025,10/20/2025
507291,110767,10/11/2025,1/30/2026
507292,110770,10/11/2025,11/12/2025
507293,110783,10/11/2025,11/4/2025
507294,110776,10/11/2025,11/6/2025
507295,110778,10/11/2025,10/17/2025
507296,110780,10/11/2025,10/22/2025
507297,110782,10/11/2025,10/13/2025
507298,110761,10/11/2025,12/20/2025
507299,110785,10/11/2025,10/15/2025
507300,110772,10/11/2025,3/25/2026
507301,110760,10/11/2025,6/28/2026
507302,110774,10/11/2025,12/21/2025
507303,110758,10/11/2025,6/21/2026
507304,110742,10/11/2025,11/8/2025
507305,110743,10/11/2025,10/14/2025
507306,110745,10/11/2025,10/16/2025
507307,110747,10/11/2025,11/6/2025
507308,110748,10/11/2025,
507309,110759,10/11/2025,11/28/2025
507310,110751,10/11/2025,12/6/2025
507311,110753,10/11/2025,10/26/2025
507312,110754,10/11/2025,3/11/2026
507313,110756,10/11/2025,11/2/2025
507314,110750,10/11/2025,11/22/2025
507315,110809,10/12/2025,10/27/2025
507316,110804,10/12/2025,10/16/2025
507317,110805,10/12/2025,10/21/2025
507318,110806,10/12/2025,11/26/2025
507319,110808,10/12/2025,10/18/2025
507320,110811,10/12/2025,11/15/2025
507321,110823,10/12/2025,11/16/2025
507322,110813,10/12/2025,
507323,110815,10/12/2025,11/22/2025
507324,110817,10/12/2025,2/19/2026
507325,110819,10/12/2025,10/29/2025
507326,110803,10/12/2025,11/30/2025
507327,110824,10/12/2025,10/22/2025
507328,110812,10/12/2025,10/26/2025
507329,110802,10/12/2025,
507330,110821,10/12/2025,12/18/2025
507331,110798,10/12/2025,4/8/2026
507332,110796,10/12/2025,10/29/2025
507333,110795,10/12/2025,1/18/2026
507334,110793,10/12/2025,1/24/2026
507335,110792,10/12/2025,12/20/2025
507336,110791,10/12/2025,12/15/2025
507337,110789,10/12/2025,10/15/2025
507338,110787,10/12/2025,10/20/2025
507339,101886,10/12/2025,10/15/2025
507340,104473,10/12/2025,1/15/2026
507341,110800,10/12/2025,2/14/2026
507342,110850,10/13/2025,11/3/2025
507343,110846,10/13/2025,10/28/2025
507344,110847,10/13/2025,12/12/2025
507345,110852,10/13/2025,11/19/2025
507346,110848,10/13/2025,12/29/2025
507347,110854,10/13/2025,11/15/2025
507348,110863,10/13/2025,12/14/2025
507349,110858,10/13/2025,12/5/2025
507350,110859,10/13/2025,6/19/2026
507351,110861,10/13/2025,7/29/2026
507352,110864,10/13/2025,
507353,110865,10/13/2025,11/13/2025
507354,110866,10/13/2025,4/24/2026
507355,110856,10/13/2025,11/5/2025
507356,110843,10/13/2025,10/15/2025
507357,110844,10/13/2025,
507358,110839,10/13/2025,10/18/2025
507359,110841,10/13/2025,10/14/2025
507360,103519,10/13/2025,10/24/2025
507361,101010,10/13/2025,10/30/2025
507362,110826,10/13/2025,11/18/2025
507363,110828,10/13/2025,11/3/2025
507364,102742,10/13/2025,
507365,110832,10/13/2025,10/26/2025
507366,110834,10/13/2025,10/19/2025
507367,110835,10/13/2025,11/21/2025
507368,110837,10/13/2025,7/14/2026
507369,110830,10/13/2025,12/17/2025
507370,110888,10/14/2025,10/17/2025
507371,110893,10/14/2025,12/2/2025
507372,110889,10/14/2025,3/15/2026
507373,110890,10/14/2025,10/18/2025
507374,110891,10/14/2025,12/18/2025
507375,110907,10/14/2025,10/22/2025
507376,110894,10/14/2025,12/23/2025
507377,110906,10/14/2025,10/22/2025
507378,110897,10/14/2025,11/14/2025
507379,110899,10/14/2025,10/17/2025
507380,110901,10/14/2025,1/27/2026
507381,110904,10/14/2025,11/24/2025
507382,110886,10/14/2025,11/4/2025
507383,110903,10/14/2025,12/30/2025
507384,110895,10/14/2025,6/7/2026
507385,110884,10/14/2025,6/24/2026
507386,110875,10/14/2025,
507387,110882,10/14/2025,11/3/2025
507388,104678,10/14/2025,
507389,107602,10/14/2025,
507390,101804,10/14/2025,10/25/2025
507391,107164,10/14/2025,12/16/2025
507392,110868,10/14/2025,6/8/2026
507393,110870,10/14/2025,
507394,110883,10/14/2025,3/1/2026
507395,110872,10/14/2025,4/25/2026
507396,110873,10/14/2025,5/21/2026
507397,110876,10/14/2025,10/28/2025
507398,110878,10/14/2025,10/18/2025
507399,110880,10/14/2025,2/15/2026
507400,110881,10/14/2025,10/25/2025
507401,110871,10/14/2025,11/3/2025
507402,110932,10/15/2025,10/20/2025
507403,110933,10/15/2025,10/25/2025
507404,110934,10/15/2025,12/3/2025
507405,110936,10/15/2025,11/9/2025
507406,110938,10/15/2025,11/18/2025
507407,110939,10/15/2025,12/13/2025
507408,110940,10/15/2025,11/21/2025
507409,110941,10/15/2025,10/23/2025
507410,110943,10/15/2025,5/26/2026
507411,110949,10/15/2025,2/19/2026
507412,110947,10/15/2025,10/20/2025
507413,110950,10/15/2025,11/16/2025
507414,110952,10/15/2025,10/19/2025
507415,110954,10/15/2025,2/10/2026
507416,110931,10/15/2025,10/16/2025
507417,110958,10/15/2025,10/22/2025
507418,110960,10/15/2025,10/16/2025
507419,110961,10/15/2025,10/22/2025
507420,110945,10/15/2025,12/20/2025
507421,110956,10/15/2025,4/6/2026
507422,110928,10/15/2025,11/5/2025
507423,110927,10/15/2025,10/25/2025
507424,110929,10/15/2025,11/29/2025
507425,110908,10/15/2025,3/24/2026
507426,110909,10/15/2025,11/18/2025
507427,110911,10/15/2025,10/24/2025
507428,110914,10/15/2025,
507429,110916,10/15/2025,10/18/2025
507430,110917,10/15/2025,3/13/2026
507431,110913,10/15/2025,11/11/2025
507432,110920,10/15/2025,3/22/2026
507433,110921,10/15/2025,10/18/2025
507434,110922,10/15/2025,2/10/2026
507435,110923,10/15/2025,11/5/2025
507436,110924,10/15/2025,
507437,110925,10/15/2025,10/24/2025
507438,110919,10/15/2025,
507439,110994,10/16/2025,1/11/2026
507440,110985,10/16/2025,
507441,110986,10/16/2025,11/18/2025
507442,110988,10/16/2025,10/20/2025
507443,110990,10/16/2025,3/1/2026
507444,110992,10/16/2025,10/20/2025
507445,110995,10/16/2025,1/10/2026
507446,111006,10/16/2025,12/15/2025
507447,110998,10/16/2025,1/12/2026
507448,111001,10/16/2025,1/1/2026
507449,111003,10/16/2025,12/1/2025
507450,110983,10/16/2025,12/1/2025
507451,111010,10/16/2025,10/21/2025
507452,111008,10/16/2025,10/28/2025
507453,111004,10/16/2025,11/2/2025
507454,110997,10/16/2025,1/23/2026
507455,110982,10/16/2025,2/4/2026
507456,111000,10/16/2025,
507457,110980,10/16/2025,4/11/2026
507458,110978,10/16/2025,12/15/2025
507459,110976,10/16/2025,6/12/2026
507460,110974,10/16/2025,5/1/2026
507461,110973,10/16/2025,
507462,110971,10/16/2025,10/17/2025
507463,110969,10/16/2025,
507464,110968,10/16/2025,11/12/2025
507465,110966,10/16/2025,11/20/2025
507466,110964,10/16/2025,10/25/2025
507467,110962,10/16/2025,11/10/2025
507468,101505,10/16/2025,10/25/2025
507469,108397,10/16/2025,
507470,110981,10/16/2025,11/19/2025
507471,101285,10/16/2025,11/1/2025
507472,111036,10/17/2025,2/22/2026
507473,111032,10/17/2025,10/23/2025
507474,111033,10/17/2025,11/7/2025
507475,111037,10/17/2025,11/2/2025
507476,111034,10/17/2025,11/8/2025
507477,111038,10/17/2025,
507478,111044,10/17/2025,1/15/2026
507479,111040,10/17/2025,11/10/2025
507480,111041,10/17/2025,12/30/2025
507481,111043,10/17/2025,
507482,111031,10/17/2025,12/14/2025
507483,111046,10/17/2025,10/25/2025
507484,111039,10/17/2025,10/19/2025
507485,111030,10/17/2025,10/18/2025
507486,111029,10/17/2025,12/14/2025
507487,111013,10/17/2025,11/11/2025
507488,111026,10/17/2025,2/4/2026
507489,111025,10/17/2025,1/13/2026
507490,111024,10/17/2025,10/21/2025
507491,111023,10/17/2025,4/11/2026
507492,111022,10/17/2025,12/17/2025
507493,111021,10/17/2025,
507494,111019,10/17/2025,1/23/2026
507495,111017,10/17/2025,12/29/2025
507496,111015,10/17/2025,11/8/2025
507497,111012,10/17/2025,3/7/2026
507498,102336,10/17/2025,11/2/2025
507499,111027,10/17/2025,5/6/2026
507500,111077,10/18/2025,11/27/2025
507501,111076,10/18/2025,12/15/2025
507502,111075,10/18/2025,1/1/2026
507503,111069,10/18/2025,10/24/2025
507504,111071,10/18/2025,12/26/2025
507505,111079,10/18/2025,3/11/2026
507506,111073,10/18/2025,11/18/2025
507507,111080,10/18/2025,4/21/2026
507508,111089,10/18/2025,10/23/2025
507509,111082,10/18/2025,2/14/2026
507510,111084,10/18/2025,11/18/2025
507511,111085,10/18/2025,11/15/2025
507512,111086,10/18/2025,11/25/2025
507513,111088,10/18/2025,10/24/2025
507514,111094,10/18/2025,11/16/2025
507515,111092,10/18/2025,11/24/2025
507516,111081,10/18/2025,11/8/2025
507517,111067,10/18/2025,11/1/2025
507518,111091,10/18/2025,5/5/2026
507519,111065,10/18/2025,11/23/2025
507520,111066,10/18/2025,10/27/2025
507521,100372,10/18/2025,12/9/2025
507522,111047,10/18/2025,11/13/2025
507523,111050,10/18/2025,11/4/2025
507524,111051,10/18/2025,10/23/2025
507525,111052,10/18/2025,12/27/2025
507526,111048,10/18/2025,5/24/2026
507527,111055,10/18/2025,7/18/2026
507528,111057,10/18/2025,10/31/2025
507529,111059,10/18/2025,10/21/2025
507530,111061,10/18/2025,1/5/2026
507531,111062,10/18/2025,10/26/2025
507532,111064,10/18/2025,1/31/2026
507533,111054,10/18/2025,
507534,111129,10/19/2025,10/21/2025
507535,111120,10/19/2025,7/29/2026
507536,111121,10/19/2025,1/2/2026
507537,111123,10/19/2025,11/6/2025
507538,111124,10/19/2025,11/26/2025
507539,111126,10/19/2025,10/23/2025
507540,111128,10/19/2025,
507541,111130,10/19/2025,11/6/2025
507542,111140,10/19/2025,10/27/2025
507543,111133,10/19/2025,1/16/2026
507544,111135,10/19/2025,12/24/2025
507545,111139,10/19/2025,11/5/2025
507546,111119,10/19/2025,
507547,111141,10/19/2025,10/20/2025
507548,111142,10/19/2025,11/30/2025
507549,111144,10/19/2025,12/17/2025
507550,111131,10/19/2025,11/20/2025
507551,111118,10/19/2025,10/28/2025
507552,111137,10/19/2025,11/13/2025
507553,111115,10/19/2025,12/21/2025
507554,111116,10/19/2025,
507555,106038,10/19/2025,10/25/2025
507556,111095,10/19/2025,11/16/2025
507557,111096,10/19/2025,3/17/2026
507558,111098,10/19/2025,11/16/2025
507559,111099,10/19/2025,10/26/2025
507560,111100,10/19/2025,11/16/2025
507561,101139,10/19/2025,10/30/2025
507562,111104,10/19/2025,10/23/2025
507563,111105,10/19/2025,10/25/2025
507564,111107,10/19/2025,12/2/2025
507565,111109,10/19/2025,2/27/2026
507566,111113,10/19/2025,12/12/2025
507567,111111,10/19/2025,1/17/2026
507568,111102,10/19/2025,10/28/2025
507569,111171,10/20/2025,10/25/2025
507570,111172,10/20/2025,
507571,111174,10/20/2025,10/29/2025
507572,111175,10/20/2025,11/18/2025
507573,111176,10/20/2025,12/29/2025
507574,111178,10/20/2025,12/3/2025
507575,111180,10/20/2025,10/25/2025
507576,111184,10/20/2025,10/30/2025
507577,111183,10/20/2025,12/12/2025
507578,111186,10/20/2025,10/26/2025
507579,111188,10/20/2025,10/29/2025
507580,111189,10/20/2025,5/18/2026
507581,111191,10/20/2025,11/28/2025
507582,111170,10/20/2025,10/25/2025
507583,111192,10/20/2025,12/2/2025
507584,111194,10/20/2025,10/21/2025
507585,111181,10/20/2025,12/2/2025
507586,111168,10/20/2025,10/21/2025
507587,111162,10/20/2025,1/17/2026
507588,111165,10/20/2025,2/8/2026
507589,102079,10/20/2025,
507590,107051,10/20/2025,11/20/2025
507591,111166,10/20/2025,10/24/2025
507592,111147,10/20/2025,1/19/2026
507593,111149,10/20/2025,11/30/2025
507594,111150,10/20/2025,11/12/2025
507595,111152,10/20/2025,4/23/2026
507596,111146,10/20/2025,10/27/2025
507597,111156,10/20/2025,3/12/2026
507598,111157,10/20/2025,10/23/2025
507599,111159,10/20/2025,10/31/2025
507600,111160,10/20/2025,12/10/2025
507601,111161,10/20/2025,10/26/2025
507602,111164,10/20/2025,10/29/2025
507603,111154,10/20/2025,12/29/2025
507604,111208,10/21/2025,11/2/2025
507605,111209,10/21/2025,2/6/2026
507606,111210,10/21/2025,2/12/2026
507607,111211,10/21/2025,11/7/2025
507608,111216,10/21/2025,2/2/2026
507609,111214,10/21/2025,11/22/2025
507610,111218,10/21/2025,11/27/2025
507611,111220,10/21/2025,12/9/2025
507612,111213,10/21/2025,1/8/2026
507613,111207,10/21/2025,
507614,111205,10/21/2025,10/27/2025
507615,111203,10/21/2025,4/23/2026
507616,111202,10/21/2025,11/7/2025
507617,111200,10/21/2025,
507618,111199,10/21/2025,3/2/2026
507619,111198,10/21/2025,11/17/2025
507620,111196,10/21/2025,11/9/2025
507621,111206,10/21/2025,4/11/2026
507622,111249,10/22/2025,11/1/2025
507623,111250,10/22/2025,11/2/2025
507624,111252,10/22/2025,12/22/2025
507625,111254,10/22/2025,2/20/2026
507626,111255,10/22/2025,11/10/2025
507627,111256,10/22/2025,1/6/2026
507628,111257,10/22/2025,11/16/2025
507629,111259,10/22/2025,1/5/2026
507630,111264,10/22/2025,11/10/2025
507631,111263,10/22/2025,
507632,111247,10/22/2025,1/24/2026
507633,111265,10/22/2025,10/23/2025
507634,111267,10/22/2025,11/25/2025
507635,111269,10/22/2025,11/7/2025
507636,111270,10/22/2025,11/3/2025
507637,111272,10/22/2025,7/29/2026
507638,111261,10/22/2025,1/3/2026
507639,111245,10/22/2025,10/27/2025
507640,111268,10/22/2025,4/6/2026
507641,111241,10/22/2025,1/9/2026
507642,104587,10/22/2025,10/30/2025
507643,106542,10/22/2025,12/26/2025
507644,111223,10/22/2025,11/2/2025
507645,111224,10/22/2025,3/13/2026
507646,111225,10/22/2025,12/11/2025
507647,111226,10/22/2025,11/23/2025
507648,111228,10/22/2025,10/25/2025
507649,111222,10/22/2025,10/28/2025
507650,111231,10/22/2025,8/3/2026
507651,111240,10/22/2025,10/23/2025
507652,111229,10/22/2025,11/12/2025
507653,111238,10/22/2025,1/27/2026
507654,111243,10/22/2025,
507655,111236,10/22/2025,10/24/2025
507656,111234,10/22/2025,10/25/2025
507657,111233,10/22/2025,
507658,111299,10/23/2025,11/4/2025
507659,111297,10/23/2025,11/9/2025
507660,111295,10/23/2025,2/4/2026
507661,111294,10/23/2025,12/5/2025
507662,111293,10/23/2025,11/2/2025
507663,111291,10/23/2025,6/21/2026
507664,111289,10/23/2025,
507665,111287,10/23/2025,4/15/2026
507666,111285,10/23/2025,1/3/2026
507667,111296,10/23/2025,1/13/2026
507668,111284,10/23/2025,
507669,111281,10/23/2025,2/16/2026
507670,111280,10/23/2025,12/26/2025
507671,111278,10/23/2025,1/1/2026
507672,111276,10/23/2025,
507673,111275,10/23/2025,5/20/2026
507674,111274,10/23/2025,1/21/2026
507675,103727,10/23/2025,4/29/2026
507676,111283,10/23/2025,
507677,111343,10/24/2025,12/1/2025
507678,111342,10/24/2025,10/30/2025
507679,111356,10/24/2025,11/12/2025
507680,111336,10/24/2025,10/31/2025
507681,111339,10/24/2025,12/18/2025
507682,111338,10/24/2025,1/21/2026
507683,111344,10/24/2025,1/30/2026
507684,111335,10/24/2025,11/26/2025
507685,111341,10/24/2025,10/29/2025
507686,111345,10/24/2025,12/1/2025
507687,111350,10/24/2025,11/7/2025
507688,111347,10/24/2025,12/14/2025
507689,111349,10/24/2025,12/11/2025
507690,111351,10/24/2025,10/31/2025
507691,111352,10/24/2025,
507692,111353,10/24/2025,12/21/2025
507693,111333,10/24/2025,10/30/2025
507694,111357,10/24/2025,10/30/2025
507695,111359,10/24/2025,12/1/2025
507696,111355,10/24/2025,11/28/2025
507697,111346,10/24/2025,10/29/2025
507698,111332,10/24/2025,6/5/2026
507699,111318,10/24/2025,3/16/2026
507700,111328,10/24/2025,11/3/2025
507701,111330,10/24/2025,1/27/2026
507702,102606,10/24/2025,12/7/2025
507703,111301,10/24/2025,12/28/2025
507704,111303,10/24/2025,
507705,111305,10/24/2025,11/23/2025
507706,111308,10/24/2025,12/1/2025
507707,111310,10/24/2025,10/28/2025
507708,111311,10/24/2025,2/8/2026
507709,111307,10/24/2025,10/25/2025
507710,111315,10/24/2025,1/9/2026
507711,111316,10/24/2025,10/31/2025
507712,111320,10/24/2025,11/8/2025
507713,111321,10/24/2025,11/17/2025
507714,111323,10/24/2025,10/31/2025
507715,111325,10/24/2025,11/7/2025
507716,111327,10/24/2025,11/5/2025
507717,111313,10/24/2025,10/27/2025
507718,111389,10/25/2025,
507719,111382,10/25/2025,11/26/2025
507720,111383,10/25/2025,1/12/2026
507721,111384,10/25/2025,12/15/2025
507722,111386,10/25/2025,10/26/2025
507723,111388,10/25/2025,11/7/2025
507724,111391,10/25/2025,12/1/2025
507725,111406,10/25/2025,11/6/2025
507726,111395,10/25/2025,11/8/2025
507727,111397,10/25/2025,12/15/2025
507728,111398,10/25/2025,7/12/2026
507729,111400,10/25/2025,3/3/2026
507730,111401,10/25/2025,11/14/2025
507731,111402,10/25/2025,11/25/2025
507732,111404,10/25/2025,
507733,111380,10/25/2025,10/28/2025
507734,111393,10/25/2025,12/6/2025
507735,111378,10/25/2025,6/14/2026
507736,111374,10/25/2025,1/10/2026
507737,111376,10/25/2025,3/2/2026
507738,107079,10/25/2025,11/26/2025
507739,105949,10/25/2025,4/6/2026
507740,111377,10/25/2025,11/17/2025
507741,111360,10/25/2025,11/1/2025
507742,111362,10/25/2025,1/7/2026
507743,111363,10/25/2025,6/5/2026
507744,111365,10/25/2025,2/24/2026
507745,101238,10/25/2025,11/11/2025
507746,111367,10/25/2025,10/31/2025
507747,111369,10/25/2025,12/20/2025
507748,111371,10/25/2025,12/4/2025
507749,111372,10/25/2025,5/6/2026
507750,111373,10/25/2025,10/26/2025
507751,111375,10/25/2025,11/28/2025
507752,111366,10/25/2025,10/27/2025
507753,111432,10/26/2025,
507754,111434,10/26/2025,11/9/2025
507755,111435,10/26/2025,11/23/2025
507756,111453,10/26/2025,10/29/2025
507757,111437,10/26/2025,5/13/2026
507758,111439,10/26/2025,11/20/2025
507759,111446,10/26/2025,11/5/2025
507760,111442,10/26/2025,11/23/2025
507761,111444,10/26/2025,10/27/2025
507762,111447,10/26/2025,11/16/2025
507763,111430,10/26/2025,11/17/2025
507764,111451,10/26/2025,12/17/2025
507765,111449,10/26/2025,10/30/2025
507766,111440,10/26/2025,12/12/2025
507767,111428,10/26/2025,12/29/2025
507768,111418,10/26/2025,11/16/2025
507769,111425,10/26/2025,10/30/2025
507770,111427,10/26/2025,10/31/2025
507771,111407,10/26/2025,2/23/2026
507772,111409,10/26/2025,11/10/2025
507773,111412,10/26/2025,11/15/2025
507774,111414,10/26/2025,10/29/2025
507775,111410,10/26/2025,2/23/2026
507776,111417,10/26/2025,12/4/2025
507777,111419,10/26/2025,11/6/2025
507778,111420,10/26/2025,5/6/2026
507779,111422,10/26/2025,11/9/2025
507780,111423,10/26/2025,11/12/2025
507781,111415,10/26/2025,1/10/2026
507782,111480,10/27/2025,
507783,111474,10/27/2025,2/17/2026
507784,111475,10/27/2025,11/5/2025
507785,111477,10/27/2025,1/22/2026
507786,111479,10/27/2025,10/29/2025
507787,111481,10/27/2025,11/15/2025
507788,111489,10/27/2025,11/29/2025
507789,111483,10/27/2025,4/22/2026
507790,111484,10/27/2025,12/19/2025
507791,111485,10/27/2025,12/13/2025
507792,111487,10/27/2025,10/28/2025
507793,111472,10/27/2025,12/23/2025
507794,111490,10/27/2025,
507795,111482,10/27/2025,7/25/2026
507796,111471,10/27/2025,11/3/2025
507797,111469,10/27/2025,6/21/2026
507798,111455,10/27/2025,11/19/2025
507799,111467,10/27/2025,3/6/2026
507800,111465,10/27/2025,11/12/2025
507801,111464,10/27/2025,11/18/2025
507802,111463,10/27/2025,12/2/2025
507803,111461,10/27/2025,6/26/2026
507804,111459,10/27/2025,
507805,111457,10/27/2025,11/5/2025
507806,111456,10/27/2025,
507807,106621,10/27/2025,11/20/2025
507808,111468,10/27/2025,11/30/2025
507809,100472,10/27/2025,4/8/2026
507810,111521,10/28/2025,4/9/2026
507811,111520,10/28/2025,12/7/2025
507812,111514,10/28/2025,11/24/2025
507813,111517,10/28/2025,11/2/2025
507814,111515,10/28/2025,4/12/2026
507815,111523,10/28/2025,
507816,111519,10/28/2025,7/10/2026
507817,111524,10/28/2025,11/2/2025
507818,111537,10/28/2025,12/16/2025
507819,111527,10/28/2025,2/10/2026
507820,111529,10/28/2025,11/5/2025
507821,111530,10/28/2025,11/1/2025
507822,111532,10/28/2025,11/4/2025
507823,111536,10/28/2025,
507824,111534,10/28/2025,11/6/2025
507825,111533,10/28/2025,4/7/2026
507826,111526,10/28/2025,4/4/2026
507827,111512,10/28/2025,
507828,111493,10/28/2025,1/20/2026
507829,111510,10/28/2025,1/28/2026
507830,111511,10/28/2025,11/6/2025
507831,103787,10/28/2025,11/7/2025
507832,107354,10/28/2025,10/30/2025
507833,111491,10/28/2025,11/18/2025
507834,111494,10/28/2025,10/29/2025
507835,111496,10/28/2025,10/30/2025
507836,111497,10/28/2025,11/1/2025
507837,102408,10/28/2025,11/19/2025
507838,111500,10/28/2025,11/19/2025
507839,111502,10/28/2025,
507840,111503,10/28/2025,10/29/2025
507841,111505,10/28/2025,
507842,111507,10/28/2025,11/1/2025
507843,111509,10/28/2025,2/20/2026
507844,111498,10/28/2025,11/7/2025
507845,111567,10/29/2025,11/11/2025
507846,111569,10/29/2025,12/10/2025
507847,111571,10/29/2025,
507848,111573,10/29/2025,11/9/2025
507849,111574,10/29/2025,
507850,111575,10/29/2025,11/24/2025
507851,111576,10/29/2025,11/4/2025
507852,111581,10/29/2025,2/23/2026
507853,111579,10/29/2025,3/12/2026
507854,111580,10/29/2025,2/19/2026
507855,111583,10/29/2025,12/6/2025
507856,111584,10/29/2025,11/4/2025
507857,111586,10/29/2025,11/24/2025
507858,111588,10/29/2025,11/26/2025
507859,111565,10/29/2025,2/10/2026
507860,111577,10/29/2025,11/3/2025
507861,111564,10/29/2025,11/28/2025
507862,111541,10/29/2025,11/9/2025
507863,111561,10/29/2025,11/1/2025
507864,111563,10/29/2025,11/1/2025
507865,111539,10/29/2025,5/19/2026
507866,111542,10/29/2025,
507867,111545,10/29/2025,1/6/2026
507868,111546,10/29/2025,1/26/2026
507869,111547,10/29/2025,1/2/2026
507870,111544,10/29/2025,11/22/2025
507871,111551,10/29/2025,12/9/2025
507872,111553,10/29/2025,5/9/2026
507873,111555,10/29/2025,
507874,111557,10/29/2025,10/31/2025
507875,111559,10/29/2025,7/12/2026
507876,111549,10/29/2025,11/2/2025
507877,111615,10/30/2025,11/24/2025
507878,111608,10/30/2025,12/9/2025
507879,111610,10/30/2025,12/21/2025
507880,111611,10/30/2025,11/21/2025
507881,111612,10/30/2025,5/27/2026
507882,111614,10/30/2025,6/5/2026
507883,111617,10/30/2025,11/3/2025
507884,111628,10/30/2025,2/10/2026
507885,111620,10/30/2025,11/19/2025
507886,111621,10/30/2025,11/17/2025
507887,111623,10/30/2025,12/14/2025
507888,111625,10/30/2025,
507889,111626,10/30/2025,1/1/2026
507890,111630,10/30/2025,11/11/2025
507891,111632,10/30/2025,11/13/2025
507892,111618,10/30/2025,11/1/2025
507893,111605,10/30/2025,1/31/2026
507894,111606,10/30/2025,11/24/2025
507895,111602,10/30/2025,11/9/2025
507896,111604,10/30/2025,11/6/2025
507897,104361,10/30/2025,11/3/2025
507898,111589,10/30/2025,
507899,111591,10/30/2025,2/20/2026
507900,111592,10/30/2025,2/1/2026
507901,111594,10/30/2025,12/15/2025
507902,107503,10/30/2025,11/30/2025
507903,111596,10/30/2025,10/31/2025
507904,111597,10/30/2025,11/11/2025
507905,111598,10/30/2025,3/22/2026
507906,111599,10/30/2025,11/1/2025
507907,111601,10/30/2025,12/6/2025
507908,111595,10/30/2025,1/27/2026
507909,111673,10/31/2025,3/21/2026
507910,111662,10/31/2025,11/2/2025
507911,111664,10/31/2025,11/7/2025
507912,111665,10/31/2025,11/15/2025
507913,111667,10/31/2025,3/17/2026
507914,111669,10/31/2025,
507915,111671,10/31/2025,12/20/2025
507916,111672,10/31/2025,7/28/2026
507917,111674,10/31/2025,4/1/2026
507918,111660,10/31/2025,11/1/2025
507919,111677,10/31/2025,3/20/2026
507920,111679,10/31/2025,2/19/2026
507921,111680,10/31/2025,1/26/2026
507922,111682,10/31/2025,11/8/2025
507923,111683,10/31/2025,11/8/2025
507924,111688,10/31/2025,
507925,111687,10/31/2025,
507926,111685,10/31/2025,
507927,111676,10/31/2025,11/1/2025
507928,111658,10/31/2025,11/27/2025
507929,111646,10/31/2025,12/31/2025
507930,111655,10/31/2025,1/10/2026
507931,109485,10/31/2025,12/1/2025
507932,111633,10/31/2025,12/15/2025
507933,111636,10/31/2025,11/4/2025
507934,111638,10/31/2025,1/12/2026
507935,111640,10/31/2025,12/3/2025
507936,111642,10/31/2025,11/2/2025
507937,111643,10/31/2025,11/14/2025
507938,111634,10/31/2025,
507939,111656,10/31/2025,11/27/2025
507940,111648,10/31/2025,12/10/2025
507941,111650,10/31/2025,11/3/2025
507942,111651,10/31/2025,12/17/2025
507943,111652,10/31/2025,
507944,111654,10/31/2025,11/5/2025
507945,111645,10/31/2025,12/5/2025
507946,111733,11/1/2025,11/7/2025
507947,111732,11/1/2025,6/11/2026
507948,111730,11/1/2025,11/21/2025
507949,111729,11/1/2025,12/9/2025
507950,111723,11/1/2025,11/2/2025
507951,111727,11/1/2025,11/11/2025
507952,111725,11/1/2025,11/9/2025
507953,111721,11/1/2025,
507954,111735,11/1/2025,11/19/2025
507955,111728,11/1/2025,12/11/2025
507956,111737,11/1/2025,
507957,111750,11/1/2025,11/20/2025
507958,111741,11/1/2025,11/18/2025
507959,111742,11/1/2025,11/9/2025
507960,111744,11/1/2025,11/3/2025
507961,111745,11/1/2025,2/21/2026
507962,111747,11/1/2025,11/16/2025
507963,111748,11/1/2025,11/7/2025
507964,111719,11/1/2025,
507965,111752,11/1/2025,11/2/2025
507966,111754,11/1/2025,11/18/2025
507967,111756,11/1/2025,11/24/2025
507968,111739,11/1/2025,11/6/2025
507969,111717,11/1/2025,11/2/2025
507970,111715,11/1/2025,2/2/2026
507971,111696,11/1/2025,11/5/2025
507972,101191,11/1/2025,11/13/2025
507973,111716,11/1/2025,11/11/2025
507974,111690,11/1/2025,11/17/2025
507975,111692,11/1/2025,2/25/2026
507976,111694,11/1/2025,1/17/2026
507977,111695,11/1/2025,11/24/2025
507978,111697,11/1/2025,2/4/2026
507979,111699,11/1/2025,
507980,101735,11/1/2025,11/12/2025
507981,111701,11/1/2025,1/18/2026
507982,111703,11/1/2025,3/13/2026
507983,111704,11/1/2025,2/22/2026
507984,111706,11/1/2025,3/27/2026
507985,111708,11/1/2025,12/15/2025
507986,111709,11/1/2025,1/10/2026
507987,111710,11/1/2025,11/22/2025
507988,111711,11/1/2025,
507989,111712,11/1/2025,12/14/2025
507990,111714,11/1/2025,
507991,111702,11/1/2025,
507992,111787,11/2/2025,11/3/2025
507993,111786,11/2/2025,11/7/2025
507994,111785,11/2/2025,1/31/2026
507995,111780,11/2/2025,7/11/2026
507996,111782,11/2/2025,4/8/2026
507997,111802,11/2/2025,12/11/2025
507998,111783,11/2/2025,11/22/2025
507999,111788,11/2/2025,1/2/2026
508000,111798,11/2/2025,11/24/2025
508001,111792,11/2/2025,11/30/2025
508002,111793,11/2/2025,11/3/2025
508003,111794,11/2/2025,11/3/2025
508004,111795,11/2/2025,12/27/2025
508005,111797,11/2/2025,11/11/2025
508006,111801,11/2/2025,11/6/2025
508007,111799,11/2/2025,12/6/2025
508008,111790,11/2/2025,11/6/2025
508009,111778,11/2/2025,
508010,111766,11/2/2025,11/19/2025
508011,111775,11/2/2025,5/1/2026
508012,103673,11/2/2025,3/18/2026
508013,111758,11/2/2025,11/7/2025
508014,111759,11/2/2025,1/29/2026
508015,111760,11/2/2025,11/7/2025
508016,111761,11/2/2025,11/29/2025
508017,111763,11/2/2025,
508018,100565,11/2/2025,11/10/2025
508019,111767,11/2/2025,5/25/2026
508020,111764,11/2/2025,11/9/2025
508021,111774,11/2/2025,12/26/2025
508022,111772,11/2/2025,4/20/2026
508023,111777,11/2/2025,11/21/2025
508024,111770,11/2/2025,12/4/2025
508025,111769,11/2/2025,12/8/2025
508026,111771,11/2/2025,11/22/2025
508027,111843,11/3/2025,1/17/2026
508028,111825,11/3/2025,11/22/2025
508029,111827,11/3/2025,2/9/2026
508030,111828,11/3/2025,
508031,111829,11/3/2025,
508032,111830,11/3/2025,4/25/2026
508033,111831,11/3/2025,11/10/2025
508034,111834,11/3/2025,11/7/2025
508035,111836,11/3/2025,11/5/2025
508036,111840,11/3/2025,2/9/2026
508037,111841,11/3/2025,11/23/2025
508038,111823,11/3/2025,11/24/2025
508039,111842,11/3/2025,12/10/2025
508040,111833,11/3/2025,1/28/2026
508041,111838,11/3/2025,3/9/2026
508042,111822,11/3/2025,11/4/2025
508043,111819,11/3/2025,11/18/2025
508044,111821,11/3/2025,3/1/2026
508045,100913,11/3/2025,12/30/2025
508046,105801,11/3/2025,11/11/2025
508047,111805,11/3/2025,12/12/2025
508048,111807,11/3/2025,2/11/2026
508049,111809,11/3/2025,11/9/2025
508050,111804,11/3/2025,1/18/2026
508051,111811,11/3/2025,3/13/2026
508052,111813,11/3/2025,12/8/2025
508053,111815,11/3/2025,4/20/2026
508054,111817,11/3/2025,6/19/2026
508055,111818,11/3/2025,11/5/2025
508056,111810,11/3/2025,11/4/2025
508057,111882,11/4/2025,12/31/2025
508058,111873,11/4/2025,11/26/2025
508059,111875,11/4/2025,11/16/2025
508060,111876,11/4/2025,11/5/2025
508061,111878,11/4/2025,1/24/2026
508062,111880,11/4/2025,3/6/2026
508063,111881,11/4/2025,12/13/2025
508064,111884,11/4/2025,1/21/2026
508065,111893,11/4/2025,3/1/2026
508066,111897,11/4/2025,1/1/2026
508067,111887,11/4/2025,11/5/2025
508068,111889,11/4/2025,7/4/2026
508069,111890,11/4/2025,6/17/2026
508070,111891,11/4/2025,11/5/2025
508071,111872,11/4/2025,11/16/2025
508072,111895,11/4/2025,11/20/2025
508073,111886,11/4/2025,2/24/2026
508074,111870,11/4/2025,12/7/2025
508075,111852,11/4/2025,12/25/2025
508076,111867,11/4/2025,6/27/2026
508077,111869,11/4/2025,11/18/2025
508078,102219,11/4/2025,12/24/2025
508079,102221,11/4/2025,11/13/2025
508080,111845,11/4/2025,12/10/2025
508081,111847,11/4/2025,2/18/2026
508082,111851,11/4/2025,11/26/2025
508083,111853,11/4/2025,11/8/2025
508084,111855,11/4/2025,11/16/2025
508085,111849,11/4/2025,11/27/2025
508086,111858,11/4/2025,11/5/2025
508087,111859,11/4/2025,1/21/2026
508088,111860,11/4/2025,3/19/2026
508089,111861,11/4/2025,11/28/2025
508090,111862,11/4/2025,2/3/2026
508091,111864,11/4/2025,2/7/2026
508092,111866,11/4/2025,1/27/2026
508093,111857,11/4/2025,2/19/2026
508094,111937,11/5/2025,12/19/2025
508095,111928,11/5/2025,11/17/2025
508096,111930,11/5/2025,4/24/2026
508097,111931,11/5/2025,11/21/2025
508098,111933,11/5/2025,11/16/2025
508099,111934,11/5/2025,
508100,111935,11/5/2025,11/20/2025
508101,111938,11/5/2025,11/10/2025
508102,111950,11/5/2025,11/13/2025
508103,111940,11/5/2025,11/19/2025
508104,111941,11/5/2025,11/7/2025
508105,111942,11/5/2025,12/15/2025
508106,111944,11/5/2025,12/6/2025
508107,111945,11/5/2025,1/18/2026
508108,111947,11/5/2025,11/12/2025
508109,111948,11/5/2025,11/18/2025
508110,111926,11/5/2025,11/8/2025
508111,111939,11/5/2025,11/6/2025
508112,111925,11/5/2025,
508113,111923,11/5/2025,11/13/2025
508114,111921,11/5/2025,3/4/2026
508115,106253,11/5/2025,11/14/2025
508116,111899,11/5/2025,7/3/2026
508117,111900,11/5/2025,2/2/2026
508118,111902,11/5/2025,
508119,111904,11/5/2025,12/16/2025
508120,111906,11/5/2025,11/7/2025
508121,111908,11/5/2025,11/12/2025
508122,111901,11/5/2025,1/21/2026
508123,111910,11/5/2025,12/2/2025
508124,111912,11/5/2025,12/21/2025
508125,111914,11/5/2025,2/3/2026
508126,111916,11/5/2025,1/19/2026
508127,111918,11/5/2025,5/27/2026
508128,111920,11/5/2025,12/20/2025
508129,111909,11/5/2025,11/13/2025
508130,111989,11/6/2025,
508131,111980,11/6/2025,12/8/2025
508132,111982,11/6/2025,11/16/2025
508133,112008,11/6/2025,
508134,111983,11/6/2025,3/3/2026
508135,111984,11/6/2025,1/10/2026
508136,111985,11/6/2025,11/8/2025
508137,111987,11/6/2025,1/1/2026
508138,111990,11/6/2025,4/9/2026
508139,112006,11/6/2025,
508140,111993,11/6/2025,11/7/2025
508141,111995,11/6/2025,11/7/2025
508142,111996,11/6/2025,8/1/2026
508143,111998,11/6/2025,11/27/2025
508144,111999,11/6/2025,11/29/2025
508145,112001,11/6/2025,6/2/2026
508146,111978,11/6/2025,11/17/2025
508147,112004,11/6/2025,2/17/2026
508148,112002,11/6/2025,1/30/2026
508149,111991,11/6/2025,5/8/2026
508150,111977,11/6/2025,
508151,111969,11/6/2025,11/23/2025
508152,111974,11/6/2025,11/7/2025
508153,111953,11/6/2025,12/4/2025
508154,111954,11/6/2025,2/11/2026
508155,111955,11/6/2025,11/16/2025
508156,111957,11/6/2025,
508157,111958,11/6/2025,
508158,111960,11/6/2025,11/18/2025
508159,111961,11/6/2025,
508160,111952,11/6/2025,11/22/2025
508161,111964,11/6/2025,11/29/2025
508162,111962,11/6/2025,11/15/2025
508163,111973,11/6/2025,3/29/2026
508164,111971,11/6/2025,2/12/2026
508165,111975,11/6/2025,11/12/2025
508166,111967,11/6/2025,2/13/2026
508167,111965,11/6/2025,11/24/2025
508168,111970,11/6/2025,12/22/2025
508169,112023,11/7/2025,3/25/2026
508170,112025,11/7/2025,5/17/2026
508171,112027,11/7/2025,12/7/2025
508172,112028,11/7/2025,12/9/2025
508173,112030,11/7/2025,11/19/2025
508174,112032,11/7/2025,
508175,112033,11/7/2025,11/13/2025
508176,112036,11/7/2025,3/27/2026
508177,112040,11/7/2025,11/24/2025
508178,112042,11/7/2025,1/9/2026
508179,112043,11/7/2025,12/28/2025
508180,112022,11/7/2025,5/10/2026
508181,112034,11/7/2025,1/22/2026
508182,112038,11/7/2025,2/22/2026
508183,112020,11/7/2025,11/21/2025
508184,112017,11/7/2025,12/13/2025
508185,112016,11/7/2025,11/24/2025
508186,112015,11/7/2025,3/5/2026
508187,112014,11/7/2025,11/15/2025
508188,112013,11/7/2025,
508189,112011,11/7/2025,11/19/2025
508190,112010,11/7/2025,12/28/2025
508191,102562,11/7/2025,11/18/2025
508192,112019,11/7/2025,11/9/2025
508193,104862,11/7/2025,5/2/2026
508194,112085,11/8/2025,
508195,112084,11/8/2025,11/10/2025
508196,112083,11/8/2025,3/8/2026
508197,112081,11/8/2025,2/7/2026
508198,112077,11/8/2025,11/15/2025
508199,112079,11/8/2025,12/5/2025
508200,112086,11/8/2025,11/21/2025
508201,112075,11/8/2025,11/10/2025
508202,112073,11/8/2025,3/18/2026
508203,112080,11/8/2025,3/26/2026
508204,112087,11/8/2025,11/16/2025
508205,112093,11/8/2025,1/8/2026
508206,112090,11/8/2025,3/25/2026
508207,112091,11/8/2025,
508208,112092,11/8/2025,12/14/2025
508209,112094,11/8/2025,12/20/2025
508210,112098,11/8/2025,
508211,112100,11/8/2025,12/30/2025
508212,112102,11/8/2025,11/13/2025
508213,112103,11/8/2025,12/8/2025
508214,112097,11/8/2025,11/21/2025
508215,112095,11/8/2025,3/26/2026
508216,112088,11/8/2025,11/9/2025
508217,112072,11/8/2025,2/8/2026
508218,112068,11/8/2025,11/11/2025
508219,112069,11/8/2025,11/10/2025
508220,105926,11/8/2025,11/11/2025
508221,112071,11/8/2025,6/8/2026
508222,104252,11/8/2025,11/10/2025
508223,112045,11/8/2025,2/17/2026
508224,112046,11/8/2025,11/17/2025
508225,112048,11/8/2025,11/21/2025
508226,112049,11/8/2025,1/1/2026
508227,112051,11/8/2025,11/30/2025
508228,112052,11/8/2025,5/14/2026
508229,104297,11/8/2025,11/22/2025
508230,112054,11/8/2025,1/22/2026
508231,112053,11/8/2025,11/10/2025
508232,112064,11/8/2025,12/13/2025
508233,112062,11/8/2025,11/25/2025
508234,112066,11/8/2025,2/10/2026
508235,112059,11/8/2025,11/17/2025
508236,112057,11/8/2025,1/8/2026
508237,112055,11/8/2025,12/14/2025
508238,112060,11/8/2025,11/11/2025
508239,112137,11/9/2025,11/11/2025
508240,112139,11/9/2025,12/20/2025
508241,112141,11/9/2025,
508242,112150,11/9/2025,1/14/2026
508243,112142,11/9/2025,4/1/2026
508244,112143,11/9/2025,12/30/2025
508245,112144,11/9/2025,
508246,112145,11/9/2025,2/21/2026
508247,112147,11/9/2025,11/17/2025
508248,112148,11/9/2025,11/22/2025
508249,112149,11/9/2025,1/6/2026
508250,112152,11/9/2025,1/2/2026
508251,112158,11/9/2025,5/15/2026
508252,112154,11/9/2025,12/12/2025
508253,112156,11/9/2025,5/17/2026
508254,112160,11/9/2025,11/11/2025
508255,112162,11/9/2025,2/21/2026
508256,112164,11/9/2025,
508257,112165,11/9/2025,11/14/2025
508258,112166,11/9/2025,5/10/2026
508259,112136,11/9/2025,12/21/2025
508260,112170,11/9/2025,11/13/2025
508261,112172,11/9/2025,11/10/2025
508262,112173,11/9/2025,11/21/2025
508263,112153,11/9/2025,12/29/2025
508264,112134,11/9/2025,1/2/2026
508265,112168,11/9/2025,1/3/2026
508266,112131,11/9/2025,6/21/2026
508267,112133,11/9/2025,11/27/2025
508268,107034,11/9/2025,11/10/2025
508269,104092,11/9/2025,11/29/2025
508270,103035,11/9/2025,12/24/2025
508271,103258,11/9/2025,4/1/2026
508272,112104,11/9/2025,4/3/2026
508273,112105,11/9/2025,1/22/2026
508274,112107,11/9/2025,11/12/2025
508275,112111,11/9/2025,11/17/2025
508276,112112,11/9/2025,2/12/2026
508277,112114,11/9/2025,12/11/2025
508278,112109,11/9/2025,1/3/2026
508279,112118,11/9/2025,1/14/2026
508280,112119,11/9/2025,1/29/2026
508281,112120,11/9/2025,3/12/2026
508282,112121,11/9/2025,12/21/2025
508283,112122,11/9/2025,11/25/2025
508284,112124,11/9/2025,11/28/2025
508285,112116,11/9/2025,
508286,112125,11/9/2025,3/16/2026
508287,112127,11/9/2025,7/22/2026
508288,112128,11/9/2025,12/3/2025
508289,112130,11/9/2025,1/22/2026
508290,112211,11/10/2025,11/11/2025
508291,112209,11/10/2025,12/18/2025
508292,112204,11/10/2025,
508293,112203,11/10/2025,12/14/2025
508294,112213,11/10/2025,1/25/2026
508295,112208,11/10/2025,11/12/2025
508296,112215,11/10/2025,1/17/2026
508297,112227,11/10/2025,12/3/2025
508298,112217,11/10/2025,11/17/2025
508299,112219,11/10/2025,12/5/2025
508300,112221,11/10/2025,4/10/2026
508301,112222,11/10/2025,11/25/2025
508302,112224,11/10/2025,12/4/2025
508303,112225,11/10/2025,
508304,112201,11/10/2025,2/9/2026
508305,112216,11/10/2025,1/12/2026
508306,112200,11/10/2025,11/20/2025
508307,112206,11/10/2025,12/28/2025
508308,112196,11/10/2025,11/22/2025
508309,101529,11/10/2025,1/3/2026
508310,112175,11/10/2025,12/5/2025
508311,112198,11/10/2025,3/4/2026
508312,112178,11/10/2025,11/11/2025
508313,112180,11/10/2025,1/24/2026
508314,112182,11/10/2025,2/14/2026
508315,112184,11/10/2025,3/9/2026
508316,112176,11/10/2025,2/12/2026
508317,112186,11/10/2025,12/2/2025
508318,112187,11/10/2025,11/21/2025
508319,112188,11/10/2025,1/18/2026
508320,112190,11/10/2025,4/19/2026
508321,112192,11/10/2025,12/24/2025
508322,112194,11/10/2025,11/16/2025
508323,112185,11/10/2025,12/5/2025
508324,112240,11/11/2025,12/25/2025
508325,112242,11/11/2025,11/12/2025
508326,112244,11/11/2025,1/7/2026
508327,112246,11/11/2025,11/13/2025
508328,112250,11/11/2025,11/18/2025
508329,112248,11/11/2025,12/21/2025
508330,112252,11/11/2025,12/1/2025
508331,112254,11/11/2025,12/14/2025
508332,112247,11/11/2025,12/4/2025
508333,112238,11/11/2025,12/2/2025
508334,112235,11/11/2025,2/12/2026
508335,112234,11/11/2025,11/14/2025
508336,112233,11/11/2025,11/21/2025
508337,112232,11/11/2025,6/25/2026
508338,112231,11/11/2025,11/14/2025
508339,112230,11/11/2025,6/26/2026
508340,112229,11/11/2025,11/12/2025
508341,112228,11/11/2025,12/16/2025
508342,101175,11/11/2025,11/21/2025
508343,112237,11/11/2025,11/20/2025
508344,112279,11/12/2025,12/4/2025
508345,112280,11/12/2025,1/28/2026
508346,112281,11/12/2025,2/15/2026
508347,112283,11/12/2025,12/13/2025
508348,112284,11/12/2025,
508349,112285,11/12/2025,12/7/2025
508350,112291,11/12/2025,12/14/2025
508351,112287,11/12/2025,11/26/2025
508352,112289,11/12/2025,4/23/2026
508353,112292,11/12/2025,1/3/2026
508354,112294,11/12/2025,12/13/2025
508355,112295,11/12/2025,
508356,112286,11/12/2025,11/13/2025
508357,112277,11/12/2025,
508358,112272,11/12/2025,5/13/2026
508359,112274,11/12/2025,11/25/2025
508360,112275,11/12/2025,2/15/2026
508361,102271,11/12/2025,12/31/2025
508362,112255,11/12/2025,11/24/2025
508363,112258,11/12/2025,2/27/2026
508364,112259,11/12/2025,11/20/2025
508365,112260,11/12/2025,
508366,112257,11/12/2025,11/13/2025
508367,112263,11/12/2025,11/18/2025
508368,112264,11/12/2025,11/15/2025
508369,112266,11/12/2025,11/28/2025
508370,112268,11/12/2025,12/27/2025
508371,112270,11/12/2025,12/24/2025
508372,112262,11/12/2025,11/15/2025
508373,112336,11/13/2025,
508374,112325,11/13/2025,2/20/2026
508375,112327,11/13/2025,11/24/2025
508376,112329,11/13/2025,11/23/2025
508377,112331,11/13/2025,12/9/2025
508378,112332,11/13/2025,11/24/2025
508379,112334,11/13/2025,1/30/2026
508380,112337,11/13/2025,3/30/2026
508381,112345,11/13/2025,11/16/2025
508382,112339,11/13/2025,5/20/2026
508383,112340,11/13/2025,5/12/2026
508384,112341,11/13/2025,2/20/2026
508385,112342,11/13/2025,
508386,112344,11/13/2025,12/26/2025
508387,112323,11/13/2025,12/7/2025
508388,112346,11/13/2025,11/26/2025
508389,112348,11/13/2025,2/26/2026
508390,112338,11/13/2025,2/4/2026
508391,112322,11/13/2025,2/13/2026
508392,112321,11/13/2025,12/14/2025
508393,112302,11/13/2025,2/22/2026
508394,112319,11/13/2025,
508395,112296,11/13/2025,12/17/2025
508396,112297,11/13/2025,11/19/2025
508397,112299,11/13/2025,11/30/2025
508398,112300,11/13/2025,12/14/2025
508399,112304,11/13/2025,12/6/2025
508400,109017,11/13/2025,
508401,112307,11/13/2025,1/10/2026
508402,112305,11/13/2025,11/19/2025
508403,112310,11/13/2025,11/26/2025
508404,112311,11/13/2025,11/22/2025
508405,112312,11/13/2025,4/5/2026
508406,112313,11/13/2025,
508407,112315,11/13/2025,11/21/2025
508408,112316,11/13/2025,12/29/2025
508409,112317,11/13/2025,11/17/2025
508410,112309,11/13/2025,5/31/2026
508411,112381,11/14/2025,11/23/2025
508412,112379,11/14/2025,2/16/2026
508413,112378,11/14/2025,3/25/2026
508414,112373,11/14/2025,
508415,112375,11/14/2025,
508416,112383,11/14/2025,4/26/2026
508417,112376,11/14/2025,11/22/2025
508418,112384,11/14/2025,12/6/2025
508419,112397,11/14/2025,12/26/2025
508420,112387,11/14/2025,1/7/2026
508421,112389,11/14/2025,2/9/2026
508422,112391,11/14/2025,12/11/2025
508423,112393,11/14/2025,
508424,112395,11/14/2025,11/25/2025
508425,112399,11/14/2025,11/16/2025
508426,112385,11/14/2025,2/4/2026
508427,112372,11/14/2025,3/14/2026
508428,112382,11/14/2025,
508429,112369,11/14/2025,11/20/2025
508430,112371,11/14/2025,11/16/2025
508431,110407,11/14/2025,12/4/2025
508432,109139,11/14/2025,2/19/2026
508433,112349,11/14/2025,11/21/2025
508434,112351,11/14/2025,
508435,112353,11/14/2025,2/28/2026
508436,112355,11/14/2025,
508437,112357,11/14/2025,
508438,112350,11/14/2025,11/23/2025
508439,112360,11/14/2025,11/16/2025
508440,112362,11/14/2025,12/14/2025
508441,112363,11/14/2025,
508442,112364,11/14/2025,12/1/2025
508443,112366,11/14/2025,5/29/2026
508444,112358,11/14/2025,11/17/2025
508445,112368,11/14/2025,4/13/2026
508446,112438,11/15/2025,2/21/2026
508447,112447,11/15/2025,1/14/2026
508448,112445,11/15/2025,12/15/2025
508449,112444,11/15/2025,3/1/2026
508450,112441,11/15/2025,5/11/2026
508451,112442,11/15/2025,11/17/2025
508452,112439,11/15/2025,3/4/2026
508453,112448,11/15/2025,11/20/2025
508454,112443,11/15/2025,12/2/2025
508455,112450,11/15/2025,11/16/2025
508456,112463,11/15/2025,
508457,112454,11/15/2025,5/27/2026
508458,112456,11/15/2025,11/22/2025
508459,112457,11/15/2025,12/17/2025
508460,112459,11/15/2025,12/21/2025
508461,112460,11/15/2025,12/16/2025
508462,112461,11/15/2025,12/4/2025
508463,112462,11/15/2025,11/30/2025
508464,112465,11/15/2025,3/9/2026
508465,112466,11/15/2025,12/2/2025
508466,112467,11/15/2025,2/26/2026
508467,112452,11/15/2025,
508468,112434,11/15/2025,2/20/2026
508469,112436,11/15/2025,1/17/2026
508470,112431,11/15/2025,
508471,112433,11/15/2025,5/9/2026
508472,112401,11/15/2025,1/5/2026
508473,112402,11/15/2025,
508474,112404,11/15/2025,3/13/2026
508475,112405,11/15/2025,12/24/2025
508476,112406,11/15/2025,11/18/2025
508477,112407,11/15/2025,12/24/2025
508478,112409,11/15/2025,11/17/2025
508479,112411,11/15/2025,
508480,112413,11/15/2025,11/27/2025
508481,112400,11/15/2025,6/16/2026
508482,112416,11/15/2025,11/17/2025
508483,112414,11/15/2025,11/16/2025
508484,112427,11/15/2025,12/16/2025
508485,112426,11/15/2025,5/4/2026
508486,112424,11/15/2025,11/19/2025
508487,112429,11/15/2025,3/23/2026
508488,112421,11/15/2025,12/12/2025
508489,112420,11/15/2025,11/18/2025
508490,112418,11/15/2025,11/20/2025
508491,112417,11/15/2025,12/25/2025
508492,112422,11/15/2025,6/28/2026
508493,112512,11/16/2025,11/29/2025
508494,112502,11/16/2025,11/22/2025
508495,112504,11/16/2025,12/20/2025
508496,112506,11/16/2025,5/30/2026
508497,112507,11/16/2025,11/19/2025
508498,112508,11/16/2025,11/23/2025
508499,112510,11/16/2025,11/28/2025
508500,112511,11/16/2025,12/5/2025
508501,112514,11/16/2025,1/23/2026
508502,112522,11/16/2025,11/24/2025
508503,112517,11/16/2025,3/18/2026
508504,112518,11/16/2025,6/25/2026
508505,112519,11/16/2025,2/15/2026
508506,112521,11/16/2025,12/16/2025
508507,112524,11/16/2025,12/14/2025
508508,112525,11/16/2025,2/9/2026
508509,112526,11/16/2025,12/21/2025
508510,112501,11/16/2025,11/30/2025
508511,112528,11/16/2025,11/17/2025
508512,112516,11/16/2025,11/24/2025
508513,112499,11/16/2025,
508514,112482,11/16/2025,
508515,112496,11/16/2025,1/5/2026
508516,110095,11/16/2025,12/12/2025
508517,112468,11/16/2025,12/14/2025
508518,112472,11/16/2025,12/9/2025
508519,112473,11/16/2025,12/21/2025
508520,112475,11/16/2025,11/25/2025
508521,112476,11/16/2025,4/23/2026
508522,112478,11/16/2025,2/15/2026
508523,112479,11/16/2025,12/4/2025
508524,112481,11/16/2025,11/23/2025
508525,112470,11/16/2025,
508526,112484,11/16/2025,11/19/2025
508527,112486,11/16/2025,2/18/2026
508528,112487,11/16/2025,12/7/2025
508529,112489,11/16/2025,1/5/2026
508530,112490,11/16/2025,
508531,112492,11/16/2025,2/27/2026
508532,112493,11/16/2025,
508533,112495,11/16/2025,12/14/2025
508534,112498,11/16/2025,11/17/2025
508535,112555,11/17/2025,11/21/2025
508536,112557,11/17/2025,5/14/2026
508537,112559,11/17/2025,1/9/2026
508538,112561,11/17/2025,
508539,112563,11/17/2025,5/6/2026
508540,112565,11/17/2025,
508541,112574,11/17/2025,1/6/2026
508542,112569,11/17/2025,1/7/2026
508543,112570,11/17/2025,2/16/2026
508544,112572,11/17/2025,12/9/2025
508545,112575,11/17/2025,12/25/2025
508546,112576,11/17/2025,12/30/2025
508547,112554,11/17/2025,12/3/2025
508548,112567,11/17/2025,12/5/2025
508549,112553,11/17/2025,7/4/2026
508550,112551,11/17/2025,11/22/2025
508551,112532,11/17/2025,
508552,101163,11/17/2025,1/17/2026
508553,112530,11/17/2025,11/18/2025
508554,112531,11/17/2025,12/2/2025
508555,112534,11/17/2025,6/21/2026
508556,112536,11/17/2025,12/9/2025
508557,112552,11/17/2025,2/13/2026
508558,112537,11/17/2025,4/5/2026
508559,112540,11/17/2025,
508560,112542,11/17/2025,12/4/2025
508561,112544,11/17/2025,11/27/2025
508562,112546,11/17/2025,1/10/2026
508563,112547,11/17/2025,2/8/2026
508564,112549,11/17/2025,12/30/2025
508565,112539,11/17/2025,12/12/2025
508566,112612,11/18/2025,11/24/2025
508567,112611,11/18/2025,12/2/2025
508568,112609,11/18/2025,12/3/2025
508569,112605,11/18/2025,12/31/2025
508570,112606,11/18/2025,11/25/2025
508571,112630,11/18/2025,
508572,112613,11/18/2025,1/29/2026
508573,112608,11/18/2025,12/25/2025
508574,112614,11/18/2025,11/20/2025
508575,112627,11/18/2025,7/7/2026
508576,112617,11/18/2025,11/22/2025
508577,112619,11/18/2025,3/22/2026
508578,112621,11/18/2025,11/27/2025
508579,112623,11/18/2025,1/13/2026
508580,112624,11/18/2025,12/19/2025
508581,112625,11/18/2025,5/1/2026
508582,112628,11/18/2025,12/3/2025
508583,112616,11/18/2025,12/27/2025
508584,112603,11/18/2025,12/27/2025
508585,112598,11/18/2025,11/28/2025
508586,112599,11/18/2025,12/3/2025
508587,108696,11/18/2025,12/19/2025
508588,112578,11/18/2025,12/31/2025
508589,112580,11/18/2025,2/19/2026
508590,112581,11/18/2025,1/1/2026
508591,112582,11/18/2025,11/24/2025
508592,112583,11/18/2025,12/4/2025
508593,112585,11/18/2025,12/4/2025
508594,112601,11/18/2025,11/28/2025
508595,112588,11/18/2025,2/14/2026
508596,112589,11/18/2025,3/29/2026
508597,112591,11/18/2025,1/10/2026
508598,112593,11/18/2025,
508599,112594,11/18/2025,11/23/2025
508600,112596,11/18/2025,11/20/2025
508601,112587,11/18/2025,4/13/2026
508602,112652,11/19/2025,12/10/2025
508603,112654,11/19/2025,12/13/2025
508604,112655,11/19/2025,11/20/2025
508605,112656,11/19/2025,5/11/2026
508606,112657,11/19/2025,
508607,112658,11/19/2025,2/3/2026
508608,112664,11/19/2025,12/30/2025
508609,112662,11/19/2025,11/24/2025
508610,112663,11/19/2025,11/22/2025
508611,112666,11/19/2025,11/29/2025
508612,112668,11/19/2025,
508613,112669,11/19/2025,5/7/2026
508614,112651,11/19/2025,12/8/2025
508615,112660,11/19/2025,11/22/2025
508616,112671,11/19/2025,11/23/2025
508617,112650,11/19/2025,12/12/2025
508618,112647,11/19/2025,11/30/2025
508619,112649,11/19/2025,12/7/2025
508620,105941,11/19/2025,3/1/2026
508621,104060,11/19/2025,12/15/2025
508622,112631,11/19/2025,7/11/2026
508623,112634,11/19/2025,11/22/2025
508624,112636,11/19/2025,11/24/2025
508625,112637,11/19/2025,12/3/2025
508626,112632,11/19/2025,11/20/2025
508627,112640,11/19/2025,12/30/2025
508628,112641,11/19/2025,11/25/2025
508629,112642,11/19/2025,2/3/2026
508630,112643,11/19/2025,11/20/2025
508631,112644,11/19/2025,2/1/2026
508632,112646,11/19/2025,2/6/2026
508633,112638,11/19/2025,
508634,112702,11/20/2025,11/25/2025
508635,112694,11/20/2025,11/23/2025
508636,112696,11/20/2025,4/23/2026
508637,112698,11/20/2025,12/5/2025
508638,112699,11/20/2025,3/23/2026
508639,112700,11/20/2025,12/5/2025
508640,112705,11/20/2025,12/1/2025
508641,112717,11/20/2025,4/7/2026
508642,112708,11/20/2025,12/15/2025
508643,112709,11/20/2025,11/24/2025
508644,112710,11/20/2025,11/27/2025
508645,112711,11/20/2025,
508646,112713,11/20/2025,12/26/2025
508647,112715,11/20/2025,11/22/2025
508648,112693,11/20/2025,1/20/2026
508649,112707,11/20/2025,11/22/2025
508650,112692,11/20/2025,12/21/2025
508651,112704,11/20/2025,
508652,112688,11/20/2025,4/5/2026
508653,102682,11/20/2025,1/17/2026
508654,112672,11/20/2025,11/25/2025
508655,112673,11/20/2025,1/2/2026
508656,112675,11/20/2025,11/29/2025
508657,112676,11/20/2025,7/21/2026
508658,112678,11/20/2025,3/24/2026
508659,112690,11/20/2025,11/22/2025
508660,110426,11/20/2025,3/31/2026
508661,112681,11/20/2025,5/22/2026
508662,112682,11/20/2025,7/28/2026
508663,112684,11/20/2025,6/18/2026
508664,112685,11/20/2025,4/11/2026
508665,112686,11/20/2025,12/18/2025
508666,112687,11/20/2025,4/24/2026
508667,112679,11/20/2025,12/6/2025
508668,112736,11/21/2025,12/5/2025
508669,112738,11/21/2025,12/19/2025
508670,112739,11/21/2025,12/11/2025
508671,112740,11/21/2025,2/24/2026
508672,112742,11/21/2025,11/23/2025
508673,112746,11/21/2025,1/8/2026
508674,112744,11/21/2025,3/26/2026
508675,112745,11/21/2025,12/25/2025
508676,112747,11/21/2025,
508677,112749,11/21/2025,6/7/2026
508678,112734,11/21/2025,12/2/2025
508679,112743,11/21/2025,12/15/2025
508680,112733,11/21/2025,12/2/2025
508681,112731,11/21/2025,3/25/2026
508682,112729,11/21/2025,3/2/2026
508683,112727,11/21/2025,
508684,112725,11/21/2025,11/24/2025
508685,112723,11/21/2025,11/22/2025
508686,112722,11/21/2025,3/16/2026
508687,112721,11/21/2025,5/20/2026
508688,112720,11/21/2025,11/22/2025
508689,112719,11/21/2025,1/25/2026
508690,112718,11/21/2025,1/25/2026
508691,104079,11/21/2025,12/17/2025
508692,112788,11/22/2025,12/9/2025
508693,112787,11/22/2025,3/26/2026
508694,112786,11/22/2025,11/25/2025
508695,112780,11/22/2025,12/17/2025
508696,112783,11/22/2025,2/2/2026
508697,112782,11/22/2025,12/10/2025
508698,112789,11/22/2025,11/28/2025
508699,112784,11/22/2025,
508700,112790,11/22/2025,12/4/2025
508701,112798,11/22/2025,12/9/2025
508702,112794,11/22/2025,11/28/2025
508703,112796,11/22/2025,
508704,112797,11/22/2025,12/12/2025
508705,112778,11/22/2025,11/27/2025
508706,112799,11/22/2025,1/5/2026
508707,112804,11/22/2025,3/6/2026
508708,112802,11/22/2025,12/11/2025
508709,112800,11/22/2025,12/17/2025
508710,112792,11/22/2025,11/24/2025
508711,112777,11/22/2025,11/23/2025
508712,112806,11/22/2025,12/5/2025
508713,112774,11/22/2025,
508714,112775,11/22/2025,
508715,104320,11/22/2025,
508716,112751,11/22/2025,
508717,112752,11/22/2025,2/7/2026
508718,112756,11/22/2025,12/11/2025
508719,112758,11/22/2025,3/7/2026
508720,112760,11/22/2025,12/7/2025
508721,112754,11/22/2025,1/23/2026
508722,112762,11/22/2025,12/4/2025
508723,112763,11/22/2025,6/8/2026
508724,112765,11/22/2025,12/10/2025
508725,112767,11/22/2025,12/2/2025
508726,112769,11/22/2025,1/3/2026
508727,112771,11/22/2025,11/30/2025
508728,112773,11/22/2025,12/5/2025
508729,112761,11/22/2025,1/5/2026
508730,112841,11/23/2025,12/30/2025
508731,112834,11/23/2025,12/4/2025
508732,112835,11/23/2025,12/30/2025
508733,112836,11/23/2025,2/12/2026
508734,112837,11/23/2025,1/3/2026
508735,112838,11/23/2025,12/19/2025
508736,112839,11/23/2025,11/24/2025
508737,112842,11/23/2025,5/26/2026
508738,112856,11/23/2025,2/17/2026
508739,112845,11/23/2025,
508740,112847,11/23/2025,12/15/2025
508741,112850,11/23/2025,2/18/2026
508742,112852,11/23/2025,1/17/2026
508743,112854,11/23/2025,11/26/2025
508744,112855,11/23/2025,
508745,112832,11/23/2025,11/26/2025
508746,112857,11/23/2025,6/23/2026
508747,112843,11/23/2025,4/25/2026
508748,112830,11/23/2025,12/12/2025
508749,112849,11/23/2025,3/13/2026
508750,112827,11/23/2025,2/2/2026
508751,103554,11/23/2025,6/16/2026
508752,101904,11/23/2025,12/12/2025
508753,105217,11/23/2025,1/5/2026
508754,110434,11/23/2025,12/11/2025
508755,112807,11/23/2025,11/26/2025
508756,112809,11/23/2025,11/24/2025
508757,112810,11/23/2025,3/31/2026
508758,112828,11/23/2025,
508759,112814,11/23/2025,
508760,112816,11/23/2025,12/29/2025
508761,112818,11/23/2025,12/26/2025
508762,112820,11/23/2025,11/25/2025
508763,112822,11/23/2025,12/27/2025
508764,112824,11/23/2025,12/5/2025
508765,112826,11/23/2025,2/10/2026
508766,112812,11/23/2025,5/1/2026
508767,112878,11/24/2025,1/1/2026
508768,112880,11/24/2025,
508769,112881,11/24/2025,
508770,112882,11/24/2025,
508771,112884,11/24/2025,12/30/2025
508772,112886,11/24/2025,11/29/2025
508773,112893,11/24/2025,11/25/2025
508774,112890,11/24/2025,11/26/2025
508775,112891,11/24/2025,11/30/2025
508776,112894,11/24/2025,12/30/2025
508777,112876,11/24/2025,11/25/2025
508778,112897,11/24/2025,1/20/2026
508779,112888,11/24/2025,12/20/2025
508780,112896,11/24/2025,12/2/2025
508781,112875,11/24/2025,12/10/2025
508782,112872,11/24/2025,12/11/2025
508783,112873,11/24/2025,1/3/2026
508784,104488,11/24/2025,12/2/2025
508785,103514,11/24/2025,
508786,112859,11/24/2025,11/25/2025
508787,112860,11/24/2025,11/29/2025
508788,112862,11/24/2025,11/29/2025
508789,107193,11/24/2025,12/20/2025
508790,112865,11/24/2025,11/26/2025
508791,112866,11/24/2025,11/25/2025
508792,112868,11/24/2025,11/25/2025
508793,112870,11/24/2025,12/30/2025
508794,112871,11/24/2025,1/30/2026
508795,112864,11/24/2025,12/25/2025
508796,112927,11/25/2025,4/13/2026
508797,112922,11/25/2025,12/6/2025
508798,112923,11/25/2025,12/11/2025
508799,112924,11/25/2025,
508800,112926,11/25/2025,1/21/2026
508801,112939,11/25/2025,3/31/2026
508802,112928,11/25/2025,12/3/2025
508803,112937,11/25/2025,
508804,112931,11/25/2025,12/26/2025
508805,112932,11/25/2025,
508806,112933,11/25/2025,12/26/2025
508807,112934,11/25/2025,12/21/2025
508808,112935,11/25/2025,2/10/2026
508809,112938,11/25/2025,11/27/2025
508810,112920,11/25/2025,12/12/2025
508811,112930,11/25/2025,2/9/2026
508812,112918,11/25/2025,11/28/2025
508813,112907,11/25/2025,
508814,112914,11/25/2025,12/13/2025
508815,112916,11/25/2025,11/29/2025
508816,106962,11/25/2025,1/12/2026
508817,109644,11/25/2025,12/6/2025
508818,112900,11/25/2025,6/21/2026
508819,112901,11/25/2025,12/2/2025
508820,112903,11/25/2025,1/7/2026
508821,112898,11/25/2025,11/29/2025
508822,112905,11/25/2025,12/15/2025
508823,112908,11/25/2025,
508824,112910,11/25/2025,4/7/2026
508825,112911,11/25/2025,12/4/2025
508826,112912,11/25/2025,2/5/2026
508827,112904,11/25/2025,11/26/2025
508828,112978,11/26/2025,
508829,112969,11/26/2025,3/17/2026
508830,112970,11/26/2025,3/29/2026
508831,112972,11/26/2025,6/11/2026
508832,112974,11/26/2025,
508833,112975,11/26/2025,2/6/2026
508834,112976,11/26/2025,3/26/2026
508835,112980,11/26/2025,12/3/2025
508836,112991,11/26/2025,
508837,112983,11/26/2025,12/9/2025
508838,112985,11/26/2025,12/18/2025
508839,112986,11/26/2025,
508840,112988,11/26/2025,12/21/2025
508841,112990,11/26/2025,12/9/2025
508842,112992,11/26/2025,5/16/2026
508843,112993,11/26/2025,11/28/2025
508844,112994,11/26/2025,12/2/2025
508845,112982,11/26/2025,11/28/2025
508846,112966,11/26/2025,1/29/2026
508847,112967,11/26/2025,12/17/2025
508848,112964,11/26/2025,
508849,112965,11/26/2025,12/13/2025
508850,108311,11/26/2025,11/30/2025
508851,112940,11/26/2025,
508852,112941,11/26/2025,1/16/2026
508853,112944,11/26/2025,12/8/2025
508854,112946,11/26/2025,12/10/2025
508855,112948,11/26/2025,1/10/2026
508856,112942,11/26/2025,11/28/2025
508857,112952,11/26/2025,1/13/2026
508858,112953,11/26/2025,12/21/2025
508859,112955,11/26/2025,
508860,112957,11/26/2025,6/23/2026
508861,112959,11/26/2025,12/2/2025
508862,112961,11/26/2025,12/3/2025
508863,112950,11/26/2025,3/6/2026
508864,112962,11/26/2025,12/7/2025
508865,113029,11/27/2025,12/3/2025
508866,113028,11/27/2025,3/26/2026
508867,113027,11/27/2025,12/25/2025
508868,113022,11/27/2025,12/16/2025
508869,113023,11/27/2025,11/30/2025
508870,113021,11/27/2025,12/4/2025
508871,113031,11/27/2025,6/28/2026
508872,113025,11/27/2025,11/29/2025
508873,113033,11/27/2025,12/17/2025
508874,113048,11/27/2025,12/30/2025
508875,113036,11/27/2025,12/15/2025
508876,113037,11/27/2025,12/2/2025
508877,113039,11/27/2025,12/11/2025
508878,113040,11/27/2025,12/25/2025
508879,113042,11/27/2025,12/29/2025
508880,113044,11/27/2025,12/6/2025
508881,113050,11/27/2025,
508882,113047,11/27/2025,
508883,113046,11/27/2025,4/1/2026
508884,113035,11/27/2025,12/2/2025
508885,113018,11/27/2025,2/6/2026
508886,113019,11/27/2025,
508887,113015,11/27/2025,3/15/2026
508888,113017,11/27/2025,12/17/2025
508889,102560,11/27/2025,6/9/2026
508890,102590,11/27/2025,11/29/2025
508891,112996,11/27/2025,12/22/2025
508892,112998,11/27/2025,12/10/2025
508893,113000,11/27/2025,1/28/2026
508894,113001,11/27/2025,5/8/2026
508895,113003,11/27/2025,12/13/2025
508896,102416,11/27/2025,2/7/2026
508897,113006,11/27/2025,1/22/2026
508898,113007,11/27/2025,
508899,113008,11/27/2025,12/6/2025
508900,113009,11/27/2025,12/5/2025
508901,113014,11/27/2025,11/28/2025
508902,113005,11/27/2025,12/5/2025
508903,113011,11/27/2025,1/7/2026
508904,113012,11/27/2025,12/3/2025
508905,113088,11/28/2025,3/22/2026
508906,113086,11/28/2025,12/27/2025
508907,113085,11/28/2025,12/1/2025
508908,113081,11/28/2025,1/10/2026
508909,113089,11/28/2025,12/14/2025
508910,113079,11/28/2025,12/5/2025
508911,113078,11/28/2025,6/8/2026
508912,113083,11/28/2025,3/1/2026
508913,113090,11/28/2025,7/12/2026
508914,113096,11/28/2025,12/26/2025
508915,113093,11/28/2025,12/5/2025
508916,113094,11/28/2025,12/7/2025
508917,113097,11/28/2025,12/8/2025
508918,113099,11/28/2025,
508919,113100,11/28/2025,1/24/2026
508920,113077,11/28/2025,2/10/2026
508921,113101,11/28/2025,2/28/2026
508922,113102,11/28/2025,12/2/2025
508923,113104,11/28/2025,3/4/2026
508924,113105,11/28/2025,12/27/2025
508925,113092,11/28/2025,1/15/2026
508926,113075,11/28/2025,12/12/2025
508927,113071,11/28/2025,12/6/2025
508928,113073,11/28/2025,11/30/2025
508929,101447,11/28/2025,2/2/2026
508930,113074,11/28/2025,6/13/2026
508931,113052,11/28/2025,1/13/2026
508932,113053,11/28/2025,
508933,113054,11/28/2025,2/23/2026
508934,113057,11/28/2025,12/6/2025
508935,113059,11/28/2025,
508936,113056,11/28/2025,7/8/2026
508937,113061,11/28/2025,1/10/2026
508938,113062,11/28/2025,12/15/2025
508939,113064,11/28/2025,12/9/2025
508940,113065,11/28/2025,3/1/2026
508941,113066,11/28/2025,4/8/2026
508942,113068,11/28/2025,12/11/2025
508943,113069,11/28/2025,12/6/2025
508944,113060,11/28/2025,1/19/2026
508945,113136,11/29/2025,
508946,113129,11/29/2025,12/2/2025
508947,113130,11/29/2025,12/7/2025
508948,113131,11/29/2025,12/5/2025
508949,113133,11/29/2025,12/24/2025
508950,113134,11/29/2025,1/20/2026
508951,113138,11/29/2025,12/30/2025
508952,113147,11/29/2025,12/27/2025
508953,113152,11/29/2025,12/3/2025
508954,113142,11/29/2025,
508955,113144,11/29/2025,
508956,113149,11/29/2025,5/25/2026
508957,113151,11/29/2025,12/13/2025
508958,113128,11/29/2025,1/11/2026
508959,113146,11/29/2025,12/6/2025
508960,113140,11/29/2025,
508961,113127,11/29/2025,12/20/2025
508962,113110,11/29/2025,12/2/2025
508963,113124,11/29/2025,2/7/2026
508964,104202,11/29/2025,12/2/2025
508965,113107,11/29/2025,12/12/2025
508966,113109,11/29/2025,3/7/2026
508967,113125,11/29/2025,12/17/2025
508968,113114,11/29/2025,6/20/2026
508969,113112,11/29/2025,12/11/2025
508970,113116,11/29/2025,12/1/2025
508971,113117,11/29/2025,
508972,113119,11/29/2025,2/28/2026
508973,113121,11/29/2025,
508974,113122,11/29/2025,
508975,113115,11/29/2025,
508976,113202,11/30/2025,12/14/2025
508977,113200,11/30/2025,12/21/2025
508978,113199,11/30/2025,
508979,113198,11/30/2025,12/6/2025
508980,113189,11/30/2025,12/16/2025
508981,113194,11/30/2025,2/26/2026
508982,113193,11/30/2025,5/31/2026
508983,113191,11/30/2025,
508984,113203,11/30/2025,1/17/2026
508985,113196,11/30/2025,12/4/2025
508986,113204,11/30/2025,1/26/2026
508987,113214,11/30/2025,1/28/2026
508988,113207,11/30/2025,12/1/2025
508989,113208,11/30/2025,
508990,113210,11/30/2025,4/17/2026
508991,113212,11/30/2025,12/24/2025
508992,113188,11/30/2025,5/30/2026
508993,113215,11/30/2025,12/19/2025
508994,113217,11/30/2025,12/26/2025
508995,113218,11/30/2025,12/2/2025
508996,113219,11/30/2025,6/18/2026
508997,113221,11/30/2025,1/3/2026
508998,113206,11/30/2025,1/20/2026
508999,113185,11/30/2025,1/2/2026
509000,113187,11/30/2025,1/27/2026
509001,113154,11/30/2025,3/1/2026
509002,106089,11/30/2025,4/30/2026
509003,105964,11/30/2025,12/5/2025
509004,113184,11/30/2025,4/25/2026
509005,113156,11/30/2025,5/17/2026
509006,113158,11/30/2025,2/21/2026
509007,113159,11/30/2025,1/27/2026
509008,113161,11/30/2025,4/17/2026
509009,113163,11/30/2025,
509010,113165,11/30/2025,12/10/2025
509011,113167,11/30/2025,12/23/2025
509012,113162,11/30/2025,1/19/2026
509013,113169,11/30/2025,12/22/2025
509014,113171,11/30/2025,1/18/2026
509015,113173,11/30/2025,12/1/2025
509016,113175,11/30/2025,1/17/2026
509017,113177,11/30/2025,12/8/2025
509018,113179,11/30/2025,1/24/2026
509019,113180,11/30/2025,12/6/2025
509020,113168,11/30/2025,12/7/2025
509021,113182,11/30/2025,12/4/2025
509022,113183,11/30/2025,1/21/2026
509023,113253,12/1/2025,12/3/2025
509024,113252,12/1/2025,12/18/2025
509025,113250,12/1/2025,12/8/2025
509026,113245,12/1/2025,12/29/2025
509027,113247,12/1/2025,12/4/2025
509028,113255,12/1/2025,12/21/2025
509029,113249,12/1/2025,4/17/2026
509030,113256,12/1/2025,12/2/2025
509031,113243,12/1/2025,12/24/2025
509032,113260,12/1/2025,12/19/2025
509033,113261,12/1/2025,3/20/2026
509034,113262,12/1/2025,12/9/2025
509035,113264,12/1/2025,12/9/2025
509036,113265,12/1/2025,12/27/2025
509037,113268,12/1/2025,
509038,113267,12/1/2025,4/5/2026
509039,113258,12/1/2025,4/19/2026
509040,113241,12/1/2025,1/27/2026
509041,113231,12/1/2025,2/21/2026
509042,113237,12/1/2025,12/7/2025
509043,104743,12/1/2025,12/16/2025
509044,107412,12/1/2025,12/14/2025
509045,113222,12/1/2025,7/20/2026
509046,113223,12/1/2025,12/7/2025
509047,113225,12/1/2025,4/25/2026
509048,113226,12/1/2025,12/29/2025
509049,101364,12/1/2025,12/12/2025
509050,113229,12/1/2025,4/12/2026
509051,113228,12/1/2025,3/7/2026
509052,113235,12/1/2025,1/30/2026
509053,113234,12/1/2025,12/3/2025
509054,113239,12/1/2025,1/22/2026
509055,113232,12/1/2025,4/25/2026
509056,113317,12/2/2025,7/27/2026
509057,113292,12/2/2025,2/5/2026
509058,113293,12/2/2025,12/20/2025
509059,113295,12/2/2025,4/24/2026
509060,113297,12/2/2025,12/30/2025
509061,113299,12/2/2025,1/19/2026
509062,113301,12/2/2025,
509063,113302,12/2/2025,12/20/2025
509064,113304,12/2/2025,2/21/2026
509065,113306,12/2/2025,7/7/2026
509066,113308,12/2/2025,
509067,113321,12/2/2025,4/22/2026
509068,113312,12/2/2025,1/24/2026
509069,113313,12/2/2025,12/15/2025
509070,113314,12/2/2025,3/23/2026
509071,113291,12/2/2025,12/23/2025
509072,113316,12/2/2025,5/18/2026
509073,113319,12/2/2025,12/13/2025
509074,113310,12/2/2025,2/4/2026
509075,113289,12/2/2025,7/8/2026
509076,113285,12/2/2025,12/20/2025
509077,113287,12/2/2025,
509078,106646,12/2/2025,1/5/2026
509079,109263,12/2/2025,
509080,113269,12/2/2025,1/1/2026
509081,113270,12/2/2025,12/4/2025
509082,113272,12/2/2025,1/10/2026
509083,113273,12/2/2025,
509084,105624,12/2/2025,12/3/2025
509085,113276,12/2/2025,2/6/2026
509086,113277,12/2/2025,12/24/2025
509087,113279,12/2/2025,12/29/2025
509088,113280,12/2/2025,12/15/2025
509089,113282,12/2/2025,5/29/2026
509090,113283,12/2/2025,12/12/2025
509091,113284,12/2/2025,12/27/2025
509092,113275,12/2/2025,1/13/2026
509093,113345,12/3/2025,
509094,113346,12/3/2025,12/10/2025
509095,113347,12/3/2025,2/8/2026
509096,113349,12/3/2025,7/13/2026
509097,113351,12/3/2025,1/29/2026
509098,113353,12/3/2025,3/22/2026
509099,113355,12/3/2025,1/7/2026
509100,113361,12/3/2025,5/13/2026
509101,113357,12/3/2025,4/16/2026
509102,113359,12/3/2025,
509103,113362,12/3/2025,2/3/2026
509104,113344,12/3/2025,12/27/2025
509105,113364,12/3/2025,12/16/2025
509106,113366,12/3/2025,1/23/2026
509107,113356,12/3/2025,12/23/2025
509108,113342,12/3/2025,12/4/2025
509109,113335,12/3/2025,12/23/2025
509110,113339,12/3/2025,4/4/2026
509111,102960,12/3/2025,12/27/2025
509112,113323,12/3/2025,12/23/2025
509113,113326,12/3/2025,
509114,113328,12/3/2025,12/17/2025
509115,113329,12/3/2025,2/14/2026
509116,113330,12/3/2025,
509117,113324,12/3/2025,
509118,113332,12/3/2025,12/25/2025
509119,113334,12/3/2025,12/30/2025
509120,113340,12/3/2025,12/12/2025
509121,113337,12/3/2025,2/19/2026
509122,113338,12/3/2025,7/25/2026
509123,113331,12/3/2025,1/4/2026
509124,113411,12/4/2025,12/7/2025
509125,113396,12/4/2025,12/23/2025
509126,113398,12/4/2025,12/22/2025
509127,113400,12/4/2025,12/12/2025
509128,113402,12/4/2025,7/20/2026
509129,113404,12/4/2025,1/5/2026
509130,113406,12/4/2025,1/30/2026
509131,113408,12/4/2025,2/1/2026
509132,113410,12/4/2025,
509133,113412,12/4/2025,1/13/2026
509134,113425,12/4/2025,5/23/2026
509135,113415,12/4/2025,
509136,113417,12/4/2025,4/30/2026
509137,113419,12/4/2025,1/16/2026
509138,113421,12/4/2025,12/18/2025
509139,113423,12/4/2025,12/16/2025
509140,113395,12/4/2025,1/2/2026
509141,113427,12/4/2025,12/7/2025
509142,113429,12/4/2025,6/19/2026
509143,113431,12/4/2025,2/7/2026
509144,113414,12/4/2025,
509145,113394,12/4/2025,1/1/2026
509146,113392,12/4/2025,12/22/2025
509147,113370,12/4/2025,2/10/2026
509148,108863,12/4/2025,12/17/2025
509149,110780,12/4/2025,2/4/2026
509150,113367,12/4/2025,12/6/2025
509151,113368,12/4/2025,12/19/2025
509152,113393,12/4/2025,1/3/2026
509153,113371,12/4/2025,1/9/2026
509154,113372,12/4/2025,7/1/2026
509155,113374,12/4/2025,1/11/2026
509156,113376,12/4/2025,3/11/2026
509157,113378,12/4/2025,1/5/2026
509158,113375,12/4/2025,1/3/2026
509159,113382,12/4/2025,12/18/2025
509160,113383,12/4/2025,12/13/2025
509161,113384,12/4/2025,12/11/2025
509162,113385,12/4/2025,2/13/2026
509163,113386,12/4/2025,
509164,113387,12/4/2025,12/10/2025
509165,113388,12/4/2025,2/14/2026
509166,113390,12/4/2025,2/2/2026
509167,113391,12/4/2025,3/2/2026
509168,113380,12/4/2025,1/16/2026
509169,113456,12/5/2025,12/20/2025
509170,113468,12/5/2025,
509171,113454,12/5/2025,12/25/2025
509172,113455,12/5/2025,12/22/2025
509173,113458,12/5/2025,12/20/2025
509174,113452,12/5/2025,5/6/2026
509175,113461,12/5/2025,1/10/2026
509176,113462,12/5/2025,12/15/2025
509177,113464,12/5/2025,12/18/2025
509178,113465,12/5/2025,12/18/2025
509179,113467,12/5/2025,12/19/2025
509180,113459,12/5/2025,
509181,113450,12/5/2025,4/1/2026
509182,113446,12/5/2025,12/25/2025
509183,113447,12/5/2025,1/18/2026
509184,113449,12/5/2025,
509185,113433,12/5/2025,12/19/2025
509186,113436,12/5/2025,12/7/2025
509187,113437,12/5/2025,
509188,113439,12/5/2025,12/30/2025
509189,113434,12/5/2025,1/16/2026
509190,113442,12/5/2025,4/26/2026
509191,113443,12/5/2025,1/21/2026
509192,113444,12/5/2025,2/8/2026
509193,113445,12/5/2025,2/28/2026
509194,113440,12/5/2025,12/20/2025
509195,113511,12/6/2025,12/20/2025
509196,113501,12/6/2025,
509197,113502,12/6/2025,
509198,113503,12/6/2025,1/27/2026
509199,113505,12/6/2025,12/23/2025
509200,113507,12/6/2025,7/13/2026
509201,113509,12/6/2025,1/8/2026
509202,113513,12/6/2025,2/13/2026
509203,113521,12/6/2025,12/11/2025
509204,113516,12/6/2025,1/8/2026
509205,113517,12/6/2025,12/19/2025
509206,113518,12/6/2025,12/11/2025
509207,113520,12/6/2025,12/16/2025
509208,113522,12/6/2025,12/14/2025
509209,113523,12/6/2025,12/13/2025
509210,113525,12/6/2025,
509211,113515,12/6/2025,12/9/2025
509212,113498,12/6/2025,
509213,113500,12/6/2025,12/25/2025
509214,113494,12/6/2025,12/25/2025
509215,113496,12/6/2025,
509216,113472,12/6/2025,12/18/2025
509217,113474,12/6/2025,3/20/2026
509218,113476,12/6/2025,
509219,113478,12/6/2025,
509220,113479,12/6/2025,2/28/2026
509221,113480,12/6/2025,12/16/2025
509222,113482,12/6/2025,1/17/2026
509223,113470,12/6/2025,12/24/2025
509224,113484,12/6/2025,1/24/2026
509225,113486,12/6/2025,12/22/2025
509226,113487,12/6/2025,7/29/2026
509227,113488,12/6/2025,3/30/2026
509228,113490,12/6/2025,12/11/2025
509229,113491,12/6/2025,12/27/2025
509230,113492,12/6/2025,12/12/2025
509231,113493,12/6/2025,7/30/2026
509232,113483,12/6/2025,
509233,113553,12/7/2025,3/7/2026
509234,113576,12/7/2025,12/16/2025
509235,113557,12/7/2025,5/20/2026
509236,113559,12/7/2025,12/18/2025
509237,113560,12/7/2025,3/28/2026
509238,113562,12/7/2025,1/13/2026
509239,113563,12/7/2025,12/9/2025
509240,113569,12/7/2025,1/28/2026
509241,113566,12/7/2025,3/31/2026
509242,113568,12/7/2025,1/17/2026
509243,113571,12/7/2025,5/1/2026
509244,113573,12/7/2025,1/19/2026
509245,113575,12/7/2025,1/15/2026
509246,113551,12/7/2025,12/9/2025
509247,113565,12/7/2025,1/21/2026
509248,113549,12/7/2025,12/8/2025
509249,113555,12/7/2025,1/19/2026
509250,113545,12/7/2025,12/12/2025
509251,113527,12/7/2025,
509252,113528,12/7/2025,5/6/2026
509253,113530,12/7/2025,
509254,113531,12/7/2025,1/2/2026
509255,113532,12/7/2025,12/9/2025
509256,113534,12/7/2025,12/8/2025
509257,113535,12/7/2025,
509258,113547,12/7/2025,12/11/2025
509259,113538,12/7/2025,2/8/2026
509260,113539,12/7/2025,
509261,113540,12/7/2025,12/10/2025
509262,113542,12/7/2025,12/29/2025
509263,113543,12/7/2025,12/17/2025
509264,113544,12/7/2025,
509265,113537,12/7/2025,1/19/2026
509266,113601,12/8/2025,5/28/2026
509267,113604,12/8/2025,2/3/2026
509268,113606,12/8/2025,5/28/2026
509269,113607,12/8/2025,7/12/2026
509270,113609,12/8/2025,1/26/2026
509271,113611,12/8/2025,12/29/2025
509272,113615,12/8/2025,12/21/2025
509273,113613,12/8/2025,12/11/2025
509274,113600,12/8/2025,1/10/2026
509275,113616,12/8/2025,1/20/2026
509276,113617,12/8/2025,12/12/2025
509277,113619,12/8/2025,12/26/2025
509278,113612,12/8/2025,12/15/2025
509279,113598,12/8/2025,1/8/2026
509280,113603,12/8/2025,12/21/2025
509281,113595,12/8/2025,12/16/2025
509282,113596,12/8/2025,
509283,113578,12/8/2025,
509284,113579,12/8/2025,5/16/2026
509285,113581,12/8/2025,
509286,113584,12/8/2025,12/18/2025
509287,113586,12/8/2025,2/15/2026
509288,113582,12/8/2025,3/1/2026
509289,113589,12/8/2025,12/9/2025
509290,113590,12/8/2025,
509291,113591,12/8/2025,12/20/2025
509292,113593,12/8/2025,
509293,113588,12/8/2025,
509294,113645,12/9/2025,12/20/2025
509295,113638,12/9/2025,
509296,113640,12/9/2025,12/20/2025
509297,113641,12/9/2025,2/22/2026
509298,113642,12/9/2025,12/26/2025
509299,113644,12/9/2025,12/10/2025
509300,113646,12/9/2025,12/20/2025
509301,113657,12/9/2025,12/26/2025
509302,113648,12/9/2025,1/24/2026
509303,113650,12/9/2025,12/10/2025
509304,113652,12/9/2025,12/17/2025
509305,113654,12/9/2025,2/24/2026
509306,113655,12/9/2025,1/20/2026
509307,113637,12/9/2025,12/11/2025
509308,113647,12/9/2025,12/10/2025
509309,113636,12/9/2025,1/5/2026
509310,113658,12/9/2025,12/20/2025
509311,113633,12/9/2025,1/7/2026
509312,113635,12/9/2025,1/14/2026
509313,104605,12/9/2025,12/20/2025
509314,108708,12/9/2025,12/13/2025
509315,113620,12/9/2025,1/5/2026
509316,113622,12/9/2025,12/10/2025
509317,113653,12/9/2025,3/2/2026
509318,113626,12/9/2025,5/23/2026
509319,113627,12/9/2025,12/13/2025
509320,113624,12/9/2025,1/25/2026
509321,113628,12/9/2025,1/14/2026
509322,113631,12/9/2025,2/3/2026
509323,113629,12/9/2025,12/15/2025
509324,113678,12/10/2025,4/14/2026
509325,113679,12/10/2025,1/1/2026
509326,113680,12/10/2025,12/14/2025
509327,113682,12/10/2025,12/12/2025
509328,113684,12/10/2025,7/12/2026
509329,113685,12/10/2025,12/24/2025
509330,113689,12/10/2025,2/9/2026
509331,113688,12/10/2025,6/22/2026
509332,113676,12/10/2025,1/6/2026
509333,113691,12/10/2025,1/7/2026
509334,113693,12/10/2025,3/10/2026
509335,113697,12/10/2025,1/24/2026
509336,113698,12/10/2025,12/20/2025
509337,113686,12/10/2025,12/27/2025
509338,113675,12/10/2025,2/8/2026
509339,113695,12/10/2025,4/4/2026
509340,113671,12/10/2025,1/15/2026
509341,113670,12/10/2025,1/18/2026
509342,113668,12/10/2025,12/11/2025
509343,113667,12/10/2025,2/14/2026
509344,113665,12/10/2025,2/2/2026
509345,113664,12/10/2025,2/8/2026
509346,113663,12/10/2025,3/17/2026
509347,113661,12/10/2025,12/20/2025
509348,113660,12/10/2025,4/20/2026
509349,107683,12/10/2025,12/27/2025
509350,104989,12/10/2025,12/31/2025
509351,113673,12/10/2025,4/6/2026
509352,113730,12/11/2025,1/4/2026
509353,113728,12/11/2025,12/24/2025
509354,113722,12/11/2025,1/1/2026
509355,113725,12/11/2025,3/25/2026
509356,113724,12/11/2025,12/12/2025
509357,113732,12/11/2025,3/4/2026
509358,113727,12/11/2025,1/21/2026
509359,113733,12/11/2025,1/7/2026
509360,113740,12/11/2025,1/5/2026
509361,113735,12/11/2025,4/28/2026
509362,113736,12/11/2025,
509363,113738,12/11/2025,3/6/2026
509364,113742,12/11/2025,12/20/2025
509365,113744,12/11/2025,1/13/2026
509366,113745,12/11/2025,4/21/2026
509367,113747,12/11/2025,
509368,113734,12/11/2025,1/2/2026
509369,113721,12/11/2025,1/6/2026
509370,113717,12/11/2025,5/18/2026
509371,113716,12/11/2025,3/25/2026
509372,104314,12/11/2025,1/26/2026
509373,103142,12/11/2025,12/28/2025
509374,113719,12/11/2025,1/14/2026
509375,113699,12/11/2025,
509376,110399,12/11/2025,1/8/2026
509377,113701,12/11/2025,1/29/2026
509378,113702,12/11/2025,12/21/2025
509379,113700,12/11/2025,12/17/2025
509380,113705,12/11/2025,1/13/2026
509381,113706,12/11/2025,2/22/2026
509382,113708,12/11/2025,1/24/2026
509383,113710,12/11/2025,12/27/2025
509384,113712,12/11/2025,3/10/2026
509385,113714,12/11/2025,12/23/2025
509386,113703,12/11/2025,12/12/2025
509387,113764,12/12/2025,12/17/2025
509388,113766,12/12/2025,3/18/2026
509389,113767,12/12/2025,1/9/2026
509390,113769,12/12/2025,12/15/2025
509391,113774,12/12/2025,12/14/2025
509392,113772,12/12/2025,
509393,113776,12/12/2025,
509394,113778,12/12/2025,2/23/2026
509395,113770,12/12/2025,
509396,113762,12/12/2025,12/26/2025
509397,113761,12/12/2025,1/15/2026
509398,113757,12/12/2025,12/21/2025
509399,113756,12/12/2025,
509400,113754,12/12/2025,1/13/2026
509401,113752,12/12/2025,1/30/2026
509402,113750,12/12/2025,2/3/2026
509403,113749,12/12/2025,1/6/2026
509404,113748,12/12/2025,12/30/2025
509405,113759,12/12/2025,12/13/2025
509406,106847,12/12/2025,
509407,113841,12/13/2025,
509408,113840,12/13/2025,1/12/2026
509409,113839,12/13/2025,2/23/2026
509410,113837,12/13/2025,1/9/2026
509411,113836,12/13/2025,3/25/2026
509412,113827,12/13/2025,
509413,113832,12/13/2025,12/15/2025
509414,113831,12/13/2025,12/18/2025
509415,113828,12/13/2025,
509416,113842,12/13/2025,12/14/2025
509417,113826,12/13/2025,12/24/2025
509418,113834,12/13/2025,
509419,113844,12/13/2025,12/29/2025
509420,113850,12/13/2025,5/17/2026
509421,113848,12/13/2025,1/6/2026
509422,113849,12/13/2025,12/24/2025
509423,113824,12/13/2025,12/25/2025
509424,113851,12/13/2025,2/20/2026
509425,113853,12/13/2025,12/25/2025
509426,113854,12/13/2025,6/1/2026
509427,113856,12/13/2025,3/4/2026
509428,113857,12/13/2025,12/26/2025
509429,113859,12/13/2025,12/18/2025
509430,113861,12/13/2025,12/16/2025
509431,113863,12/13/2025,1/13/2026
509432,113864,12/13/2025,12/22/2025
509433,113846,12/13/2025,12/21/2025
509434,113822,12/13/2025,
509435,113829,12/13/2025,1/1/2026
509436,113819,12/13/2025,1/15/2026
509437,104105,12/13/2025,2/7/2026
509438,113780,12/13/2025,2/25/2026
509439,113781,12/13/2025,1/19/2026
509440,113821,12/13/2025,3/29/2026
509441,113785,12/13/2025,4/3/2026
509442,113787,12/13/2025,12/26/2025
509443,113789,12/13/2025,12/21/2025
509444,113791,12/13/2025,3/24/2026
509445,113792,12/13/2025,2/24/2026
509446,113793,12/13/2025,2/25/2026
509447,113795,12/13/2025,12/17/2025
509448,113796,12/13/2025,12/16/2025
509449,113797,12/13/2025,
509450,113783,12/13/2025,1/19/2026
509451,113801,12/13/2025,4/29/2026
509452,113799,12/13/2025,4/12/2026
509453,113815,12/13/2025,12/22/2025
509454,113817,12/13/2025,12/31/2025
509455,113812,12/13/2025,12/25/2025
509456,113811,12/13/2025,2/13/2026
509457,113814,12/13/2025,1/11/2026
509458,113808,12/13/2025,12/14/2025
509459,113807,12/13/2025,2/18/2026
509460,113806,12/13/2025,7/30/2026
509461,113804,12/13/2025,12/27/2025
509462,113802,12/13/2025,12/15/2025
509463,113809,12/13/2025,12/31/2025
509464,113896,12/14/2025,6/25/2026
509465,113897,12/14/2025,2/8/2026
509466,113898,12/14/2025,12/28/2025
509467,113899,12/14/2025,1/11/2026
509468,113901,12/14/2025,12/15/2025
509469,113903,12/14/2025,5/7/2026
509470,113905,12/14/2025,3/19/2026
509471,113907,12/14/2025,2/14/2026
509472,113909,12/14/2025,12/16/2025
509473,113919,12/14/2025,5/15/2026
509474,113913,12/14/2025,12/15/2025
509475,113914,12/14/2025,1/7/2026
509476,113916,12/14/2025,
509477,113917,12/14/2025,1/12/2026
509478,113920,12/14/2025,6/7/2026
509479,113922,12/14/2025,2/6/2026
509480,113924,12/14/2025,7/26/2026
509481,113923,12/14/2025,4/11/2026
509482,113895,12/14/2025,2/10/2026
509483,113911,12/14/2025,2/11/2026
509484,113893,12/14/2025,3/8/2026
509485,113872,12/14/2025,2/6/2026
509486,113890,12/14/2025,6/11/2026
509487,113892,12/14/2025,12/29/2025
509488,113867,12/14/2025,1/7/2026
509489,113868,12/14/2025,
509490,113869,12/14/2025,12/24/2025
509491,113870,12/14/2025,
509492,113873,12/14/2025,7/2/2026
509493,113875,12/14/2025,12/18/2025
509494,113876,12/14/2025,12/23/2025
509495,113866,12/14/2025,1/12/2026
509496,113880,12/14/2025,12/29/2025
509497,113881,12/14/2025,
509498,113883,12/14/2025,1/6/2026
509499,113884,12/14/2025,2/24/2026
509500,113886,12/14/2025,12/27/2025
509501,113888,12/14/2025,3/6/2026
509502,113889,12/14/2025,12/26/2025
509503,113878,12/14/2025,5/20/2026
509504,113948,12/15/2025,12/30/2025
509505,113949,12/15/2025,4/28/2026
509506,113951,12/15/2025,12/16/2025
509507,113952,12/15/2025,12/23/2025
509508,113954,12/15/2025,1/17/2026
509509,113956,12/15/2025,12/22/2025
509510,113959,12/15/2025,12/18/2025
509511,113958,12/15/2025,
509512,113961,12/15/2025,12/20/2025
509513,113963,12/15/2025,
509514,113964,12/15/2025,2/18/2026
509515,113966,12/15/2025,1/8/2026
509516,113947,12/15/2025,2/3/2026
509517,113957,12/15/2025,12/21/2025
509518,113945,12/15/2025,
509519,113938,12/15/2025,2/4/2026
509520,113942,12/15/2025,4/18/2026
509521,113944,12/15/2025,12/22/2025
509522,113925,12/15/2025,12/20/2025
509523,113927,12/15/2025,1/27/2026
509524,113930,12/15/2025,4/1/2026
509525,113931,12/15/2025,
509526,113928,12/15/2025,4/8/2026
509527,113935,12/15/2025,
509528,113936,12/15/2025,
509529,113939,12/15/2025,3/4/2026
509530,113941,12/15/2025,5/14/2026
509531,113933,12/15/2025,3/10/2026
509532,113986,12/16/2025,12/28/2025
509533,113979,12/16/2025,12/29/2025
509534,113981,12/16/2025,1/31/2026
509535,113982,12/16/2025,12/24/2025
509536,113987,12/16/2025,12/25/2025
509537,113978,12/16/2025,12/18/2025
509538,113990,12/16/2025,
509539,113992,12/16/2025,1/29/2026
509540,113994,12/16/2025,12/31/2025
509541,113995,12/16/2025,5/22/2026
509542,113993,12/16/2025,3/28/2026
509543,113989,12/16/2025,4/23/2026
509544,113977,12/16/2025,2/15/2026
509545,113984,12/16/2025,7/8/2026
509546,113975,12/16/2025,1/9/2026
509547,104614,12/16/2025,12/21/2025
509548,100825,12/16/2025,12/18/2025
509549,101879,12/16/2025,12/27/2025
509550,113967,12/16/2025,12/17/2025
509551,113968,12/16/2025,1/12/2026
509552,104221,12/16/2025,2/24/2026
509553,113970,12/16/2025,
509554,113971,12/16/2025,1/22/2026
509555,113972,12/16/2025,5/1/2026
509556,113973,12/16/2025,
509557,113976,12/16/2025,
509558,114014,12/17/2025,12/28/2025
509559,114015,12/17/2025,3/11/2026
509560,114016,12/17/2025,1/16/2026
509561,114018,12/17/2025,12/23/2025
509562,114019,12/17/2025,4/20/2026
509563,114021,12/17/2025,1/31/2026
509564,114022,12/17/2025,12/18/2025
509565,114025,12/17/2025,
509566,114026,12/17/2025,3/12/2026
509567,114028,12/17/2025,1/19/2026
509568,114030,12/17/2025,12/18/2025
509569,114013,12/17/2025,1/1/2026
509570,114032,12/17/2025,
509571,114036,12/17/2025,1/12/2026
509572,114023,12/17/2025,7/17/2026
509573,114012,12/17/2025,
509574,114034,12/17/2025,2/9/2026
509575,114010,12/17/2025,4/16/2026
509576,114011,12/17/2025,
509577,113996,12/17/2025,2/21/2026
509578,113998,12/17/2025,12/19/2025
509579,114001,12/17/2025,12/28/2025
509580,114002,12/17/2025,12/27/2025
509581,113999,12/17/2025,1/12/2026
509582,114004,12/17/2025,
509583,114005,12/17/2025,12/21/2025
509584,114006,12/17/2025,12/29/2025
509585,114008,12/17/2025,
509586,114003,12/17/2025,1/13/2026
509587,114060,12/18/2025,2/6/2026
509588,114053,12/18/2025,2/21/2026
509589,114055,12/18/2025,2/5/2026
509590,114056,12/18/2025,1/25/2026
509591,114058,12/18/2025,2/15/2026
509592,114061,12/18/2025,12/22/2025
509593,114072,12/18/2025,2/6/2026
509594,114064,12/18/2025,12/24/2025
509595,114066,12/18/2025,1/3/2026
509596,114068,12/18/2025,12/23/2025
509597,114070,12/18/2025,
509598,114073,12/18/2025,1/10/2026
509599,114063,12/18/2025,2/23/2026
509600,114051,12/18/2025,5/22/2026
509601,114052,12/18/2025,12/29/2025
509602,114047,12/18/2025,12/31/2025
509603,114045,12/18/2025,1/2/2026
509604,114043,12/18/2025,3/14/2026
509605,114042,12/18/2025,12/29/2025
509606,114041,12/18/2025,12/25/2025
509607,114039,12/18/2025,12/23/2025
509608,114038,12/18/2025,12/19/2025
509609,114037,12/18/2025,
509610,105074,12/18/2025,12/30/2025
509611,114049,12/18/2025,4/14/2026
509612,101370,12/18/2025,12/30/2025
509613,108437,12/18/2025,1/3/2026
509614,114109,12/19/2025,1/30/2026
509615,114107,12/19/2025,12/25/2025
509616,114104,12/19/2025,12/23/2025
509617,114105,12/19/2025,
509618,114110,12/19/2025,
509619,114103,12/19/2025,5/1/2026
509620,114106,12/19/2025,
509621,114112,12/19/2025,12/25/2025
509622,114120,12/19/2025,
509623,114116,12/19/2025,12/22/2025
509624,114117,12/19/2025,2/28/2026
509625,114118,12/19/2025,1/29/2026
509626,114119,12/19/2025,12/20/2025
509627,114126,12/19/2025,3/3/2026
509628,114102,12/19/2025,1/8/2026
509629,114124,12/19/2025,1/31/2026
509630,114122,12/19/2025,5/11/2026
509631,114114,12/19/2025,1/14/2026
509632,114101,12/19/2025,
509633,114090,12/19/2025,12/29/2025
509634,114097,12/19/2025,12/21/2025
509635,109288,12/19/2025,4/4/2026
509636,109995,12/19/2025,
509637,114075,12/19/2025,12/28/2025
509638,114077,12/19/2025,2/3/2026
509639,114078,12/19/2025,5/16/2026
509640,114080,12/19/2025,3/6/2026
509641,114082,12/19/2025,2/15/2026
509642,114084,12/19/2025,
509643,103402,12/19/2025,5/21/2026
509644,114087,12/19/2025,2/28/2026
509645,114086,12/19/2025,
509646,114095,12/19/2025,5/15/2026
509647,114094,12/19/2025,6/12/2026
509648,114099,12/19/2025,
509649,114091,12/19/2025,7/24/2026
509650,114089,12/19/2025,
509651,114092,12/19/2025,12/20/2025
509652,114155,12/20/2025,
509653,114156,12/20/2025,1/10/2026
509654,114158,12/20/2025,12/31/2025
509655,114160,12/20/2025,1/8/2026
509656,114161,12/20/2025,4/4/2026
509657,114163,12/20/2025,12/22/2025
509658,114164,12/20/2025,1/28/2026
509659,114166,12/20/2025,4/11/2026
509660,114167,12/20/2025,12/23/2025
509661,114171,12/20/2025,12/23/2025
509662,114173,12/20/2025,2/28/2026
509663,114174,12/20/2025,12/25/2025
509664,114176,12/20/2025,7/14/2026
509665,114177,12/20/2025,
509666,114153,12/20/2025,3/3/2026
509667,114179,12/20/2025,5/25/2026
509668,114169,12/20/2025,12/25/2025
509669,114172,12/20/2025,12/28/2025
509670,114152,12/20/2025,1/3/2026
509671,114149,12/20/2025,12/25/2025
509672,114150,12/20/2025,1/26/2026
509673,106635,12/20/2025,1/31/2026
509674,111380,12/20/2025,2/17/2026
509675,114127,12/20/2025,3/16/2026
509676,114131,12/20/2025,2/21/2026
509677,114133,12/20/2025,12/30/2025
509678,114135,12/20/2025,12/22/2025
509679,114129,12/20/2025,4/14/2026
509680,114138,12/20/2025,8/3/2026
509681,114139,12/20/2025,4/3/2026
509682,114140,12/20/2025,
509683,114142,12/20/2025,5/18/2026
509684,114144,12/20/2025,6/6/2026
509685,114145,12/20/2025,1/13/2026
509686,114147,12/20/2025,12/26/2025
509687,114136,12/20/2025,2/20/2026
509688,114216,12/21/2025,1/3/2026
509689,114208,12/21/2025,6/25/2026
509690,114210,12/21/2025,4/14/2026
509691,114212,12/21/2025,5/11/2026
509692,114213,12/21/2025,3/15/2026
509693,114214,12/21/2025,12/23/2025
509694,114215,12/21/2025,1/6/2026
509695,114217,12/21/2025,1/9/2026
509696,114206,12/21/2025,12/22/2025
509697,114220,12/21/2025,12/27/2025
509698,114222,12/21/2025,1/8/2026
509699,114224,12/21/2025,1/5/2026
509700,114226,12/21/2025,1/1/2026
509701,114227,12/21/2025,12/28/2025
509702,114228,12/21/2025,3/4/2026
509703,114229,12/21/2025,1/31/2026
509704,114231,12/21/2025,12/27/2025
509705,114219,12/21/2025,12/23/2025
509706,114204,12/21/2025,1/9/2026
509707,114186,12/21/2025,1/3/2026
509708,114202,12/21/2025,4/30/2026
509709,114203,12/21/2025,
509710,105701,12/21/2025,12/22/2025
509711,101733,12/21/2025,
509712,111427,12/21/2025,2/13/2026
509713,114181,12/21/2025,12/28/2025
509714,114183,12/21/2025,2/6/2026
509715,114185,12/21/2025,1/10/2026
509716,114188,12/21/2025,12/29/2025
509717,107127,12/21/2025,2/3/2026
509718,114192,12/21/2025,12/22/2025
509719,114194,12/21/2025,12/28/2025
509720,114195,12/21/2025,
509721,114197,12/21/2025,1/16/2026
509722,114198,12/21/2025,
509723,114199,12/21/2025,1/2/2026
509724,114201,12/21/2025,12/25/2025
509725,114190,12/21/2025,4/11/2026
509726,114282,12/22/2025,
509727,114260,12/22/2025,12/23/2025
509728,114262,12/22/2025,
509729,114263,12/22/2025,
509730,114264,12/22/2025,4/26/2026
509731,114265,12/22/2025,
509732,114267,12/22/2025,6/19/2026
509733,114268,12/22/2025,12/23/2025
509734,114275,12/22/2025,12/30/2025
509735,114271,12/22/2025,1/11/2026
509736,114273,12/22/2025,3/2/2026
509737,114274,12/22/2025,12/27/2025
509738,114276,12/22/2025,
509739,114278,12/22/2025,5/23/2026
509740,114279,12/22/2025,2/5/2026
509741,114280,12/22/2025,1/19/2026
509742,114269,12/22/2025,
509743,114258,12/22/2025,3/31/2026
509744,114254,12/22/2025,1/27/2026
509745,114255,12/22/2025,2/8/2026
509746,114256,12/22/2025,
509747,111928,12/22/2025,12/23/2025
509748,114233,12/22/2025,1/8/2026
509749,114234,12/22/2025,1/15/2026
509750,114237,12/22/2025,
509751,114238,12/22/2025,1/6/2026
509752,114240,12/22/2025,
509753,114235,12/22/2025,1/9/2026
509754,114243,12/22/2025,1/31/2026
509755,114245,12/22/2025,4/19/2026
509756,114247,12/22/2025,1/5/2026
509757,114249,12/22/2025,1/19/2026
509758,114251,12/22/2025,1/16/2026
509759,114252,12/22/2025,6/21/2026
509760,114241,12/22/2025,
509761,114310,12/23/2025,12/24/2025
509762,114303,12/23/2025,4/26/2026
509763,114305,12/23/2025,1/12/2026
509764,114307,12/23/2025,3/8/2026
509765,114308,12/23/2025,2/17/2026
509766,114309,12/23/2025,1/17/2026
509767,114312,12/23/2025,12/30/2025
509768,114323,12/23/2025,
509769,114315,12/23/2025,1/28/2026
509770,114316,12/23/2025,2/26/2026
509771,114317,12/23/2025,1/10/2026
509772,114318,12/23/2025,1/25/2026
509773,114320,12/23/2025,1/26/2026
509774,114324,12/23/2025,2/11/2026
509775,114321,12/23/2025,1/5/2026
509776,114314,12/23/2025,12/25/2025
509777,114301,12/23/2025,1/8/2026
509778,114297,12/23/2025,1/11/2026
509779,114298,12/23/2025,12/29/2025
509780,106824,12/23/2025,
509781,109972,12/23/2025,
509782,114300,12/23/2025,1/3/2026
509783,114286,12/23/2025,4/22/2026
509784,114287,12/23/2025,2/27/2026
509785,114284,12/23/2025,12/31/2025
509786,114290,12/23/2025,4/3/2026
509787,114292,12/23/2025,
509788,114294,12/23/2025,3/25/2026
509789,114295,12/23/2025,1/1/2026
509790,114296,12/23/2025,12/30/2025
509791,114288,12/23/2025,2/16/2026
509792,114360,12/24/2025,4/29/2026
509793,114351,12/24/2025,2/7/2026
509794,114352,12/24/2025,12/29/2025
509795,114354,12/24/2025,1/2/2026
509796,114356,12/24/2025,12/30/2025
509797,114358,12/24/2025,1/5/2026
509798,114362,12/24/2025,
509799,114373,12/24/2025,2/9/2026
509800,114366,12/24/2025,3/12/2026
509801,114368,12/24/2025,4/9/2026
509802,114370,12/24/2025,
509803,114372,12/24/2025,6/8/2026
509804,114348,12/24/2025,1/2/2026
509805,114374,12/24/2025,12/25/2025
509806,114375,12/24/2025,1/3/2026
509807,114364,12/24/2025,1/23/2026
509808,114347,12/24/2025,12/30/2025
509809,114349,12/24/2025,
509810,114344,12/24/2025,1/27/2026
509811,114345,12/24/2025,6/30/2026
509812,103904,12/24/2025,
509813,102947,12/24/2025,1/24/2026
509814,114327,12/24/2025,4/8/2026
509815,114329,12/24/2025,
509816,114331,12/24/2025,3/5/2026
509817,114326,12/24/2025,2/23/2026
509818,114335,12/24/2025,1/21/2026
509819,114337,12/24/2025,1/6/2026
509820,114338,12/24/2025,1/11/2026
509821,114340,12/24/2025,3/5/2026
509822,114341,12/24/2025,
509823,114342,12/24/2025,1/9/2026
509824,114333,12/24/2025,1/12/2026
509825,114413,12/25/2025,
509826,114403,12/25/2025,12/31/2025
509827,114404,12/25/2025,4/9/2026
509828,114405,12/25/2025,1/3/2026
509829,114406,12/25/2025,4/30/2026
509830,114408,12/25/2025,1/12/2026
509831,114409,12/25/2025,5/14/2026
509832,114411,12/25/2025,12/27/2025
509833,114415,12/25/2025,1/9/2026
509834,114425,12/25/2025,4/3/2026
509835,114417,12/25/2025,
509836,114419,12/25/2025,4/17/2026
509837,114420,12/25/2025,1/2/2026
509838,114422,12/25/2025,1/19/2026
509839,114424,12/25/2025,2/1/2026
509840,114427,12/25/2025,1/12/2026
509841,114429,12/25/2025,1/7/2026
509842,114402,12/25/2025,12/28/2025
509843,114416,12/25/2025,1/3/2026
509844,114400,12/25/2025,3/3/2026
509845,114388,12/25/2025,
509846,114397,12/25/2025,1/8/2026
509847,114376,12/25/2025,6/23/2026
509848,114377,12/25/2025,1/16/2026
509849,114379,12/25/2025,1/10/2026
509850,114382,12/25/2025,1/18/2026
509851,114383,12/25/2025,3/29/2026
509852,114385,12/25/2025,2/26/2026
509853,114386,12/25/2025,12/26/2025
509854,114381,12/25/2025,2/20/2026
509855,114389,12/25/2025,1/13/2026
509856,114391,12/25/2025,1/30/2026
509857,114392,12/25/2025,1/6/2026
509858,114393,12/25/2025,
509859,114394,12/25/2025,4/6/2026
509860,114395,12/25/2025,
509861,114396,12/25/2025,1/22/2026
509862,114399,12/25/2025,
509863,114472,12/26/2025,1/1/2026
509864,114471,12/26/2025,4/19/2026
509865,114470,12/26/2025,12/31/2025
509866,114468,12/26/2025,1/3/2026
509867,114461,12/26/2025,2/5/2026
509868,114465,12/26/2025,1/19/2026
509869,114464,12/26/2025,1/12/2026
509870,114459,12/26/2025,1/3/2026
509871,114473,12/26/2025,2/28/2026
509872,114467,12/26/2025,1/3/2026
509873,114475,12/26/2025,2/18/2026
509874,114487,12/26/2025,1/24/2026
509875,114478,12/26/2025,1/16/2026
509876,114479,12/26/2025,
509877,114481,12/26/2025,1/1/2026
509878,114483,12/26/2025,3/26/2026
509879,114485,12/26/2025,7/19/2026
509880,114486,12/26/2025,
509881,114457,12/26/2025,6/12/2026
509882,114489,12/26/2025,3/22/2026
509883,114491,12/26/2025,1/13/2026
509884,114492,12/26/2025,1/10/2026
509885,114477,12/26/2025,5/2/2026
509886,114456,12/26/2025,1/1/2026
509887,114463,12/26/2025,2/9/2026
509888,114453,12/26/2025,1/8/2026
509889,114455,12/26/2025,1/11/2026
509890,110074,12/26/2025,
509891,109988,12/26/2025,1/1/2026
509892,106698,12/26/2025,6/29/2026
509893,114430,12/26/2025,12/28/2025
509894,114431,12/26/2025,2/27/2026
509895,114434,12/26/2025,2/13/2026
509896,114435,12/26/2025,1/8/2026
509897,114436,12/26/2025,
509898,114438,12/26/2025,
509899,114439,12/26/2025,2/23/2026
509900,114433,12/26/2025,12/27/2025
509901,114441,12/26/2025,1/26/2026
509902,114451,12/26/2025,3/16/2026
509903,114440,12/26/2025,1/7/2026
509904,114449,12/26/2025,5/9/2026
509905,114448,12/26/2025,3/26/2026
509906,114450,12/26/2025,
509907,114446,12/26/2025,1/14/2026
509908,114444,12/26/2025,12/30/2025
509909,114442,12/26/2025,1/28/2026
509910,114447,12/26/2025,2/1/2026
509911,114547,12/27/2025,1/28/2026
509912,114536,12/27/2025,1/19/2026
509913,114535,12/27/2025,2/20/2026
509914,114537,12/27/2025,5/3/2026
509915,114539,12/27/2025,
509916,114541,12/27/2025,1/9/2026
509917,114542,12/27/2025,1/25/2026
509918,114543,12/27/2025,12/28/2025
509919,114544,12/27/2025,1/2/2026
509920,114545,12/27/2025,3/2/2026
509921,114546,12/27/2025,1/30/2026
509922,114549,12/27/2025,12/30/2025
509923,114562,12/27/2025,1/6/2026
509924,114551,12/27/2025,6/24/2026
509925,114552,12/27/2025,12/30/2025
509926,114554,12/27/2025,1/5/2026
509927,114556,12/27/2025,1/2/2026
509928,114557,12/27/2025,12/28/2025
509929,114558,12/27/2025,1/16/2026
509930,114559,12/27/2025,1/2/2026
509931,114564,12/27/2025,12/28/2025
509932,114560,12/27/2025,
509933,114563,12/27/2025,1/12/2026
509934,114534,12/27/2025,1/2/2026
509935,114550,12/27/2025,1/7/2026
509936,114532,12/27/2025,4/12/2026
509937,114495,12/27/2025,1/13/2026
509938,114529,12/27/2025,1/6/2026
509939,110053,12/27/2025,
509940,114530,12/27/2025,1/20/2026
509941,114496,12/27/2025,1/7/2026
509942,114497,12/27/2025,7/16/2026
509943,114499,12/27/2025,8/2/2026
509944,114501,12/27/2025,5/14/2026
509945,114503,12/27/2025,12/28/2025
509946,114504,12/27/2025,
509947,114506,12/27/2025,
509948,114507,12/27/2025,1/1/2026
509949,114508,12/27/2025,
509950,114493,12/27/2025,7/28/2026
509951,114511,12/27/2025,4/20/2026
509952,114510,12/27/2025,1/1/2026
509953,114525,12/27/2025,4/18/2026
509954,114523,12/27/2025,4/23/2026
509955,114522,12/27/2025,4/6/2026
509956,114521,12/27/2025,1/13/2026
509957,114527,12/27/2025,1/28/2026
509958,114518,12/27/2025,3/25/2026
509959,114516,12/27/2025,
509960,114515,12/27/2025,2/3/2026
509961,114513,12/27/2025,1/7/2026
509962,114520,12/27/2025,7/3/2026
509963,114604,12/28/2025,12/29/2025
509964,114593,12/28/2025,3/17/2026
509965,114595,12/28/2025,12/29/2025
509966,114596,12/28/2025,1/22/2026
509967,114597,12/28/2025,
509968,114598,12/28/2025,1/21/2026
509969,114600,12/28/2025,5/30/2026
509970,114602,12/28/2025,1/31/2026
509971,114606,12/28/2025,1/3/2026
509972,114612,12/28/2025,5/7/2026
509973,114608,12/28/2025,1/7/2026
509974,114609,12/28/2025,1/1/2026
509975,114610,12/28/2025,1/15/2026
509976,114611,12/28/2025,1/2/2026
509977,114613,12/28/2025,3/24/2026
509978,114615,12/28/2025,
509979,114618,12/28/2025,12/31/2025
509980,114616,12/28/2025,1/23/2026
509981,114607,12/28/2025,1/18/2026
509982,114590,12/28/2025,4/29/2026
509983,114592,12/28/2025,12/29/2025
509984,114587,12/28/2025,2/3/2026
509985,109777,12/28/2025,4/18/2026
509986,114588,12/28/2025,1/1/2026
509987,114566,12/28/2025,1/2/2026
509988,114568,12/28/2025,2/7/2026
509989,114569,12/28/2025,
509990,114570,12/28/2025,
509991,114572,12/28/2025,1/27/2026
509992,114574,12/28/2025,12/31/2025
509993,106081,12/28/2025,1/11/2026
509994,114576,12/28/2025,
509995,114578,12/28/2025,2/7/2026
509996,114579,12/28/2025,1/20/2026
509997,114581,12/28/2025,2/15/2026
509998,114582,12/28/2025,1/27/2026
509999,114584,12/28/2025,
510000,114586,12/28/2025,3/7/2026
510001,114575,12/28/2025,2/25/2026
510002,114640,12/29/2025,1/7/2026
510003,114642,12/29/2025,1/10/2026
510004,114643,12/29/2025,3/23/2026
510005,114645,12/29/2025,1/5/2026
510006,114647,12/29/2025,5/5/2026
510007,114649,12/29/2025,1/3/2026
510008,114651,12/29/2025,3/22/2026
510009,114657,12/29/2025,1/23/2026
510010,114654,12/29/2025,4/26/2026
510011,114655,12/29/2025,1/22/2026
510012,114658,12/29/2025,1/3/2026
510013,114659,12/29/2025,3/7/2026
510014,114660,12/29/2025,12/30/2025
510015,114638,12/29/2025,2/3/2026
510016,114652,12/29/2025,4/2/2026
510017,114637,12/29/2025,5/27/2026
510018,114633,12/29/2025,1/8/2026
510019,103530,12/29/2025,4/25/2026
510020,112369,12/29/2025,2/20/2026
510021,114635,12/29/2025,1/6/2026
510022,103088,12/29/2025,1/24/2026
510023,103217,12/29/2025,1/24/2026
510024,114621,12/29/2025,1/11/2026
510025,114623,12/29/2025,1/21/2026
510026,114620,12/29/2025,1/10/2026
510027,114626,12/29/2025,1/10/2026
510028,114628,12/29/2025,
510029,114630,12/29/2025,3/28/2026
510030,114631,12/29/2025,1/27/2026
510031,114632,12/29/2025,4/17/2026
510032,114624,12/29/2025,1/1/2026
510033,114695,12/30/2025,6/10/2026
510034,114686,12/30/2025,
510035,114688,12/30/2025,
510036,114692,12/30/2025,2/27/2026
510037,114694,12/30/2025,6/12/2026
510038,114697,12/30/2025,
510039,114685,12/30/2025,1/2/2026
510040,114699,12/30/2025,7/11/2026
510041,114700,12/30/2025,2/8/2026
510042,114701,12/30/2025,
510043,114702,12/30/2025,
510044,114704,12/30/2025,2/12/2026
510045,114706,12/30/2025,
510046,114705,12/30/2025,3/20/2026
510047,114698,12/30/2025,1/19/2026
510048,114683,12/30/2025,1/16/2026
510049,114690,12/30/2025,12/31/2025
510050,114679,12/30/2025,
510051,100434,12/30/2025,12/31/2025
510052,114661,12/30/2025,3/12/2026
510053,114663,12/30/2025,1/7/2026
510054,114665,12/30/2025,12/31/2025
510055,114666,12/30/2025,1/15/2026
510056,114667,12/30/2025,3/8/2026
510057,114668,12/30/2025,7/18/2026
510058,114681,12/30/2025,
510059,114670,12/30/2025,2/14/2026
510060,114672,12/30/2025,6/1/2026
510061,114673,12/30/2025,12/31/2025
510062,114674,12/30/2025,1/3/2026
510063,114675,12/30/2025,5/20/2026
510064,114677,12/30/2025,1/7/2026
510065,114669,12/30/2025,1/26/2026
510066,114742,12/31/2025,1/6/2026
510067,114744,12/31/2025,4/24/2026
510068,114746,12/31/2025,1/21/2026
510069,114748,12/31/2025,3/1/2026
510070,114749,12/31/2025,1/16/2026
510071,114750,12/31/2025,1/28/2026
510072,114751,12/31/2025,1/26/2026
510073,114752,12/31/2025,2/9/2026
510074,114753,12/31/2025,
510075,114759,12/31/2025,
510076,114756,12/31/2025,2/1/2026
510077,114757,12/31/2025,6/24/2026
510078,114761,12/31/2025,2/8/2026
510079,114762,12/31/2025,
510080,114764,12/31/2025,
510081,114740,12/31/2025,3/6/2026
510082,114768,12/31/2025,3/28/2026
510083,114770,12/31/2025,1/17/2026
510084,114772,12/31/2025,2/6/2026
510085,114754,12/31/2025,
510086,114766,12/31/2025,2/25/2026
510087,114739,12/31/2025,1/7/2026
510088,114736,12/31/2025,3/2/2026
510089,114738,12/31/2025,
510090,114707,12/31/2025,5/18/2026
510091,114709,12/31/2025,3/19/2026
510092,114711,12/31/2025,1/2/2026
510093,114713,12/31/2025,1/12/2026
510094,114716,12/31/2025,1/7/2026
510095,114718,12/31/2025,7/28/2026
510096,114720,12/31/2025,
510097,114715,12/31/2025,
510098,114723,12/31/2025,
510099,114722,12/31/2025,4/14/2026
510100,114733,12/31/2025,2/9/2026
510101,114731,12/31/2025,4/22/2026
510102,114729,12/31/2025,
510103,114735,12/31/2025,2/14/2026
510104,114726,12/31/2025,2/7/2026
510105,114725,12/31/2025,1/17/2026
510106,114727,12/31/2025,1/4/2026
510107,114808,1/1/2026,
510108,114798,1/1/2026,3/4/2026
510109,114799,1/1/2026,1/4/2026
510110,114801,1/1/2026,1/18/2026
510111,114802,1/1/2026,
510112,114804,1/1/2026,1/10/2026
510113,114806,1/1/2026,1/2/2026
510114,114810,1/1/2026,6/4/2026
510115,114821,1/1/2026,2/6/2026
510116,114814,1/1/2026,1/10/2026
510117,114815,1/1/2026,1/16/2026
510118,114816,1/1/2026,
510119,114818,1/1/2026,6/2/2026
510120,114820,1/1/2026,4/17/2026
510121,114823,1/1/2026,6/26/2026
510122,114796,1/1/2026,1/13/2026
510123,114812,1/1/2026,1/24/2026
510124,114795,1/1/2026,1/2/2026
510125,114825,1/1/2026,1/19/2026
510126,114793,1/1/2026,1/15/2026
510127,114794,1/1/2026,
510128,103724,1/1/2026,3/15/2026
510129,114774,1/1/2026,
510130,114776,1/1/2026,6/5/2026
510131,114777,1/1/2026,1/5/2026
510132,114779,1/1/2026,1/16/2026
510133,114780,1/1/2026,2/8/2026
510134,107291,1/1/2026,1/25/2026
510135,114783,1/1/2026,3/7/2026
510136,114784,1/1/2026,2/14/2026
510137,114785,1/1/2026,1/2/2026
510138,114787,1/1/2026,
510139,114788,1/1/2026,
510140,114789,1/1/2026,1/16/2026
510141,114791,1/1/2026,7/3/2026
510142,114781,1/1/2026,1/20/2026
510143,114851,1/2/2026,
510144,114853,1/2/2026,4/29/2026
510145,114854,1/2/2026,
510146,114855,1/2/2026,1/11/2026
510147,114857,1/2/2026,2/24/2026
510148,114859,1/2/2026,6/6/2026
510149,114863,1/2/2026,1/3/2026
510150,114861,1/2/2026,4/14/2026
510151,114862,1/2/2026,1/9/2026
510152,114864,1/2/2026,1/18/2026
510153,114865,1/2/2026,
510154,114849,1/2/2026,1/8/2026
510155,114867,1/2/2026,1/17/2026
510156,114860,1/2/2026,1/27/2026
510157,114847,1/2/2026,1/11/2026
510158,114850,1/2/2026,2/20/2026
510159,114844,1/2/2026,1/24/2026
510160,114846,1/2/2026,2/4/2026
510161,114827,1/2/2026,4/27/2026
510162,114830,1/2/2026,1/23/2026
510163,114832,1/2/2026,3/18/2026
510164,114834,1/2/2026,1/6/2026
510165,114835,1/2/2026,2/10/2026
510166,114828,1/2/2026,2/5/2026
510167,114838,1/2/2026,3/1/2026
510168,114839,1/2/2026,
510169,114841,1/2/2026,2/2/2026
510170,114843,1/2/2026,1/17/2026
510171,114837,1/2/2026,1/7/2026
510172,114921,1/3/2026,6/3/2026
510173,114906,1/3/2026,6/23/2026
510174,114908,1/3/2026,
510175,114909,1/3/2026,3/3/2026
510176,114912,1/3/2026,
510177,114914,1/3/2026,1/4/2026
510178,114904,1/3/2026,6/21/2026
510179,114915,1/3/2026,2/5/2026
510180,114917,1/3/2026,4/23/2026
510181,114919,1/3/2026,
510182,114922,1/3/2026,3/4/2026
510183,114933,1/3/2026,1/6/2026
510184,114926,1/3/2026,1/4/2026
510185,114928,1/3/2026,
510186,114930,1/3/2026,3/6/2026
510187,114931,1/3/2026,2/13/2026
510188,114935,1/3/2026,1/30/2026
510189,114936,1/3/2026,
510190,114937,1/3/2026,7/13/2026
510191,114940,1/3/2026,
510192,114938,1/3/2026,6/5/2026
510193,114903,1/3/2026,2/18/2026
510194,114924,1/3/2026,1/10/2026
510195,114902,1/3/2026,
510196,114911,1/3/2026,1/7/2026
510197,114900,1/3/2026,4/12/2026
510198,114901,1/3/2026,1/12/2026
510199,114869,1/3/2026,2/9/2026
510200,114870,1/3/2026,1/5/2026
510201,114871,1/3/2026,7/23/2026
510202,114872,1/3/2026,1/6/2026
510203,114874,1/3/2026,1/6/2026
510204,114875,1/3/2026,1/4/2026
510205,114877,1/3/2026,4/21/2026
510206,114879,1/3/2026,1/24/2026
510207,114881,1/3/2026,3/29/2026
510208,114876,1/3/2026,
510209,114885,1/3/2026,5/9/2026
510210,114898,1/3/2026,4/11/2026
510211,114883,1/3/2026,2/2/2026
510212,114895,1/3/2026,2/26/2026
510213,114894,1/3/2026,1/4/2026
510214,114892,1/3/2026,1/27/2026
510215,114896,1/3/2026,
510216,114890,1/3/2026,7/9/2026
510217,114888,1/3/2026,3/24/2026
510218,114887,1/3/2026,1/24/2026
510219,114983,1/4/2026,1/10/2026
510220,114974,1/4/2026,
510221,114975,1/4/2026,2/14/2026
510222,114976,1/4/2026,3/26/2026
510223,114978,1/4/2026,
510224,114979,1/4/2026,
510225,114980,1/4/2026,2/11/2026
510226,114982,1/4/2026,4/19/2026
510227,114972,1/4/2026,1/6/2026
510228,114985,1/4/2026,3/26/2026
510229,114999,1/4/2026,1/20/2026
510230,114987,1/4/2026,2/9/2026
510231,114988,1/4/2026,1/28/2026
510232,114990,1/4/2026,7/16/2026
510233,114992,1/4/2026,1/8/2026
510234,114994,1/4/2026,3/3/2026
510235,114996,1/4/2026,3/20/2026
510236,114997,1/4/2026,2/17/2026
510237,114998,1/4/2026,1/7/2026
510238,114970,1/4/2026,1/12/2026
510239,115000,1/4/2026,
510240,114986,1/4/2026,3/13/2026
510241,114968,1/4/2026,1/11/2026
510242,114964,1/4/2026,2/11/2026
510243,114966,1/4/2026,1/5/2026
510244,114967,1/4/2026,1/10/2026
510245,101896,1/4/2026,
510246,100750,1/4/2026,1/10/2026
510247,114942,1/4/2026,1/8/2026
510248,114943,1/4/2026,3/12/2026
510249,114944,1/4/2026,3/21/2026
510250,114946,1/4/2026,1/6/2026
510251,114948,1/4/2026,1/7/2026
510252,114950,1/4/2026,3/11/2026
510253,107932,1/4/2026,1/10/2026
510254,114953,1/4/2026,
510255,114955,1/4/2026,2/10/2026
510256,114957,1/4/2026,2/26/2026
510257,114958,1/4/2026,4/18/2026
510258,114959,1/4/2026,1/27/2026
510259,114961,1/4/2026,1/17/2026
510260,114963,1/4/2026,1/18/2026
510261,114965,1/4/2026,2/16/2026
510262,114951,1/4/2026,2/5/2026
510263,115033,1/5/2026,6/7/2026
510264,115032,1/5/2026,2/22/2026
510265,115026,1/5/2026,5/14/2026
510266,115028,1/5/2026,7/29/2026
510267,115027,1/5/2026,6/25/2026
510268,115034,1/5/2026,1/23/2026
510269,115030,1/5/2026,3/29/2026
510270,115035,1/5/2026,1/8/2026
510271,115039,1/5/2026,2/15/2026
510272,115037,1/5/2026,1/15/2026
510273,115038,1/5/2026,
510274,115040,1/5/2026,5/15/2026
510275,115042,1/5/2026,3/21/2026
510276,115024,1/5/2026,1/26/2026
510277,115043,1/5/2026,3/9/2026
510278,115044,1/5/2026,5/25/2026
510279,115036,1/5/2026,1/29/2026
510280,115023,1/5/2026,1/15/2026
510281,115025,1/5/2026,
510282,115020,1/5/2026,1/10/2026
510283,109519,1/5/2026,4/17/2026
510284,115002,1/5/2026,
510285,115004,1/5/2026,1/19/2026
510286,115005,1/5/2026,1/17/2026
510287,115006,1/5/2026,2/14/2026
510288,115010,1/5/2026,2/28/2026
510289,115012,1/5/2026,
510290,115008,1/5/2026,3/2/2026
510291,115014,1/5/2026,
510292,115015,1/5/2026,3/24/2026
510293,115016,1/5/2026,
510294,115017,1/5/2026,2/23/2026
510295,115021,1/5/2026,1/6/2026
510296,115018,1/5/2026,4/22/2026
510297,115013,1/5/2026,2/5/2026
510298,115071,1/6/2026,1/20/2026
510299,115064,1/6/2026,1/11/2026
510300,115067,1/6/2026,3/30/2026
510301,115068,1/6/2026,1/7/2026
510302,115069,1/6/2026,3/11/2026
510303,115073,1/6/2026,1/16/2026
510304,115085,1/6/2026,
510305,115076,1/6/2026,1/28/2026
510306,115078,1/6/2026,1/18/2026
510307,115080,1/6/2026,1/7/2026
510308,115082,1/6/2026,1/7/2026
510309,115084,1/6/2026,5/9/2026
510310,115063,1/6/2026,4/21/2026
510311,115075,1/6/2026,
510312,115061,1/6/2026,1/26/2026
510313,115065,1/6/2026,2/27/2026
510314,115058,1/6/2026,1/21/2026
510315,115056,1/6/2026,2/16/2026
510316,115055,1/6/2026,1/12/2026
510317,115054,1/6/2026,2/15/2026
510318,115052,1/6/2026,3/13/2026
510319,115050,1/6/2026,
510320,115048,1/6/2026,1/28/2026
510321,115047,1/6/2026,1/18/2026
510322,115045,1/6/2026,
510323,112942,1/6/2026,1/26/2026
510324,115060,1/6/2026,8/3/2026
510325,104275,1/6/2026,3/25/2026
510326,115131,1/7/2026,1/21/2026
510327,115130,1/7/2026,1/30/2026
510328,115158,1/7/2026,3/25/2026
510329,115127,1/7/2026,1/19/2026
510330,115120,1/7/2026,1/23/2026
510331,115125,1/7/2026,2/19/2026
510332,115123,1/7/2026,1/28/2026
510333,115121,1/7/2026,1/8/2026
510334,115133,1/7/2026,
510335,115119,1/7/2026,2/13/2026
510336,115126,1/7/2026,1/12/2026
510337,115135,1/7/2026,2/6/2026
510338,115143,1/7/2026,1/10/2026
510339,115137,1/7/2026,2/18/2026
510340,115139,1/7/2026,2/1/2026
510341,115140,1/7/2026,
510342,115142,1/7/2026,1/14/2026
510343,115145,1/7/2026,1/23/2026
510344,115147,1/7/2026,2/22/2026
510345,115149,1/7/2026,1/13/2026
510346,115156,1/7/2026,3/25/2026
510347,115155,1/7/2026,
510348,115153,1/7/2026,3/27/2026
510349,115151,1/7/2026,3/12/2026
510350,115117,1/7/2026,1/24/2026
510351,115136,1/7/2026,
510352,115115,1/7/2026,2/12/2026
510353,115128,1/7/2026,3/20/2026
510354,115112,1/7/2026,
510355,109445,1/7/2026,1/15/2026
510356,105779,1/7/2026,1/19/2026
510357,115113,1/7/2026,3/10/2026
510358,115087,1/7/2026,2/7/2026
510359,115091,1/7/2026,1/23/2026
510360,115092,1/7/2026,1/31/2026
510361,115094,1/7/2026,5/9/2026
510362,115096,1/7/2026,1/29/2026
510363,115097,1/7/2026,2/5/2026
510364,115089,1/7/2026,5/21/2026
510365,115100,1/7/2026,1/11/2026
510366,115101,1/7/2026,1/12/2026
510367,115103,1/7/2026,3/11/2026
510368,115105,1/7/2026,2/1/2026
510369,115106,1/7/2026,4/22/2026
510370,115107,1/7/2026,
510371,115108,1/7/2026,5/27/2026
510372,115109,1/7/2026,4/26/2026
510373,115098,1/7/2026,1/8/2026
510374,115110,1/7/2026,2/17/2026
510375,115208,1/8/2026,6/24/2026
510376,115206,1/8/2026,3/1/2026
510377,115205,1/8/2026,2/19/2026
510378,115204,1/8/2026,1/29/2026
510379,115203,1/8/2026,
510380,115198,1/8/2026,
510381,115201,1/8/2026,5/27/2026
510382,115200,1/8/2026,2/12/2026
510383,115197,1/8/2026,
510384,115210,1/8/2026,
510385,115202,1/8/2026,3/26/2026
510386,115212,1/8/2026,5/10/2026
510387,115224,1/8/2026,1/23/2026
510388,115214,1/8/2026,2/17/2026
510389,115216,1/8/2026,1/12/2026
510390,115217,1/8/2026,4/29/2026
510391,115219,1/8/2026,1/11/2026
510392,115220,1/8/2026,1/11/2026
510393,115222,1/8/2026,1/13/2026
510394,115223,1/8/2026,1/18/2026
510395,115196,1/8/2026,
510396,115225,1/8/2026,3/26/2026
510397,115227,1/8/2026,1/31/2026
510398,115229,1/8/2026,1/25/2026
510399,115231,1/8/2026,1/24/2026
510400,115213,1/8/2026,5/28/2026
510401,115195,1/8/2026,1/13/2026
510402,115188,1/8/2026,3/21/2026
510403,115191,1/8/2026,1/15/2026
510404,103174,1/8/2026,1/11/2026
510405,109190,1/8/2026,2/25/2026
510406,115193,1/8/2026,
510407,115160,1/8/2026,
510408,115162,1/8/2026,1/29/2026
510409,115164,1/8/2026,3/5/2026
510410,115168,1/8/2026,6/23/2026
510411,115169,1/8/2026,
510412,115171,1/8/2026,
510413,115166,1/8/2026,6/20/2026
510414,115174,1/8/2026,1/23/2026
510415,115189,1/8/2026,2/5/2026
510416,115186,1/8/2026,
510417,115172,1/8/2026,6/8/2026
510418,115183,1/8/2026,1/15/2026
510419,115184,1/8/2026,5/22/2026
510420,115179,1/8/2026,6/23/2026
510421,115178,1/8/2026,2/2/2026
510422,115176,1/8/2026,3/21/2026
510423,115181,1/8/2026,2/2/2026
510424,115256,1/9/2026,1/26/2026
510425,115263,1/9/2026,
510426,115257,1/9/2026,2/2/2026
510427,115258,1/9/2026,2/6/2026
510428,115259,1/9/2026,2/23/2026
510429,115260,1/9/2026,2/5/2026
510430,115261,1/9/2026,1/13/2026
510431,115278,1/9/2026,5/12/2026
510432,115255,1/9/2026,1/14/2026
510433,115267,1/9/2026,1/27/2026
510434,115268,1/9/2026,1/17/2026
510435,115269,1/9/2026,4/30/2026
510436,115273,1/9/2026,
510437,115275,1/9/2026,1/25/2026
510438,115276,1/9/2026,2/14/2026
510439,115277,1/9/2026,6/26/2026
510440,115271,1/9/2026,
510441,115265,1/9/2026,
510442,115254,1/9/2026,2/3/2026
510443,115239,1/9/2026,2/28/2026
510444,115251,1/9/2026,3/13/2026
510445,109290,1/9/2026,1/31/2026
510446,105537,1/9/2026,1/15/2026
510447,108735,1/9/2026,
510448,105430,1/9/2026,5/14/2026
510449,115233,1/9/2026,1/15/2026
510450,115235,1/9/2026,3/1/2026
510451,115237,1/9/2026,
510452,115238,1/9/2026,2/21/2026
510453,115252,1/9/2026,4/4/2026
510454,115241,1/9/2026,2/3/2026
510455,115242,1/9/2026,6/12/2026
510456,115243,1/9/2026,2/18/2026
510457,115245,1/9/2026,2/24/2026
510458,115247,1/9/2026,1/12/2026
510459,115249,1/9/2026,1/26/2026
510460,115250,1/9/2026,
510461,115240,1/9/2026,1/22/2026
510462,115310,1/10/2026,1/28/2026
510463,115311,1/10/2026,1/27/2026
510464,115313,1/10/2026,4/11/2026
510465,115314,1/10/2026,2/16/2026
510466,115316,1/10/2026,7/26/2026
510467,115317,1/10/2026,3/31/2026
510468,115319,1/10/2026,1/30/2026
510469,115320,1/10/2026,
510470,115325,1/10/2026,1/26/2026
510471,115322,1/10/2026,
510472,115323,1/10/2026,1/19/2026
510473,115327,1/10/2026,1/15/2026
510474,115329,1/10/2026,2/4/2026
510475,115331,1/10/2026,2/6/2026
510476,115333,1/10/2026,7/10/2026
510477,115309,1/10/2026,3/7/2026
510478,115334,1/10/2026,4/19/2026
510479,115321,1/10/2026,2/12/2026
510480,115307,1/10/2026,7/13/2026
510481,115305,1/10/2026,
510482,109945,1/10/2026,1/13/2026
510483,115303,1/10/2026,
510484,115279,1/10/2026,
510485,115280,1/10/2026,2/6/2026
510486,115282,1/10/2026,2/7/2026
510487,115285,1/10/2026,1/27/2026
510488,115287,1/10/2026,1/29/2026
510489,115288,1/10/2026,3/18/2026
510490,115289,1/10/2026,4/30/2026
510491,115283,1/10/2026,1/20/2026
510492,115292,1/10/2026,3/27/2026
510493,115294,1/10/2026,
510494,115295,1/10/2026,1/27/2026
510495,115296,1/10/2026,
510496,115298,1/10/2026,
510497,115299,1/10/2026,1/21/2026
510498,115291,1/10/2026,2/1/2026
510499,115301,1/10/2026,7/1/2026
510500,115374,1/11/2026,4/23/2026
510501,115373,1/11/2026,1/13/2026
510502,115372,1/11/2026,4/23/2026
510503,115368,1/11/2026,1/13/2026
510504,115369,1/11/2026,
510505,115366,1/11/2026,1/28/2026
510506,115375,1/11/2026,4/7/2026
510507,115371,1/11/2026,4/1/2026
510508,115377,1/11/2026,
510509,115364,1/11/2026,2/16/2026
510510,115379,1/11/2026,3/12/2026
510511,115381,1/11/2026,1/16/2026
510512,115382,1/11/2026,1/15/2026
510513,115383,1/11/2026,
510514,115385,1/11/2026,
510515,115387,1/11/2026,1/18/2026
510516,115389,1/11/2026,2/19/2026
510517,115393,1/11/2026,2/26/2026
510518,115391,1/11/2026,1/13/2026
510519,115378,1/11/2026,2/12/2026
510520,115363,1/11/2026,3/3/2026
510521,115359,1/11/2026,1/31/2026
510522,110667,1/11/2026,
510523,115335,1/11/2026,3/1/2026
510524,115337,1/11/2026,2/17/2026
510525,115339,1/11/2026,2/4/2026
510526,115341,1/11/2026,1/24/2026
510527,115343,1/11/2026,
510528,115344,1/11/2026,1/25/2026
510529,115345,1/11/2026,1/14/2026
510530,115361,1/11/2026,1/30/2026
510531,115349,1/11/2026,3/29/2026
510532,115350,1/11/2026,1/16/2026
510533,115352,1/11/2026,3/12/2026
510534,115354,1/11/2026,1/25/2026
510535,115355,1/11/2026,1/21/2026
510536,115357,1/11/2026,1/15/2026
510537,115358,1/11/2026,4/17/2026
510538,115347,1/11/2026,1/21/2026
510539,115429,1/12/2026,1/16/2026
510540,115428,1/12/2026,6/6/2026
510541,115427,1/12/2026,1/21/2026
510542,115422,1/12/2026,2/24/2026
510543,115423,1/12/2026,1/13/2026
510544,115430,1/12/2026,1/30/2026
510545,115421,1/12/2026,2/9/2026
510546,115425,1/12/2026,3/11/2026
510547,115432,1/12/2026,2/24/2026
510548,115437,1/12/2026,3/14/2026
510549,115435,1/12/2026,1/22/2026
510550,115436,1/12/2026,
510551,115439,1/12/2026,1/20/2026
510552,115440,1/12/2026,
510553,115441,1/12/2026,5/4/2026
510554,115419,1/12/2026,
510555,115442,1/12/2026,
510556,115444,1/12/2026,3/18/2026
510557,115434,1/12/2026,1/26/2026
510558,115415,1/12/2026,3/1/2026
510559,115404,1/12/2026,1/13/2026
510560,115413,1/12/2026,3/6/2026
510561,105279,1/12/2026,1/31/2026
510562,107401,1/12/2026,1/13/2026
510563,106797,1/12/2026,4/14/2026
510564,107473,1/12/2026,2/9/2026
510565,115417,1/12/2026,4/15/2026
510566,115397,1/12/2026,1/21/2026
510567,115399,1/12/2026,2/25/2026
510568,115395,1/12/2026,4/2/2026
510569,115402,1/12/2026,6/28/2026
510570,115403,1/12/2026,3/30/2026
510571,115406,1/12/2026,2/9/2026
510572,115407,1/12/2026,
510573,115409,1/12/2026,
510574,115411,1/12/2026,1/21/2026
510575,115401,1/12/2026,1/25/2026
510576,115478,1/13/2026,7/2/2026
510577,115471,1/13/2026,1/15/2026
510578,115469,1/13/2026,2/12/2026
510579,115494,1/13/2026,4/30/2026
510580,115473,1/13/2026,
510581,115474,1/13/2026,3/3/2026
510582,115476,1/13/2026,1/21/2026
510583,115479,1/13/2026,5/27/2026
510584,115467,1/13/2026,
510585,115481,1/13/2026,2/3/2026
510586,115482,1/13/2026,1/18/2026
510587,115483,1/13/2026,3/27/2026
510588,115484,1/13/2026,
510589,115486,1/13/2026,
510590,115488,1/13/2026,1/25/2026
510591,115490,1/13/2026,1/16/2026
510592,115492,1/13/2026,2/7/2026
510593,115480,1/13/2026,1/26/2026
510594,115466,1/13/2026,1/16/2026
510595,115460,1/13/2026,
510596,115463,1/13/2026,7/20/2026
510597,104874,1/13/2026,
510598,108320,1/13/2026,1/18/2026
510599,115445,1/13/2026,5/11/2026
510600,115447,1/13/2026,
510601,115449,1/13/2026,1/26/2026
510602,115450,1/13/2026,2/25/2026
510603,115451,1/13/2026,3/15/2026
510604,115465,1/13/2026,4/18/2026
510605,115453,1/13/2026,3/15/2026
510606,115454,1/13/2026,5/1/2026
510607,115456,1/13/2026,1/17/2026
510608,115457,1/13/2026,1/19/2026
510609,115452,1/13/2026,2/15/2026
510610,115458,1/13/2026,1/15/2026
510611,115461,1/13/2026,1/25/2026
510612,115521,1/14/2026,1/24/2026
510613,115525,1/14/2026,
510614,115527,1/14/2026,
510615,115529,1/14/2026,1/20/2026
510616,115530,1/14/2026,1/19/2026
510617,115531,1/14/2026,2/10/2026
510618,115532,1/14/2026,1/25/2026
510619,115533,1/14/2026,1/16/2026
510620,115536,1/14/2026,7/20/2026
510621,115535,1/14/2026,1/27/2026
510622,115520,1/14/2026,
510623,115538,1/14/2026,2/16/2026
510624,115539,1/14/2026,4/8/2026
510625,115541,1/14/2026,
510626,115542,1/14/2026,3/11/2026
510627,115543,1/14/2026,3/9/2026
510628,115545,1/14/2026,1/21/2026
510629,115534,1/14/2026,
510630,115519,1/14/2026,1/21/2026
510631,115523,1/14/2026,
510632,108074,1/14/2026,
510633,109489,1/14/2026,1/22/2026
510634,106738,1/14/2026,1/16/2026
510635,115516,1/14/2026,1/18/2026
510636,115495,1/14/2026,
510637,115497,1/14/2026,
510638,115498,1/14/2026,7/25/2026
510639,115499,1/14/2026,1/21/2026
510640,115500,1/14/2026,5/30/2026
510641,115501,1/14/2026,2/17/2026
510642,115518,1/14/2026,1/19/2026
510643,115503,1/14/2026,1/15/2026
510644,115502,1/14/2026,2/18/2026
510645,115515,1/14/2026,2/5/2026
510646,115512,1/14/2026,5/30/2026
510647,115510,1/14/2026,1/15/2026
510648,115514,1/14/2026,8/3/2026
510649,115506,1/14/2026,
510650,115505,1/14/2026,2/20/2026
510651,115504,1/14/2026,1/18/2026
510652,115508,1/14/2026,1/18/2026
510653,115568,1/15/2026,1/16/2026
510654,115574,1/15/2026,1/18/2026
510655,115569,1/15/2026,1/20/2026
510656,115571,1/15/2026,2/20/2026
510657,115572,1/15/2026,1/28/2026
510658,115573,1/15/2026,1/21/2026
510659,115576,1/15/2026,3/6/2026
510660,115582,1/15/2026,
510661,115579,1/15/2026,7/12/2026
510662,115580,1/15/2026,1/26/2026
510663,115581,1/15/2026,1/17/2026
510664,115583,1/15/2026,1/22/2026
510665,115584,1/15/2026,2/20/2026
510666,115585,1/15/2026,
510667,115578,1/15/2026,2/27/2026
510668,115567,1/15/2026,2/18/2026
510669,115564,1/15/2026,4/30/2026
510670,115563,1/15/2026,
510671,115565,1/15/2026,6/23/2026
510672,108876,1/15/2026,
510673,115547,1/15/2026,7/13/2026
510674,115549,1/15/2026,1/18/2026
510675,115553,1/15/2026,2/21/2026
510676,115554,1/15/2026,1/24/2026
510677,115551,1/15/2026,
510678,115556,1/15/2026,3/8/2026
510679,115557,1/15/2026,1/16/2026
510680,115558,1/15/2026,2/14/2026
510681,115559,1/15/2026,2/27/2026
510682,115561,1/15/2026,2/25/2026
510683,115562,1/15/2026,4/22/2026
510684,115555,1/15/2026,1/29/2026
510685,115621,1/16/2026,2/3/2026
510686,115613,1/16/2026,5/24/2026
510687,115616,1/16/2026,1/28/2026
510688,115618,1/16/2026,1/17/2026
510689,115620,1/16/2026,7/23/2026
510690,115622,1/16/2026,2/13/2026
510691,115630,1/16/2026,
510692,115624,1/16/2026,1/27/2026
510693,115625,1/16/2026,1/22/2026
510694,115626,1/16/2026,1/17/2026
510695,115627,1/16/2026,1/17/2026
510696,115629,1/16/2026,2/23/2026
510697,115611,1/16/2026,1/22/2026
510698,115632,1/16/2026,
510699,115623,1/16/2026,5/10/2026
510700,115610,1/16/2026,2/26/2026
510701,115615,1/16/2026,7/17/2026
510702,115607,1/16/2026,
510703,115609,1/16/2026,3/19/2026
510704,112501,1/16/2026,1/27/2026
510705,110882,1/16/2026,2/25/2026
510706,115588,1/16/2026,2/8/2026
510707,115590,1/16/2026,
510708,115592,1/16/2026,1/22/2026
510709,115593,1/16/2026,7/25/2026
510710,115586,1/16/2026,3/30/2026
510711,115597,1/16/2026,1/27/2026
510712,115598,1/16/2026,7/20/2026
510713,115600,1/16/2026,2/13/2026
510714,115602,1/16/2026,3/16/2026
510715,115604,1/16/2026,2/4/2026
510716,115595,1/16/2026,2/5/2026
510717,115606,1/16/2026,
510718,115680,1/17/2026,2/4/2026
510719,115679,1/17/2026,1/18/2026
510720,115678,1/17/2026,
510721,115676,1/17/2026,2/28/2026
510722,115673,1/17/2026,2/20/2026
510723,115671,1/17/2026,7/29/2026
510724,115670,1/17/2026,2/7/2026
510725,115681,1/17/2026,2/19/2026
510726,115674,1/17/2026,
510727,115682,1/17/2026,1/18/2026
510728,115693,1/17/2026,2/18/2026
510729,115684,1/17/2026,
510730,115686,1/17/2026,
510731,115688,1/17/2026,
510732,115690,1/17/2026,2/3/2026
510733,115691,1/17/2026,1/18/2026
510734,115692,1/17/2026,2/6/2026
510735,115695,1/17/2026,1/23/2026
510736,115696,1/17/2026,6/17/2026
510737,115668,1/17/2026,2/9/2026
510738,115698,1/17/2026,
510739,115683,1/17/2026,1/31/2026
510740,115666,1/17/2026,1/30/2026
510741,115639,1/17/2026,1/25/2026
510742,115662,1/17/2026,2/2/2026
510743,115634,1/17/2026,2/10/2026
510744,115635,1/17/2026,3/9/2026
510745,115637,1/17/2026,2/23/2026
510746,115638,1/17/2026,
510747,115641,1/17/2026,3/14/2026
510748,115642,1/17/2026,1/27/2026
510749,115644,1/17/2026,
510750,115646,1/17/2026,1/18/2026
510751,115647,1/17/2026,2/1/2026
510752,115664,1/17/2026,4/29/2026
510753,115650,1/17/2026,2/17/2026
510754,115651,1/17/2026,1/22/2026
510755,115653,1/17/2026,1/27/2026
510756,115654,1/17/2026,3/20/2026
510757,115655,1/17/2026,3/23/2026
510758,115656,1/17/2026,3/3/2026
510759,115657,1/17/2026,1/20/2026
510760,115659,1/17/2026,5/26/2026
510761,115660,1/17/2026,3/23/2026
510762,115649,1/17/2026,3/7/2026
510763,115752,1/18/2026,
510764,115751,1/18/2026,3/15/2026
510765,115749,1/18/2026,
510766,115747,1/18/2026,4/27/2026
510767,115745,1/18/2026,2/24/2026
510768,115736,1/18/2026,
510769,115741,1/18/2026,1/22/2026
510770,115740,1/18/2026,1/20/2026
510771,115738,1/18/2026,
510772,115753,1/18/2026,2/17/2026
510773,115743,1/18/2026,4/7/2026
510774,115754,1/18/2026,2/20/2026
510775,115771,1/18/2026,4/29/2026
510776,115758,1/18/2026,1/27/2026
510777,115760,1/18/2026,1/26/2026
510778,115761,1/18/2026,6/12/2026
510779,115762,1/18/2026,2/3/2026
510780,115763,1/18/2026,4/4/2026
510781,115765,1/18/2026,1/31/2026
510782,115768,1/18/2026,1/30/2026
510783,115770,1/18/2026,2/17/2026
510784,115734,1/18/2026,1/23/2026
510785,115772,1/18/2026,1/22/2026
510786,115774,1/18/2026,
510787,115756,1/18/2026,2/5/2026
510788,115732,1/18/2026,
510789,115767,1/18/2026,2/5/2026
510790,115729,1/18/2026,3/4/2026
510791,108467,1/18/2026,1/19/2026
510792,115731,1/18/2026,2/9/2026
510793,115700,1/18/2026,1/22/2026
510794,115702,1/18/2026,1/21/2026
510795,115704,1/18/2026,1/22/2026
510796,115708,1/18/2026,2/23/2026
510797,115709,1/18/2026,1/19/2026
510798,115711,1/18/2026,1/20/2026
510799,115712,1/18/2026,
510800,115713,1/18/2026,5/27/2026
510801,115706,1/18/2026,2/1/2026
510802,115716,1/18/2026,2/13/2026
510803,115717,1/18/2026,4/14/2026
510804,115718,1/18/2026,
510805,115720,1/18/2026,1/27/2026
510806,115722,1/18/2026,6/7/2026
510807,115724,1/18/2026,6/13/2026
510808,115725,1/18/2026,2/19/2026
510809,115727,1/18/2026,1/30/2026
510810,115728,1/18/2026,1/27/2026
510811,115714,1/18/2026,1/22/2026
510812,115820,1/19/2026,
510813,115819,1/19/2026,1/29/2026
510814,115818,1/19/2026,2/20/2026
510815,115816,1/19/2026,2/4/2026
510816,115810,1/19/2026,
510817,115814,1/19/2026,1/24/2026
510818,115813,1/19/2026,4/14/2026
510819,115812,1/19/2026,
510820,115821,1/19/2026,
510821,115815,1/19/2026,2/23/2026
510822,115822,1/19/2026,3/29/2026
510823,115839,1/19/2026,4/29/2026
510824,115825,1/19/2026,1/20/2026
510825,115827,1/19/2026,1/27/2026
510826,115829,1/19/2026,
510827,115831,1/19/2026,1/24/2026
510828,115832,1/19/2026,2/15/2026
510829,115834,1/19/2026,1/20/2026
510830,115835,1/19/2026,6/18/2026
510831,115837,1/19/2026,2/7/2026
510832,115808,1/19/2026,
510833,115840,1/19/2026,1/25/2026
510834,115842,1/19/2026,5/25/2026
510835,115824,1/19/2026,
510836,115807,1/19/2026,2/6/2026
510837,115802,1/19/2026,2/27/2026
510838,115804,1/19/2026,2/25/2026
510839,115805,1/19/2026,
510840,115776,1/19/2026,2/8/2026
510841,115778,1/19/2026,1/20/2026
510842,115779,1/19/2026,2/11/2026
510843,115780,1/19/2026,2/14/2026
510844,115782,1/19/2026,1/22/2026
510845,115784,1/19/2026,
510846,115786,1/19/2026,
510847,104073,1/19/2026,
510848,115789,1/19/2026,
510849,115791,1/19/2026,
510850,115792,1/19/2026,
510851,115793,1/19/2026,5/10/2026
510852,115795,1/19/2026,2/1/2026
510853,115797,1/19/2026,1/20/2026
510854,115799,1/19/2026,2/7/2026
510855,115788,1/19/2026,2/3/2026
510856,115801,1/19/2026,1/31/2026
510857,115874,1/20/2026,1/24/2026
510858,115872,1/20/2026,2/6/2026
510859,115871,1/20/2026,
510860,115867,1/20/2026,3/19/2026
510861,115868,1/20/2026,
510862,115875,1/20/2026,1/21/2026
510863,115866,1/20/2026,7/11/2026
510864,115864,1/20/2026,2/6/2026
510865,115869,1/20/2026,
510866,115877,1/20/2026,7/14/2026
510867,115882,1/20/2026,5/15/2026
510868,115880,1/20/2026,
510869,115881,1/20/2026,2/14/2026
510870,115884,1/20/2026,
510871,115863,1/20/2026,2/8/2026
510872,115888,1/20/2026,7/17/2026
510873,115890,1/20/2026,2/11/2026
510874,115892,1/20/2026,1/27/2026
510875,115887,1/20/2026,1/28/2026
510876,115885,1/20/2026,2/3/2026
510877,115878,1/20/2026,1/22/2026
510878,115861,1/20/2026,1/30/2026
510879,115858,1/20/2026,7/16/2026
510880,115844,1/20/2026,3/6/2026
510881,101989,1/20/2026,1/28/2026
510882,103405,1/20/2026,2/18/2026
510883,106200,1/20/2026,3/21/2026
510884,100386,1/20/2026,4/2/2026
510885,100267,1/20/2026,2/24/2026
510886,115843,1/20/2026,1/25/2026
510887,115845,1/20/2026,2/7/2026
510888,115846,1/20/2026,7/24/2026
510889,115859,1/20/2026,2/22/2026
510890,115849,1/20/2026,
510891,115850,1/20/2026,4/14/2026
510892,115851,1/20/2026,1/21/2026
510893,115852,1/20/2026,1/21/2026
510894,115853,1/20/2026,
510895,115854,1/20/2026,1/31/2026
510896,115856,1/20/2026,5/30/2026
510897,115847,1/20/2026,
510898,115919,1/21/2026,1/25/2026
510899,115914,1/21/2026,5/15/2026
510900,115915,1/21/2026,2/5/2026
510901,115917,1/21/2026,5/13/2026
510902,115918,1/21/2026,
510903,115903,1/21/2026,
510904,115925,1/21/2026,2/4/2026
510905,115922,1/21/2026,2/9/2026
510906,115923,1/21/2026,2/23/2026
510907,115913,1/21/2026,2/14/2026
510908,115927,1/21/2026,1/23/2026
510909,115921,1/21/2026,1/27/2026
510910,115911,1/21/2026,2/6/2026
510911,115896,1/21/2026,
510912,115908,1/21/2026,
510913,115907,1/21/2026,
510914,115905,1/21/2026,
510915,115901,1/21/2026,1/26/2026
510916,115899,1/21/2026,2/3/2026
510917,115897,1/21/2026,3/3/2026
510918,115894,1/21/2026,4/21/2026
510919,105742,1/21/2026,4/13/2026
510920,103134,1/21/2026,5/23/2026
510921,115909,1/21/2026,
510922,115952,1/22/2026,2/4/2026
510923,115951,1/22/2026,4/27/2026
510924,115948,1/22/2026,4/11/2026
510925,115954,1/22/2026,5/29/2026
510926,115955,1/22/2026,1/25/2026
510927,115960,1/22/2026,7/17/2026
510928,115958,1/22/2026,
510929,115962,1/22/2026,1/26/2026
510930,115947,1/22/2026,2/7/2026
510931,115963,1/22/2026,
510932,115965,1/22/2026,1/28/2026
510933,115957,1/22/2026,
510934,115946,1/22/2026,
510935,115950,1/22/2026,2/7/2026
510936,115943,1/22/2026,3/12/2026
510937,108381,1/22/2026,
510938,115929,1/22/2026,1/31/2026
510939,115930,1/22/2026,4/14/2026
510940,115931,1/22/2026,
510941,115932,1/22/2026,
510942,115933,1/22/2026,3/8/2026
510943,115944,1/22/2026,3/30/2026
510944,115937,1/22/2026,1/30/2026
510945,115939,1/22/2026,6/7/2026
510946,115940,1/22/2026,5/12/2026
510947,115942,1/22/2026,3/21/2026
510948,115935,1/22/2026,1/29/2026
510949,115995,1/23/2026,6/13/2026
510950,115996,1/23/2026,2/19/2026
510951,115998,1/23/2026,5/22/2026
510952,115999,1/23/2026,2/18/2026
510953,116001,1/23/2026,1/25/2026
510954,116002,1/23/2026,
510955,116004,1/23/2026,2/9/2026
510956,116006,1/23/2026,
510957,116009,1/23/2026,
510958,116008,1/23/2026,7/11/2026
510959,116010,1/23/2026,
510960,116011,1/23/2026,3/29/2026
510961,116012,1/23/2026,3/14/2026
510962,115993,1/23/2026,
510963,116015,1/23/2026,6/29/2026
510964,116016,1/23/2026,6/16/2026
510965,116017,1/23/2026,5/6/2026
510966,116007,1/23/2026,2/4/2026
510967,116013,1/23/2026,1/31/2026
510968,115989,1/23/2026,2/19/2026
510969,115988,1/23/2026,2/4/2026
510970,105164,1/23/2026,1/24/2026
510971,108618,1/23/2026,2/19/2026
510972,115991,1/23/2026,
510973,115968,1/23/2026,4/6/2026
510974,115969,1/23/2026,
510975,115970,1/23/2026,7/23/2026
510976,115971,1/23/2026,6/30/2026
510977,115973,1/23/2026,
510978,115966,1/23/2026,1/28/2026
510979,115977,1/23/2026,2/22/2026
510980,115979,1/23/2026,
510981,115980,1/23/2026,2/11/2026
510982,115982,1/23/2026,1/29/2026
510983,115984,1/23/2026,4/18/2026
510984,115985,1/23/2026,2/20/2026
510985,115986,1/23/2026,7/11/2026
510986,115975,1/23/2026,1/24/2026
510987,116077,1/24/2026,6/8/2026
510988,116075,1/24/2026,2/25/2026
510989,116073,1/24/2026,1/29/2026
510990,116071,1/24/2026,4/13/2026
510991,116067,1/24/2026,3/14/2026
510992,116060,1/24/2026,2/9/2026
510993,116063,1/24/2026,
510994,116061,1/24/2026,2/2/2026
510995,116078,1/24/2026,
510996,116058,1/24/2026,3/7/2026
510997,116065,1/24/2026,
510998,116080,1/24/2026,2/22/2026
510999,116056,1/24/2026,1/29/2026
511000,116083,1/24/2026,1/30/2026
511001,116084,1/24/2026,2/17/2026
511002,116085,1/24/2026,2/4/2026
511003,116087,1/24/2026,4/28/2026
511004,116088,1/24/2026,1/28/2026
511005,116090,1/24/2026,1/29/2026
511006,116092,1/24/2026,3/23/2026
511007,116094,1/24/2026,1/28/2026
511008,116096,1/24/2026,1/29/2026
511009,116098,1/24/2026,4/3/2026
511010,116100,1/24/2026,2/8/2026
511011,116102,1/24/2026,2/22/2026
511012,116081,1/24/2026,6/5/2026
511013,116055,1/24/2026,
511014,116069,1/24/2026,3/20/2026
511015,116052,1/24/2026,1/28/2026
511016,116019,1/24/2026,1/31/2026
511017,116021,1/24/2026,2/22/2026
511018,116022,1/24/2026,7/4/2026
511019,116023,1/24/2026,1/31/2026
511020,116025,1/24/2026,
511021,116026,1/24/2026,2/7/2026
511022,116028,1/24/2026,1/27/2026
511023,116029,1/24/2026,2/6/2026
511024,116030,1/24/2026,2/10/2026
511025,116031,1/24/2026,
511026,116032,1/24/2026,1/27/2026
511027,116034,1/24/2026,1/29/2026
511028,116020,1/24/2026,3/4/2026
511029,116038,1/24/2026,1/27/2026
511030,116036,1/24/2026,
511031,116050,1/24/2026,2/8/2026
511032,116049,1/24/2026,2/21/2026
511033,116048,1/24/2026,3/26/2026
511034,116047,1/24/2026,7/3/2026
511035,116051,1/24/2026,4/3/2026
511036,116054,1/24/2026,3/29/2026
511037,116043,1/24/2026,1/31/2026
511038,116041,1/24/2026,6/7/2026
511039,116040,1/24/2026,5/18/2026
511040,116045,1/24/2026,2/13/2026
511041,116139,1/25/2026,1/27/2026
511042,116150,1/25/2026,2/14/2026
511043,116140,1/25/2026,3/14/2026
511044,116142,1/25/2026,3/4/2026
511045,116143,1/25/2026,2/7/2026
511046,116144,1/25/2026,3/26/2026
511047,116145,1/25/2026,2/4/2026
511048,116147,1/25/2026,2/5/2026
511049,116148,1/25/2026,1/30/2026
511050,116149,1/25/2026,
511051,116151,1/25/2026,3/12/2026
511052,116162,1/25/2026,4/14/2026
511053,116154,1/25/2026,2/4/2026
511054,116157,1/25/2026,3/4/2026
511055,116158,1/25/2026,
511056,116160,1/25/2026,7/17/2026
511057,116163,1/25/2026,5/3/2026
511058,116164,1/25/2026,4/20/2026
511059,116166,1/25/2026,6/30/2026
511060,116167,1/25/2026,1/27/2026
511061,116168,1/25/2026,2/25/2026
511062,116138,1/25/2026,2/7/2026
511063,116152,1/25/2026,
511064,116136,1/25/2026,8/3/2026
511065,116155,1/25/2026,1/27/2026
511066,116134,1/25/2026,1/30/2026
511067,116135,1/25/2026,3/7/2026
511068,111494,1/25/2026,
511069,113328,1/25/2026,
511070,116105,1/25/2026,2/10/2026
511071,116107,1/25/2026,
511072,116109,1/25/2026,1/28/2026
511073,116111,1/25/2026,7/16/2026
511074,116112,1/25/2026,
511075,116113,1/25/2026,
511076,116114,1/25/2026,2/6/2026
511077,116116,1/25/2026,3/21/2026
511078,116103,1/25/2026,2/2/2026
511079,116118,1/25/2026,4/9/2026
511080,116117,1/25/2026,3/25/2026
511081,116131,1/25/2026,4/16/2026
511082,116133,1/25/2026,4/30/2026
511083,116127,1/25/2026,1/31/2026
511084,116125,1/25/2026,1/31/2026
511085,116129,1/25/2026,2/15/2026
511086,116122,1/25/2026,3/7/2026
511087,116121,1/25/2026,2/25/2026
511088,116120,1/25/2026,
511089,116123,1/25/2026,2/12/2026
511090,116208,1/26/2026,
511091,116199,1/26/2026,7/19/2026
511092,116200,1/26/2026,2/11/2026
511093,116202,1/26/2026,2/23/2026
511094,116204,1/26/2026,4/9/2026
511095,116197,1/26/2026,2/5/2026
511096,116206,1/26/2026,3/3/2026
511097,116210,1/26/2026,
511098,116218,1/26/2026,
511099,116214,1/26/2026,1/28/2026
511100,116215,1/26/2026,
511101,116217,1/26/2026,2/2/2026
511102,116219,1/26/2026,
511103,116220,1/26/2026,
511104,116221,1/26/2026,
511105,116223,1/26/2026,4/4/2026
511106,116196,1/26/2026,5/13/2026
511107,116225,1/26/2026,
511108,116212,1/26/2026,
511109,116195,1/26/2026,3/14/2026
511110,116190,1/26/2026,1/28/2026
511111,116193,1/26/2026,2/1/2026
511112,116194,1/26/2026,4/19/2026
511113,116169,1/26/2026,2/18/2026
511114,116171,1/26/2026,5/8/2026
511115,116175,1/26/2026,
511116,116176,1/26/2026,4/22/2026
511117,116178,1/26/2026,2/7/2026
511118,116179,1/26/2026,2/1/2026
511119,116173,1/26/2026,1/31/2026
511120,116182,1/26/2026,3/21/2026
511121,116183,1/26/2026,4/25/2026
511122,116185,1/26/2026,2/5/2026
511123,116187,1/26/2026,4/3/2026
511124,116188,1/26/2026,4/21/2026
511125,116192,1/26/2026,2/20/2026
511126,116181,1/26/2026,3/24/2026
511127,116262,1/27/2026,6/22/2026
511128,116251,1/27/2026,7/16/2026
511129,116253,1/27/2026,1/29/2026
511130,116255,1/27/2026,1/29/2026
511131,116256,1/27/2026,7/16/2026
511132,116257,1/27/2026,2/15/2026
511133,116259,1/27/2026,2/4/2026
511134,116260,1/27/2026,2/2/2026
511135,116264,1/27/2026,2/10/2026
511136,116275,1/27/2026,2/11/2026
511137,116267,1/27/2026,
511138,116268,1/27/2026,3/25/2026
511139,116269,1/27/2026,1/28/2026
511140,116271,1/27/2026,2/17/2026
511141,116272,1/27/2026,2/26/2026
511142,116249,1/27/2026,
511143,116274,1/27/2026,2/15/2026
511144,116273,1/27/2026,2/23/2026
511145,116277,1/27/2026,2/1/2026
511146,116247,1/27/2026,
511147,116265,1/27/2026,
511148,116244,1/27/2026,2/5/2026
511149,102680,1/27/2026,2/27/2026
511150,104367,1/27/2026,2/2/2026
511151,104962,1/27/2026,2/9/2026
511152,116246,1/27/2026,4/21/2026
511153,116226,1/27/2026,2/2/2026
511154,116228,1/27/2026,1/30/2026
511155,116230,1/27/2026,4/11/2026
511156,111313,1/27/2026,1/29/2026
511157,116233,1/27/2026,2/1/2026
511158,116235,1/27/2026,3/14/2026
511159,116236,1/27/2026,
511160,116237,1/27/2026,2/7/2026
511161,116238,1/27/2026,2/21/2026
511162,116240,1/27/2026,2/20/2026
511163,116242,1/27/2026,7/19/2026
511164,116231,1/27/2026,1/31/2026
511165,116306,1/28/2026,2/9/2026
511166,116299,1/28/2026,
511167,116301,1/28/2026,3/27/2026
511168,116302,1/28/2026,2/16/2026
511169,116303,1/28/2026,3/17/2026
511170,116304,1/28/2026,2/4/2026
511171,116305,1/28/2026,
511172,116308,1/28/2026,
511173,116319,1/28/2026,5/4/2026
511174,116311,1/28/2026,2/12/2026
511175,116313,1/28/2026,4/3/2026
511176,116315,1/28/2026,2/2/2026
511177,116316,1/28/2026,
511178,116318,1/28/2026,6/28/2026
511179,116298,1/28/2026,2/3/2026
511180,116321,1/28/2026,2/18/2026
511181,116310,1/28/2026,2/18/2026
511182,116297,1/28/2026,3/27/2026
511183,116295,1/28/2026,1/30/2026
511184,116293,1/28/2026,3/7/2026
511185,106997,1/28/2026,4/18/2026
511186,116278,1/28/2026,6/5/2026
511187,116281,1/28/2026,3/30/2026
511188,116283,1/28/2026,2/13/2026
511189,116284,1/28/2026,3/9/2026
511190,116280,1/28/2026,2/19/2026
511191,116286,1/28/2026,5/2/2026
511192,116288,1/28/2026,2/26/2026
511193,116289,1/28/2026,7/12/2026
511194,116290,1/28/2026,7/12/2026
511195,116292,1/28/2026,2/10/2026
511196,116285,1/28/2026,2/5/2026
511197,116359,1/29/2026,2/2/2026
511198,116349,1/29/2026,3/13/2026
511199,116351,1/29/2026,2/26/2026
511200,116352,1/29/2026,7/15/2026
511201,116353,1/29/2026,5/9/2026
511202,116354,1/29/2026,2/8/2026
511203,116355,1/29/2026,
511204,116377,1/29/2026,7/23/2026
511205,116361,1/29/2026,2/6/2026
511206,116375,1/29/2026,3/21/2026
511207,116364,1/29/2026,3/11/2026
511208,116366,1/29/2026,
511209,116368,1/29/2026,2/25/2026
511210,116370,1/29/2026,2/2/2026
511211,116348,1/29/2026,4/12/2026
511212,116373,1/29/2026,
511213,116372,1/29/2026,2/15/2026
511214,116371,1/29/2026,2/1/2026
511215,116363,1/29/2026,2/26/2026
511216,116346,1/29/2026,2/23/2026
511217,116357,1/29/2026,6/3/2026
511218,116344,1/29/2026,
511219,116345,1/29/2026,2/2/2026
511220,111402,1/29/2026,3/2/2026
511221,116322,1/29/2026,2/1/2026
511222,116324,1/29/2026,4/1/2026
511223,116326,1/29/2026,4/18/2026
511224,116328,1/29/2026,7/12/2026
511225,116329,1/29/2026,7/31/2026
511226,116330,1/29/2026,3/11/2026
511227,109031,1/29/2026,2/17/2026
511228,116334,1/29/2026,7/4/2026
511229,116336,1/29/2026,8/1/2026
511230,116337,1/29/2026,3/9/2026
511231,116339,1/29/2026,2/12/2026
511232,116340,1/29/2026,5/10/2026
511233,116332,1/29/2026,
511234,116341,1/29/2026,2/14/2026
511235,116343,1/29/2026,
511236,116422,1/30/2026,2/1/2026
511237,116420,1/30/2026,2/3/2026
511238,116419,1/30/2026,3/18/2026
511239,116413,1/30/2026,4/2/2026
511240,116415,1/30/2026,2/18/2026
511241,116424,1/30/2026,3/20/2026
511242,116412,1/30/2026,6/5/2026
511243,116410,1/30/2026,4/23/2026
511244,116417,1/30/2026,
511245,116425,1/30/2026,6/16/2026
511246,116431,1/30/2026,2/4/2026
511247,116428,1/30/2026,4/21/2026
511248,116429,1/30/2026,
511249,116432,1/30/2026,3/12/2026
511250,116434,1/30/2026,2/1/2026
511251,116436,1/30/2026,1/31/2026
511252,116437,1/30/2026,
511253,116439,1/30/2026,
511254,116440,1/30/2026,
511255,116441,1/30/2026,7/3/2026
511256,116426,1/30/2026,4/22/2026
511257,116407,1/30/2026,3/28/2026
511258,116408,1/30/2026,5/14/2026
511259,116404,1/30/2026,
511260,116405,1/30/2026,4/5/2026
511261,108757,1/30/2026,6/20/2026
511262,116379,1/30/2026,2/14/2026
511263,116381,1/30/2026,6/17/2026
511264,116382,1/30/2026,3/4/2026
511265,116384,1/30/2026,2/13/2026
511266,116386,1/30/2026,2/6/2026
511267,116387,1/30/2026,4/6/2026
511268,116388,1/30/2026,7/26/2026
511269,116383,1/30/2026,2/19/2026
511270,116391,1/30/2026,2/18/2026
511271,116392,1/30/2026,2/26/2026
511272,116393,1/30/2026,2/18/2026
511273,116395,1/30/2026,3/17/2026
511274,116396,1/30/2026,3/3/2026
511275,116398,1/30/2026,2/13/2026
511276,116400,1/30/2026,5/16/2026
511277,116402,1/30/2026,
511278,116389,1/30/2026,2/16/2026
511279,116403,1/30/2026,2/17/2026
511280,116487,1/31/2026,2/1/2026
511281,116486,1/31/2026,5/7/2026
511282,116484,1/31/2026,4/10/2026
511283,116482,1/31/2026,4/24/2026
511284,116475,1/31/2026,3/14/2026
511285,116479,1/31/2026,2/22/2026
511286,116477,1/31/2026,3/23/2026
511287,116473,1/31/2026,
511288,116489,1/31/2026,2/9/2026
511289,116481,1/31/2026,2/18/2026
511290,116491,1/31/2026,5/9/2026
511291,116504,1/31/2026,4/13/2026
511292,116493,1/31/2026,2/4/2026
511293,116494,1/31/2026,2/24/2026
511294,116495,1/31/2026,4/12/2026
511295,116506,1/31/2026,3/23/2026
511296,116497,1/31/2026,6/21/2026
511297,116498,1/31/2026,4/18/2026
511298,116499,1/31/2026,2/7/2026
511299,116501,1/31/2026,
511300,116472,1/31/2026,6/28/2026
511301,116503,1/31/2026,2/4/2026
511302,116492,1/31/2026,
511303,116471,1/31/2026,4/10/2026
511304,116496,1/31/2026,
511305,116468,1/31/2026,2/8/2026
511306,116470,1/31/2026,
511307,109199,1/31/2026,2/16/2026
511308,110736,1/31/2026,2/3/2026
511309,116442,1/31/2026,
511310,116443,1/31/2026,2/18/2026
511311,116446,1/31/2026,2/10/2026
511312,116447,1/31/2026,5/31/2026
511313,116449,1/31/2026,4/10/2026
511314,116450,1/31/2026,2/4/2026
511315,116451,1/31/2026,2/6/2026
511316,116445,1/31/2026,
511317,116454,1/31/2026,4/21/2026
511318,116466,1/31/2026,
511319,116452,1/31/2026,2/1/2026
511320,116463,1/31/2026,2/6/2026
511321,116462,1/31/2026,2/1/2026
511322,116460,1/31/2026,3/22/2026
511323,116464,1/31/2026,
511324,116459,1/31/2026,
511325,116458,1/31/2026,2/7/2026
511326,116457,1/31/2026,2/13/2026
511327,116455,1/31/2026,
511328,116566,2/1/2026,2/15/2026
511329,116565,2/1/2026,5/17/2026
511330,116563,2/1/2026,3/5/2026
511331,116561,2/1/2026,2/9/2026
511332,116559,2/1/2026,2/20/2026
511333,116556,2/1/2026,2/9/2026
511334,116567,2/1/2026,3/10/2026
511335,116554,2/1/2026,
511336,116552,2/1/2026,2/23/2026
511337,116551,2/1/2026,2/3/2026
511338,116550,2/1/2026,2/11/2026
511339,116558,2/1/2026,3/15/2026
511340,116569,2/1/2026,2/7/2026
511341,116588,2/1/2026,5/20/2026
511342,116571,2/1/2026,
511343,116572,2/1/2026,2/8/2026
511344,116575,2/1/2026,2/10/2026
511345,116577,2/1/2026,
511346,116578,2/1/2026,3/4/2026
511347,116579,2/1/2026,2/7/2026
511348,116581,2/1/2026,2/8/2026
511349,116582,2/1/2026,2/6/2026
511350,116584,2/1/2026,2/8/2026
511351,116586,2/1/2026,2/7/2026
511352,116548,2/1/2026,2/3/2026
511353,116589,2/1/2026,2/22/2026
511354,116591,2/1/2026,
511355,116570,2/1/2026,2/21/2026
511356,116546,2/1/2026,
511357,116574,2/1/2026,
511358,116543,2/1/2026,4/21/2026
511359,116544,2/1/2026,4/13/2026
511360,110768,2/1/2026,
511361,109836,2/1/2026,
511362,116507,2/1/2026,
511363,116508,2/1/2026,6/5/2026
511364,116510,2/1/2026,2/13/2026
511365,116512,2/1/2026,3/23/2026
511366,116514,2/1/2026,3/28/2026
511367,116515,2/1/2026,2/3/2026
511368,116516,2/1/2026,4/17/2026
511369,116517,2/1/2026,
511370,116518,2/1/2026,2/28/2026
511371,116519,2/1/2026,7/28/2026
511372,116509,2/1/2026,
511373,116523,2/1/2026,
511374,116521,2/1/2026,
511375,116541,2/1/2026,2/11/2026
511376,116539,2/1/2026,2/28/2026
511377,116538,2/1/2026,2/20/2026
511378,116534,2/1/2026,2/4/2026
511379,116532,2/1/2026,2/20/2026
511380,116536,2/1/2026,2/20/2026
511381,116530,2/1/2026,2/20/2026
511382,116529,2/1/2026,3/2/2026
511383,116527,2/1/2026,2/6/2026
511384,116525,2/1/2026,
511385,116524,2/1/2026,5/9/2026
511386,116531,2/1/2026,2/4/2026
511387,116621,2/2/2026,5/16/2026
511388,116630,2/2/2026,4/9/2026
511389,116623,2/2/2026,3/16/2026
511390,116624,2/2/2026,2/11/2026
511391,116620,2/2/2026,2/5/2026
511392,116626,2/2/2026,2/10/2026
511393,116628,2/2/2026,2/27/2026
511394,116629,2/2/2026,4/18/2026
511395,116631,2/2/2026,2/26/2026
511396,116643,2/2/2026,2/6/2026
511397,116635,2/2/2026,
511398,116637,2/2/2026,4/7/2026
511399,116639,2/2/2026,2/18/2026
511400,116641,2/2/2026,2/6/2026
511401,116644,2/2/2026,4/22/2026
511402,116646,2/2/2026,4/27/2026
511403,116648,2/2/2026,7/11/2026
511404,116619,2/2/2026,2/16/2026
511405,116649,2/2/2026,5/10/2026
511406,116633,2/2/2026,3/9/2026
511407,116618,2/2/2026,
511408,116610,2/2/2026,3/12/2026
511409,116616,2/2/2026,
511410,116617,2/2/2026,2/7/2026
511411,106094,2/2/2026,5/30/2026
511412,116593,2/2/2026,
511413,116594,2/2/2026,2/12/2026
511414,116595,2/2/2026,2/18/2026
511415,116598,2/2/2026,2/3/2026
511416,116600,2/2/2026,5/5/2026
511417,116602,2/2/2026,6/29/2026
511418,116596,2/2/2026,
511419,116606,2/2/2026,2/5/2026
511420,116608,2/2/2026,3/7/2026
511421,116609,2/2/2026,2/3/2026
511422,116611,2/2/2026,
511423,116612,2/2/2026,2/4/2026
511424,116613,2/2/2026,2/17/2026
511425,116614,2/2/2026,3/12/2026
511426,116604,2/2/2026,2/27/2026
511427,116692,2/3/2026,3/22/2026
511428,116682,2/3/2026,3/3/2026
511429,116683,2/3/2026,4/11/2026
511430,116685,2/3/2026,
511431,116686,2/3/2026,7/4/2026
511432,116688,2/3/2026,5/25/2026
511433,116690,2/3/2026,3/10/2026
511434,116694,2/3/2026,
511435,116710,2/3/2026,7/1/2026
511436,116698,2/3/2026,2/4/2026
511437,116699,2/3/2026,
511438,116701,2/3/2026,
511439,116702,2/3/2026,
511440,116704,2/3/2026,3/10/2026
511441,116706,2/3/2026,5/28/2026
511442,116680,2/3/2026,4/4/2026
511443,116708,2/3/2026,2/28/2026
511444,116696,2/3/2026,5/19/2026
511445,116678,2/3/2026,3/17/2026
511446,116677,2/3/2026,5/29/2026
511447,116675,2/3/2026,
511448,106075,2/3/2026,2/27/2026
511449,116650,2/3/2026,
511450,116652,2/3/2026,3/30/2026
511451,116653,2/3/2026,2/8/2026
511452,116656,2/3/2026,
511453,116657,2/3/2026,2/6/2026
511454,116659,2/3/2026,
511455,116655,2/3/2026,3/30/2026
511456,116663,2/3/2026,2/16/2026
511457,116665,2/3/2026,
511458,116666,2/3/2026,6/15/2026
511459,116668,2/3/2026,2/20/2026
511460,116670,2/3/2026,2/8/2026
511461,116672,2/3/2026,2/4/2026
511462,116673,2/3/2026,2/15/2026
511463,116661,2/3/2026,4/4/2026
511464,116744,2/4/2026,2/12/2026
511465,116735,2/4/2026,3/27/2026
511466,116736,2/4/2026,4/20/2026
511467,116737,2/4/2026,
511468,116738,2/4/2026,4/12/2026
511469,116740,2/4/2026,2/8/2026
511470,116742,2/4/2026,2/10/2026
511471,116745,2/4/2026,2/21/2026
511472,116755,2/4/2026,2/8/2026
511473,116747,2/4/2026,2/19/2026
511474,116749,2/4/2026,7/12/2026
511475,116750,2/4/2026,4/24/2026
511476,116752,2/4/2026,2/10/2026
511477,116753,2/4/2026,3/17/2026
511478,116754,2/4/2026,6/8/2026
511479,116733,2/4/2026,
511480,116757,2/4/2026,2/21/2026
511481,116746,2/4/2026,6/25/2026
511482,116732,2/4/2026,
511483,116729,2/4/2026,
511484,107926,2/4/2026,2/8/2026
511485,116731,2/4/2026,5/4/2026
511486,116712,2/4/2026,5/21/2026
511487,116713,2/4/2026,2/13/2026
511488,116714,2/4/2026,3/22/2026
511489,116716,2/4/2026,
511490,116718,2/4/2026,3/5/2026
511491,116719,2/4/2026,7/6/2026
511492,116715,2/4/2026,3/14/2026
511493,116722,2/4/2026,7/30/2026
511494,116723,2/4/2026,4/12/2026
511495,116724,2/4/2026,
511496,116725,2/4/2026,
511497,116726,2/4/2026,3/26/2026
511498,116728,2/4/2026,3/24/2026
511499,116720,2/4/2026,
511500,116795,2/5/2026,2/10/2026
511501,116785,2/5/2026,4/14/2026
511502,116787,2/5/2026,
511503,116789,2/5/2026,3/20/2026
511504,116790,2/5/2026,3/1/2026
511505,116792,2/5/2026,2/15/2026
511506,116793,2/5/2026,3/6/2026
511507,116796,2/5/2026,2/17/2026
511508,116784,2/5/2026,
511509,116799,2/5/2026,4/2/2026
511510,116800,2/5/2026,2/10/2026
511511,116801,2/5/2026,2/12/2026
511512,116803,2/5/2026,
511513,116806,2/5/2026,2/7/2026
511514,116805,2/5/2026,2/18/2026
511515,116804,2/5/2026,3/21/2026
511516,116798,2/5/2026,3/22/2026
511517,116782,2/5/2026,
511518,116779,2/5/2026,6/26/2026
511519,116762,2/5/2026,2/22/2026
511520,116781,2/5/2026,2/24/2026
511521,116759,2/5/2026,5/22/2026
511522,116761,2/5/2026,2/22/2026
511523,116763,2/5/2026,3/5/2026
511524,116765,2/5/2026,2/15/2026
511525,107583,2/5/2026,2/22/2026
511526,116767,2/5/2026,6/16/2026
511527,116769,2/5/2026,
511528,116771,2/5/2026,2/13/2026
511529,116773,2/5/2026,3/8/2026
511530,116775,2/5/2026,3/12/2026
511531,116776,2/5/2026,3/20/2026
511532,116777,2/5/2026,3/10/2026
511533,116768,2/5/2026,3/17/2026
511534,116843,2/6/2026,2/8/2026
511535,116841,2/6/2026,2/7/2026
511536,116839,2/6/2026,7/31/2026
511537,116833,2/6/2026,
511538,116835,2/6/2026,4/5/2026
511539,116845,2/6/2026,3/5/2026
511540,116837,2/6/2026,7/20/2026
511541,116846,2/6/2026,4/30/2026
511542,116855,2/6/2026,5/25/2026
511543,116849,2/6/2026,
511544,116850,2/6/2026,
511545,116851,2/6/2026,
511546,116852,2/6/2026,3/12/2026
511547,116853,2/6/2026,
511548,116856,2/6/2026,
511549,116847,2/6/2026,
511550,116832,2/6/2026,2/28/2026
511551,116824,2/6/2026,
511552,116829,2/6/2026,4/11/2026
511553,111180,2/6/2026,2/15/2026
511554,104571,2/6/2026,8/3/2026
511555,116807,2/6/2026,2/7/2026
511556,116830,2/6/2026,2/22/2026
511557,116811,2/6/2026,2/15/2026
511558,116813,2/6/2026,4/9/2026
511559,116815,2/6/2026,3/31/2026
511560,116809,2/6/2026,4/5/2026
511561,116818,2/6/2026,5/20/2026
511562,116819,2/6/2026,2/20/2026
511563,116821,2/6/2026,4/14/2026
511564,116822,2/6/2026,7/29/2026
511565,116826,2/6/2026,2/8/2026
511566,116828,2/6/2026,2/24/2026
511567,116817,2/6/2026,2/13/2026
511568,116906,2/7/2026,3/24/2026
511569,116895,2/7/2026,3/31/2026
511570,116896,2/7/2026,4/27/2026
511571,116897,2/7/2026,2/24/2026
511572,116899,2/7/2026,2/23/2026
511573,116901,2/7/2026,2/28/2026
511574,116903,2/7/2026,2/14/2026
511575,116905,2/7/2026,
511576,116908,2/7/2026,
511577,116893,2/7/2026,2/20/2026
511578,116912,2/7/2026,3/25/2026
511579,116914,2/7/2026,6/14/2026
511580,116924,2/7/2026,4/5/2026
511581,116916,2/7/2026,2/19/2026
511582,116917,2/7/2026,2/18/2026
511583,116919,2/7/2026,7/25/2026
511584,116920,2/7/2026,2/8/2026
511585,116921,2/7/2026,3/3/2026
511586,116923,2/7/2026,6/24/2026
511587,116910,2/7/2026,2/10/2026
511588,116891,2/7/2026,4/1/2026
511589,116915,2/7/2026,4/13/2026
511590,116888,2/7/2026,3/24/2026
511591,116890,2/7/2026,2/9/2026
511592,116858,2/7/2026,
511593,116860,2/7/2026,2/10/2026
511594,116862,2/7/2026,
511595,116864,2/7/2026,5/19/2026
511596,116866,2/7/2026,4/3/2026
511597,116867,2/7/2026,
511598,116869,2/7/2026,2/14/2026
511599,116871,2/7/2026,2/10/2026
511600,111822,2/7/2026,
511601,116875,2/7/2026,4/5/2026
511602,116876,2/7/2026,2/10/2026
511603,116877,2/7/2026,
511604,116879,2/7/2026,
511605,116880,2/7/2026,2/9/2026
511606,116881,2/7/2026,
511607,116883,2/7/2026,4/11/2026
511608,116885,2/7/2026,5/18/2026
511609,116886,2/7/2026,3/1/2026
511610,116873,2/7/2026,
511611,116964,2/8/2026,2/14/2026
511612,116962,2/8/2026,2/10/2026
511613,116956,2/8/2026,4/4/2026
511614,116959,2/8/2026,2/15/2026
511615,116957,2/8/2026,2/16/2026
511616,116965,2/8/2026,
511617,116960,2/8/2026,4/2/2026
511618,116966,2/8/2026,3/9/2026
511619,116972,2/8/2026,3/30/2026
511620,116968,2/8/2026,
511621,116969,2/8/2026,4/18/2026
511622,116971,2/8/2026,6/17/2026
511623,116974,2/8/2026,3/25/2026
511624,116975,2/8/2026,5/20/2026
511625,116976,2/8/2026,4/15/2026
511626,116954,2/8/2026,3/27/2026
511627,116967,2/8/2026,2/23/2026
511628,116952,2/8/2026,2/9/2026
511629,116949,2/8/2026,4/16/2026
511630,116927,2/8/2026,6/25/2026
511631,107354,2/8/2026,2/18/2026
511632,113642,2/8/2026,2/21/2026
511633,116926,2/8/2026,
511634,116929,2/8/2026,3/25/2026
511635,116931,2/8/2026,2/9/2026
511636,116951,2/8/2026,3/3/2026
511637,116933,2/8/2026,3/5/2026
511638,116932,2/8/2026,4/26/2026
511639,116937,2/8/2026,4/3/2026
511640,116939,2/8/2026,
511641,116941,2/8/2026,4/14/2026
511642,116943,2/8/2026,3/5/2026
511643,116945,2/8/2026,3/8/2026
511644,116947,2/8/2026,7/2/2026
511645,116935,2/8/2026,
511646,117011,2/9/2026,4/24/2026
511647,117009,2/9/2026,
511648,117008,2/9/2026,
511649,117006,2/9/2026,7/17/2026
511650,117000,2/9/2026,4/30/2026
511651,117003,2/9/2026,3/24/2026
511652,117002,2/9/2026,6/26/2026
511653,117013,2/9/2026,7/31/2026
511654,117005,2/9/2026,3/13/2026
511655,117015,2/9/2026,2/15/2026
511656,117029,2/9/2026,3/28/2026
511657,117017,2/9/2026,4/28/2026
511658,117019,2/9/2026,
511659,117020,2/9/2026,
511660,117022,2/9/2026,3/7/2026
511661,117024,2/9/2026,4/28/2026
511662,117026,2/9/2026,2/16/2026
511663,117028,2/9/2026,4/12/2026
511664,117032,2/9/2026,4/5/2026
511665,117030,2/9/2026,2/12/2026
511666,117016,2/9/2026,4/27/2026
511667,116999,2/9/2026,2/18/2026
511668,116993,2/9/2026,6/19/2026
511669,116996,2/9/2026,2/27/2026
511670,102065,2/9/2026,2/22/2026
511671,105594,2/9/2026,
511672,116978,2/9/2026,2/26/2026
511673,116979,2/9/2026,4/20/2026
511674,116980,2/9/2026,
511675,116981,2/9/2026,4/23/2026
511676,116982,2/9/2026,3/12/2026
511677,116983,2/9/2026,3/4/2026
511678,116998,2/9/2026,3/23/2026
511679,116985,2/9/2026,
511680,116986,2/9/2026,
511681,116988,2/9/2026,4/23/2026
511682,116990,2/9/2026,2/14/2026
511683,116991,2/9/2026,2/21/2026
511684,116995,2/9/2026,3/21/2026
511685,116984,2/9/2026,2/13/2026
511686,117053,2/10/2026,
511687,117054,2/10/2026,
511688,117055,2/10/2026,7/14/2026
511689,117056,2/10/2026,3/10/2026
511690,117058,2/10/2026,6/25/2026
511691,117060,2/10/2026,3/11/2026
511692,117062,2/10/2026,3/3/2026
511693,117069,2/10/2026,3/6/2026
511694,117065,2/10/2026,2/21/2026
511695,117067,2/10/2026,
511696,117071,2/10/2026,
511697,117073,2/10/2026,3/30/2026
511698,117076,2/10/2026,2/15/2026
511699,117052,2/10/2026,
511700,117075,2/10/2026,7/14/2026
511701,117063,2/10/2026,5/10/2026
511702,117074,2/10/2026,
511703,117051,2/10/2026,3/8/2026
511704,117048,2/10/2026,2/19/2026
511705,117046,2/10/2026,
511706,117044,2/10/2026,3/16/2026
511707,117043,2/10/2026,4/8/2026
511708,117042,2/10/2026,2/11/2026
511709,117040,2/10/2026,
511710,117038,2/10/2026,3/6/2026
511711,117036,2/10/2026,5/16/2026
511712,117035,2/10/2026,3/19/2026
511713,117033,2/10/2026,3/10/2026
511714,114914,2/10/2026,3/14/2026
511715,109971,2/10/2026,4/18/2026
511716,117050,2/10/2026,2/13/2026
511717,117118,2/11/2026,2/12/2026
511718,117117,2/11/2026,2/14/2026
511719,117116,2/11/2026,
511720,117110,2/11/2026,
511721,117114,2/11/2026,3/3/2026
511722,117113,2/11/2026,3/17/2026
511723,117112,2/11/2026,2/17/2026
511724,117119,2/11/2026,3/2/2026
511725,117135,2/11/2026,
511726,117120,2/11/2026,2/25/2026
511727,117109,2/11/2026,2/17/2026
511728,117123,2/11/2026,
511729,117125,2/11/2026,
511730,117126,2/11/2026,5/11/2026
511731,117127,2/11/2026,
511732,117128,2/11/2026,3/5/2026
511733,117130,2/11/2026,2/12/2026
511734,117131,2/11/2026,5/10/2026
511735,117133,2/11/2026,2/12/2026
511736,117134,2/11/2026,5/8/2026
511737,117129,2/11/2026,2/12/2026
511738,117122,2/11/2026,3/11/2026
511739,117108,2/11/2026,7/15/2026
511740,117115,2/11/2026,2/13/2026
511741,117105,2/11/2026,4/23/2026
511742,110058,2/11/2026,2/24/2026
511743,107637,2/11/2026,2/17/2026
511744,109794,2/11/2026,2/21/2026
511745,117107,2/11/2026,5/17/2026
511746,117078,2/11/2026,3/9/2026
511747,117080,2/11/2026,
511748,117083,2/11/2026,2/16/2026
511749,117085,2/11/2026,2/23/2026
511750,117087,2/11/2026,3/5/2026
511751,117081,2/11/2026,3/4/2026
511752,117091,2/11/2026,5/7/2026
511753,117093,2/11/2026,4/20/2026
511754,117095,2/11/2026,7/14/2026
511755,117097,2/11/2026,2/23/2026
511756,117099,2/11/2026,6/16/2026
511757,117100,2/11/2026,
511758,117101,2/11/2026,2/20/2026
511759,117103,2/11/2026,6/22/2026
511760,117089,2/11/2026,2/15/2026
511761,117104,2/11/2026,2/17/2026
511762,117177,2/12/2026,3/11/2026
511763,117175,2/12/2026,3/16/2026
511764,117174,2/12/2026,
511765,117168,2/12/2026,
511766,117171,2/12/2026,2/25/2026
511767,117169,2/12/2026,2/18/2026
511768,117178,2/12/2026,2/21/2026
511769,117173,2/12/2026,2/14/2026
511770,117179,2/12/2026,2/18/2026
511771,117196,2/12/2026,3/1/2026
511772,117182,2/12/2026,2/13/2026
511773,117184,2/12/2026,3/24/2026
511774,117185,2/12/2026,5/12/2026
511775,117187,2/12/2026,2/19/2026
511776,117189,2/12/2026,5/1/2026
511777,117190,2/12/2026,2/26/2026
511778,117192,2/12/2026,
511779,117194,2/12/2026,7/2/2026
511780,117166,2/12/2026,2/17/2026
511781,117181,2/12/2026,3/26/2026
511782,117164,2/12/2026,5/30/2026
511783,117158,2/12/2026,2/27/2026
511784,117160,2/12/2026,2/13/2026
511785,104742,2/12/2026,3/3/2026
511786,117162,2/12/2026,3/31/2026
511787,112745,2/12/2026,5/30/2026
511788,117136,2/12/2026,3/11/2026
511789,117138,2/12/2026,
511790,117140,2/12/2026,2/21/2026
511791,117144,2/12/2026,8/3/2026
511792,117146,2/12/2026,3/24/2026
511793,117142,2/12/2026,
511794,117149,2/12/2026,3/24/2026
511795,117151,2/12/2026,3/4/2026
511796,117152,2/12/2026,4/12/2026
511797,117153,2/12/2026,3/12/2026
511798,117154,2/12/2026,
511799,117156,2/12/2026,3/3/2026
511800,117159,2/12/2026,3/13/2026
511801,117147,2/12/2026,2/14/2026
511802,117229,2/13/2026,3/24/2026
511803,117220,2/13/2026,2/17/2026
511804,117224,2/13/2026,2/19/2026
511805,117225,2/13/2026,
511806,117226,2/13/2026,3/23/2026
511807,117227,2/13/2026,2/24/2026
511808,117230,2/13/2026,3/12/2026
511809,117240,2/13/2026,
511810,117233,2/13/2026,2/23/2026
511811,117235,2/13/2026,4/21/2026
511812,117237,2/13/2026,
511813,117238,2/13/2026,7/21/2026
511814,117242,2/13/2026,5/7/2026
511815,117239,2/13/2026,2/16/2026
511816,117219,2/13/2026,3/16/2026
511817,117231,2/13/2026,3/4/2026
511818,117217,2/13/2026,3/15/2026
511819,117222,2/13/2026,5/17/2026
511820,117214,2/13/2026,2/28/2026
511821,117215,2/13/2026,6/27/2026
511822,108512,2/13/2026,
511823,117200,2/13/2026,3/24/2026
511824,117201,2/13/2026,
511825,117203,2/13/2026,5/30/2026
511826,117205,2/13/2026,6/14/2026
511827,117198,2/13/2026,2/21/2026
511828,117207,2/13/2026,4/5/2026
511829,117208,2/13/2026,2/19/2026
511830,117209,2/13/2026,
511831,117211,2/13/2026,
511832,117213,2/13/2026,6/11/2026
511833,117206,2/13/2026,7/4/2026
511834,117283,2/14/2026,4/8/2026
511835,117270,2/14/2026,4/7/2026
511836,117271,2/14/2026,3/1/2026
511837,117273,2/14/2026,3/30/2026
511838,117276,2/14/2026,4/29/2026
511839,117277,2/14/2026,2/17/2026
511840,117279,2/14/2026,3/24/2026
511841,117281,2/14/2026,3/19/2026
511842,117284,2/14/2026,
511843,117292,2/14/2026,
511844,117286,2/14/2026,3/13/2026
511845,117288,2/14/2026,
511846,117289,2/14/2026,
511847,117291,2/14/2026,2/26/2026
511848,117268,2/14/2026,3/4/2026
511849,117293,2/14/2026,2/19/2026
511850,117295,2/14/2026,3/1/2026
511851,117297,2/14/2026,5/28/2026
511852,117299,2/14/2026,2/24/2026
511853,117285,2/14/2026,3/26/2026
511854,117267,2/14/2026,2/28/2026
511855,117275,2/14/2026,4/1/2026
511856,117264,2/14/2026,3/5/2026
511857,117266,2/14/2026,4/1/2026
511858,110488,2/14/2026,
511859,107304,2/14/2026,7/10/2026
511860,117246,2/14/2026,
511861,117247,2/14/2026,5/6/2026
511862,117248,2/14/2026,
511863,117249,2/14/2026,6/27/2026
511864,117250,2/14/2026,7/20/2026
511865,117244,2/14/2026,4/11/2026
511866,117253,2/14/2026,2/27/2026
511867,117263,2/14/2026,
511868,117251,2/14/2026,
511869,117260,2/14/2026,4/22/2026
511870,117261,2/14/2026,7/3/2026
511871,117254,2/14/2026,3/5/2026
511872,117257,2/14/2026,6/19/2026
511873,117255,2/14/2026,7/16/2026
511874,117259,2/14/2026,
511875,117354,2/15/2026,3/24/2026
511876,117353,2/15/2026,2/27/2026
511877,117352,2/15/2026,7/6/2026
511878,117350,2/15/2026,3/14/2026
511879,117348,2/15/2026,2/17/2026
511880,117356,2/15/2026,3/6/2026
511881,117344,2/15/2026,6/23/2026
511882,117342,2/15/2026,7/27/2026
511883,117341,2/15/2026,6/15/2026
511884,117340,2/15/2026,5/22/2026
511885,117339,2/15/2026,4/17/2026
511886,117346,2/15/2026,5/4/2026
511887,117358,2/15/2026,4/30/2026
511888,117376,2/15/2026,3/31/2026
511889,117362,2/15/2026,3/21/2026
511890,117364,2/15/2026,3/3/2026
511891,117366,2/15/2026,2/16/2026
511892,117367,2/15/2026,2/16/2026
511893,117368,2/15/2026,2/17/2026
511894,117370,2/15/2026,2/22/2026
511895,117372,2/15/2026,4/28/2026
511896,117374,2/15/2026,2/24/2026
511897,117379,2/15/2026,2/27/2026
511898,117385,2/15/2026,2/19/2026
511899,117337,2/15/2026,2/22/2026
511900,117383,2/15/2026,7/18/2026
511901,117381,2/15/2026,4/18/2026
511902,117360,2/15/2026,5/24/2026
511903,117336,2/15/2026,
511904,117377,2/15/2026,3/10/2026
511905,117334,2/15/2026,2/24/2026
511906,106810,2/15/2026,5/15/2026
511907,117335,2/15/2026,
511908,117303,2/15/2026,2/20/2026
511909,117304,2/15/2026,3/10/2026
511910,117305,2/15/2026,3/1/2026
511911,117306,2/15/2026,
511912,117307,2/15/2026,
511913,117309,2/15/2026,
511914,117310,2/15/2026,
511915,117311,2/15/2026,3/23/2026
511916,117313,2/15/2026,2/17/2026
511917,117315,2/15/2026,2/16/2026
511918,117301,2/15/2026,2/26/2026
511919,117317,2/15/2026,7/24/2026
511920,117316,2/15/2026,2/18/2026
511921,117333,2/15/2026,
511922,117330,2/15/2026,3/9/2026
511923,117328,2/15/2026,7/15/2026
511924,117326,2/15/2026,2/27/2026
511925,117332,2/15/2026,2/18/2026
511926,117323,2/15/2026,
511927,117321,2/15/2026,
511928,117319,2/15/2026,4/8/2026
511929,117318,2/15/2026,4/21/2026
511930,117324,2/15/2026,5/28/2026
511931,117413,2/16/2026,
511932,117422,2/16/2026,3/17/2026
511933,117414,2/16/2026,5/22/2026
511934,117415,2/16/2026,2/24/2026
511935,117416,2/16/2026,4/19/2026
511936,117417,2/16/2026,
511937,117419,2/16/2026,3/11/2026
511938,117420,2/16/2026,3/3/2026
511939,117424,2/16/2026,2/22/2026
511940,117432,2/16/2026,2/23/2026
511941,117426,2/16/2026,2/20/2026
511942,117427,2/16/2026,3/10/2026
511943,117429,2/16/2026,4/26/2026
511944,117430,2/16/2026,
511945,117433,2/16/2026,5/22/2026
511946,117434,2/16/2026,2/24/2026
511947,117436,2/16/2026,4/5/2026
511948,117438,2/16/2026,2/17/2026
511949,117411,2/16/2026,5/30/2026
511950,117425,2/16/2026,2/25/2026
511951,117409,2/16/2026,4/3/2026
511952,117435,2/16/2026,2/17/2026
511953,117405,2/16/2026,
511954,106453,2/16/2026,5/9/2026
511955,117387,2/16/2026,
511956,117389,2/16/2026,3/1/2026
511957,117407,2/16/2026,4/8/2026
511958,117393,2/16/2026,3/14/2026
511959,117395,2/16/2026,4/23/2026
511960,117391,2/16/2026,2/17/2026
511961,117398,2/16/2026,8/2/2026
511962,117399,2/16/2026,4/5/2026
511963,117400,2/16/2026,3/21/2026
511964,117401,2/16/2026,2/21/2026
511965,117403,2/16/2026,5/16/2026
511966,117404,2/16/2026,3/1/2026
511967,117396,2/16/2026,
511968,110590,2/16/2026,3/23/2026
511969,117488,2/17/2026,6/30/2026
511970,117487,2/17/2026,4/5/2026
511971,117485,2/17/2026,2/18/2026
511972,117484,2/17/2026,3/31/2026
511973,117482,2/17/2026,3/12/2026
511974,117475,2/17/2026,
511975,117479,2/17/2026,
511976,117478,2/17/2026,
511977,117477,2/17/2026,3/9/2026
511978,117489,2/17/2026,
511979,117474,2/17/2026,2/25/2026
511980,117481,2/17/2026,3/27/2026
511981,117490,2/17/2026,
511982,117501,2/17/2026,
511983,117493,2/17/2026,2/18/2026
511984,117494,2/17/2026,3/2/2026
511985,117495,2/17/2026,
511986,117497,2/17/2026,
511987,117499,2/17/2026,2/22/2026
511988,117500,2/17/2026,
511989,117502,2/17/2026,4/2/2026
511990,117503,2/17/2026,2/26/2026
511991,117504,2/17/2026,3/18/2026
511992,117505,2/17/2026,5/21/2026
511993,117506,2/17/2026,
511994,117508,2/17/2026,
511995,117492,2/17/2026,4/5/2026
511996,117472,2/17/2026,6/23/2026
511997,117467,2/17/2026,
511998,117469,2/17/2026,7/7/2026
511999,112507,2/17/2026,3/6/2026
512000,110412,2/17/2026,2/23/2026
512001,106466,2/17/2026,3/2/2026
512002,117470,2/17/2026,6/4/2026
512003,117439,2/17/2026,6/14/2026
512004,117441,2/17/2026,4/12/2026
512005,117443,2/17/2026,4/25/2026
512006,117446,2/17/2026,6/12/2026
512007,117448,2/17/2026,2/25/2026
512008,117450,2/17/2026,3/15/2026
512009,117444,2/17/2026,
512010,117453,2/17/2026,5/7/2026
512011,117455,2/17/2026,4/14/2026
512012,117457,2/17/2026,7/16/2026
512013,117458,2/17/2026,3/3/2026
512014,117460,2/17/2026,3/1/2026
512015,117461,2/17/2026,2/22/2026
512016,117466,2/17/2026,3/4/2026
512017,117462,2/17/2026,2/27/2026
512018,117451,2/17/2026,4/5/2026
512019,117463,2/17/2026,7/9/2026
512020,117465,2/17/2026,4/2/2026
512021,117535,2/18/2026,
512022,117534,2/18/2026,3/18/2026
512023,117530,2/18/2026,3/5/2026
512024,117532,2/18/2026,2/23/2026
512025,117528,2/18/2026,4/17/2026
512026,117536,2/18/2026,5/2/2026
512027,117533,2/18/2026,3/22/2026
512028,117537,2/18/2026,2/28/2026
512029,117546,2/18/2026,4/10/2026
512030,117541,2/18/2026,
512031,117542,2/18/2026,4/30/2026
512032,117552,2/18/2026,2/19/2026
512033,117554,2/18/2026,7/22/2026
512034,117526,2/18/2026,3/27/2026
512035,117548,2/18/2026,3/7/2026
512036,117544,2/18/2026,2/20/2026
512037,117539,2/18/2026,
512038,117525,2/18/2026,5/1/2026
512039,117550,2/18/2026,3/5/2026
512040,117522,2/18/2026,
512041,111166,2/18/2026,
512042,112982,2/18/2026,3/29/2026
512043,113356,2/18/2026,2/28/2026
512044,117524,2/18/2026,3/13/2026
512045,117509,2/18/2026,7/19/2026
512046,117510,2/18/2026,2/23/2026
512047,117511,2/18/2026,5/13/2026
512048,114801,2/18/2026,6/2/2026
512049,117513,2/18/2026,2/19/2026
512050,117514,2/18/2026,
512051,117515,2/18/2026,
512052,117517,2/18/2026,3/10/2026
512053,117519,2/18/2026,3/5/2026
512054,117520,2/18/2026,3/6/2026
512055,117512,2/18/2026,4/1/2026
512056,117589,2/19/2026,3/1/2026
512057,117582,2/19/2026,
512058,117583,2/19/2026,
512059,117584,2/19/2026,6/8/2026
512060,117585,2/19/2026,6/15/2026
512061,117587,2/19/2026,2/25/2026
512062,117591,2/19/2026,3/6/2026
512063,117600,2/19/2026,4/3/2026
512064,117594,2/19/2026,3/2/2026
512065,117595,2/19/2026,3/19/2026
512066,117596,2/19/2026,
512067,117597,2/19/2026,2/27/2026
512068,117598,2/19/2026,3/10/2026
512069,117580,2/19/2026,3/9/2026
512070,117602,2/19/2026,6/1/2026
512071,117592,2/19/2026,3/15/2026
512072,117578,2/19/2026,3/7/2026
512073,117581,2/19/2026,2/26/2026
512074,117574,2/19/2026,3/11/2026
512075,117576,2/19/2026,3/18/2026
512076,105886,2/19/2026,
512077,117556,2/19/2026,2/20/2026
512078,117557,2/19/2026,
512079,117561,2/19/2026,3/28/2026
512080,117563,2/19/2026,
512081,117564,2/19/2026,2/21/2026
512082,117559,2/19/2026,6/2/2026
512083,117566,2/19/2026,3/6/2026
512084,117568,2/19/2026,
512085,117569,2/19/2026,4/14/2026
512086,117571,2/19/2026,
512087,117572,2/19/2026,3/6/2026
512088,117565,2/19/2026,3/4/2026
512089,117573,2/19/2026,3/4/2026
512090,117648,2/20/2026,
512091,117647,2/20/2026,
512092,117645,2/20/2026,6/28/2026
512093,117644,2/20/2026,7/7/2026
512094,117641,2/20/2026,3/12/2026
512095,117639,2/20/2026,5/20/2026
512096,117638,2/20/2026,6/6/2026
512097,117650,2/20/2026,7/9/2026
512098,117642,2/20/2026,
512099,117669,2/20/2026,2/27/2026
512100,117662,2/20/2026,7/23/2026
512101,117653,2/20/2026,4/6/2026
512102,117654,2/20/2026,3/27/2026
512103,117656,2/20/2026,3/30/2026
512104,117657,2/20/2026,2/21/2026
512105,117659,2/20/2026,3/29/2026
512106,117661,2/20/2026,2/28/2026
512107,117663,2/20/2026,2/22/2026
512108,117667,2/20/2026,4/7/2026
512109,117665,2/20/2026,
512110,117637,2/20/2026,3/3/2026
512111,117652,2/20/2026,2/24/2026
512112,117635,2/20/2026,4/2/2026
512113,117651,2/20/2026,2/24/2026
512114,117633,2/20/2026,4/13/2026
512115,117634,2/20/2026,3/26/2026
512116,108690,2/20/2026,3/13/2026
512117,109734,2/20/2026,2/28/2026
512118,117604,2/20/2026,2/26/2026
512119,117606,2/20/2026,2/21/2026
512120,117607,2/20/2026,3/5/2026
512121,117609,2/20/2026,
512122,117610,2/20/2026,
512123,117612,2/20/2026,3/6/2026
512124,117613,2/20/2026,2/22/2026
512125,112998,2/20/2026,2/26/2026
512126,117617,2/20/2026,3/31/2026
512127,117619,2/20/2026,3/2/2026
512128,117621,2/20/2026,5/16/2026
512129,117623,2/20/2026,3/11/2026
512130,117625,2/20/2026,
512131,117627,2/20/2026,
512132,117628,2/20/2026,4/24/2026
512133,117631,2/20/2026,2/21/2026
512134,117615,2/20/2026,
512135,117629,2/20/2026,5/18/2026
512136,117716,2/21/2026,
512137,117715,2/21/2026,6/7/2026
512138,117713,2/21/2026,
512139,117707,2/21/2026,7/16/2026
512140,117709,2/21/2026,3/12/2026
512141,117718,2/21/2026,5/21/2026
512142,117706,2/21/2026,2/28/2026
512143,117711,2/21/2026,4/15/2026
512144,117719,2/21/2026,6/30/2026
512145,117725,2/21/2026,3/28/2026
512146,117721,2/21/2026,3/12/2026
512147,117723,2/21/2026,2/22/2026
512148,117724,2/21/2026,2/23/2026
512149,117727,2/21/2026,7/4/2026
512150,117728,2/21/2026,8/2/2026
512151,117730,2/21/2026,4/26/2026
512152,117731,2/21/2026,3/2/2026
512153,117703,2/21/2026,2/27/2026
512154,117733,2/21/2026,3/18/2026
512155,117735,2/21/2026,3/16/2026
512156,117720,2/21/2026,2/27/2026
512157,117701,2/21/2026,5/6/2026
512158,117704,2/21/2026,6/10/2026
512159,117697,2/21/2026,4/4/2026
512160,117699,2/21/2026,5/2/2026
512161,104827,2/21/2026,3/23/2026
512162,106100,2/21/2026,3/5/2026
512163,117671,2/21/2026,2/22/2026
512164,117674,2/21/2026,6/1/2026
512165,117676,2/21/2026,6/10/2026
512166,117677,2/21/2026,5/11/2026
512167,117678,2/21/2026,2/23/2026
512168,117679,2/21/2026,2/24/2026
512169,117681,2/21/2026,6/15/2026
512170,117673,2/21/2026,3/10/2026
512171,117685,2/21/2026,
512172,117686,2/21/2026,3/5/2026
512173,117688,2/21/2026,6/30/2026
512174,117689,2/21/2026,3/2/2026
512175,117690,2/21/2026,
512176,117691,2/21/2026,4/19/2026
512177,117693,2/21/2026,5/22/2026
512178,117694,2/21/2026,3/26/2026
512179,117683,2/21/2026,4/4/2026
512180,117695,2/21/2026,5/5/2026
512181,117791,2/22/2026,2/27/2026
512182,117789,2/22/2026,4/11/2026
512183,117787,2/22/2026,5/10/2026
512184,117785,2/22/2026,6/18/2026
512185,117783,2/22/2026,
512186,117775,2/22/2026,2/24/2026
512187,117779,2/22/2026,2/27/2026
512188,117777,2/22/2026,7/7/2026
512189,117773,2/22/2026,3/22/2026
512190,117772,2/22/2026,3/21/2026
512191,117792,2/22/2026,4/2/2026
512192,117781,2/22/2026,4/18/2026
512193,117793,2/22/2026,4/2/2026
512194,117812,2/22/2026,3/9/2026
512195,117796,2/22/2026,
512196,117798,2/22/2026,2/26/2026
512197,117800,2/22/2026,3/4/2026
512198,117802,2/22/2026,
512199,117803,2/22/2026,
512200,117805,2/22/2026,
512201,117807,2/22/2026,6/19/2026
512202,117809,2/22/2026,4/15/2026
512203,117811,2/22/2026,5/29/2026
512204,117813,2/22/2026,2/26/2026
512205,117770,2/22/2026,
512206,117815,2/22/2026,2/28/2026
512207,117794,2/22/2026,
512208,117768,2/22/2026,3/1/2026
512209,117761,2/22/2026,3/5/2026
512210,117766,2/22/2026,2/26/2026
512211,105502,2/22/2026,5/26/2026
512212,117736,2/22/2026,7/10/2026
512213,117738,2/22/2026,3/9/2026
512214,117739,2/22/2026,4/20/2026
512215,117740,2/22/2026,
512216,117741,2/22/2026,3/27/2026
512217,117742,2/22/2026,2/23/2026
512218,117743,2/22/2026,3/16/2026
512219,117744,2/22/2026,4/7/2026
512220,117746,2/22/2026,4/2/2026
512221,117748,2/22/2026,3/24/2026
512222,117737,2/22/2026,
512223,117751,2/22/2026,3/5/2026
512224,117749,2/22/2026,5/7/2026
512225,117765,2/22/2026,
512226,117763,2/22/2026,3/6/2026
512227,117767,2/22/2026,4/17/2026
512228,117764,2/22/2026,
512229,117757,2/22/2026,3/14/2026
512230,117755,2/22/2026,2/27/2026
512231,117754,2/22/2026,3/3/2026
512232,117752,2/22/2026,6/16/2026
512233,117759,2/22/2026,3/27/2026
512234,117842,2/23/2026,3/11/2026
512235,117852,2/23/2026,3/6/2026
512236,117844,2/23/2026,3/15/2026
512237,117846,2/23/2026,2/26/2026
512238,117847,2/23/2026,4/6/2026
512239,117849,2/23/2026,3/1/2026
512240,117850,2/23/2026,6/16/2026
512241,117851,2/23/2026,2/24/2026
512242,117854,2/23/2026,3/26/2026
512243,117861,2/23/2026,5/27/2026
512244,117856,2/23/2026,3/21/2026
512245,117858,2/23/2026,4/7/2026
512246,117859,2/23/2026,4/4/2026
512247,117862,2/23/2026,3/23/2026
512248,117863,2/23/2026,3/19/2026
512249,117865,2/23/2026,2/26/2026
512250,117867,2/23/2026,
512251,117841,2/23/2026,3/17/2026
512252,117855,2/23/2026,7/19/2026
512253,117839,2/23/2026,
512254,117833,2/23/2026,
512255,117836,2/23/2026,
512256,110306,2/23/2026,6/11/2026
512257,117837,2/23/2026,3/13/2026
512258,104140,2/23/2026,3/13/2026
512259,117816,2/23/2026,3/29/2026
512260,117818,2/23/2026,3/14/2026
512261,117821,2/23/2026,5/30/2026
512262,117822,2/23/2026,7/16/2026
512263,117824,2/23/2026,4/28/2026
512264,117820,2/23/2026,2/26/2026
512265,117827,2/23/2026,2/24/2026
512266,117828,2/23/2026,3/26/2026
512267,117829,2/23/2026,3/11/2026
512268,117830,2/23/2026,
512269,117832,2/23/2026,
512270,117835,2/23/2026,2/28/2026
512271,117826,2/23/2026,
512272,117909,2/24/2026,3/8/2026
512273,117899,2/24/2026,7/20/2026
512274,117900,2/24/2026,5/20/2026
512275,117897,2/24/2026,3/4/2026
512276,117901,2/24/2026,4/16/2026
512277,117903,2/24/2026,3/3/2026
512278,117905,2/24/2026,
512279,117907,2/24/2026,3/26/2026
512280,117911,2/24/2026,
512281,117929,2/24/2026,3/8/2026
512282,117915,2/24/2026,6/30/2026
512283,117917,2/24/2026,5/23/2026
512284,117918,2/24/2026,4/11/2026
512285,117920,2/24/2026,6/3/2026
512286,117922,2/24/2026,
512287,117924,2/24/2026,7/9/2026
512288,117928,2/24/2026,5/2/2026
512289,117926,2/24/2026,3/31/2026
512290,117896,2/24/2026,
512291,117913,2/24/2026,3/14/2026
512292,117895,2/24/2026,
512293,117888,2/24/2026,
512294,117892,2/24/2026,3/2/2026
512295,110073,2/24/2026,5/2/2026
512296,107667,2/24/2026,3/8/2026
512297,117869,2/24/2026,5/8/2026
512298,117871,2/24/2026,6/30/2026
512299,117872,2/24/2026,3/29/2026
512300,117875,2/24/2026,3/19/2026
512301,117876,2/24/2026,
512302,117878,2/24/2026,6/23/2026
512303,117873,2/24/2026,4/16/2026
512304,117881,2/24/2026,3/9/2026
512305,117882,2/24/2026,3/13/2026
512306,117884,2/24/2026,5/30/2026
512307,117885,2/24/2026,
512308,117886,2/24/2026,
512309,117894,2/24/2026,
512310,117890,2/24/2026,3/19/2026
512311,117879,2/24/2026,
512312,117965,2/25/2026,3/16/2026
512313,117957,2/25/2026,5/6/2026
512314,117959,2/25/2026,
512315,117960,2/25/2026,3/8/2026
512316,117961,2/25/2026,3/9/2026
512317,117963,2/25/2026,3/1/2026
512318,117966,2/25/2026,3/15/2026
512319,117975,2/25/2026,
512320,117969,2/25/2026,3/2/2026
512321,117970,2/25/2026,
512322,117972,2/25/2026,3/1/2026
512323,117974,2/25/2026,3/2/2026
512324,117953,2/25/2026,
512325,117977,2/25/2026,7/24/2026
512326,117979,2/25/2026,
512327,117967,2/25/2026,3/1/2026
512328,117952,2/25/2026,3/3/2026
512329,117955,2/25/2026,3/9/2026
512330,117948,2/25/2026,4/10/2026
512331,103148,2/25/2026,3/10/2026
512332,117930,2/25/2026,3/16/2026
512333,117932,2/25/2026,4/25/2026
512334,117934,2/25/2026,6/12/2026
512335,117950,2/25/2026,6/30/2026
512336,117938,2/25/2026,2/26/2026
512337,117936,2/25/2026,
512338,117941,2/25/2026,
512339,117943,2/25/2026,7/27/2026
512340,117944,2/25/2026,2/27/2026
512341,117945,2/25/2026,3/19/2026
512342,117947,2/25/2026,3/11/2026
512343,117940,2/25/2026,3/9/2026
512344,118029,2/26/2026,4/6/2026
512345,118028,2/26/2026,3/22/2026
512346,118026,2/26/2026,
512347,118024,2/26/2026,5/11/2026
512348,118015,2/26/2026,3/3/2026
512349,118020,2/26/2026,5/1/2026
512350,118019,2/26/2026,2/27/2026
512351,118017,2/26/2026,3/10/2026
512352,118031,2/26/2026,
512353,118022,2/26/2026,
512354,118032,2/26/2026,
512355,118040,2/26/2026,3/8/2026
512356,118034,2/26/2026,3/5/2026
512357,118035,2/26/2026,6/30/2026
512358,118036,2/26/2026,3/17/2026
512359,118037,2/26/2026,4/2/2026
512360,118039,2/26/2026,4/5/2026
512361,118041,2/26/2026,4/5/2026
512362,118042,2/26/2026,4/3/2026
512363,118013,2/26/2026,3/4/2026
512364,118045,2/26/2026,3/20/2026
512365,118047,2/26/2026,3/15/2026
512366,118044,2/26/2026,3/6/2026
512367,118048,2/26/2026,4/14/2026
512368,118012,2/26/2026,3/12/2026
512369,117991,2/26/2026,4/26/2026
512370,118010,2/26/2026,2/27/2026
512371,118011,2/26/2026,4/24/2026
512372,106429,2/26/2026,4/20/2026
512373,114181,2/26/2026,3/4/2026
512374,117981,2/26/2026,3/14/2026
512375,117982,2/26/2026,3/5/2026
512376,117983,2/26/2026,4/27/2026
512377,117985,2/26/2026,4/1/2026
512378,117986,2/26/2026,3/19/2026
512379,117988,2/26/2026,
512380,117990,2/26/2026,3/24/2026
512381,109379,2/26/2026,5/23/2026
512382,117994,2/26/2026,3/19/2026
512383,117996,2/26/2026,4/6/2026
512384,117997,2/26/2026,3/2/2026
512385,117999,2/26/2026,
512386,118000,2/26/2026,
512387,118002,2/26/2026,3/9/2026
512388,118004,2/26/2026,3/10/2026
512389,118005,2/26/2026,3/19/2026
512390,118007,2/26/2026,2/27/2026
512391,117992,2/26/2026,3/18/2026
512392,118009,2/26/2026,
512393,118091,2/27/2026,
512394,118089,2/27/2026,4/28/2026
512395,118088,2/27/2026,5/2/2026
512396,118082,2/27/2026,4/23/2026
512397,118085,2/27/2026,4/18/2026
512398,118083,2/27/2026,3/27/2026
512399,118092,2/27/2026,3/26/2026
512400,118081,2/27/2026,3/14/2026
512401,118087,2/27/2026,
512402,118094,2/27/2026,3/14/2026
512403,118102,2/27/2026,3/23/2026
512404,118097,2/27/2026,3/26/2026
512405,118098,2/27/2026,3/30/2026
512406,118100,2/27/2026,5/20/2026
512407,118103,2/27/2026,4/12/2026
512408,118104,2/27/2026,3/17/2026
512409,118107,2/27/2026,3/18/2026
512410,118109,2/27/2026,3/11/2026
512411,118079,2/27/2026,3/7/2026
512412,118111,2/27/2026,3/7/2026
512413,118095,2/27/2026,4/6/2026
512414,118077,2/27/2026,
512415,118105,2/27/2026,4/19/2026
512416,118074,2/27/2026,5/18/2026
512417,118076,2/27/2026,2/28/2026
512418,103930,2/27/2026,3/17/2026
512419,111788,2/27/2026,5/3/2026
512420,112888,2/27/2026,3/20/2026
512421,118049,2/27/2026,6/14/2026
512422,118050,2/27/2026,3/19/2026
512423,118051,2/27/2026,3/24/2026
512424,118053,2/27/2026,3/14/2026
512425,118055,2/27/2026,3/2/2026
512426,118056,2/27/2026,6/16/2026
512427,101879,2/27/2026,7/25/2026
512428,118060,2/27/2026,
512429,118061,2/27/2026,
512430,118063,2/27/2026,
512431,118065,2/27/2026,4/23/2026
512432,118067,2/27/2026,4/1/2026
512433,118068,2/27/2026,3/22/2026
512434,118072,2/27/2026,
512435,118070,2/27/2026,3/6/2026
512436,118071,2/27/2026,3/26/2026
512437,118058,2/27/2026,3/28/2026
512438,118158,2/28/2026,4/15/2026
512439,118156,2/28/2026,4/26/2026
512440,118154,2/28/2026,5/21/2026
512441,118147,2/28/2026,3/31/2026
512442,118150,2/28/2026,3/8/2026
512443,118149,2/28/2026,7/24/2026
512444,118148,2/28/2026,7/4/2026
512445,118160,2/28/2026,
512446,118152,2/28/2026,4/12/2026
512447,118162,2/28/2026,3/7/2026
512448,118168,2/28/2026,3/12/2026
512449,118164,2/28/2026,3/8/2026
512450,118166,2/28/2026,3/15/2026
512451,118169,2/28/2026,
512452,118171,2/28/2026,
512453,118173,2/28/2026,
512454,118174,2/28/2026,5/31/2026
512455,118175,2/28/2026,
512456,118145,2/28/2026,3/3/2026
512457,118177,2/28/2026,
512458,118179,2/28/2026,3/2/2026
512459,118163,2/28/2026,3/7/2026
512460,118143,2/28/2026,
512461,118139,2/28/2026,
512462,118140,2/28/2026,3/5/2026
512463,118141,2/28/2026,3/11/2026
512464,118112,2/28/2026,3/13/2026
512465,118113,2/28/2026,3/9/2026
512466,118115,2/28/2026,4/9/2026
512467,118116,2/28/2026,3/21/2026
512468,118119,2/28/2026,5/22/2026
512469,118120,2/28/2026,
512470,118121,2/28/2026,
512471,118122,2/28/2026,
512472,118117,2/28/2026,
512473,118125,2/28/2026,
512474,118124,2/28/2026,6/16/2026
512475,118135,2/28/2026,
512476,118133,2/28/2026,4/17/2026
512477,118131,2/28/2026,6/23/2026
512478,118137,2/28/2026,3/21/2026
512479,118128,2/28/2026,3/10/2026
512480,118127,2/28/2026,3/24/2026
512481,118129,2/28/2026,3/3/2026
512482,118223,3/1/2026,3/8/2026
512483,118214,3/1/2026,7/12/2026
512484,118215,3/1/2026,5/30/2026
512485,118217,3/1/2026,
512486,118219,3/1/2026,
512487,118220,3/1/2026,7/19/2026
512488,118221,3/1/2026,4/19/2026
512489,118222,3/1/2026,4/10/2026
512490,118224,3/1/2026,3/8/2026
512491,118235,3/1/2026,3/9/2026
512492,118226,3/1/2026,
512493,118227,3/1/2026,7/2/2026
512494,118229,3/1/2026,4/20/2026
512495,118230,3/1/2026,3/7/2026
512496,118232,3/1/2026,3/24/2026
512497,118234,3/1/2026,6/7/2026
512498,118236,3/1/2026,3/14/2026
512499,118213,3/1/2026,
512500,118225,3/1/2026,4/24/2026
512501,118209,3/1/2026,3/17/2026
512502,118211,3/1/2026,3/7/2026
512503,118180,3/1/2026,3/27/2026
512504,118208,3/1/2026,
512505,118182,3/1/2026,5/11/2026
512506,118184,3/1/2026,
512507,118185,3/1/2026,4/12/2026
512508,118186,3/1/2026,5/11/2026
512509,118190,3/1/2026,3/27/2026
512510,118192,3/1/2026,3/18/2026
512511,118193,3/1/2026,
512512,118188,3/1/2026,7/2/2026
512513,118197,3/1/2026,3/8/2026
512514,118198,3/1/2026,
512515,118199,3/1/2026,3/28/2026
512516,118201,3/1/2026,3/3/2026
512517,118203,3/1/2026,
512518,118205,3/1/2026,3/21/2026
512519,118207,3/1/2026,3/2/2026
512520,118195,3/1/2026,4/14/2026
512521,118270,3/2/2026,
512522,118264,3/2/2026,
512523,118265,3/2/2026,6/26/2026
512524,118267,3/2/2026,3/6/2026
512525,118268,3/2/2026,
512526,118269,3/2/2026,3/12/2026
512527,118272,3/2/2026,3/21/2026
512528,118261,3/2/2026,3/25/2026
512529,118275,3/2/2026,3/15/2026
512530,118276,3/2/2026,5/20/2026
512531,118277,3/2/2026,4/3/2026
512532,118279,3/2/2026,4/7/2026
512533,118281,3/2/2026,
512534,118282,3/2/2026,5/15/2026
512535,118263,3/2/2026,
512536,118273,3/2/2026,
512537,118260,3/2/2026,3/5/2026
512538,118251,3/2/2026,4/24/2026
512539,118240,3/2/2026,3/30/2026
512540,112307,3/2/2026,
512541,118237,3/2/2026,3/7/2026
512542,118239,3/2/2026,5/15/2026
512543,118258,3/2/2026,
512544,118242,3/2/2026,5/27/2026
512545,118243,3/2/2026,3/16/2026
512546,113003,3/2/2026,3/14/2026
512547,118245,3/2/2026,3/3/2026
512548,118247,3/2/2026,
512549,118248,3/2/2026,3/19/2026
512550,118250,3/2/2026,7/3/2026
512551,118253,3/2/2026,3/29/2026
512552,118255,3/2/2026,5/17/2026
512553,118257,3/2/2026,3/11/2026
512554,118246,3/2/2026,5/17/2026
512555,118322,3/3/2026,3/22/2026
512556,118320,3/3/2026,4/8/2026
512557,118318,3/3/2026,3/17/2026
512558,118312,3/3/2026,3/17/2026
512559,118314,3/3/2026,6/19/2026
512560,118313,3/3/2026,5/8/2026
512561,118323,3/3/2026,
512562,118316,3/3/2026,4/22/2026
512563,118325,3/3/2026,3/7/2026
512564,118307,3/3/2026,4/13/2026
512565,118328,3/3/2026,3/23/2026
512566,118330,3/3/2026,4/30/2026
512567,118331,3/3/2026,3/20/2026
512568,118333,3/3/2026,3/4/2026
512569,118335,3/3/2026,3/14/2026
512570,118337,3/3/2026,4/25/2026
512571,118338,3/3/2026,3/4/2026
512572,118339,3/3/2026,4/15/2026
512573,118311,3/3/2026,3/22/2026
512574,118327,3/3/2026,7/17/2026
512575,118309,3/3/2026,4/14/2026
512576,118299,3/3/2026,3/14/2026
512577,118305,3/3/2026,3/17/2026
512578,118286,3/3/2026,4/16/2026
512579,118287,3/3/2026,
512580,118289,3/3/2026,4/8/2026
512581,118291,3/3/2026,
512582,118293,3/3/2026,3/4/2026
512583,118294,3/3/2026,
512584,118296,3/3/2026,3/12/2026
512585,118284,3/3/2026,3/24/2026
512586,118300,3/3/2026,3/23/2026
512587,118301,3/3/2026,6/22/2026
512588,118302,3/3/2026,7/12/2026
512589,118303,3/3/2026,3/5/2026
512590,118304,3/3/2026,
512591,118297,3/3/2026,3/22/2026
512592,118380,3/4/2026,
512593,118361,3/4/2026,3/12/2026
512594,118363,3/4/2026,6/26/2026
512595,118364,3/4/2026,
512596,118366,3/4/2026,3/9/2026
512597,118368,3/4/2026,
512598,118369,3/4/2026,3/5/2026
512599,118370,3/4/2026,4/22/2026
512600,118374,3/4/2026,5/7/2026
512601,118372,3/4/2026,5/11/2026
512602,118375,3/4/2026,5/29/2026
512603,118376,3/4/2026,
512604,118377,3/4/2026,3/7/2026
512605,118379,3/4/2026,3/26/2026
512606,118360,3/4/2026,5/2/2026
512607,118371,3/4/2026,3/20/2026
512608,118359,3/4/2026,3/10/2026
512609,118351,3/4/2026,3/24/2026
512610,118356,3/4/2026,5/16/2026
512611,104216,3/4/2026,3/14/2026
512612,118358,3/4/2026,3/11/2026
512613,118341,3/4/2026,4/14/2026
512614,118342,3/4/2026,3/18/2026
512615,118344,3/4/2026,3/8/2026
512616,118346,3/4/2026,3/30/2026
512617,109772,3/4/2026,
512618,118348,3/4/2026,
512619,118349,3/4/2026,6/3/2026
512620,118350,3/4/2026,6/18/2026
512621,118353,3/4/2026,3/20/2026
512622,118355,3/4/2026,3/12/2026
512623,118347,3/4/2026,4/29/2026
512624,118432,3/5/2026,
512625,118430,3/5/2026,3/14/2026
512626,118428,3/5/2026,5/4/2026
512627,118427,3/5/2026,7/2/2026
512628,118433,3/5/2026,5/1/2026
512629,118423,3/5/2026,4/21/2026
512630,118419,3/5/2026,
512631,118417,3/5/2026,3/20/2026
512632,118421,3/5/2026,5/29/2026
512633,118425,3/5/2026,5/14/2026
512634,118434,3/5/2026,
512635,118408,3/5/2026,3/12/2026
512636,118436,3/5/2026,3/6/2026
512637,118437,3/5/2026,
512638,118438,3/5/2026,
512639,118439,3/5/2026,3/13/2026
512640,118440,3/5/2026,3/18/2026
512641,118442,3/5/2026,6/20/2026
512642,118444,3/5/2026,8/2/2026
512643,118416,3/5/2026,3/12/2026
512644,118445,3/5/2026,3/9/2026
512645,118447,3/5/2026,3/12/2026
512646,118435,3/5/2026,3/21/2026
512647,118414,3/5/2026,6/1/2026
512648,118401,3/5/2026,7/6/2026
512649,118410,3/5/2026,3/14/2026
512650,108201,3/5/2026,3/11/2026
512651,109114,3/5/2026,3/27/2026
512652,118384,3/5/2026,5/18/2026
512653,118386,3/5/2026,3/27/2026
512654,118387,3/5/2026,3/13/2026
512655,118389,3/5/2026,3/13/2026
512656,118391,3/5/2026,
512657,118392,3/5/2026,3/26/2026
512658,118394,3/5/2026,3/11/2026
512659,118382,3/5/2026,5/19/2026
512660,118396,3/5/2026,4/7/2026
512661,118398,3/5/2026,5/30/2026
512662,118399,3/5/2026,3/19/2026
512663,118412,3/5/2026,
512664,118402,3/5/2026,
512665,118403,3/5/2026,6/26/2026
512666,118405,3/5/2026,
512667,118406,3/5/2026,3/6/2026
512668,100758,3/5/2026,3/15/2026
512669,118395,3/5/2026,4/4/2026
512670,118473,3/6/2026,3/12/2026
512671,118472,3/6/2026,3/12/2026
512672,118470,3/6/2026,3/8/2026
512673,118474,3/6/2026,7/4/2026
512674,118469,3/6/2026,7/27/2026
512675,118471,3/6/2026,4/7/2026
512676,118475,3/6/2026,6/1/2026
512677,118482,3/6/2026,3/31/2026
512678,118478,3/6/2026,
512679,118479,3/6/2026,4/4/2026
512680,118480,3/6/2026,3/13/2026
512681,118484,3/6/2026,3/8/2026
512682,118485,3/6/2026,7/31/2026
512683,118468,3/6/2026,4/7/2026
512684,118477,3/6/2026,4/17/2026
512685,118466,3/6/2026,3/16/2026
512686,118462,3/6/2026,6/10/2026
512687,118464,3/6/2026,
512688,118465,3/6/2026,4/15/2026
512689,118448,3/6/2026,3/14/2026
512690,118452,3/6/2026,6/29/2026
512691,118453,3/6/2026,5/26/2026
512692,118454,3/6/2026,3/22/2026
512693,118450,3/6/2026,3/9/2026
512694,118456,3/6/2026,5/29/2026
512695,118458,3/6/2026,
512696,118460,3/6/2026,
512697,118455,3/6/2026,7/10/2026
512698,118523,3/7/2026,4/1/2026
512699,118516,3/7/2026,5/16/2026
512700,118538,3/7/2026,3/9/2026
512701,118517,3/7/2026,3/22/2026
512702,118518,3/7/2026,
512703,118514,3/7/2026,4/8/2026
512704,118520,3/7/2026,
512705,118521,3/7/2026,6/12/2026
512706,118525,3/7/2026,7/6/2026
512707,118531,3/7/2026,6/6/2026
512708,118527,3/7/2026,
512709,118529,3/7/2026,3/15/2026
512710,118530,3/7/2026,
512711,118536,3/7/2026,6/17/2026
512712,118535,3/7/2026,5/21/2026
512713,118534,3/7/2026,
512714,118533,3/7/2026,3/12/2026
512715,118512,3/7/2026,3/11/2026
512716,118526,3/7/2026,
512717,118511,3/7/2026,
512718,118502,3/7/2026,3/16/2026
512719,118507,3/7/2026,5/15/2026
512720,118509,3/7/2026,5/22/2026
512721,104209,3/7/2026,3/31/2026
512722,118486,3/7/2026,4/1/2026
512723,118488,3/7/2026,3/17/2026
512724,118490,3/7/2026,3/20/2026
512725,118492,3/7/2026,3/26/2026
512726,118493,3/7/2026,5/3/2026
512727,105099,3/7/2026,
512728,118495,3/7/2026,3/14/2026
512729,118497,3/7/2026,5/11/2026
512730,118498,3/7/2026,4/10/2026
512731,118500,3/7/2026,3/24/2026
512732,118504,3/7/2026,3/8/2026
512733,118505,3/7/2026,4/18/2026
512734,118494,3/7/2026,3/16/2026
512735,118571,3/8/2026,3/13/2026
512736,118572,3/8/2026,3/22/2026
512737,118574,3/8/2026,4/2/2026
512738,118576,3/8/2026,3/15/2026
512739,118577,3/8/2026,3/16/2026
512740,118578,3/8/2026,3/16/2026
512741,118579,3/8/2026,3/28/2026
512742,118580,3/8/2026,4/1/2026
512743,118585,3/8/2026,4/8/2026
512744,118583,3/8/2026,3/25/2026
512745,118586,3/8/2026,3/27/2026
512746,118588,3/8/2026,3/24/2026
512747,118590,3/8/2026,6/1/2026
512748,118592,3/8/2026,
512749,118569,3/8/2026,3/9/2026
512750,118593,3/8/2026,
512751,118595,3/8/2026,3/13/2026
512752,118597,3/8/2026,
512753,118581,3/8/2026,
512754,118567,3/8/2026,
512755,118555,3/8/2026,3/13/2026
512756,118564,3/8/2026,3/25/2026
512757,107031,3/8/2026,7/3/2026
512758,118539,3/8/2026,7/6/2026
512759,118541,3/8/2026,3/12/2026
512760,118542,3/8/2026,4/27/2026
512761,118565,3/8/2026,3/23/2026
512762,118545,3/8/2026,3/18/2026
512763,118547,3/8/2026,
512764,118543,3/8/2026,4/9/2026
512765,118551,3/8/2026,6/27/2026
512766,118553,3/8/2026,
512767,118557,3/8/2026,6/2/2026
512768,118558,3/8/2026,
512769,118559,3/8/2026,3/25/2026
512770,118561,3/8/2026,7/6/2026
512771,118563,3/8/2026,3/19/2026
512772,118549,3/8/2026,
512773,118620,3/9/2026,6/29/2026
512774,118625,3/9/2026,3/11/2026
512775,118621,3/9/2026,3/27/2026
512776,118622,3/9/2026,4/8/2026
512777,118624,3/9/2026,5/10/2026
512778,118626,3/9/2026,4/21/2026
512779,118635,3/9/2026,3/11/2026
512780,118630,3/9/2026,4/15/2026
512781,118632,3/9/2026,4/18/2026
512782,118633,3/9/2026,
512783,118636,3/9/2026,
512784,118637,3/9/2026,5/11/2026
512785,118618,3/9/2026,5/26/2026
512786,118629,3/9/2026,4/16/2026
512787,118617,3/9/2026,4/26/2026
512788,118628,3/9/2026,4/6/2026
512789,118614,3/9/2026,4/25/2026
512790,118598,3/9/2026,5/19/2026
512791,118599,3/9/2026,
512792,118600,3/9/2026,4/6/2026
512793,118615,3/9/2026,3/13/2026
512794,118602,3/9/2026,4/19/2026
512795,107098,3/9/2026,3/14/2026
512796,118606,3/9/2026,5/19/2026
512797,118608,3/9/2026,
512798,118609,3/9/2026,3/26/2026
512799,118611,3/9/2026,4/17/2026
512800,118613,3/9/2026,4/30/2026
512801,118604,3/9/2026,
512802,118659,3/10/2026,7/14/2026
512803,118662,3/10/2026,5/17/2026
512804,118664,3/10/2026,
512805,118666,3/10/2026,3/11/2026
512806,118668,3/10/2026,
512807,118670,3/10/2026,
512808,118671,3/10/2026,6/14/2026
512809,118673,3/10/2026,
512810,118678,3/10/2026,6/15/2026
512811,118677,3/10/2026,5/17/2026
512812,118679,3/10/2026,3/20/2026
512813,118681,3/10/2026,4/19/2026
512814,118657,3/10/2026,6/2/2026
512815,118682,3/10/2026,
512816,118684,3/10/2026,3/25/2026
512817,118685,3/10/2026,4/26/2026
512818,118675,3/10/2026,3/26/2026
512819,118656,3/10/2026,3/14/2026
512820,118660,3/10/2026,3/17/2026
512821,118653,3/10/2026,3/11/2026
512822,118655,3/10/2026,
512823,110185,3/10/2026,4/7/2026
512824,108175,3/10/2026,4/29/2026
512825,118640,3/10/2026,
512826,118642,3/10/2026,5/26/2026
512827,118644,3/10/2026,3/19/2026
512828,118645,3/10/2026,
512829,118638,3/10/2026,3/15/2026
512830,118648,3/10/2026,5/22/2026
512831,118649,3/10/2026,3/26/2026
512832,118650,3/10/2026,
512833,118651,3/10/2026,
512834,118652,3/10/2026,7/31/2026
512835,118647,3/10/2026,8/2/2026
512836,118725,3/11/2026,3/16/2026
512837,118712,3/11/2026,
512838,118710,3/11/2026,3/17/2026
512839,118713,3/11/2026,7/21/2026
512840,118715,3/11/2026,6/5/2026
512841,118718,3/11/2026,3/29/2026
512842,118720,3/11/2026,3/24/2026
512843,118722,3/11/2026,
512844,118724,3/11/2026,
512845,118726,3/11/2026,
512846,118739,3/11/2026,
512847,118729,3/11/2026,
512848,118731,3/11/2026,7/25/2026
512849,118733,3/11/2026,4/12/2026
512850,118734,3/11/2026,3/31/2026
512851,118735,3/11/2026,
512852,118737,3/11/2026,
512853,118744,3/11/2026,3/22/2026
512854,118742,3/11/2026,
512855,118740,3/11/2026,3/12/2026
512856,118708,3/11/2026,6/14/2026
512857,118728,3/11/2026,4/4/2026
512858,118707,3/11/2026,
512859,118716,3/11/2026,3/16/2026
512860,118705,3/11/2026,5/13/2026
512861,105747,3/11/2026,3/13/2026
512862,110167,3/11/2026,
512863,118687,3/11/2026,
512864,118689,3/11/2026,
512865,118691,3/11/2026,3/30/2026
512866,118693,3/11/2026,3/12/2026
512867,118694,3/11/2026,4/8/2026
512868,118695,3/11/2026,3/12/2026
512869,110294,3/11/2026,
512870,118698,3/11/2026,4/26/2026
512871,118697,3/11/2026,5/7/2026
512872,118704,3/11/2026,7/15/2026
512873,118703,3/11/2026,
512874,118706,3/11/2026,6/6/2026
512875,118700,3/11/2026,6/16/2026
512876,118699,3/11/2026,4/15/2026
512877,118701,3/11/2026,
512878,118807,3/12/2026,5/15/2026
512879,118776,3/12/2026,4/18/2026
512880,118778,3/12/2026,3/15/2026
512881,118780,3/12/2026,3/18/2026
512882,118781,3/12/2026,
512883,118782,3/12/2026,
512884,118784,3/12/2026,
512885,118785,3/12/2026,6/21/2026
512886,118787,3/12/2026,
512887,118789,3/12/2026,
512888,118791,3/12/2026,3/20/2026
512889,118793,3/12/2026,4/10/2026
512890,118795,3/12/2026,3/28/2026
512891,118796,3/12/2026,
512892,118799,3/12/2026,3/27/2026
512893,118801,3/12/2026,3/16/2026
512894,118808,3/12/2026,5/9/2026
512895,118774,3/12/2026,4/10/2026
512896,118803,3/12/2026,4/2/2026
512897,118804,3/12/2026,5/6/2026
512898,118805,3/12/2026,4/22/2026
512899,118806,3/12/2026,5/14/2026
512900,118792,3/12/2026,5/13/2026
512901,118798,3/12/2026,5/13/2026
512902,118771,3/12/2026,6/3/2026
512903,118770,3/12/2026,3/14/2026
512904,118773,3/12/2026,
512905,118746,3/12/2026,
512906,118747,3/12/2026,3/14/2026
512907,118748,3/12/2026,4/18/2026
512908,118750,3/12/2026,3/20/2026
512909,118752,3/12/2026,4/14/2026
512910,118753,3/12/2026,3/13/2026
512911,118755,3/12/2026,
512912,118749,3/12/2026,
512913,118758,3/12/2026,
512914,118760,3/12/2026,
512915,118762,3/12/2026,3/14/2026
512916,118764,3/12/2026,4/18/2026
512917,118766,3/12/2026,4/1/2026
512918,118768,3/12/2026,4/30/2026
512919,118757,3/12/2026,4/24/2026
512920,118769,3/12/2026,6/17/2026
512921,118838,3/13/2026,4/27/2026
512922,118836,3/13/2026,3/17/2026
512923,118835,3/13/2026,
512924,118833,3/13/2026,
512925,118829,3/13/2026,
512926,118831,3/13/2026,4/4/2026
512927,118859,3/13/2026,4/8/2026
512928,118839,3/13/2026,4/12/2026
512929,118832,3/13/2026,4/21/2026
512930,118841,3/13/2026,3/18/2026
512931,118856,3/13/2026,5/4/2026
512932,118844,3/13/2026,6/15/2026
512933,118846,3/13/2026,3/23/2026
512934,118848,3/13/2026,3/25/2026
512935,118828,3/13/2026,3/16/2026
512936,118852,3/13/2026,4/25/2026
512937,118853,3/13/2026,5/17/2026
512938,118855,3/13/2026,4/3/2026
512939,118857,3/13/2026,3/24/2026
512940,118850,3/13/2026,4/12/2026
512941,118843,3/13/2026,4/14/2026
512942,118827,3/13/2026,
512943,118823,3/13/2026,3/14/2026
512944,118824,3/13/2026,
512945,118809,3/13/2026,
512946,118810,3/13/2026,4/3/2026
512947,118811,3/13/2026,
512948,118812,3/13/2026,6/30/2026
512949,118814,3/13/2026,6/29/2026
512950,118825,3/13/2026,4/9/2026
512951,118816,3/13/2026,5/21/2026
512952,118817,3/13/2026,5/8/2026
512953,118819,3/13/2026,4/17/2026
512954,118821,3/13/2026,3/17/2026
512955,118815,3/13/2026,4/5/2026
512956,118898,3/14/2026,5/6/2026
512957,118897,3/14/2026,4/7/2026
512958,118896,3/14/2026,4/4/2026
512959,118894,3/14/2026,4/1/2026
512960,118893,3/14/2026,5/7/2026
512961,118891,3/14/2026,3/16/2026
512962,118890,3/14/2026,7/9/2026
512963,118889,3/14/2026,4/19/2026
512964,118888,3/14/2026,3/17/2026
512965,118900,3/14/2026,4/2/2026
512966,118892,3/14/2026,4/25/2026
512967,118902,3/14/2026,6/13/2026
512968,118910,3/14/2026,3/21/2026
512969,118906,3/14/2026,
512970,118907,3/14/2026,5/30/2026
512971,118908,3/14/2026,5/31/2026
512972,118909,3/14/2026,3/15/2026
512973,118886,3/14/2026,
512974,118912,3/14/2026,5/6/2026
512975,118913,3/14/2026,
512976,118915,3/14/2026,
512977,118916,3/14/2026,
512978,118918,3/14/2026,5/10/2026
512979,118919,3/14/2026,3/31/2026
512980,118920,3/14/2026,3/18/2026
512981,118904,3/14/2026,
512982,118885,3/14/2026,3/19/2026
512983,118887,3/14/2026,
512984,118882,3/14/2026,4/6/2026
512985,107204,3/14/2026,4/18/2026
512986,104698,3/14/2026,7/26/2026
512987,112918,3/14/2026,
512988,110151,3/14/2026,4/19/2026
512989,118883,3/14/2026,
512990,108610,3/14/2026,
512991,107191,3/14/2026,3/25/2026
512992,118860,3/14/2026,4/15/2026
512993,118861,3/14/2026,
512994,118863,3/14/2026,4/27/2026
512995,118865,3/14/2026,
512996,108701,3/14/2026,
512997,118867,3/14/2026,3/30/2026
512998,118866,3/14/2026,
512999,118881,3/14/2026,3/22/2026
513000,118879,3/14/2026,
513001,118875,3/14/2026,4/6/2026
513002,118873,3/14/2026,3/20/2026
513003,118877,3/14/2026,5/6/2026
513004,118870,3/14/2026,
513005,118869,3/14/2026,
513006,118868,3/14/2026,
513007,118871,3/14/2026,
513008,118950,3/15/2026,
513009,118949,3/15/2026,3/29/2026
513010,118957,3/15/2026,5/11/2026
513011,118952,3/15/2026,
513012,118954,3/15/2026,
513013,118955,3/15/2026,3/30/2026
513014,118956,3/15/2026,
513015,118947,3/15/2026,3/23/2026
513016,118966,3/15/2026,
513017,118960,3/15/2026,6/14/2026
513018,118962,3/15/2026,5/8/2026
513019,118963,3/15/2026,3/20/2026
513020,118965,3/15/2026,5/16/2026
513021,118972,3/15/2026,4/19/2026
513022,118971,3/15/2026,3/25/2026
513023,118970,3/15/2026,4/11/2026
513024,118968,3/15/2026,7/3/2026
513025,118958,3/15/2026,
513026,118945,3/15/2026,4/21/2026
513027,118929,3/15/2026,
513028,118942,3/15/2026,5/22/2026
513029,118943,3/15/2026,3/26/2026
513030,106198,3/15/2026,
513031,109556,3/15/2026,4/9/2026
513032,118922,3/15/2026,4/25/2026
513033,118925,3/15/2026,7/7/2026
513034,118927,3/15/2026,5/3/2026
513035,118928,3/15/2026,
513036,118923,3/15/2026,3/23/2026
513037,118932,3/15/2026,4/14/2026
513038,118934,3/15/2026,5/5/2026
513039,118935,3/15/2026,
513040,118936,3/15/2026,6/23/2026
513041,118937,3/15/2026,
513042,118940,3/15/2026,3/27/2026
513043,118930,3/15/2026,5/14/2026
513044,118939,3/15/2026,
513045,119006,3/16/2026,
513046,119004,3/16/2026,
513047,119003,3/16/2026,
513048,119000,3/16/2026,5/7/2026
513049,118999,3/16/2026,3/26/2026
513050,118997,3/16/2026,3/31/2026
513051,119007,3/16/2026,3/28/2026
513052,119001,3/16/2026,
513053,119009,3/16/2026,
513054,119023,3/16/2026,5/2/2026
513055,119011,3/16/2026,6/24/2026
513056,119013,3/16/2026,3/28/2026
513057,119015,3/16/2026,3/21/2026
513058,119017,3/16/2026,
513059,119019,3/16/2026,6/19/2026
513060,119021,3/16/2026,3/30/2026
513061,118995,3/16/2026,3/27/2026
513062,119025,3/16/2026,4/9/2026
513063,119027,3/16/2026,7/6/2026
513064,119029,3/16/2026,4/16/2026
513065,119010,3/16/2026,5/22/2026
513066,118993,3/16/2026,4/20/2026
513067,118982,3/16/2026,3/17/2026
513068,118990,3/16/2026,
513069,105230,3/16/2026,
513070,106259,3/16/2026,
513071,107866,3/16/2026,6/19/2026
513072,118992,3/16/2026,
513073,118974,3/16/2026,
513074,118975,3/16/2026,4/25/2026
513075,118977,3/16/2026,4/2/2026
513076,118973,3/16/2026,7/22/2026
513077,118980,3/16/2026,3/24/2026
513078,118984,3/16/2026,4/17/2026
513079,118985,3/16/2026,3/23/2026
513080,118986,3/16/2026,
513081,118987,3/16/2026,4/10/2026
513082,118988,3/16/2026,5/30/2026
513083,118979,3/16/2026,3/31/2026
513084,119059,3/17/2026,4/1/2026
513085,119058,3/17/2026,
513086,119076,3/17/2026,
513087,119055,3/17/2026,
513088,119062,3/17/2026,4/20/2026
513089,119053,3/17/2026,3/19/2026
513090,119061,3/17/2026,4/14/2026
513091,119063,3/17/2026,4/24/2026
513092,119051,3/17/2026,4/12/2026
513093,119066,3/17/2026,7/2/2026
513094,119067,3/17/2026,3/28/2026
513095,119068,3/17/2026,4/7/2026
513096,119069,3/17/2026,4/19/2026
513097,119070,3/17/2026,
513098,119071,3/17/2026,
513099,119072,3/17/2026,3/21/2026
513100,119074,3/17/2026,
513101,119064,3/17/2026,4/30/2026
513102,119050,3/17/2026,4/21/2026
513103,119057,3/17/2026,4/15/2026
513104,119047,3/17/2026,4/25/2026
513105,119048,3/17/2026,
513106,116030,3/17/2026,3/19/2026
513107,109988,3/17/2026,3/31/2026
513108,119030,3/17/2026,
513109,119031,3/17/2026,3/26/2026
513110,119032,3/17/2026,5/7/2026
513111,119034,3/17/2026,7/15/2026
513112,103757,3/17/2026,6/28/2026
513113,119037,3/17/2026,4/16/2026
513114,119038,3/17/2026,
513115,119040,3/17/2026,3/19/2026
513116,119042,3/17/2026,3/23/2026
513117,119044,3/17/2026,
513118,119045,3/17/2026,5/24/2026
513119,119046,3/17/2026,3/25/2026
513120,119036,3/17/2026,
513121,119107,3/18/2026,7/18/2026
513122,119109,3/18/2026,4/3/2026
513123,119111,3/18/2026,6/7/2026
513124,119112,3/18/2026,4/7/2026
513125,119113,3/18/2026,3/23/2026
513126,119114,3/18/2026,4/23/2026
513127,119115,3/18/2026,3/22/2026
513128,119117,3/18/2026,
513129,119124,3/18/2026,
513130,119121,3/18/2026,3/20/2026
513131,119122,3/18/2026,4/10/2026
513132,119125,3/18/2026,3/31/2026
513133,119126,3/18/2026,
513134,119128,3/18/2026,3/25/2026
513135,119106,3/18/2026,4/30/2026
513136,119129,3/18/2026,5/3/2026
513137,119131,3/18/2026,
513138,119119,3/18/2026,5/17/2026
513139,119103,3/18/2026,3/21/2026
513140,119105,3/18/2026,3/24/2026
513141,119100,3/18/2026,4/20/2026
513142,119102,3/18/2026,3/26/2026
513143,110287,3/18/2026,4/5/2026
513144,106119,3/18/2026,7/24/2026
513145,113846,3/18/2026,3/19/2026
513146,107011,3/18/2026,5/5/2026
513147,119080,3/18/2026,5/6/2026
513148,119082,3/18/2026,3/20/2026
513149,119084,3/18/2026,3/26/2026
513150,119085,3/18/2026,4/1/2026
513151,119078,3/18/2026,8/2/2026
513152,119088,3/18/2026,3/19/2026
513153,119087,3/18/2026,
513154,119097,3/18/2026,5/16/2026
513155,119095,3/18/2026,5/12/2026
513156,119093,3/18/2026,4/26/2026
513157,119099,3/18/2026,3/27/2026
513158,119092,3/18/2026,3/27/2026
513159,119090,3/18/2026,4/9/2026
513160,119175,3/19/2026,5/16/2026
513161,119165,3/19/2026,3/31/2026
513162,119167,3/19/2026,
513163,119168,3/19/2026,4/8/2026
513164,119169,3/19/2026,5/3/2026
513165,119170,3/19/2026,6/25/2026
513166,119172,3/19/2026,5/27/2026
513167,119174,3/19/2026,6/16/2026
513168,119166,3/19/2026,
513169,119176,3/19/2026,4/6/2026
513170,119188,3/19/2026,5/11/2026
513171,119178,3/19/2026,3/20/2026
513172,119180,3/19/2026,3/30/2026
513173,119182,3/19/2026,5/7/2026
513174,119183,3/19/2026,5/17/2026
513175,119184,3/19/2026,6/4/2026
513176,119185,3/19/2026,3/29/2026
513177,119187,3/19/2026,
513178,119189,3/19/2026,3/29/2026
513179,119163,3/19/2026,6/12/2026
513180,119177,3/19/2026,
513181,119161,3/19/2026,3/25/2026
513182,119160,3/19/2026,3/21/2026
513183,119158,3/19/2026,
513184,119133,3/19/2026,4/3/2026
513185,119135,3/19/2026,7/31/2026
513186,119137,3/19/2026,5/13/2026
513187,119138,3/19/2026,7/7/2026
513188,119139,3/19/2026,6/17/2026
513189,119140,3/19/2026,4/27/2026
513190,119142,3/19/2026,7/23/2026
513191,119144,3/19/2026,4/20/2026
513192,108588,3/19/2026,3/26/2026
513193,119147,3/19/2026,
513194,119149,3/19/2026,6/13/2026
513195,119151,3/19/2026,4/23/2026
513196,119152,3/19/2026,
513197,119153,3/19/2026,7/20/2026
513198,119154,3/19/2026,3/21/2026
513199,119155,3/19/2026,3/23/2026
513200,119157,3/19/2026,4/10/2026
513201,119146,3/19/2026,3/22/2026
513202,119228,3/20/2026,3/21/2026
513203,119227,3/20/2026,
513204,119221,3/20/2026,
513205,119223,3/20/2026,5/22/2026
513206,119222,3/20/2026,5/7/2026
513207,119229,3/20/2026,6/22/2026
513208,119225,3/20/2026,
513209,119231,3/20/2026,7/18/2026
513210,119238,3/20/2026,3/29/2026
513211,119235,3/20/2026,6/17/2026
513212,119236,3/20/2026,7/29/2026
513213,119237,3/20/2026,4/16/2026
513214,119239,3/20/2026,4/25/2026
513215,119241,3/20/2026,4/29/2026
513216,119243,3/20/2026,4/5/2026
513217,119244,3/20/2026,4/8/2026
513218,119220,3/20/2026,
513219,119233,3/20/2026,6/1/2026
513220,119218,3/20/2026,
513221,119214,3/20/2026,4/20/2026
513222,105885,3/20/2026,3/29/2026
513223,119216,3/20/2026,3/30/2026
513224,112788,3/20/2026,
513225,119190,3/20/2026,4/6/2026
513226,119192,3/20/2026,3/26/2026
513227,119193,3/20/2026,
513228,119197,3/20/2026,
513229,119198,3/20/2026,6/2/2026
513230,119199,3/20/2026,6/7/2026
513231,119195,3/20/2026,4/4/2026
513232,119202,3/20/2026,5/20/2026
513233,119203,3/20/2026,5/25/2026
513234,119205,3/20/2026,5/9/2026
513235,119207,3/20/2026,3/28/2026
513236,119209,3/20/2026,7/13/2026
513237,119211,3/20/2026,
513238,119213,3/20/2026,3/30/2026
513239,119201,3/20/2026,
513240,119283,3/21/2026,4/12/2026
513241,119273,3/21/2026,7/18/2026
513242,119275,3/21/2026,3/22/2026
513243,119277,3/21/2026,5/20/2026
513244,119279,3/21/2026,5/22/2026
513245,119280,3/21/2026,3/22/2026
513246,119282,3/21/2026,4/5/2026
513247,119284,3/21/2026,
513248,119272,3/21/2026,
513249,119286,3/21/2026,6/20/2026
513250,119287,3/21/2026,3/30/2026
513251,119288,3/21/2026,3/29/2026
513252,119290,3/21/2026,
513253,119291,3/21/2026,4/19/2026
513254,119293,3/21/2026,4/18/2026
513255,119294,3/21/2026,4/2/2026
513256,119295,3/21/2026,3/26/2026
513257,119285,3/21/2026,3/28/2026
513258,119270,3/21/2026,6/28/2026
513259,119265,3/21/2026,3/26/2026
513260,119267,3/21/2026,4/2/2026
513261,119245,3/21/2026,3/24/2026
513262,119248,3/21/2026,
513263,119249,3/21/2026,3/24/2026
513264,119251,3/21/2026,5/6/2026
513265,119253,3/21/2026,
513266,119254,3/21/2026,3/24/2026
513267,119247,3/21/2026,
513268,119256,3/21/2026,5/3/2026
513269,119258,3/21/2026,4/13/2026
513270,119259,3/21/2026,6/21/2026
513271,119261,3/21/2026,
513272,119263,3/21/2026,5/4/2026
513273,119268,3/21/2026,4/6/2026
513274,119255,3/21/2026,
513275,119340,3/22/2026,
513276,119338,3/22/2026,
513277,119337,3/22/2026,4/13/2026
513278,119336,3/22/2026,4/18/2026
513279,119335,3/22/2026,
513280,119332,3/22/2026,6/26/2026
513281,119333,3/22/2026,
513282,119330,3/22/2026,3/25/2026
513283,119328,3/22/2026,6/17/2026
513284,119341,3/22/2026,
513285,119334,3/22/2026,3/25/2026
513286,119343,3/22/2026,3/26/2026
513287,119353,3/22/2026,8/3/2026
513288,119346,3/22/2026,3/27/2026
513289,119347,3/22/2026,
513290,119348,3/22/2026,4/4/2026
513291,119349,3/22/2026,3/25/2026
513292,119351,3/22/2026,4/7/2026
513293,119326,3/22/2026,
513294,119355,3/22/2026,8/3/2026
513295,119356,3/22/2026,
513296,119357,3/22/2026,
513297,119359,3/22/2026,6/7/2026
513298,119361,3/22/2026,4/2/2026
513299,119344,3/22/2026,6/6/2026
513300,119325,3/22/2026,
513301,119321,3/22/2026,4/17/2026
513302,119323,3/22/2026,4/3/2026
513303,113366,3/22/2026,3/26/2026
513304,102296,3/22/2026,4/14/2026
513305,110521,3/22/2026,3/27/2026
513306,119297,3/22/2026,4/17/2026
513307,119324,3/22/2026,5/3/2026
513308,119300,3/22/2026,3/24/2026
513309,119301,3/22/2026,3/27/2026
513310,119303,3/22/2026,4/15/2026
513311,119304,3/22/2026,3/23/2026
513312,119305,3/22/2026,3/29/2026
513313,119299,3/22/2026,
513314,119309,3/22/2026,4/3/2026
513315,119307,3/22/2026,4/22/2026
513316,119319,3/22/2026,3/26/2026
513317,119318,3/22/2026,3/23/2026
513318,119316,3/22/2026,
513319,119320,3/22/2026,4/13/2026
513320,119313,3/22/2026,5/18/2026
513321,119312,3/22/2026,7/10/2026
513322,119310,3/22/2026,5/19/2026
513323,119315,3/22/2026,4/7/2026
513324,119379,3/23/2026,3/24/2026
513325,119393,3/23/2026,3/28/2026
513326,119380,3/23/2026,
513327,119381,3/23/2026,
513328,119382,3/23/2026,3/26/2026
513329,119384,3/23/2026,
513330,119387,3/23/2026,3/24/2026
513331,119388,3/23/2026,5/1/2026
513332,119377,3/23/2026,3/27/2026
513333,119392,3/23/2026,
513334,119391,3/23/2026,6/9/2026
513335,119389,3/23/2026,
513336,119386,3/23/2026,4/10/2026
513337,119376,3/23/2026,4/28/2026
513338,119369,3/23/2026,3/30/2026
513339,119373,3/23/2026,3/31/2026
513340,119374,3/23/2026,3/26/2026
513341,111205,3/23/2026,3/30/2026
513342,111912,3/23/2026,3/24/2026
513343,113029,3/23/2026,4/1/2026
513344,119362,3/23/2026,
513345,104473,3/23/2026,4/11/2026
513346,119364,3/23/2026,
513347,119365,3/23/2026,6/4/2026
513348,119367,3/23/2026,
513349,119371,3/23/2026,7/20/2026
513350,119363,3/23/2026,3/25/2026
513351,119429,3/24/2026,4/22/2026
513352,119420,3/24/2026,7/20/2026
513353,119422,3/24/2026,5/5/2026
513354,119424,3/24/2026,6/28/2026
513355,119426,3/24/2026,4/23/2026
513356,119427,3/24/2026,
513357,119431,3/24/2026,3/30/2026
513358,119440,3/24/2026,4/15/2026
513359,119433,3/24/2026,
513360,119435,3/24/2026,4/3/2026
513361,119437,3/24/2026,
513362,119438,3/24/2026,3/25/2026
513363,119418,3/24/2026,4/15/2026
513364,119441,3/24/2026,4/18/2026
513365,119443,3/24/2026,4/4/2026
513366,119444,3/24/2026,3/29/2026
513367,119432,3/24/2026,3/26/2026
513368,119416,3/24/2026,3/25/2026
513369,119421,3/24/2026,5/5/2026
513370,119414,3/24/2026,6/3/2026
513371,119415,3/24/2026,
513372,110296,3/24/2026,
513373,119394,3/24/2026,4/6/2026
513374,119398,3/24/2026,3/29/2026
513375,119400,3/24/2026,3/28/2026
513376,119401,3/24/2026,5/8/2026
513377,119402,3/24/2026,3/29/2026
513378,119396,3/24/2026,4/5/2026
513379,119404,3/24/2026,4/18/2026
513380,119405,3/24/2026,
513381,119407,3/24/2026,
513382,119408,3/24/2026,6/14/2026
513383,119410,3/24/2026,3/31/2026
513384,119411,3/24/2026,3/29/2026
513385,119403,3/24/2026,3/25/2026
513386,119413,3/24/2026,5/1/2026
513387,119493,3/25/2026,6/29/2026
513388,119491,3/25/2026,5/17/2026
513389,119489,3/25/2026,4/15/2026
513390,119488,3/25/2026,5/7/2026
513391,119483,3/25/2026,
513392,119485,3/25/2026,
513393,119481,3/25/2026,6/7/2026
513394,119494,3/25/2026,6/1/2026
513395,119486,3/25/2026,7/14/2026
513396,119496,3/25/2026,4/14/2026
513397,119506,3/25/2026,6/25/2026
513398,119498,3/25/2026,6/4/2026
513399,119499,3/25/2026,
513400,119500,3/25/2026,5/24/2026
513401,119502,3/25/2026,4/26/2026
513402,119504,3/25/2026,3/27/2026
513403,119505,3/25/2026,
513404,119508,3/25/2026,
513405,119479,3/25/2026,8/2/2026
513406,119507,3/25/2026,7/9/2026
513407,119497,3/25/2026,4/19/2026
513408,119478,3/25/2026,5/30/2026
513409,119469,3/25/2026,
513410,119474,3/25/2026,3/28/2026
513411,109571,3/25/2026,
513412,119446,3/25/2026,4/6/2026
513413,119448,3/25/2026,
513414,119449,3/25/2026,4/7/2026
513415,119451,3/25/2026,3/29/2026
513416,119454,3/25/2026,6/22/2026
513417,119455,3/25/2026,4/5/2026
513418,119456,3/25/2026,5/16/2026
513419,119457,3/25/2026,4/22/2026
513420,119452,3/25/2026,4/20/2026
513421,119461,3/25/2026,4/8/2026
513422,119459,3/25/2026,
513423,119471,3/25/2026,4/3/2026
513424,119470,3/25/2026,
513425,119476,3/25/2026,
513426,119473,3/25/2026,7/20/2026
513427,119465,3/25/2026,4/6/2026
513428,119464,3/25/2026,4/12/2026
513429,119462,3/25/2026,
513430,119467,3/25/2026,3/27/2026
513431,119551,3/26/2026,4/22/2026
513432,119537,3/26/2026,
513433,119538,3/26/2026,
513434,119539,3/26/2026,5/6/2026
513435,119541,3/26/2026,6/4/2026
513436,119543,3/26/2026,
513437,119544,3/26/2026,4/22/2026
513438,119545,3/26/2026,5/17/2026
513439,119547,3/26/2026,
513440,119549,3/26/2026,
513441,119552,3/26/2026,4/17/2026
513442,119569,3/26/2026,6/8/2026
513443,119555,3/26/2026,4/1/2026
513444,119557,3/26/2026,4/3/2026
513445,119559,3/26/2026,4/9/2026
513446,119560,3/26/2026,5/8/2026
513447,119561,3/26/2026,7/5/2026
513448,119562,3/26/2026,7/21/2026
513449,119564,3/26/2026,
513450,119565,3/26/2026,
513451,119536,3/26/2026,3/27/2026
513452,119570,3/26/2026,4/6/2026
513453,119554,3/26/2026,
513454,119535,3/26/2026,4/10/2026
513455,119567,3/26/2026,4/14/2026
513456,119533,3/26/2026,5/10/2026
513457,101744,3/26/2026,4/7/2026
513458,105655,3/26/2026,
513459,119509,3/26/2026,4/23/2026
513460,119510,3/26/2026,4/16/2026
513461,119511,3/26/2026,4/3/2026
513462,119512,3/26/2026,3/29/2026
513463,119513,3/26/2026,
513464,119515,3/26/2026,5/14/2026
513465,119517,3/26/2026,3/29/2026
513466,119534,3/26/2026,3/31/2026
513467,119520,3/26/2026,5/31/2026
513468,119521,3/26/2026,4/4/2026
513469,119523,3/26/2026,4/5/2026
513470,119525,3/26/2026,7/21/2026
513471,119527,3/26/2026,
513472,119528,3/26/2026,
513473,119519,3/26/2026,3/28/2026
513474,119531,3/26/2026,7/1/2026
513475,119530,3/26/2026,4/8/2026
513476,119613,3/27/2026,4/8/2026
513477,119611,3/27/2026,
513478,119609,3/27/2026,5/17/2026
513479,119604,3/27/2026,5/30/2026
513480,119605,3/27/2026,
513481,119615,3/27/2026,5/12/2026
513482,119602,3/27/2026,
513483,119600,3/27/2026,6/20/2026
513484,119598,3/27/2026,
513485,119607,3/27/2026,
513486,119616,3/27/2026,5/22/2026
513487,119624,3/27/2026,4/7/2026
513488,119619,3/27/2026,5/30/2026
513489,119621,3/27/2026,4/20/2026
513490,119622,3/27/2026,4/24/2026
513491,119626,3/27/2026,4/6/2026
513492,119628,3/27/2026,5/5/2026
513493,119597,3/27/2026,
513494,119632,3/27/2026,5/10/2026
513495,119633,3/27/2026,4/21/2026
513496,119634,3/27/2026,5/1/2026
513497,119636,3/27/2026,7/5/2026
513498,119637,3/27/2026,4/5/2026
513499,119618,3/27/2026,5/17/2026
513500,119630,3/27/2026,3/28/2026
513501,119595,3/27/2026,4/23/2026
513502,119592,3/27/2026,4/1/2026
513503,115189,3/27/2026,
513504,119593,3/27/2026,4/9/2026
513505,112778,3/27/2026,5/5/2026
513506,108625,3/27/2026,4/26/2026
513507,104955,3/27/2026,4/2/2026
513508,119572,3/27/2026,5/11/2026
513509,119573,3/27/2026,3/29/2026
513510,119574,3/27/2026,4/10/2026
513511,115731,3/27/2026,4/11/2026
513512,119576,3/27/2026,4/2/2026
513513,119575,3/27/2026,7/3/2026
513514,119578,3/27/2026,4/24/2026
513515,119579,3/27/2026,
513516,119581,3/27/2026,3/28/2026
513517,119583,3/27/2026,
513518,119585,3/27/2026,3/29/2026
513519,119586,3/27/2026,5/16/2026
513520,119587,3/27/2026,5/4/2026
513521,119588,3/27/2026,4/12/2026
513522,119590,3/27/2026,4/5/2026
513523,119577,3/27/2026,5/2/2026
513524,119684,3/28/2026,
513525,119703,3/28/2026,4/16/2026
513526,119680,3/28/2026,4/6/2026
513527,119678,3/28/2026,5/11/2026
513528,119669,3/28/2026,
513529,119675,3/28/2026,
513530,119673,3/28/2026,5/12/2026
513531,119671,3/28/2026,3/31/2026
513532,119685,3/28/2026,
513533,119676,3/28/2026,4/27/2026
513534,119686,3/28/2026,4/5/2026
513535,119701,3/28/2026,6/28/2026
513536,119689,3/28/2026,6/8/2026
513537,119690,3/28/2026,5/9/2026
513538,119691,3/28/2026,7/25/2026
513539,119693,3/28/2026,7/8/2026
513540,119694,3/28/2026,4/16/2026
513541,119696,3/28/2026,5/9/2026
513542,119697,3/28/2026,4/5/2026
513543,119667,3/28/2026,4/4/2026
513544,119700,3/28/2026,4/4/2026
513545,119698,3/28/2026,7/5/2026
513546,119688,3/28/2026,5/18/2026
513547,119666,3/28/2026,
513548,119682,3/28/2026,
513549,119664,3/28/2026,3/31/2026
513550,114114,3/28/2026,
513551,119665,3/28/2026,4/11/2026
513552,119638,3/28/2026,
513553,119640,3/28/2026,
513554,119642,3/28/2026,
513555,119643,3/28/2026,
513556,119644,3/28/2026,7/17/2026
513557,119645,3/28/2026,5/25/2026
513558,119647,3/28/2026,4/24/2026
513559,112478,3/28/2026,4/14/2026
513560,119650,3/28/2026,4/13/2026
513561,119651,3/28/2026,
513562,119652,3/28/2026,
513563,119654,3/28/2026,4/8/2026
513564,119656,3/28/2026,4/28/2026
513565,119658,3/28/2026,4/9/2026
513566,119660,3/28/2026,4/25/2026
513567,119661,3/28/2026,
513568,119649,3/28/2026,
513569,119663,3/28/2026,5/8/2026
513570,119744,3/29/2026,6/4/2026
513571,119742,3/29/2026,4/19/2026
513572,119741,3/29/2026,5/26/2026
513573,119736,3/29/2026,6/15/2026
513574,119739,3/29/2026,
513575,119738,3/29/2026,5/9/2026
513576,119746,3/29/2026,4/3/2026
513577,119735,3/29/2026,5/7/2026
513578,119740,3/29/2026,4/27/2026
513579,119748,3/29/2026,6/11/2026
513580,119757,3/29/2026,4/1/2026
513581,119751,3/29/2026,4/2/2026
513582,119753,3/29/2026,7/8/2026
513583,119755,3/29/2026,
513584,119759,3/29/2026,
513585,119760,3/29/2026,5/15/2026
513586,119762,3/29/2026,4/10/2026
513587,119764,3/29/2026,
513588,119734,3/29/2026,5/6/2026
513589,119766,3/29/2026,
513590,119768,3/29/2026,5/1/2026
513591,119749,3/29/2026,4/19/2026
513592,119733,3/29/2026,3/30/2026
513593,119728,3/29/2026,
513594,119729,3/29/2026,7/23/2026
513595,119731,3/29/2026,
513596,119705,3/29/2026,5/16/2026
513597,119707,3/29/2026,
513598,119708,3/29/2026,
513599,119710,3/29/2026,
513600,119713,3/29/2026,5/10/2026
513601,119714,3/29/2026,4/1/2026
513602,119715,3/29/2026,4/2/2026
513603,119711,3/29/2026,4/9/2026
513604,119718,3/29/2026,
513605,119720,3/29/2026,3/30/2026
513606,119721,3/29/2026,4/5/2026
513607,119723,3/29/2026,6/10/2026
513608,119724,3/29/2026,4/5/2026
513609,119726,3/29/2026,
513610,119717,3/29/2026,
513611,119811,3/30/2026,6/3/2026
513612,119802,3/30/2026,4/27/2026
513613,119800,3/30/2026,7/19/2026
513614,119804,3/30/2026,
513615,119829,3/30/2026,7/30/2026
513616,119805,3/30/2026,6/2/2026
513617,119807,3/30/2026,4/12/2026
513618,119809,3/30/2026,5/11/2026
513619,119812,3/30/2026,5/20/2026
513620,119823,3/30/2026,4/5/2026
513621,119815,3/30/2026,6/6/2026
513622,119816,3/30/2026,4/2/2026
513623,119818,3/30/2026,7/8/2026
513624,119820,3/30/2026,4/10/2026
513625,119828,3/30/2026,
513626,119826,3/30/2026,6/10/2026
513627,119824,3/30/2026,5/1/2026
513628,119821,3/30/2026,4/3/2026
513629,119799,3/30/2026,
513630,119813,3/30/2026,4/28/2026
513631,119797,3/30/2026,4/21/2026
513632,119785,3/30/2026,
513633,119793,3/30/2026,4/18/2026
513634,119795,3/30/2026,
513635,116978,3/30/2026,7/11/2026
513636,119770,3/30/2026,4/1/2026
513637,119771,3/30/2026,4/1/2026
513638,119773,3/30/2026,5/23/2026
513639,119775,3/30/2026,
513640,119777,3/30/2026,4/29/2026
513641,116624,3/30/2026,4/17/2026
513642,119780,3/30/2026,5/7/2026
513643,119782,3/30/2026,
513644,119783,3/30/2026,4/30/2026
513645,119787,3/30/2026,4/8/2026
513646,119789,3/30/2026,7/6/2026
513647,119790,3/30/2026,4/2/2026
513648,119778,3/30/2026,7/18/2026
513649,119791,3/30/2026,
513650,119866,3/31/2026,4/10/2026
513651,119864,3/31/2026,7/23/2026
513652,119862,3/31/2026,
513653,119860,3/31/2026,4/11/2026
513654,119867,3/31/2026,
513655,119858,3/31/2026,4/5/2026
513656,119857,3/31/2026,6/12/2026
513657,119861,3/31/2026,
513658,119869,3/31/2026,6/18/2026
513659,119876,3/31/2026,4/11/2026
513660,119872,3/31/2026,
513661,119874,3/31/2026,
513662,119878,3/31/2026,
513663,119880,3/31/2026,4/2/2026
513664,119881,3/31/2026,
513665,119883,3/31/2026,
513666,119885,3/31/2026,6/9/2026
513667,119886,3/31/2026,5/1/2026
513668,119871,3/31/2026,4/10/2026
513669,119855,3/31/2026,5/7/2026
513670,119853,3/31/2026,
513671,119852,3/31/2026,4/1/2026
513672,107978,3/31/2026,5/22/2026
513673,106900,3/31/2026,4/5/2026
513674,119854,3/31/2026,4/17/2026
513675,111447,3/31/2026,
513676,112418,3/31/2026,4/14/2026
513677,119830,3/31/2026,
513678,119834,3/31/2026,4/3/2026
513679,119835,3/31/2026,6/6/2026
513680,119832,3/31/2026,5/23/2026
513681,119837,3/31/2026,4/10/2026
513682,119839,3/31/2026,4/18/2026
513683,119841,3/31/2026,4/15/2026
513684,119843,3/31/2026,4/1/2026
513685,119845,3/31/2026,4/16/2026
513686,119847,3/31/2026,
513687,119849,3/31/2026,5/6/2026
513688,119850,3/31/2026,7/12/2026
513689,119836,3/31/2026,
513690,119916,4/1/2026,7/30/2026
513691,119930,4/1/2026,4/12/2026
513692,119913,4/1/2026,5/12/2026
513693,119914,4/1/2026,
513694,119915,4/1/2026,4/9/2026
513695,119918,4/1/2026,
513696,119910,4/1/2026,
513697,119920,4/1/2026,7/8/2026
513698,119922,4/1/2026,
513699,119924,4/1/2026,
513700,119925,4/1/2026,4/5/2026
513701,119926,4/1/2026,
513702,119928,4/1/2026,5/24/2026
513703,119919,4/1/2026,4/24/2026
513704,119909,4/1/2026,
513705,119912,4/1/2026,4/14/2026
513706,119907,4/1/2026,5/14/2026
513707,119908,4/1/2026,4/2/2026
513708,119887,4/1/2026,5/14/2026
513709,119889,4/1/2026,4/2/2026
513710,119890,4/1/2026,4/10/2026
513711,119892,4/1/2026,
513712,119894,4/1/2026,
513713,119888,4/1/2026,5/4/2026
513714,119897,4/1/2026,4/26/2026
513715,119898,4/1/2026,4/22/2026
513716,119900,4/1/2026,4/6/2026
513717,119901,4/1/2026,
513718,119903,4/1/2026,4/7/2026
513719,119905,4/1/2026,7/14/2026
513720,119896,4/1/2026,4/27/2026
513721,119974,4/2/2026,5/19/2026
513722,119973,4/2/2026,4/23/2026
513723,119971,4/2/2026,5/19/2026
513724,119969,4/2/2026,5/5/2026
513725,119965,4/2/2026,6/23/2026
513726,119967,4/2/2026,5/23/2026
513727,119964,4/2/2026,
513728,119975,4/2/2026,4/19/2026
513729,119968,4/2/2026,4/21/2026
513730,119976,4/2/2026,4/21/2026
513731,119984,4/2/2026,5/8/2026
513732,119978,4/2/2026,4/3/2026
513733,119979,4/2/2026,4/4/2026
513734,119980,4/2/2026,4/4/2026
513735,119981,4/2/2026,7/10/2026
513736,119983,4/2/2026,5/7/2026
513737,119963,4/2/2026,4/6/2026
513738,119985,4/2/2026,5/12/2026
513739,119987,4/2/2026,
513740,119988,4/2/2026,4/10/2026
513741,119977,4/2/2026,4/9/2026
513742,119962,4/2/2026,4/8/2026
513743,119958,4/2/2026,7/28/2026
513744,119959,4/2/2026,6/15/2026
513745,112344,4/2/2026,
513746,119932,4/2/2026,4/6/2026
513747,119934,4/2/2026,4/4/2026
513748,119960,4/2/2026,6/5/2026
513749,119938,4/2/2026,5/29/2026
513750,119940,4/2/2026,
513751,119942,4/2/2026,4/8/2026
513752,119943,4/2/2026,4/26/2026
513753,119944,4/2/2026,6/24/2026
513754,119936,4/2/2026,5/18/2026
513755,119947,4/2/2026,
513756,119948,4/2/2026,4/14/2026
513757,119950,4/2/2026,4/9/2026
513758,119952,4/2/2026,7/17/2026
513759,119953,4/2/2026,4/3/2026
513760,119954,4/2/2026,7/7/2026
513761,119955,4/2/2026,6/7/2026
513762,119956,4/2/2026,5/22/2026
513763,119945,4/2/2026,
513764,120013,4/3/2026,5/17/2026
513765,120014,4/3/2026,
513766,120015,4/3/2026,4/21/2026
513767,120017,4/3/2026,
513768,120019,4/3/2026,4/28/2026
513769,120021,4/3/2026,4/4/2026
513770,120029,4/3/2026,6/13/2026
513771,120025,4/3/2026,
513772,120027,4/3/2026,5/11/2026
513773,120011,4/3/2026,7/9/2026
513774,120032,4/3/2026,
513775,120031,4/3/2026,6/2/2026
513776,120023,4/3/2026,
513777,120007,4/3/2026,
513778,120009,4/3/2026,4/12/2026
513779,120004,4/3/2026,5/17/2026
513780,112046,4/3/2026,4/5/2026
513781,107382,4/3/2026,4/4/2026
513782,119990,4/3/2026,6/25/2026
513783,119992,4/3/2026,4/11/2026
513784,119994,4/3/2026,
513785,119996,4/3/2026,4/16/2026
513786,119989,4/3/2026,5/30/2026
513787,119999,4/3/2026,4/4/2026
513788,120001,4/3/2026,4/25/2026
513789,120002,4/3/2026,
513790,120003,4/3/2026,
513791,120005,4/3/2026,
513792,119997,4/3/2026,4/20/2026
513793,120072,4/4/2026,4/5/2026
513794,120061,4/4/2026,5/3/2026
513795,120062,4/4/2026,5/5/2026
513796,120064,4/4/2026,4/14/2026
513797,120065,4/4/2026,6/27/2026
513798,120067,4/4/2026,4/5/2026
513799,120069,4/4/2026,4/11/2026
513800,120070,4/4/2026,
513801,120074,4/4/2026,4/21/2026
513802,120082,4/4/2026,
513803,120077,4/4/2026,4/5/2026
513804,120078,4/4/2026,7/24/2026
513805,120080,4/4/2026,5/4/2026
513806,120081,4/4/2026,7/16/2026
513807,120059,4/4/2026,4/10/2026
513808,120083,4/4/2026,5/21/2026
513809,120085,4/4/2026,5/20/2026
513810,120087,4/4/2026,
513811,120088,4/4/2026,4/21/2026
513812,120076,4/4/2026,4/21/2026
513813,120058,4/4/2026,
513814,120060,4/4/2026,4/5/2026
513815,120056,4/4/2026,6/23/2026
513816,120057,4/4/2026,4/23/2026
513817,120034,4/4/2026,4/6/2026
513818,120035,4/4/2026,
513819,120036,4/4/2026,
513820,120038,4/4/2026,4/15/2026
513821,120040,4/4/2026,4/5/2026
513822,120041,4/4/2026,6/5/2026
513823,120042,4/4/2026,8/1/2026
513824,109704,4/4/2026,8/2/2026
513825,120045,4/4/2026,5/8/2026
513826,120046,4/4/2026,
513827,120048,4/4/2026,4/13/2026
513828,120049,4/4/2026,4/10/2026
513829,120051,4/4/2026,4/6/2026
513830,120053,4/4/2026,4/5/2026
513831,120043,4/4/2026,
513832,120054,4/4/2026,
513833,120128,4/5/2026,4/23/2026
513834,120126,4/5/2026,7/18/2026
513835,120125,4/5/2026,4/29/2026
513836,120119,4/5/2026,
513837,120121,4/5/2026,7/9/2026
513838,120129,4/5/2026,4/29/2026
513839,120145,4/5/2026,4/14/2026
513840,120116,4/5/2026,
513841,120123,4/5/2026,7/1/2026
513842,120130,4/5/2026,6/13/2026
513843,120134,4/5/2026,4/10/2026
513844,120132,4/5/2026,4/15/2026
513845,120133,4/5/2026,5/29/2026
513846,120136,4/5/2026,4/19/2026
513847,120138,4/5/2026,7/24/2026
513848,120139,4/5/2026,
513849,120115,4/5/2026,
513850,120143,4/5/2026,4/10/2026
513851,120142,4/5/2026,6/26/2026
513852,120141,4/5/2026,
513853,120131,4/5/2026,4/6/2026
513854,120113,4/5/2026,5/27/2026
513855,120118,4/5/2026,
513856,120110,4/5/2026,5/5/2026
513857,107092,4/5/2026,
513858,112011,4/5/2026,4/25/2026
513859,120111,4/5/2026,5/5/2026
513860,120089,4/5/2026,
513861,120090,4/5/2026,
513862,120092,4/5/2026,5/17/2026
513863,120094,4/5/2026,5/8/2026
513864,120095,4/5/2026,4/12/2026
513865,108053,4/5/2026,4/19/2026
513866,120098,4/5/2026,4/19/2026
513867,120100,4/5/2026,
513868,120102,4/5/2026,4/11/2026
513869,120104,4/5/2026,
513870,120105,4/5/2026,7/28/2026
513871,120107,4/5/2026,6/28/2026
513872,120096,4/5/2026,5/8/2026
513873,120108,4/5/2026,4/10/2026
513874,120178,4/6/2026,6/2/2026
513875,120176,4/6/2026,4/30/2026
513876,120175,4/6/2026,4/9/2026
513877,120173,4/6/2026,4/26/2026
513878,120179,4/6/2026,5/3/2026
513879,120172,4/6/2026,
513880,120170,4/6/2026,4/13/2026
513881,120174,4/6/2026,5/23/2026
513882,120181,4/6/2026,4/9/2026
513883,120186,4/6/2026,4/20/2026
513884,120184,4/6/2026,
513885,120185,4/6/2026,6/15/2026
513886,120187,4/6/2026,4/18/2026
513887,120189,4/6/2026,6/25/2026
513888,120191,4/6/2026,5/29/2026
513889,120169,4/6/2026,
513890,120193,4/6/2026,5/26/2026
513891,120195,4/6/2026,6/2/2026
513892,120182,4/6/2026,5/16/2026
513893,120166,4/6/2026,4/11/2026
513894,120168,4/6/2026,
513895,120164,4/6/2026,4/17/2026
513896,120165,4/6/2026,4/11/2026
513897,108459,4/6/2026,4/8/2026
513898,105764,4/6/2026,4/24/2026
513899,117657,4/6/2026,7/31/2026
513900,120146,4/6/2026,
513901,120149,4/6/2026,4/7/2026
513902,120150,4/6/2026,6/12/2026
513903,120151,4/6/2026,5/22/2026
513904,120147,4/6/2026,
513905,120155,4/6/2026,
513906,120163,4/6/2026,4/16/2026
513907,120153,4/6/2026,4/14/2026
513908,120161,4/6/2026,4/17/2026
513909,120162,4/6/2026,5/29/2026
513910,120159,4/6/2026,
513911,120157,4/6/2026,
513912,120160,4/6/2026,5/5/2026
513913,120249,4/7/2026,
513914,120238,4/7/2026,4/11/2026
513915,120239,4/7/2026,4/18/2026
513916,120236,4/7/2026,
513917,120241,4/7/2026,5/9/2026
513918,120243,4/7/2026,5/24/2026
513919,120245,4/7/2026,5/21/2026
513920,120246,4/7/2026,
513921,120248,4/7/2026,4/11/2026
513922,120251,4/7/2026,
513923,120272,4/7/2026,4/20/2026
513924,120254,4/7/2026,5/23/2026
513925,120255,4/7/2026,6/11/2026
513926,120257,4/7/2026,7/19/2026
513927,120259,4/7/2026,
513928,120261,4/7/2026,7/15/2026
513929,120263,4/7/2026,
513930,120265,4/7/2026,
513931,120270,4/7/2026,5/23/2026
513932,120268,4/7/2026,5/6/2026
513933,120267,4/7/2026,
513934,120235,4/7/2026,7/6/2026
513935,120253,4/7/2026,7/6/2026
513936,120233,4/7/2026,6/4/2026
513937,120224,4/7/2026,4/23/2026
513938,120230,4/7/2026,
513939,109839,4/7/2026,
513940,120232,4/7/2026,7/11/2026
513941,120196,4/7/2026,4/14/2026
513942,120198,4/7/2026,
513943,120199,4/7/2026,
513944,120201,4/7/2026,4/13/2026
513945,120202,4/7/2026,
513946,120205,4/7/2026,4/12/2026
513947,120207,4/7/2026,4/9/2026
513948,120203,4/7/2026,
513949,120211,4/7/2026,4/22/2026
513950,120228,4/7/2026,5/25/2026
513951,120209,4/7/2026,6/1/2026
513952,120223,4/7/2026,6/15/2026
513953,120221,4/7/2026,5/3/2026
513954,120226,4/7/2026,6/15/2026
513955,120217,4/7/2026,5/5/2026
513956,120215,4/7/2026,
513957,120213,4/7/2026,
513958,120219,4/7/2026,5/3/2026
513959,120300,4/8/2026,5/3/2026
513960,120294,4/8/2026,
513961,120295,4/8/2026,5/25/2026
513962,120296,4/8/2026,7/25/2026
513963,120297,4/8/2026,7/14/2026
513964,120298,4/8/2026,4/14/2026
513965,120301,4/8/2026,4/12/2026
513966,120316,4/8/2026,4/13/2026
513967,120304,4/8/2026,4/14/2026
513968,120306,4/8/2026,5/14/2026
513969,120307,4/8/2026,5/5/2026
513970,120309,4/8/2026,4/19/2026
513971,120311,4/8/2026,4/28/2026
513972,120312,4/8/2026,
513973,120314,4/8/2026,4/11/2026
513974,120292,4/8/2026,4/18/2026
513975,120303,4/8/2026,4/16/2026
513976,120290,4/8/2026,5/4/2026
513977,120285,4/8/2026,
513978,120287,4/8/2026,4/14/2026
513979,107594,4/8/2026,4/27/2026
513980,120288,4/8/2026,
513981,114415,4/8/2026,6/8/2026
513982,120273,4/8/2026,7/5/2026
513983,120274,4/8/2026,4/19/2026
513984,120275,4/8/2026,6/6/2026
513985,120276,4/8/2026,4/19/2026
513986,108127,4/8/2026,
513987,120279,4/8/2026,4/22/2026
513988,120280,4/8/2026,4/21/2026
513989,120281,4/8/2026,
513990,120283,4/8/2026,5/1/2026
513991,120284,4/8/2026,4/24/2026
513992,120286,4/8/2026,5/27/2026
513993,120277,4/8/2026,4/14/2026
513994,120345,4/9/2026,4/30/2026
513995,120347,4/9/2026,4/14/2026
513996,120348,4/9/2026,5/9/2026
513997,120350,4/9/2026,4/10/2026
513998,120351,4/9/2026,4/24/2026
513999,120353,4/9/2026,
514000,120354,4/9/2026,4/15/2026
514001,120359,4/9/2026,5/9/2026
514002,120356,4/9/2026,
514003,120357,4/9/2026,4/27/2026
514004,120361,4/9/2026,6/5/2026
514005,120362,4/9/2026,6/26/2026
514006,120365,4/9/2026,6/30/2026
514007,120364,4/9/2026,4/10/2026
514008,120363,4/9/2026,5/21/2026
514009,120355,4/9/2026,
514010,120343,4/9/2026,5/30/2026
514011,120338,4/9/2026,4/15/2026
514012,120340,4/9/2026,
514013,120341,4/9/2026,
514014,120318,4/9/2026,5/26/2026
514015,120319,4/9/2026,4/14/2026
514016,120323,4/9/2026,4/15/2026
514017,120324,4/9/2026,4/22/2026
514018,120325,4/9/2026,
514019,120321,4/9/2026,
514020,120328,4/9/2026,4/20/2026
514021,120330,4/9/2026,7/18/2026
514022,120332,4/9/2026,
514023,120334,4/9/2026,4/20/2026
514024,120335,4/9/2026,5/6/2026
514025,120336,4/9/2026,5/4/2026
514026,120326,4/9/2026,4/17/2026
514027,120400,4/10/2026,5/1/2026
514028,120389,4/10/2026,5/16/2026
514029,120390,4/10/2026,6/22/2026
514030,120392,4/10/2026,4/16/2026
514031,120394,4/10/2026,5/9/2026
514032,120396,4/10/2026,
514033,120398,4/10/2026,5/6/2026
514034,120399,4/10/2026,7/2/2026
514035,120401,4/10/2026,5/4/2026
514036,120409,4/10/2026,7/28/2026
514037,120403,4/10/2026,6/6/2026
514038,120404,4/10/2026,4/12/2026
514039,120405,4/10/2026,5/14/2026
514040,120406,4/10/2026,
514041,120408,4/10/2026,4/24/2026
514042,120388,4/10/2026,4/12/2026
514043,120411,4/10/2026,7/24/2026
514044,120413,4/10/2026,6/26/2026
514045,120402,4/10/2026,7/14/2026
514046,120387,4/10/2026,
514047,120391,4/10/2026,4/18/2026
514048,120385,4/10/2026,4/11/2026
514049,120386,4/10/2026,
514050,111245,4/10/2026,5/3/2026
514051,120366,4/10/2026,
514052,120368,4/10/2026,5/7/2026
514053,120370,4/10/2026,4/19/2026
514054,120371,4/10/2026,6/14/2026
514055,120372,4/10/2026,5/29/2026
514056,120373,4/10/2026,
514057,120367,4/10/2026,4/25/2026
514058,120376,4/10/2026,4/19/2026
514059,120384,4/10/2026,7/7/2026
514060,120374,4/10/2026,
514061,120381,4/10/2026,
514062,120383,4/10/2026,
514063,120380,4/10/2026,
514064,120379,4/10/2026,4/24/2026
514065,120378,4/10/2026,5/25/2026
514066,120473,4/11/2026,4/26/2026
514067,120457,4/11/2026,4/30/2026
514068,120458,4/11/2026,
514069,120460,4/11/2026,6/7/2026
514070,120462,4/11/2026,5/18/2026
514071,120463,4/11/2026,8/2/2026
514072,120465,4/11/2026,5/23/2026
514073,120467,4/11/2026,7/24/2026
514074,120468,4/11/2026,
514075,120470,4/11/2026,4/15/2026
514076,120471,4/11/2026,5/4/2026
514077,120456,4/11/2026,5/25/2026
514078,120475,4/11/2026,
514079,120487,4/11/2026,7/8/2026
514080,120478,4/11/2026,
514081,120479,4/11/2026,5/2/2026
514082,120481,4/11/2026,7/9/2026
514083,120482,4/11/2026,
514084,120484,4/11/2026,5/11/2026
514085,120485,4/11/2026,4/25/2026
514086,120486,4/11/2026,8/3/2026
514087,120489,4/11/2026,
514088,120493,4/11/2026,4/16/2026
514089,120492,4/11/2026,
514090,120490,4/11/2026,7/12/2026
514091,120455,4/11/2026,
514092,120476,4/11/2026,6/5/2026
514093,120454,4/11/2026,
514094,120432,4/11/2026,
514095,120452,4/11/2026,4/13/2026
514096,120453,4/11/2026,4/15/2026
514097,120415,4/11/2026,7/4/2026
514098,120416,4/11/2026,4/29/2026
514099,120418,4/11/2026,4/14/2026
514100,120420,4/11/2026,4/21/2026
514101,120422,4/11/2026,4/30/2026
514102,120423,4/11/2026,5/11/2026
514103,117742,4/11/2026,6/3/2026
514104,120427,4/11/2026,
514105,120429,4/11/2026,4/15/2026
514106,120430,4/11/2026,
514107,120433,4/11/2026,5/16/2026
514108,120425,4/11/2026,4/20/2026
514109,120451,4/11/2026,
514110,120435,4/11/2026,
514111,120449,4/11/2026,5/6/2026
514112,120447,4/11/2026,6/28/2026
514113,120445,4/11/2026,5/18/2026
514114,120444,4/11/2026,4/18/2026
514115,120446,4/11/2026,5/13/2026
514116,120441,4/11/2026,
514117,120440,4/11/2026,
514118,120438,4/11/2026,4/24/2026
514119,120436,4/11/2026,
514120,120442,4/11/2026,5/23/2026
514121,120542,4/12/2026,5/3/2026
514122,120545,4/12/2026,
514123,120544,4/12/2026,
514124,120543,4/12/2026,5/26/2026
514125,120541,4/12/2026,5/10/2026
514126,120533,4/12/2026,4/28/2026
514127,120538,4/12/2026,
514128,120537,4/12/2026,
514129,120536,4/12/2026,6/4/2026
514130,120534,4/12/2026,4/23/2026
514131,120539,4/12/2026,
514132,120546,4/12/2026,5/26/2026
514133,120563,4/12/2026,5/15/2026
514134,120551,4/12/2026,6/1/2026
514135,120552,4/12/2026,5/15/2026
514136,120554,4/12/2026,4/16/2026
514137,120556,4/12/2026,4/22/2026
514138,120558,4/12/2026,5/3/2026
514139,120559,4/12/2026,4/15/2026
514140,120560,4/12/2026,
514141,120562,4/12/2026,
514142,120565,4/12/2026,4/15/2026
514143,120564,4/12/2026,4/25/2026
514144,120531,4/12/2026,5/24/2026
514145,120548,4/12/2026,
514146,120529,4/12/2026,4/23/2026
514147,120549,4/12/2026,7/23/2026
514148,120525,4/12/2026,4/17/2026
514149,105069,4/12/2026,
514150,120494,4/12/2026,4/16/2026
514151,120496,4/12/2026,4/15/2026
514152,120498,4/12/2026,4/13/2026
514153,120499,4/12/2026,5/10/2026
514154,120501,4/12/2026,4/19/2026
514155,120502,4/12/2026,5/23/2026
514156,120503,4/12/2026,5/24/2026
514157,120505,4/12/2026,4/19/2026
514158,120507,4/12/2026,5/31/2026
514159,120527,4/12/2026,6/16/2026
514160,120511,4/12/2026,
514161,120512,4/12/2026,5/5/2026
514162,120513,4/12/2026,6/14/2026
514163,120514,4/12/2026,
514164,120515,4/12/2026,4/23/2026
514165,120517,4/12/2026,
514166,120518,4/12/2026,4/20/2026
514167,120520,4/12/2026,7/3/2026
514168,120522,4/12/2026,5/4/2026
514169,120524,4/12/2026,5/16/2026
514170,120509,4/12/2026,6/11/2026
514171,120599,4/13/2026,4/22/2026
514172,120597,4/13/2026,4/14/2026
514173,120595,4/13/2026,5/25/2026
514174,120590,4/13/2026,
514175,120591,4/13/2026,4/16/2026
514176,120601,4/13/2026,4/20/2026
514177,120594,4/13/2026,4/17/2026
514178,120602,4/13/2026,
514179,120609,4/13/2026,7/2/2026
514180,120605,4/13/2026,6/14/2026
514181,120606,4/13/2026,6/23/2026
514182,120607,4/13/2026,4/18/2026
514183,120588,4/13/2026,
514184,120611,4/13/2026,5/13/2026
514185,120612,4/13/2026,
514186,120614,4/13/2026,
514187,120615,4/13/2026,4/25/2026
514188,120604,4/13/2026,
514189,120587,4/13/2026,
514190,120592,4/13/2026,4/14/2026
514191,120583,4/13/2026,4/23/2026
514192,120585,4/13/2026,7/23/2026
514193,120566,4/13/2026,5/28/2026
514194,120568,4/13/2026,4/18/2026
514195,114961,4/13/2026,4/14/2026
514196,120571,4/13/2026,4/22/2026
514197,120573,4/13/2026,7/6/2026
514198,120569,4/13/2026,6/5/2026
514199,120576,4/13/2026,4/17/2026
514200,120577,4/13/2026,
514201,120579,4/13/2026,5/30/2026
514202,120581,4/13/2026,
514203,120582,4/13/2026,
514204,120575,4/13/2026,4/16/2026
514205,117220,4/13/2026,5/9/2026
514206,120654,4/14/2026,6/18/2026
514207,120653,4/14/2026,7/18/2026
514208,120651,4/14/2026,
514209,120650,4/14/2026,
514210,120641,4/14/2026,5/30/2026
514211,120647,4/14/2026,6/25/2026
514212,120645,4/14/2026,6/22/2026
514213,120643,4/14/2026,5/12/2026
514214,120656,4/14/2026,5/13/2026
514215,120649,4/14/2026,5/8/2026
514216,120657,4/14/2026,4/15/2026
514217,120640,4/14/2026,
514218,120659,4/14/2026,4/28/2026
514219,120661,4/14/2026,7/1/2026
514220,120663,4/14/2026,5/7/2026
514221,120665,4/14/2026,7/12/2026
514222,120666,4/14/2026,5/12/2026
514223,120667,4/14/2026,
514224,120674,4/14/2026,
514225,120672,4/14/2026,7/30/2026
514226,120670,4/14/2026,
514227,120669,4/14/2026,6/10/2026
514228,120668,4/14/2026,5/13/2026
514229,120658,4/14/2026,4/28/2026
514230,120675,4/14/2026,4/26/2026
514231,120638,4/14/2026,6/24/2026
514232,120636,4/14/2026,
514233,116903,4/14/2026,5/10/2026
514234,112672,4/14/2026,4/15/2026
514235,102432,4/14/2026,4/28/2026
514236,107479,4/14/2026,5/21/2026
514237,120639,4/14/2026,4/15/2026
514238,120618,4/14/2026,
514239,120619,4/14/2026,4/15/2026
514240,120620,4/14/2026,7/8/2026
514241,120621,4/14/2026,
514242,120617,4/14/2026,
514243,120623,4/14/2026,4/26/2026
514244,120625,4/14/2026,4/26/2026
514245,120627,4/14/2026,5/12/2026
514246,120629,4/14/2026,5/2/2026
514247,120631,4/14/2026,4/29/2026
514248,120632,4/14/2026,
514249,120633,4/14/2026,5/14/2026
514250,120622,4/14/2026,6/7/2026
514251,120634,4/14/2026,4/22/2026
514252,120714,4/15/2026,4/24/2026
514253,120712,4/15/2026,
514254,120711,4/15/2026,4/20/2026
514255,120704,4/15/2026,4/19/2026
514256,120707,4/15/2026,5/11/2026
514257,120705,4/15/2026,
514258,120703,4/15/2026,
514259,120716,4/15/2026,
514260,120709,4/15/2026,5/15/2026
514261,120718,4/15/2026,
514262,120727,4/15/2026,5/3/2026
514263,120721,4/15/2026,5/7/2026
514264,120722,4/15/2026,4/17/2026
514265,120723,4/15/2026,4/16/2026
514266,120724,4/15/2026,
514267,120725,4/15/2026,
514268,120726,4/15/2026,8/1/2026
514269,120702,4/15/2026,
514270,120728,4/15/2026,4/16/2026
514271,120730,4/15/2026,
514272,120731,4/15/2026,
514273,120719,4/15/2026,4/26/2026
514274,120701,4/15/2026,5/14/2026
514275,120696,4/15/2026,5/3/2026
514276,120699,4/15/2026,5/22/2026
514277,112580,4/15/2026,5/22/2026
514278,120700,4/15/2026,7/21/2026
514279,108683,4/15/2026,4/20/2026
514280,120676,4/15/2026,
514281,120678,4/15/2026,
514282,120680,4/15/2026,5/19/2026
514283,120682,4/15/2026,4/28/2026
514284,120683,4/15/2026,4/28/2026
514285,105601,4/15/2026,6/30/2026
514286,120687,4/15/2026,4/22/2026
514287,120688,4/15/2026,4/20/2026
514288,120690,4/15/2026,
514289,120691,4/15/2026,
514290,120693,4/15/2026,5/23/2026
514291,120695,4/15/2026,6/1/2026
514292,120698,4/15/2026,6/25/2026
514293,120685,4/15/2026,4/16/2026
514294,120756,4/16/2026,4/27/2026
514295,120757,4/16/2026,
514296,120758,4/16/2026,5/14/2026
514297,120759,4/16/2026,7/15/2026
514298,120760,4/16/2026,7/19/2026
514299,120762,4/16/2026,6/18/2026
514300,120764,4/16/2026,4/22/2026
514301,120765,4/16/2026,4/27/2026
514302,120771,4/16/2026,4/21/2026
514303,120780,4/16/2026,5/17/2026
514304,120770,4/16/2026,5/31/2026
514305,120775,4/16/2026,4/17/2026
514306,120776,4/16/2026,
514307,120778,4/16/2026,
514308,120754,4/16/2026,
514309,120774,4/16/2026,5/2/2026
514310,120772,4/16/2026,4/26/2026
514311,120766,4/16/2026,
514312,120752,4/16/2026,
514313,120768,4/16/2026,
514314,120748,4/16/2026,
514315,120750,4/16/2026,5/13/2026
514316,112634,4/16/2026,7/10/2026
514317,116682,4/16/2026,
514318,120734,4/16/2026,5/8/2026
514319,120735,4/16/2026,
514320,120736,4/16/2026,
514321,120733,4/16/2026,4/25/2026
514322,120739,4/16/2026,5/18/2026
514323,120741,4/16/2026,
514324,120742,4/16/2026,
514325,120743,4/16/2026,4/21/2026
514326,120744,4/16/2026,4/25/2026
514327,120746,4/16/2026,
514328,120738,4/16/2026,
514329,120814,4/17/2026,
514330,120804,4/17/2026,4/21/2026
514331,120805,4/17/2026,
514332,120808,4/17/2026,5/30/2026
514333,120809,4/17/2026,
514334,120810,4/17/2026,
514335,120812,4/17/2026,6/14/2026
514336,120816,4/17/2026,4/22/2026
514337,120825,4/17/2026,
514338,120819,4/17/2026,4/20/2026
514339,120820,4/17/2026,7/27/2026
514340,120822,4/17/2026,5/30/2026
514341,120824,4/17/2026,5/16/2026
514342,120803,4/17/2026,5/13/2026
514343,120826,4/17/2026,
514344,120828,4/17/2026,4/23/2026
514345,120830,4/17/2026,
514346,120818,4/17/2026,5/11/2026
514347,120802,4/17/2026,5/4/2026
514348,120807,4/17/2026,4/18/2026
514349,120799,4/17/2026,4/26/2026
514350,112890,4/17/2026,6/25/2026
514351,114970,4/17/2026,6/18/2026
514352,111419,4/17/2026,
514353,120781,4/17/2026,6/11/2026
514354,120783,4/17/2026,6/6/2026
514355,120784,4/17/2026,7/15/2026
514356,120787,4/17/2026,5/20/2026
514357,120785,4/17/2026,
514358,120790,4/17/2026,
514359,120792,4/17/2026,4/22/2026
514360,120793,4/17/2026,6/16/2026
514361,120795,4/17/2026,4/20/2026
514362,120796,4/17/2026,4/18/2026
514363,120797,4/17/2026,5/18/2026
514364,120789,4/17/2026,4/30/2026
514365,120800,4/17/2026,5/2/2026
514366,120885,4/18/2026,7/15/2026
514367,120890,4/18/2026,5/10/2026
514368,120888,4/18/2026,4/25/2026
514369,120887,4/18/2026,4/19/2026
514370,120886,4/18/2026,5/26/2026
514371,120877,4/18/2026,
514372,120882,4/18/2026,4/21/2026
514373,120881,4/18/2026,5/14/2026
514374,120879,4/18/2026,
514375,120891,4/18/2026,6/14/2026
514376,120875,4/18/2026,
514377,120883,4/18/2026,5/5/2026
514378,120892,4/18/2026,6/10/2026
514379,120906,4/18/2026,
514380,120896,4/18/2026,5/11/2026
514381,120898,4/18/2026,6/9/2026
514382,120899,4/18/2026,
514383,120900,4/18/2026,6/11/2026
514384,120902,4/18/2026,5/7/2026
514385,120904,4/18/2026,5/25/2026
514386,120908,4/18/2026,
514387,120909,4/18/2026,5/2/2026
514388,120914,4/18/2026,
514389,120912,4/18/2026,6/25/2026
514390,120911,4/18/2026,5/17/2026
514391,120874,4/18/2026,5/25/2026
514392,120894,4/18/2026,5/5/2026
514393,120872,4/18/2026,4/22/2026
514394,120849,4/18/2026,6/13/2026
514395,120868,4/18/2026,7/31/2026
514396,120870,4/18/2026,5/7/2026
514397,112255,4/18/2026,4/23/2026
514398,102172,4/18/2026,4/23/2026
514399,120832,4/18/2026,4/28/2026
514400,120834,4/18/2026,4/26/2026
514401,120836,4/18/2026,5/4/2026
514402,120837,4/18/2026,
514403,120838,4/18/2026,4/28/2026
514404,120839,4/18/2026,6/6/2026
514405,120841,4/18/2026,4/21/2026
514406,120843,4/18/2026,5/9/2026
514407,120845,4/18/2026,
514408,115532,4/18/2026,5/15/2026
514409,120851,4/18/2026,4/27/2026
514410,120853,4/18/2026,4/27/2026
514411,120855,4/18/2026,
514412,120857,4/18/2026,6/26/2026
514413,120859,4/18/2026,
514414,120860,4/18/2026,7/7/2026
514415,120862,4/18/2026,7/14/2026
514416,120847,4/18/2026,
514417,120866,4/18/2026,8/2/2026
514418,120864,4/18/2026,5/2/2026
514419,120865,4/18/2026,
514420,120956,4/19/2026,
514421,120973,4/19/2026,
514422,120972,4/19/2026,4/24/2026
514423,120969,4/19/2026,4/23/2026
514424,120970,4/19/2026,5/24/2026
514425,120968,4/19/2026,4/24/2026
514426,120961,4/19/2026,4/26/2026
514427,120965,4/19/2026,4/25/2026
514428,120963,4/19/2026,
514429,120962,4/19/2026,6/16/2026
514430,120974,4/19/2026,5/20/2026
514431,120960,4/19/2026,4/20/2026
514432,120958,4/19/2026,6/6/2026
514433,120966,4/19/2026,4/26/2026
514434,120976,4/19/2026,
514435,120985,4/19/2026,7/27/2026
514436,120980,4/19/2026,7/2/2026
514437,120981,4/19/2026,4/20/2026
514438,120982,4/19/2026,
514439,120983,4/19/2026,
514440,120987,4/19/2026,5/25/2026
514441,120989,4/19/2026,4/24/2026
514442,120990,4/19/2026,
514443,120991,4/19/2026,
514444,120993,4/19/2026,
514445,120995,4/19/2026,5/22/2026
514446,120999,4/19/2026,5/12/2026
514447,120998,4/19/2026,5/11/2026
514448,120997,4/19/2026,
514449,120978,4/19/2026,
514450,120955,4/19/2026,4/26/2026
514451,120952,4/19/2026,4/26/2026
514452,120919,4/19/2026,7/9/2026
514453,104092,4/19/2026,4/23/2026
514454,107809,4/19/2026,5/7/2026
514455,120954,4/19/2026,5/8/2026
514456,120916,4/19/2026,
514457,120917,4/19/2026,5/14/2026
514458,120920,4/19/2026,7/2/2026
514459,120921,4/19/2026,5/14/2026
514460,120923,4/19/2026,7/29/2026
514461,120924,4/19/2026,
514462,120928,4/19/2026,
514463,120929,4/19/2026,4/27/2026
514464,120930,4/19/2026,
514465,120926,4/19/2026,
514466,120934,4/19/2026,4/24/2026
514467,120950,4/19/2026,5/29/2026
514468,120949,4/19/2026,5/31/2026
514469,120947,4/19/2026,5/2/2026
514470,120932,4/19/2026,5/23/2026
514471,120943,4/19/2026,
514472,120942,4/19/2026,6/20/2026
514473,120945,4/19/2026,4/20/2026
514474,120939,4/19/2026,4/23/2026
514475,120938,4/19/2026,
514476,120936,4/19/2026,5/3/2026
514477,120935,4/19/2026,7/2/2026
514478,120940,4/19/2026,5/20/2026
514479,121030,4/20/2026,7/22/2026
514480,121040,4/20/2026,4/26/2026
514481,121032,4/20/2026,4/22/2026
514482,121034,4/20/2026,
514483,121035,4/20/2026,5/8/2026
514484,121037,4/20/2026,
514485,121038,4/20/2026,5/8/2026
514486,121042,4/20/2026,4/25/2026
514487,121057,4/20/2026,4/22/2026
514488,121046,4/20/2026,6/27/2026
514489,121047,4/20/2026,4/30/2026
514490,121049,4/20/2026,6/13/2026
514491,121051,4/20/2026,4/27/2026
514492,121053,4/20/2026,6/18/2026
514493,121055,4/20/2026,4/23/2026
514494,121056,4/20/2026,5/14/2026
514495,121028,4/20/2026,4/30/2026
514496,121044,4/20/2026,6/12/2026
514497,121026,4/20/2026,6/7/2026
514498,121050,4/20/2026,
514499,121022,4/20/2026,4/28/2026
514500,121024,4/20/2026,4/22/2026
514501,109624,4/20/2026,
514502,107604,4/20/2026,7/20/2026
514503,121001,4/20/2026,4/22/2026
514504,121004,4/20/2026,
514505,121005,4/20/2026,7/2/2026
514506,121006,4/20/2026,5/10/2026
514507,121007,4/20/2026,5/25/2026
514508,121002,4/20/2026,
514509,121010,4/20/2026,5/2/2026
514510,121012,4/20/2026,5/24/2026
514511,121014,4/20/2026,4/28/2026
514512,121015,4/20/2026,5/25/2026
514513,121016,4/20/2026,4/28/2026
514514,121017,4/20/2026,4/22/2026
514515,121018,4/20/2026,7/14/2026
514516,121009,4/20/2026,5/6/2026
514517,121020,4/20/2026,
514518,121109,4/21/2026,4/23/2026
514519,121108,4/21/2026,4/22/2026
514520,121107,4/21/2026,5/16/2026
514521,121106,4/21/2026,4/22/2026
514522,121105,4/21/2026,
514523,121100,4/21/2026,4/25/2026
514524,121101,4/21/2026,6/18/2026
514525,121098,4/21/2026,4/22/2026
514526,121110,4/21/2026,
514527,121096,4/21/2026,5/7/2026
514528,121103,4/21/2026,4/24/2026
514529,121112,4/21/2026,4/27/2026
514530,121127,4/21/2026,5/7/2026
514531,121115,4/21/2026,6/23/2026
514532,121117,4/21/2026,4/22/2026
514533,121119,4/21/2026,
514534,121121,4/21/2026,5/7/2026
514535,121122,4/21/2026,
514536,121124,4/21/2026,5/8/2026
514537,121126,4/21/2026,5/16/2026
514538,121095,4/21/2026,7/3/2026
514539,121128,4/21/2026,5/9/2026
514540,121130,4/21/2026,
514541,121131,4/21/2026,6/29/2026
514542,121133,4/21/2026,6/2/2026
514543,121113,4/21/2026,6/1/2026
514544,121093,4/21/2026,4/26/2026
514545,121079,4/21/2026,4/23/2026
514546,121089,4/21/2026,4/23/2026
514547,107894,4/21/2026,
514548,121058,4/21/2026,4/22/2026
514549,121059,4/21/2026,4/22/2026
514550,121060,4/21/2026,
514551,121062,4/21/2026,4/29/2026
514552,121063,4/21/2026,
514553,121064,4/21/2026,7/31/2026
514554,121091,4/21/2026,4/23/2026
514555,121067,4/21/2026,4/22/2026
514556,121069,4/21/2026,6/6/2026
514557,121066,4/21/2026,4/28/2026
514558,121072,4/21/2026,
514559,121087,4/21/2026,5/15/2026
514560,121070,4/21/2026,5/13/2026
514561,121084,4/21/2026,4/29/2026
514562,121083,4/21/2026,6/12/2026
514563,121085,4/21/2026,
514564,121078,4/21/2026,
514565,121077,4/21/2026,
514566,121076,4/21/2026,6/5/2026
514567,121074,4/21/2026,4/24/2026
514568,121081,4/21/2026,6/1/2026
514569,121163,4/22/2026,5/3/2026
514570,121161,4/22/2026,
514571,121160,4/22/2026,
514572,121167,4/22/2026,6/3/2026
514573,121165,4/22/2026,
514574,121166,4/22/2026,4/23/2026
514575,121168,4/22/2026,6/24/2026
514576,121158,4/22/2026,7/3/2026
514577,121171,4/22/2026,4/24/2026
514578,121172,4/22/2026,6/2/2026
514579,121174,4/22/2026,5/27/2026
514580,121176,4/22/2026,5/17/2026
514581,121178,4/22/2026,7/11/2026
514582,121180,4/22/2026,5/26/2026
514583,121181,4/22/2026,5/22/2026
514584,121169,4/22/2026,
514585,121156,4/22/2026,7/4/2026
514586,121179,4/22/2026,5/20/2026
514587,121152,4/22/2026,5/4/2026
514588,121154,4/22/2026,
514589,117330,4/22/2026,
514590,121134,4/22/2026,4/24/2026
514591,121135,4/22/2026,
514592,121137,4/22/2026,5/20/2026
514593,121139,4/22/2026,
514594,121140,4/22/2026,
514595,116368,4/22/2026,
514596,121144,4/22/2026,
514597,121145,4/22/2026,6/22/2026
514598,121146,4/22/2026,
514599,121148,4/22/2026,
514600,121149,4/22/2026,7/11/2026
514601,121151,4/22/2026,
514602,121142,4/22/2026,
514603,121209,4/23/2026,
514604,121211,4/23/2026,5/13/2026
514605,121212,4/23/2026,
514606,121214,4/23/2026,6/1/2026
514607,121216,4/23/2026,
514608,121217,4/23/2026,4/30/2026
514609,121219,4/23/2026,
514610,121222,4/23/2026,
514611,121221,4/23/2026,5/27/2026
514612,121224,4/23/2026,7/26/2026
514613,121225,4/23/2026,6/18/2026
514614,121227,4/23/2026,6/6/2026
514615,121228,4/23/2026,6/16/2026
514616,121207,4/23/2026,6/22/2026
514617,121220,4/23/2026,6/17/2026
514618,121206,4/23/2026,6/9/2026
514619,121204,4/23/2026,
514620,121203,4/23/2026,5/20/2026
514621,121183,4/23/2026,7/13/2026
514622,121185,4/23/2026,
514623,121187,4/23/2026,
514624,121189,4/23/2026,6/25/2026
514625,121190,4/23/2026,7/29/2026
514626,121192,4/23/2026,5/4/2026
514627,121193,4/23/2026,5/5/2026
514628,101505,4/23/2026,5/3/2026
514629,121195,4/23/2026,
514630,121196,4/23/2026,5/21/2026
514631,121197,4/23/2026,4/26/2026
514632,121198,4/23/2026,
514633,121200,4/23/2026,
514634,121201,4/23/2026,4/29/2026
514635,121194,4/23/2026,4/26/2026
514636,121257,4/24/2026,6/25/2026
514637,121258,4/24/2026,6/6/2026
514638,121259,4/24/2026,
514639,121262,4/24/2026,7/21/2026
514640,121263,4/24/2026,
514641,121265,4/24/2026,4/27/2026
514642,121266,4/24/2026,5/5/2026
514643,121270,4/24/2026,4/29/2026
514644,121268,4/24/2026,5/17/2026
514645,121271,4/24/2026,5/23/2026
514646,121273,4/24/2026,6/13/2026
514647,121275,4/24/2026,
514648,121277,4/24/2026,5/15/2026
514649,121255,4/24/2026,
514650,121267,4/24/2026,5/14/2026
514651,121253,4/24/2026,
514652,121261,4/24/2026,4/28/2026
514653,121249,4/24/2026,
514654,121251,4/24/2026,7/23/2026
514655,109532,4/24/2026,5/2/2026
514656,121230,4/24/2026,
514657,121231,4/24/2026,7/12/2026
514658,121234,4/24/2026,
514659,121235,4/24/2026,
514660,121237,4/24/2026,6/23/2026
514661,121233,4/24/2026,
514662,121239,4/24/2026,5/31/2026
514663,121241,4/24/2026,
514664,121243,4/24/2026,6/13/2026
514665,121245,4/24/2026,5/31/2026
514666,121247,4/24/2026,
514667,121248,4/24/2026,
514668,121238,4/24/2026,
514669,121315,4/25/2026,5/12/2026
514670,121324,4/25/2026,6/25/2026
514671,121316,4/25/2026,5/2/2026
514672,121317,4/25/2026,
514673,121319,4/25/2026,
514674,121320,4/25/2026,
514675,121321,4/25/2026,7/26/2026
514676,121323,4/25/2026,
514677,121326,4/25/2026,7/4/2026
514678,121336,4/25/2026,5/3/2026
514679,121329,4/25/2026,
514680,121330,4/25/2026,4/29/2026
514681,121331,4/25/2026,5/23/2026
514682,121332,4/25/2026,
514683,121333,4/25/2026,7/11/2026
514684,121335,4/25/2026,
514685,121338,4/25/2026,
514686,121339,4/25/2026,
514687,121341,4/25/2026,7/3/2026
514688,121328,4/25/2026,5/26/2026
514689,121311,4/25/2026,5/8/2026
514690,121313,4/25/2026,4/27/2026
514691,121308,4/25/2026,5/26/2026
514692,121309,4/25/2026,
514693,121278,4/25/2026,6/9/2026
514694,121280,4/25/2026,7/13/2026
514695,121282,4/25/2026,
514696,121284,4/25/2026,7/15/2026
514697,121288,4/25/2026,4/29/2026
514698,121290,4/25/2026,5/17/2026
514699,121291,4/25/2026,5/4/2026
514700,121286,4/25/2026,6/18/2026
514701,121294,4/25/2026,
514702,121296,4/25/2026,4/29/2026
514703,121298,4/25/2026,5/28/2026
514704,121299,4/25/2026,4/30/2026
514705,121300,4/25/2026,6/2/2026
514706,121302,4/25/2026,4/26/2026
514707,121304,4/25/2026,
514708,121293,4/25/2026,
514709,121306,4/25/2026,4/28/2026
514710,121378,4/26/2026,
514711,121393,4/26/2026,6/20/2026
514712,121374,4/26/2026,5/18/2026
514713,121369,4/26/2026,
514714,121372,4/26/2026,
514715,121371,4/26/2026,5/2/2026
514716,121379,4/26/2026,6/15/2026
514717,121373,4/26/2026,
514718,121380,4/26/2026,5/7/2026
514719,121392,4/26/2026,6/9/2026
514720,121382,4/26/2026,4/30/2026
514721,121383,4/26/2026,4/27/2026
514722,121385,4/26/2026,5/1/2026
514723,121386,4/26/2026,4/27/2026
514724,121387,4/26/2026,5/27/2026
514725,121388,4/26/2026,
514726,121389,4/26/2026,7/5/2026
514727,121367,4/26/2026,
514728,121391,4/26/2026,5/14/2026
514729,121381,4/26/2026,5/2/2026
514730,121365,4/26/2026,4/27/2026
514731,121376,4/26/2026,5/4/2026
514732,121362,4/26/2026,5/10/2026
514733,106568,4/26/2026,5/2/2026
514734,121363,4/26/2026,7/23/2026
514735,121343,4/26/2026,5/26/2026
514736,121345,4/26/2026,
514737,121347,4/26/2026,6/11/2026
514738,121349,4/26/2026,5/12/2026
514739,121350,4/26/2026,5/17/2026
514740,121351,4/26/2026,5/18/2026
514741,121346,4/26/2026,
514742,121353,4/26/2026,6/14/2026
514743,121352,4/26/2026,7/26/2026
514744,121360,4/26/2026,5/29/2026
514745,121359,4/26/2026,
514746,121358,4/26/2026,
514747,121361,4/26/2026,
514748,121357,4/26/2026,5/18/2026
514749,121356,4/26/2026,
514750,121354,4/26/2026,
514751,121435,4/27/2026,7/1/2026
514752,121436,4/27/2026,4/28/2026
514753,121438,4/27/2026,
514754,121439,4/27/2026,
514755,121440,4/27/2026,7/6/2026
514756,121441,4/27/2026,5/13/2026
514757,121442,4/27/2026,
514758,121443,4/27/2026,5/11/2026
514759,121445,4/27/2026,
514760,121446,4/27/2026,
514761,121447,4/27/2026,7/22/2026
514762,121462,4/27/2026,
514763,121450,4/27/2026,7/13/2026
514764,121452,4/27/2026,5/27/2026
514765,121454,4/27/2026,7/5/2026
514766,121455,4/27/2026,
514767,121457,4/27/2026,5/5/2026
514768,121459,4/27/2026,7/11/2026
514769,121461,4/27/2026,7/15/2026
514770,121434,4/27/2026,5/15/2026
514771,121464,4/27/2026,
514772,121465,4/27/2026,4/30/2026
514773,121449,4/27/2026,7/29/2026
514774,121432,4/27/2026,8/3/2026
514775,121429,4/27/2026,5/19/2026
514776,121397,4/27/2026,
514777,121395,4/27/2026,
514778,121430,4/27/2026,5/3/2026
514779,121399,4/27/2026,
514780,121401,4/27/2026,
514781,121403,4/27/2026,
514782,121405,4/27/2026,
514783,121408,4/27/2026,
514784,121410,4/27/2026,6/16/2026
514785,121411,4/27/2026,5/10/2026
514786,121407,4/27/2026,
514787,121414,4/27/2026,5/16/2026
514788,121427,4/27/2026,4/30/2026
514789,121413,4/27/2026,
514790,121424,4/27/2026,7/3/2026
514791,121422,4/27/2026,6/27/2026
514792,121426,4/27/2026,7/11/2026
514793,121419,4/27/2026,
514794,121417,4/27/2026,5/7/2026
514795,121416,4/27/2026,5/4/2026
514796,121421,4/27/2026,5/16/2026
514797,121503,4/28/2026,7/3/2026
514798,121495,4/28/2026,5/7/2026
514799,121497,4/28/2026,5/26/2026
514800,121498,4/28/2026,7/15/2026
514801,121519,4/28/2026,4/30/2026
514802,121500,4/28/2026,
514803,121502,4/28/2026,5/3/2026
514804,121504,4/28/2026,
514805,121493,4/28/2026,5/9/2026
514806,121507,4/28/2026,
514807,121508,4/28/2026,6/6/2026
514808,121510,4/28/2026,6/8/2026
514809,121511,4/28/2026,5/9/2026
514810,121512,4/28/2026,5/5/2026
514811,121513,4/28/2026,5/4/2026
514812,121517,4/28/2026,
514813,121515,4/28/2026,5/12/2026
514814,121505,4/28/2026,5/7/2026
514815,121492,4/28/2026,5/2/2026
514816,121482,4/28/2026,6/1/2026
514817,121489,4/28/2026,
514818,121490,4/28/2026,
514819,113721,4/28/2026,8/3/2026
514820,121467,4/28/2026,
514821,121468,4/28/2026,5/2/2026
514822,121469,4/28/2026,5/15/2026
514823,121471,4/28/2026,5/12/2026
514824,121472,4/28/2026,5/18/2026
514825,115404,4/28/2026,5/5/2026
514826,121476,4/28/2026,5/14/2026
514827,121478,4/28/2026,
514828,121480,4/28/2026,
514829,121481,4/28/2026,5/2/2026
514830,121484,4/28/2026,
514831,121486,4/28/2026,6/13/2026
514832,121488,4/28/2026,6/21/2026
514833,121474,4/28/2026,6/8/2026
514834,121547,4/29/2026,
514835,121548,4/29/2026,7/13/2026
514836,121550,4/29/2026,5/9/2026
514837,121551,4/29/2026,5/3/2026
514838,121553,4/29/2026,
514839,121555,4/29/2026,5/2/2026
514840,121556,4/29/2026,
514841,121558,4/29/2026,6/21/2026
514842,121563,4/29/2026,5/8/2026
514843,121561,4/29/2026,6/28/2026
514844,121562,4/29/2026,
514845,121564,4/29/2026,6/4/2026
514846,121566,4/29/2026,6/1/2026
514847,121568,4/29/2026,5/16/2026
514848,121570,4/29/2026,5/10/2026
514849,121571,4/29/2026,6/19/2026
514850,121560,4/29/2026,5/28/2026
514851,121544,4/29/2026,
514852,121545,4/29/2026,6/17/2026
514853,121542,4/29/2026,7/17/2026
514854,121543,4/29/2026,7/8/2026
514855,121520,4/29/2026,6/13/2026
514856,121521,4/29/2026,5/5/2026
514857,121525,4/29/2026,5/8/2026
514858,121527,4/29/2026,5/15/2026
514859,121528,4/29/2026,
514860,121530,4/29/2026,
514861,121523,4/29/2026,
514862,121532,4/29/2026,6/25/2026
514863,121534,4/29/2026,
514864,121535,4/29/2026,
514865,121537,4/29/2026,
514866,121538,4/29/2026,
514867,121540,4/29/2026,
514868,121531,4/29/2026,5/4/2026
514869,121615,4/30/2026,6/7/2026
514870,121603,4/30/2026,
514871,121605,4/30/2026,7/31/2026
514872,121607,4/30/2026,
514873,121608,4/30/2026,5/10/2026
514874,121610,4/30/2026,5/12/2026
514875,121612,4/30/2026,
514876,121613,4/30/2026,5/7/2026
514877,121616,4/30/2026,5/2/2026
514878,121629,4/30/2026,6/1/2026
514879,121620,4/30/2026,5/30/2026
514880,121621,4/30/2026,
514881,121623,4/30/2026,
514882,121625,4/30/2026,5/10/2026
514883,121626,4/30/2026,
514884,121628,4/30/2026,6/6/2026
514885,121633,4/30/2026,5/14/2026
514886,121602,4/30/2026,
514887,121631,4/30/2026,6/7/2026
514888,121618,4/30/2026,
514889,121601,4/30/2026,6/1/2026
514890,121634,4/30/2026,
514891,121598,4/30/2026,6/2/2026
514892,121600,4/30/2026,
514893,121575,4/30/2026,5/1/2026
514894,121577,4/30/2026,
514895,121578,4/30/2026,7/25/2026
514896,121580,4/30/2026,6/28/2026
514897,121581,4/30/2026,5/30/2026
514898,121582,4/30/2026,5/31/2026
514899,121583,4/30/2026,5/2/2026
514900,121573,4/30/2026,5/24/2026
514901,121587,4/30/2026,
514902,121585,4/30/2026,6/12/2026
514903,121596,4/30/2026,5/4/2026
514904,121594,4/30/2026,
514905,121597,4/30/2026,
514906,121590,4/30/2026,5/3/2026
514907,121589,4/30/2026,5/25/2026
514908,121592,4/30/2026,6/30/2026
514909,121659,5/1/2026,6/17/2026
514910,121660,5/1/2026,
514911,121661,5/1/2026,
514912,121663,5/1/2026,5/9/2026
514913,121665,5/1/2026,7/31/2026
514914,121667,5/1/2026,
514915,121668,5/1/2026,5/2/2026
514916,121670,5/1/2026,6/8/2026
514917,121674,5/1/2026,6/12/2026
514918,121675,5/1/2026,6/7/2026
514919,121677,5/1/2026,
514920,121679,5/1/2026,7/22/2026
514921,121680,5/1/2026,
514922,121657,5/1/2026,
514923,121672,5/1/2026,5/5/2026
514924,121653,5/1/2026,6/3/2026
514925,121655,5/1/2026,5/23/2026
514926,111509,5/1/2026,7/20/2026
514927,117424,5/1/2026,5/6/2026
514928,111168,5/1/2026,5/28/2026
514929,108873,5/1/2026,5/15/2026
514930,121635,5/1/2026,6/8/2026
514931,121636,5/1/2026,5/11/2026
514932,121652,5/1/2026,6/14/2026
514933,121639,5/1/2026,5/11/2026
514934,121637,5/1/2026,5/31/2026
514935,121642,5/1/2026,
514936,121644,5/1/2026,7/7/2026
514937,121646,5/1/2026,5/9/2026
514938,121648,5/1/2026,5/2/2026
514939,121649,5/1/2026,5/20/2026
514940,121651,5/1/2026,
514941,121640,5/1/2026,5/13/2026
514942,121722,5/2/2026,5/25/2026
514943,121721,5/2/2026,
514944,121719,5/2/2026,7/11/2026
514945,121711,5/2/2026,5/7/2026
514946,121715,5/2/2026,5/9/2026
514947,121713,5/2/2026,5/7/2026
514948,121724,5/2/2026,5/21/2026
514949,121717,5/2/2026,5/10/2026
514950,121726,5/2/2026,
514951,121739,5/2/2026,5/5/2026
514952,121728,5/2/2026,
514953,121729,5/2/2026,5/18/2026
514954,121731,5/2/2026,5/15/2026
514955,121733,5/2/2026,6/3/2026
514956,121734,5/2/2026,
514957,121735,5/2/2026,
514958,121737,5/2/2026,7/9/2026
514959,121741,5/2/2026,5/9/2026
514960,121727,5/2/2026,5/20/2026
514961,121710,5/2/2026,5/17/2026
514962,121688,5/2/2026,5/3/2026
514963,121707,5/2/2026,7/20/2026
514964,121708,5/2/2026,7/11/2026
514965,109376,5/2/2026,5/3/2026
514966,113370,5/2/2026,5/11/2026
514967,121682,5/2/2026,
514968,121685,5/2/2026,5/3/2026
514969,121686,5/2/2026,5/15/2026
514970,121687,5/2/2026,5/19/2026
514971,121689,5/2/2026,7/7/2026
514972,121683,5/2/2026,7/25/2026
514973,121693,5/2/2026,5/14/2026
514974,121695,5/2/2026,6/12/2026
514975,121697,5/2/2026,
514976,121698,5/2/2026,7/26/2026
514977,121700,5/2/2026,5/12/2026
514978,121702,5/2/2026,5/8/2026
514979,121704,5/2/2026,
514980,121691,5/2/2026,6/5/2026
514981,121706,5/2/2026,
514982,121805,5/3/2026,5/19/2026
514983,121803,5/3/2026,5/22/2026
514984,121801,5/3/2026,5/13/2026
514985,121799,5/3/2026,5/15/2026
514986,121797,5/3/2026,5/6/2026
514987,121790,5/3/2026,5/13/2026
514988,121793,5/3/2026,
514989,121792,5/3/2026,6/7/2026
514990,121789,5/3/2026,7/23/2026
514991,121807,5/3/2026,5/17/2026
514992,121787,5/3/2026,5/5/2026
514993,121795,5/3/2026,5/9/2026
514994,121809,5/3/2026,
514995,121825,5/3/2026,5/12/2026
514996,121812,5/3/2026,
514997,121813,5/3/2026,7/17/2026
514998,121815,5/3/2026,
514999,121817,5/3/2026,5/22/2026
515000,121819,5/3/2026,
515001,121821,5/3/2026,
515002,121823,5/3/2026,6/5/2026
515003,121827,5/3/2026,7/11/2026
515004,121830,5/3/2026,6/18/2026
515005,121831,5/3/2026,5/18/2026
515006,121833,5/3/2026,5/23/2026
515007,121786,5/3/2026,5/31/2026
515008,121810,5/3/2026,5/15/2026
515009,121784,5/3/2026,
515010,121829,5/3/2026,5/5/2026
515011,121780,5/3/2026,5/10/2026
515012,110747,5/3/2026,
515013,121782,5/3/2026,5/6/2026
515014,121742,5/3/2026,5/18/2026
515015,121744,5/3/2026,5/6/2026
515016,121746,5/3/2026,5/4/2026
515017,121748,5/3/2026,
515018,121749,5/3/2026,7/3/2026
515019,121750,5/3/2026,5/16/2026
515020,121752,5/3/2026,5/5/2026
515021,121753,5/3/2026,5/20/2026
515022,121754,5/3/2026,7/29/2026
515023,121756,5/3/2026,5/23/2026
515024,114872,5/3/2026,5/23/2026
515025,121759,5/3/2026,6/5/2026
515026,121758,5/3/2026,5/12/2026
515027,121778,5/3/2026,
515028,121774,5/3/2026,
515029,121772,5/3/2026,5/5/2026
515030,121770,5/3/2026,5/24/2026
515031,121776,5/3/2026,
515032,121766,5/3/2026,5/31/2026
515033,121765,5/3/2026,5/23/2026
515034,121763,5/3/2026,7/14/2026
515035,121761,5/3/2026,5/5/2026
515036,121768,5/3/2026,5/24/2026
515037,121860,5/4/2026,5/14/2026
515038,121871,5/4/2026,5/16/2026
515039,121862,5/4/2026,6/17/2026
515040,121863,5/4/2026,6/5/2026
515041,121864,5/4/2026,8/2/2026
515042,121866,5/4/2026,6/12/2026
515043,121867,5/4/2026,6/12/2026
515044,121868,5/4/2026,
515045,121869,5/4/2026,6/1/2026
515046,121872,5/4/2026,
515047,121882,5/4/2026,6/4/2026
515048,121876,5/4/2026,5/5/2026
515049,121877,5/4/2026,5/12/2026
515050,121879,5/4/2026,5/7/2026
515051,121881,5/4/2026,5/5/2026
515052,121884,5/4/2026,5/18/2026
515053,121885,5/4/2026,5/14/2026
515054,121887,5/4/2026,6/14/2026
515055,121889,5/4/2026,5/5/2026
515056,121858,5/4/2026,5/6/2026
515057,121874,5/4/2026,5/14/2026
515058,121856,5/4/2026,
515059,121849,5/4/2026,
515060,121853,5/4/2026,6/17/2026
515061,100372,5/4/2026,
515062,113167,5/4/2026,5/6/2026
515063,117128,5/4/2026,5/15/2026
515064,121835,5/4/2026,5/11/2026
515065,121836,5/4/2026,6/20/2026
515066,112862,5/4/2026,7/10/2026
515067,121840,5/4/2026,5/10/2026
515068,121838,5/4/2026,6/8/2026
515069,121843,5/4/2026,5/31/2026
515070,121845,5/4/2026,5/11/2026
515071,121847,5/4/2026,5/11/2026
515072,121851,5/4/2026,5/19/2026
515073,121852,5/4/2026,5/25/2026
515074,121842,5/4/2026,5/5/2026
515075,121854,5/4/2026,
515076,121925,5/5/2026,
515077,121924,5/5/2026,
515078,121923,5/5/2026,6/29/2026
515079,121917,5/5/2026,6/18/2026
515080,121920,5/5/2026,5/27/2026
515081,121918,5/5/2026,5/25/2026
515082,121948,5/5/2026,6/6/2026
515083,121927,5/5/2026,5/14/2026
515084,121915,5/5/2026,5/27/2026
515085,121922,5/5/2026,5/15/2026
515086,121928,5/5/2026,
515087,121946,5/5/2026,5/30/2026
515088,121931,5/5/2026,
515089,121933,5/5/2026,
515090,121935,5/5/2026,6/1/2026
515091,121937,5/5/2026,
515092,121944,5/5/2026,
515093,121942,5/5/2026,5/30/2026
515094,121941,5/5/2026,5/13/2026
515095,121940,5/5/2026,5/11/2026
515096,121939,5/5/2026,6/2/2026
515097,121914,5/5/2026,5/16/2026
515098,121929,5/5/2026,5/30/2026
515099,121913,5/5/2026,5/22/2026
515100,121904,5/5/2026,5/19/2026
515101,121909,5/5/2026,6/23/2026
515102,104520,5/5/2026,6/30/2026
515103,121890,5/5/2026,
515104,121891,5/5/2026,5/14/2026
515105,121893,5/5/2026,
515106,121894,5/5/2026,5/8/2026
515107,121895,5/5/2026,
515108,121897,5/5/2026,
515109,121911,5/5/2026,5/20/2026
515110,121899,5/5/2026,
515111,121900,5/5/2026,
515112,121902,5/5/2026,5/29/2026
515113,121905,5/5/2026,5/18/2026
515114,121906,5/5/2026,7/15/2026
515115,121898,5/5/2026,5/10/2026
515116,121907,5/5/2026,5/6/2026
515117,121982,5/6/2026,
515118,121981,5/6/2026,
515119,121980,5/6/2026,
515120,121978,5/6/2026,5/7/2026
515121,121984,5/6/2026,5/26/2026
515122,121976,5/6/2026,5/12/2026
515123,121975,5/6/2026,
515124,121974,5/6/2026,7/29/2026
515125,121979,5/6/2026,
515126,121985,5/6/2026,
515127,121991,5/6/2026,6/25/2026
515128,121988,5/6/2026,7/5/2026
515129,121989,5/6/2026,6/9/2026
515130,121993,5/6/2026,7/30/2026
515131,121994,5/6/2026,7/6/2026
515132,121972,5/6/2026,7/26/2026
515133,121997,5/6/2026,
515134,121999,5/6/2026,
515135,122000,5/6/2026,5/28/2026
515136,122002,5/6/2026,5/16/2026
515137,122004,5/6/2026,6/14/2026
515138,121986,5/6/2026,5/30/2026
515139,121996,5/6/2026,6/14/2026
515140,121971,5/6/2026,5/9/2026
515141,121967,5/6/2026,6/2/2026
515142,108320,5/6/2026,
515143,108166,5/6/2026,6/21/2026
515144,100155,5/6/2026,
515145,121949,5/6/2026,5/14/2026
515146,121950,5/6/2026,
515147,121952,5/6/2026,
515148,121954,5/6/2026,
515149,121953,5/6/2026,5/12/2026
515150,121958,5/6/2026,7/12/2026
515151,121959,5/6/2026,
515152,121960,5/6/2026,
515153,121962,5/6/2026,
515154,121963,5/6/2026,6/30/2026
515155,121965,5/6/2026,6/2/2026
515156,121956,5/6/2026,
515157,121969,5/6/2026,5/10/2026
515158,122034,5/7/2026,6/16/2026
515159,122037,5/7/2026,5/16/2026
515160,122035,5/7/2026,
515161,122027,5/7/2026,
515162,122031,5/7/2026,
515163,122030,5/7/2026,5/20/2026
515164,122028,5/7/2026,6/1/2026
515165,122039,5/7/2026,5/12/2026
515166,122032,5/7/2026,5/14/2026
515167,122040,5/7/2026,5/8/2026
515168,122058,5/7/2026,5/16/2026
515169,122043,5/7/2026,
515170,122044,5/7/2026,5/9/2026
515171,122045,5/7/2026,5/15/2026
515172,122047,5/7/2026,5/23/2026
515173,122050,5/7/2026,8/3/2026
515174,122051,5/7/2026,5/24/2026
515175,122055,5/7/2026,5/23/2026
515176,122056,5/7/2026,
515177,122025,5/7/2026,
515178,122048,5/7/2026,
515179,122041,5/7/2026,6/16/2026
515180,122023,5/7/2026,
515181,122053,5/7/2026,5/15/2026
515182,122020,5/7/2026,6/3/2026
515183,108597,5/7/2026,5/8/2026
515184,112876,5/7/2026,7/18/2026
515185,113892,5/7/2026,5/13/2026
515186,122022,5/7/2026,
515187,122007,5/7/2026,5/13/2026
515188,122008,5/7/2026,7/6/2026
515189,122010,5/7/2026,5/26/2026
515190,122005,5/7/2026,5/20/2026
515191,122013,5/7/2026,6/8/2026
515192,122015,5/7/2026,6/23/2026
515193,122016,5/7/2026,5/27/2026
515194,122017,5/7/2026,
515195,122018,5/7/2026,5/9/2026
515196,122019,5/7/2026,
515197,122011,5/7/2026,5/8/2026
515198,122086,5/8/2026,7/29/2026
515199,122079,5/8/2026,6/1/2026
515200,122080,5/8/2026,7/18/2026
515201,122081,5/8/2026,7/25/2026
515202,122082,5/8/2026,7/24/2026
515203,122083,5/8/2026,
515204,122085,5/8/2026,5/22/2026
515205,122088,5/8/2026,
515206,122095,5/8/2026,6/5/2026
515207,122091,5/8/2026,6/10/2026
515208,122092,5/8/2026,
515209,122093,5/8/2026,5/18/2026
515210,122078,5/8/2026,7/17/2026
515211,122097,5/8/2026,6/20/2026
515212,122098,5/8/2026,5/14/2026
515213,122099,5/8/2026,6/14/2026
515214,122100,5/8/2026,5/11/2026
515215,122089,5/8/2026,7/16/2026
515216,122076,5/8/2026,5/9/2026
515217,122075,5/8/2026,
515218,111029,5/8/2026,
515219,112914,5/8/2026,
515220,122074,5/8/2026,7/7/2026
515221,122059,5/8/2026,5/20/2026
515222,113872,5/8/2026,6/21/2026
515223,122062,5/8/2026,6/29/2026
515224,122061,5/8/2026,5/16/2026
515225,122064,5/8/2026,
515226,122066,5/8/2026,5/20/2026
515227,122068,5/8/2026,
515228,122070,5/8/2026,
515229,122072,5/8/2026,5/13/2026
515230,122063,5/8/2026,
515231,122136,5/9/2026,
515232,122134,5/9/2026,
515233,122133,5/9/2026,5/26/2026
515234,122131,5/9/2026,6/5/2026
515235,122124,5/9/2026,5/21/2026
515236,122129,5/9/2026,
515237,122128,5/9/2026,7/21/2026
515238,122138,5/9/2026,
515239,122126,5/9/2026,7/27/2026
515240,122130,5/9/2026,
515241,122139,5/9/2026,5/12/2026
515242,122155,5/9/2026,6/25/2026
515243,122144,5/9/2026,
515244,122145,5/9/2026,
515245,122146,5/9/2026,5/11/2026
515246,122147,5/9/2026,
515247,122157,5/9/2026,5/11/2026
515248,122154,5/9/2026,
515249,122152,5/9/2026,8/1/2026
515250,122151,5/9/2026,5/20/2026
515251,122149,5/9/2026,
515252,122148,5/9/2026,5/28/2026
515253,122143,5/9/2026,
515254,122123,5/9/2026,6/11/2026
515255,122141,5/9/2026,5/12/2026
515256,122121,5/9/2026,
515257,111840,5/9/2026,5/20/2026
515258,103787,5/9/2026,6/3/2026
515259,109270,5/9/2026,6/18/2026
515260,109318,5/9/2026,6/17/2026
515261,122122,5/9/2026,5/31/2026
515262,115490,5/9/2026,6/28/2026
515263,122101,5/9/2026,
515264,122102,5/9/2026,5/15/2026
515265,122103,5/9/2026,
515266,122105,5/9/2026,5/16/2026
515267,109838,5/9/2026,5/10/2026
515268,122118,5/9/2026,5/19/2026
515269,122108,5/9/2026,
515270,122109,5/9/2026,5/21/2026
515271,122110,5/9/2026,6/6/2026
515272,122111,5/9/2026,
515273,122112,5/9/2026,5/20/2026
515274,122114,5/9/2026,5/25/2026
515275,122116,5/9/2026,5/10/2026
515276,122107,5/9/2026,6/3/2026
515277,122119,5/9/2026,7/1/2026
515278,122213,5/10/2026,5/12/2026
515279,122212,5/10/2026,7/22/2026
515280,122211,5/10/2026,6/18/2026
515281,122209,5/10/2026,5/13/2026
515282,122208,5/10/2026,
515283,122207,5/10/2026,5/31/2026
515284,122197,5/10/2026,5/11/2026
515285,122204,5/10/2026,
515286,122202,5/10/2026,7/22/2026
515287,122201,5/10/2026,6/26/2026
515288,122199,5/10/2026,5/23/2026
515289,122214,5/10/2026,6/9/2026
515290,122205,5/10/2026,5/20/2026
515291,122215,5/10/2026,5/23/2026
515292,122232,5/10/2026,6/5/2026
515293,122219,5/10/2026,7/31/2026
515294,122221,5/10/2026,
515295,122223,5/10/2026,
515296,122225,5/10/2026,7/19/2026
515297,122227,5/10/2026,
515298,122229,5/10/2026,5/22/2026
515299,122230,5/10/2026,
515300,122231,5/10/2026,5/31/2026
515301,122196,5/10/2026,7/26/2026
515302,122233,5/10/2026,7/22/2026
515303,122234,5/10/2026,6/1/2026
515304,122235,5/10/2026,
515305,122237,5/10/2026,5/21/2026
515306,119953,5/10/2026,6/21/2026
515307,122217,5/10/2026,7/6/2026
515308,122195,5/10/2026,
515309,122189,5/10/2026,6/5/2026
515310,122192,5/10/2026,6/6/2026
515311,115401,5/10/2026,
515312,122158,5/10/2026,5/25/2026
515313,122159,5/10/2026,5/12/2026
515314,122193,5/10/2026,
515315,122162,5/10/2026,5/11/2026
515316,122163,5/10/2026,
515317,122164,5/10/2026,
515318,122166,5/10/2026,5/29/2026
515319,122167,5/10/2026,6/29/2026
515320,122169,5/10/2026,6/26/2026
515321,122170,5/10/2026,
515322,122172,5/10/2026,5/30/2026
515323,122160,5/10/2026,
515324,122174,5/10/2026,
515325,122173,5/10/2026,7/19/2026
515326,122190,5/10/2026,5/14/2026
515327,122187,5/10/2026,
515328,122186,5/10/2026,5/11/2026
515329,122184,5/10/2026,5/14/2026
515330,122188,5/10/2026,
515331,122181,5/10/2026,5/19/2026
515332,122180,5/10/2026,
515333,122179,5/10/2026,6/8/2026
515334,122177,5/10/2026,
515335,122175,5/10/2026,
515336,122183,5/10/2026,
515337,122271,5/11/2026,5/14/2026
515338,122263,5/11/2026,6/14/2026
515339,122264,5/11/2026,6/26/2026
515340,122266,5/11/2026,
515341,122267,5/11/2026,6/4/2026
515342,122268,5/11/2026,
515343,122270,5/11/2026,
515344,122261,5/11/2026,5/13/2026
515345,122282,5/11/2026,5/12/2026
515346,122274,5/11/2026,7/3/2026
515347,122276,5/11/2026,
515348,122277,5/11/2026,5/31/2026
515349,122279,5/11/2026,
515350,122280,5/11/2026,6/13/2026
515351,122285,5/11/2026,7/26/2026
515352,122287,5/11/2026,5/21/2026
515353,122283,5/11/2026,5/13/2026
515354,122272,5/11/2026,
515355,122260,5/11/2026,6/13/2026
515356,122246,5/11/2026,6/4/2026
515357,122258,5/11/2026,7/23/2026
515358,109380,5/11/2026,5/15/2026
515359,110526,5/11/2026,5/15/2026
515360,122238,5/11/2026,6/3/2026
515361,122239,5/11/2026,5/12/2026
515362,122241,5/11/2026,
515363,122242,5/11/2026,
515364,122243,5/11/2026,6/1/2026
515365,122245,5/11/2026,5/13/2026
515366,122259,5/11/2026,7/23/2026
515367,122249,5/11/2026,5/13/2026
515368,122250,5/11/2026,5/15/2026
515369,122251,5/11/2026,
515370,122253,5/11/2026,5/14/2026
515371,122255,5/11/2026,5/22/2026
515372,122256,5/11/2026,
515373,122257,5/11/2026,
515374,122248,5/11/2026,7/8/2026
515375,122320,5/12/2026,6/13/2026
515376,122318,5/12/2026,7/25/2026
515377,122316,5/12/2026,6/24/2026
515378,122313,5/12/2026,5/18/2026
515379,122314,5/12/2026,5/21/2026
515380,122321,5/12/2026,6/7/2026
515381,122311,5/12/2026,5/23/2026
515382,122315,5/12/2026,5/27/2026
515383,122322,5/12/2026,6/28/2026
515384,122330,5/12/2026,5/28/2026
515385,122326,5/12/2026,5/21/2026
515386,122328,5/12/2026,5/13/2026
515387,122332,5/12/2026,
515388,122333,5/12/2026,5/24/2026
515389,122334,5/12/2026,6/5/2026
515390,122335,5/12/2026,
515391,122309,5/12/2026,5/27/2026
515392,122338,5/12/2026,5/16/2026
515393,122324,5/12/2026,
515394,122337,5/12/2026,5/29/2026
515395,122308,5/12/2026,5/25/2026
515396,122306,5/12/2026,
515397,122307,5/12/2026,6/29/2026
515398,109012,5/12/2026,5/30/2026
515399,122288,5/12/2026,5/20/2026
515400,122289,5/12/2026,5/17/2026
515401,122291,5/12/2026,
515402,122292,5/12/2026,5/14/2026
515403,122293,5/12/2026,
515404,122290,5/12/2026,5/25/2026
515405,122297,5/12/2026,
515406,122298,5/12/2026,5/20/2026
515407,122300,5/12/2026,
515408,122302,5/12/2026,
515409,122303,5/12/2026,5/14/2026
515410,122304,5/12/2026,5/22/2026
515411,122295,5/12/2026,
515412,122305,5/12/2026,7/14/2026
515413,122373,5/13/2026,6/8/2026
515414,122372,5/13/2026,
515415,122370,5/13/2026,
515416,122367,5/13/2026,6/15/2026
515417,122368,5/13/2026,6/5/2026
515418,122366,5/13/2026,5/26/2026
515419,122375,5/13/2026,7/31/2026
515420,122369,5/13/2026,7/1/2026
515421,122377,5/13/2026,5/18/2026
515422,122390,5/13/2026,5/16/2026
515423,122381,5/13/2026,7/12/2026
515424,122382,5/13/2026,7/13/2026
515425,122383,5/13/2026,
515426,122384,5/13/2026,5/15/2026
515427,122385,5/13/2026,5/28/2026
515428,122387,5/13/2026,
515429,122389,5/13/2026,
515430,122388,5/13/2026,6/16/2026
515431,122379,5/13/2026,
515432,122362,5/13/2026,5/24/2026
515433,122364,5/13/2026,6/3/2026
515434,122359,5/13/2026,6/1/2026
515435,119866,5/13/2026,5/14/2026
515436,122340,5/13/2026,7/6/2026
515437,122341,5/13/2026,5/28/2026
515438,122342,5/13/2026,5/17/2026
515439,122343,5/13/2026,
515440,122345,5/13/2026,5/22/2026
515441,122346,5/13/2026,6/20/2026
515442,122360,5/13/2026,7/30/2026
515443,122348,5/13/2026,
515444,122350,5/13/2026,6/4/2026
515445,122352,5/13/2026,
515446,122353,5/13/2026,6/8/2026
515447,122355,5/13/2026,
515448,122356,5/13/2026,5/23/2026
515449,122347,5/13/2026,
515450,122357,5/13/2026,
515451,122432,5/14/2026,5/18/2026
515452,122430,5/14/2026,
515453,122429,5/14/2026,
515454,122426,5/14/2026,6/17/2026
515455,122433,5/14/2026,
515456,122425,5/14/2026,
515457,122423,5/14/2026,5/15/2026
515458,122427,5/14/2026,
515459,122434,5/14/2026,6/26/2026
515460,122440,5/14/2026,
515461,122437,5/14/2026,
515462,122438,5/14/2026,
515463,122442,5/14/2026,6/12/2026
515464,122444,5/14/2026,5/21/2026
515465,122446,5/14/2026,5/20/2026
515466,122421,5/14/2026,6/1/2026
515467,122449,5/14/2026,5/15/2026
515468,122450,5/14/2026,6/1/2026
515469,122452,5/14/2026,5/26/2026
515470,122436,5/14/2026,6/11/2026
515471,122447,5/14/2026,5/17/2026
515472,122419,5/14/2026,
515473,122417,5/14/2026,
515474,122418,5/14/2026,6/29/2026
515475,122392,5/14/2026,
515476,122394,5/14/2026,
515477,122396,5/14/2026,
515478,122398,5/14/2026,5/15/2026
515479,122399,5/14/2026,6/30/2026
515480,122400,5/14/2026,5/17/2026
515481,106533,5/14/2026,
515482,122404,5/14/2026,
515483,122406,5/14/2026,6/19/2026
515484,122408,5/14/2026,5/18/2026
515485,122409,5/14/2026,
515486,122411,5/14/2026,5/15/2026
515487,122413,5/14/2026,5/21/2026
515488,122402,5/14/2026,7/10/2026
515489,122415,5/14/2026,6/2/2026
515490,122490,5/15/2026,5/20/2026
515491,122488,5/15/2026,
515492,122486,5/15/2026,6/18/2026
515493,122481,5/15/2026,5/19/2026
515494,122483,5/15/2026,
515495,122491,5/15/2026,6/2/2026
515496,122480,5/15/2026,6/3/2026
515497,122478,5/15/2026,6/13/2026
515498,122484,5/15/2026,7/14/2026
515499,122492,5/15/2026,6/5/2026
515500,122498,5/15/2026,5/26/2026
515501,122495,5/15/2026,5/25/2026
515502,122497,5/15/2026,
515503,122499,5/15/2026,6/22/2026
515504,122501,5/15/2026,
515505,122506,5/15/2026,6/26/2026
515506,122507,5/15/2026,6/3/2026
515507,122477,5/15/2026,7/29/2026
515508,122504,5/15/2026,5/22/2026
515509,122502,5/15/2026,7/17/2026
515510,122494,5/15/2026,6/16/2026
515511,122475,5/15/2026,7/20/2026
515512,122474,5/15/2026,
515513,122473,5/15/2026,6/10/2026
515514,118447,5/15/2026,5/25/2026
515515,115225,5/15/2026,
515516,107837,5/15/2026,
515517,110187,5/15/2026,5/16/2026
515518,122453,5/15/2026,5/17/2026
515519,122454,5/15/2026,5/22/2026
515520,122455,5/15/2026,6/15/2026
515521,122459,5/15/2026,6/21/2026
515522,122457,5/15/2026,7/24/2026
515523,122462,5/15/2026,
515524,122463,5/15/2026,7/25/2026
515525,122464,5/15/2026,7/16/2026
515526,122465,5/15/2026,
515527,122466,5/15/2026,5/17/2026
515528,122468,5/15/2026,6/15/2026
515529,122470,5/15/2026,
515530,122471,5/15/2026,5/30/2026
515531,122460,5/15/2026,
515532,122554,5/16/2026,7/23/2026
515533,122559,5/16/2026,
515534,122557,5/16/2026,5/20/2026
515535,122555,5/16/2026,
515536,122552,5/16/2026,5/17/2026
515537,122545,5/16/2026,
515538,122549,5/16/2026,5/20/2026
515539,122548,5/16/2026,5/19/2026
515540,122547,5/16/2026,6/15/2026
515541,122561,5/16/2026,
515542,122551,5/16/2026,
515543,122563,5/16/2026,5/27/2026
515544,122580,5/16/2026,6/5/2026
515545,122567,5/16/2026,5/17/2026
515546,122569,5/16/2026,5/29/2026
515547,122571,5/16/2026,
515548,122572,5/16/2026,
515549,122573,5/16/2026,6/9/2026
515550,122575,5/16/2026,7/26/2026
515551,122577,5/16/2026,
515552,122578,5/16/2026,5/17/2026
515553,122544,5/16/2026,7/14/2026
515554,122582,5/16/2026,
515555,122583,5/16/2026,6/7/2026
515556,122585,5/16/2026,6/25/2026
515557,122565,5/16/2026,5/23/2026
515558,122543,5/16/2026,
515559,122574,5/16/2026,6/3/2026
515560,122539,5/16/2026,6/15/2026
515561,122541,5/16/2026,
515562,111515,5/16/2026,6/2/2026
515563,106761,5/16/2026,5/25/2026
515564,111126,5/16/2026,
515565,122508,5/16/2026,7/12/2026
515566,122510,5/16/2026,5/18/2026
515567,122511,5/16/2026,
515568,122513,5/16/2026,7/11/2026
515569,122515,5/16/2026,5/21/2026
515570,122516,5/16/2026,5/29/2026
515571,122518,5/16/2026,
515572,122519,5/16/2026,
515573,119517,5/16/2026,
515574,122523,5/16/2026,6/23/2026
515575,122524,5/16/2026,6/23/2026
515576,122525,5/16/2026,
515577,122526,5/16/2026,6/1/2026
515578,122527,5/16/2026,
515579,122528,5/16/2026,
515580,122530,5/16/2026,6/29/2026
515581,122532,5/16/2026,5/19/2026
515582,122534,5/16/2026,
515583,122521,5/16/2026,
515584,122536,5/16/2026,7/19/2026
515585,122538,5/16/2026,5/17/2026
515586,122629,5/17/2026,5/18/2026
515587,122627,5/17/2026,6/3/2026
515588,122625,5/17/2026,5/21/2026
515589,122624,5/17/2026,6/11/2026
515590,122620,5/17/2026,
515591,122621,5/17/2026,
515592,122631,5/17/2026,5/18/2026
515593,122619,5/17/2026,6/21/2026
515594,122617,5/17/2026,6/3/2026
515595,122622,5/17/2026,5/20/2026
515596,122633,5/17/2026,5/30/2026
515597,122639,5/17/2026,5/28/2026
515598,122636,5/17/2026,5/20/2026
515599,122637,5/17/2026,
515600,122638,5/17/2026,
515601,122640,5/17/2026,7/31/2026
515602,122641,5/17/2026,7/7/2026
515603,122642,5/17/2026,5/19/2026
515604,122643,5/17/2026,5/30/2026
515605,122644,5/17/2026,
515606,122615,5/17/2026,5/21/2026
515607,122645,5/17/2026,5/25/2026
515608,122647,5/17/2026,6/5/2026
515609,122634,5/17/2026,
515610,122613,5/17/2026,
515611,122603,5/17/2026,5/26/2026
515612,122610,5/17/2026,5/26/2026
515613,122612,5/17/2026,7/22/2026
515614,122586,5/17/2026,
515615,122587,5/17/2026,
515616,122588,5/17/2026,5/24/2026
515617,122590,5/17/2026,6/7/2026
515618,122592,5/17/2026,6/10/2026
515619,122593,5/17/2026,5/22/2026
515620,122594,5/17/2026,5/24/2026
515621,122596,5/17/2026,5/25/2026
515622,114593,5/17/2026,7/8/2026
515623,122598,5/17/2026,5/19/2026
515624,122600,5/17/2026,
515625,122601,5/17/2026,
515626,122602,5/17/2026,5/20/2026
515627,122604,5/17/2026,5/26/2026
515628,122606,5/17/2026,
515629,122607,5/17/2026,5/24/2026
515630,122608,5/17/2026,7/1/2026
515631,122597,5/17/2026,
515632,122670,5/18/2026,6/18/2026
515633,122671,5/18/2026,
515634,122672,5/18/2026,5/20/2026
515635,122674,5/18/2026,
515636,122675,5/18/2026,7/3/2026
515637,122676,5/18/2026,
515638,122678,5/18/2026,7/1/2026
515639,122668,5/18/2026,
515640,122681,5/18/2026,5/31/2026
515641,122682,5/18/2026,
515642,122684,5/18/2026,5/25/2026
515643,122688,5/18/2026,5/29/2026
515644,122690,5/18/2026,
515645,122687,5/18/2026,
515646,122686,5/18/2026,6/7/2026
515647,122679,5/18/2026,5/21/2026
515648,122666,5/18/2026,
515649,122685,5/18/2026,6/4/2026
515650,122662,5/18/2026,7/6/2026
515651,110655,5/18/2026,7/31/2026
515652,100584,5/18/2026,7/17/2026
515653,113021,5/18/2026,6/7/2026
515654,122649,5/18/2026,5/24/2026
515655,122651,5/18/2026,5/25/2026
515656,122653,5/18/2026,5/31/2026
515657,122664,5/18/2026,6/30/2026
515658,122655,5/18/2026,6/13/2026
515659,122657,5/18/2026,7/18/2026
515660,122658,5/18/2026,5/28/2026
515661,122654,5/18/2026,5/23/2026
515662,122660,5/18/2026,6/4/2026
515663,122661,5/18/2026,
515664,122725,5/19/2026,5/20/2026
515665,122726,5/19/2026,
515666,122729,5/19/2026,5/27/2026
515667,122731,5/19/2026,5/21/2026
515668,122733,5/19/2026,6/6/2026
515669,122734,5/19/2026,6/13/2026
515670,122736,5/19/2026,5/26/2026
515671,122738,5/19/2026,
515672,122740,5/19/2026,5/25/2026
515673,122741,5/19/2026,
515674,122745,5/19/2026,
515675,122723,5/19/2026,6/19/2026
515676,122747,5/19/2026,7/12/2026
515677,122749,5/19/2026,5/26/2026
515678,122751,5/19/2026,6/18/2026
515679,122752,5/19/2026,8/1/2026
515680,122754,5/19/2026,6/17/2026
515681,122756,5/19/2026,7/10/2026
515682,122758,5/19/2026,
515683,122760,5/19/2026,7/25/2026
515684,122761,5/19/2026,
515685,122743,5/19/2026,5/30/2026
515686,122720,5/19/2026,5/23/2026
515687,122728,5/19/2026,7/6/2026
515688,122717,5/19/2026,
515689,100543,5/19/2026,7/18/2026
515690,113319,5/19/2026,5/25/2026
515691,106446,5/19/2026,
515692,122718,5/19/2026,6/19/2026
515693,114056,5/19/2026,6/28/2026
515694,118955,5/19/2026,6/1/2026
515695,122691,5/19/2026,
515696,122693,5/19/2026,7/11/2026
515697,122695,5/19/2026,6/24/2026
515698,122697,5/19/2026,
515699,122699,5/19/2026,6/27/2026
515700,122721,5/19/2026,
515701,122702,5/19/2026,
515702,122701,5/19/2026,
515703,122715,5/19/2026,5/23/2026
515704,122711,5/19/2026,5/20/2026
515705,122710,5/19/2026,5/31/2026
515706,122713,5/19/2026,6/23/2026
515707,122708,5/19/2026,5/25/2026
515708,122707,5/19/2026,7/13/2026
515709,122705,5/19/2026,
515710,122704,5/19/2026,5/20/2026
515711,122709,5/19/2026,
515712,122798,5/20/2026,5/22/2026
515713,122791,5/20/2026,7/11/2026
515714,122793,5/20/2026,7/10/2026
515715,122794,5/20/2026,6/1/2026
515716,122795,5/20/2026,6/19/2026
515717,122796,5/20/2026,
515718,122799,5/20/2026,5/23/2026
515719,122809,5/20/2026,
515720,122802,5/20/2026,
515721,122803,5/20/2026,6/29/2026
515722,122805,5/20/2026,
515723,122807,5/20/2026,
515724,122810,5/20/2026,5/24/2026
515725,122789,5/20/2026,
515726,122813,5/20/2026,5/28/2026
515727,122801,5/20/2026,
515728,122812,5/20/2026,
515729,122787,5/20/2026,6/16/2026
515730,122784,5/20/2026,
515731,122785,5/20/2026,6/2/2026
515732,118145,5/20/2026,
515733,122763,5/20/2026,6/20/2026
515734,122766,5/20/2026,
515735,122767,5/20/2026,
515736,122769,5/20/2026,5/23/2026
515737,122770,5/20/2026,7/15/2026
515738,122764,5/20/2026,6/28/2026
515739,122773,5/20/2026,
515740,122775,5/20/2026,5/27/2026
515741,122777,5/20/2026,6/26/2026
515742,122779,5/20/2026,6/5/2026
515743,122781,5/20/2026,5/31/2026
515744,122772,5/20/2026,6/4/2026
515745,122782,5/20/2026,7/14/2026
515746,122862,5/21/2026,6/29/2026
515747,122860,5/21/2026,
515748,122858,5/21/2026,6/21/2026
515749,122857,5/21/2026,5/22/2026
515750,122855,5/21/2026,
515751,122854,5/21/2026,5/22/2026
515752,122853,5/21/2026,
515753,122864,5/21/2026,
515754,122856,5/21/2026,5/28/2026
515755,122865,5/21/2026,6/8/2026
515756,122875,5/21/2026,6/7/2026
515757,122868,5/21/2026,6/16/2026
515758,122869,5/21/2026,
515759,122871,5/21/2026,5/31/2026
515760,122872,5/21/2026,5/31/2026
515761,122873,5/21/2026,5/28/2026
515762,122874,5/21/2026,
515763,122877,5/21/2026,
515764,122879,5/21/2026,5/27/2026
515765,122881,5/21/2026,7/12/2026
515766,122867,5/21/2026,6/2/2026
515767,122849,5/21/2026,6/13/2026
515768,122851,5/21/2026,
515769,122846,5/21/2026,5/27/2026
515770,109625,5/21/2026,
515771,122848,5/21/2026,7/8/2026
515772,122814,5/21/2026,
515773,122816,5/21/2026,6/10/2026
515774,122817,5/21/2026,
515775,122819,5/21/2026,7/24/2026
515776,122822,5/21/2026,5/22/2026
515777,122823,5/21/2026,6/3/2026
515778,122825,5/21/2026,7/24/2026
515779,122827,5/21/2026,
515780,122821,5/21/2026,6/11/2026
515781,122831,5/21/2026,7/22/2026
515782,122844,5/21/2026,5/22/2026
515783,122829,5/21/2026,
515784,122841,5/21/2026,6/10/2026
515785,122839,5/21/2026,6/16/2026
515786,122842,5/21/2026,
515787,122835,5/21/2026,5/28/2026
515788,122834,5/21/2026,6/3/2026
515789,122833,5/21/2026,5/29/2026
515790,122837,5/21/2026,7/7/2026
515791,122927,5/22/2026,6/10/2026
515792,122915,5/22/2026,5/23/2026
515793,122917,5/22/2026,
515794,122918,5/22/2026,5/25/2026
515795,122919,5/22/2026,
515796,122921,5/22/2026,
515797,122923,5/22/2026,7/4/2026
515798,122925,5/22/2026,6/23/2026
515799,122929,5/22/2026,
515800,122942,5/22/2026,5/24/2026
515801,122931,5/22/2026,5/29/2026
515802,122932,5/22/2026,6/12/2026
515803,122933,5/22/2026,7/31/2026
515804,122934,5/22/2026,
515805,122936,5/22/2026,7/8/2026
515806,122938,5/22/2026,
515807,122939,5/22/2026,7/10/2026
515808,122940,5/22/2026,
515809,122914,5/22/2026,5/29/2026
515810,122930,5/22/2026,5/23/2026
515811,122913,5/22/2026,7/17/2026
515812,122916,5/22/2026,6/27/2026
515813,122910,5/22/2026,5/24/2026
515814,100565,5/22/2026,
515815,103109,5/22/2026,5/26/2026
515816,122883,5/22/2026,6/9/2026
515817,122884,5/22/2026,6/25/2026
515818,122885,5/22/2026,
515819,122888,5/22/2026,5/25/2026
515820,122889,5/22/2026,8/2/2026
515821,122890,5/22/2026,6/20/2026
515822,122892,5/22/2026,
515823,122886,5/22/2026,6/2/2026
515824,122895,5/22/2026,
515825,122894,5/22/2026,
515826,122912,5/22/2026,6/10/2026
515827,122906,5/22/2026,
515828,122904,5/22/2026,
515829,122908,5/22/2026,5/23/2026
515830,122900,5/22/2026,5/23/2026
515831,122898,5/22/2026,7/28/2026
515832,122897,5/22/2026,
515833,122902,5/22/2026,5/23/2026
515834,122992,5/23/2026,6/4/2026
515835,122982,5/23/2026,5/27/2026
515836,122983,5/23/2026,
515837,122984,5/23/2026,
515838,122986,5/23/2026,5/31/2026
515839,122988,5/23/2026,6/15/2026
515840,122989,5/23/2026,6/3/2026
515841,122990,5/23/2026,7/23/2026
515842,122991,5/23/2026,5/26/2026
515843,122994,5/23/2026,6/17/2026
515844,123013,5/23/2026,7/8/2026
515845,122998,5/23/2026,7/16/2026
515846,122999,5/23/2026,7/2/2026
515847,123001,5/23/2026,7/22/2026
515848,123002,5/23/2026,5/29/2026
515849,123004,5/23/2026,7/10/2026
515850,123005,5/23/2026,6/29/2026
515851,123007,5/23/2026,5/30/2026
515852,123009,5/23/2026,7/7/2026
515853,123011,5/23/2026,5/31/2026
515854,122980,5/23/2026,
515855,122996,5/23/2026,6/9/2026
515856,122978,5/23/2026,8/1/2026
515857,123006,5/23/2026,7/25/2026
515858,122975,5/23/2026,
515859,122977,5/23/2026,7/6/2026
515860,110171,5/23/2026,
515861,122944,5/23/2026,
515862,122946,5/23/2026,
515863,122948,5/23/2026,7/31/2026
515864,122950,5/23/2026,6/19/2026
515865,122953,5/23/2026,6/28/2026
515866,122955,5/23/2026,6/5/2026
515867,122956,5/23/2026,5/31/2026
515868,122957,5/23/2026,7/1/2026
515869,122958,5/23/2026,
515870,122951,5/23/2026,
515871,122962,5/23/2026,7/13/2026
515872,122974,5/23/2026,6/14/2026
515873,122960,5/23/2026,6/13/2026
515874,122971,5/23/2026,5/24/2026
515875,122970,5/23/2026,6/11/2026
515876,122968,5/23/2026,8/2/2026
515877,122972,5/23/2026,6/12/2026
515878,122967,5/23/2026,6/18/2026
515879,122966,5/23/2026,
515880,122965,5/23/2026,6/4/2026
515881,122964,5/23/2026,6/4/2026
515882,123066,5/24/2026,5/30/2026
515883,123054,5/24/2026,
515884,123056,5/24/2026,
515885,123057,5/24/2026,7/20/2026
515886,123059,5/24/2026,5/25/2026
515887,123060,5/24/2026,
515888,123062,5/24/2026,6/6/2026
515889,123063,5/24/2026,
515890,123064,5/24/2026,5/26/2026
515891,123052,5/24/2026,
515892,123067,5/24/2026,6/19/2026
515893,123086,5/24/2026,6/12/2026
515894,123070,5/24/2026,
515895,123071,5/24/2026,6/20/2026
515896,123073,5/24/2026,5/25/2026
515897,123075,5/24/2026,6/27/2026
515898,123077,5/24/2026,
515899,123078,5/24/2026,6/4/2026
515900,123079,5/24/2026,
515901,123081,5/24/2026,
515902,123083,5/24/2026,6/8/2026
515903,123084,5/24/2026,6/23/2026
515904,123050,5/24/2026,
515905,123088,5/24/2026,5/25/2026
515906,123069,5/24/2026,
515907,123048,5/24/2026,
515908,123034,5/24/2026,
515909,123045,5/24/2026,
515910,123014,5/24/2026,6/15/2026
515911,123016,5/24/2026,6/25/2026
515912,123018,5/24/2026,5/31/2026
515913,123019,5/24/2026,
515914,123020,5/24/2026,
515915,123021,5/24/2026,5/26/2026
515916,123046,5/24/2026,6/12/2026
515917,123024,5/24/2026,6/29/2026
515918,123025,5/24/2026,6/10/2026
515919,123027,5/24/2026,7/2/2026
515920,123028,5/24/2026,
515921,123023,5/24/2026,6/4/2026
515922,123031,5/24/2026,6/4/2026
515923,123029,5/24/2026,5/27/2026
515924,123043,5/24/2026,5/25/2026
515925,123042,5/24/2026,7/27/2026
515926,123041,5/24/2026,7/19/2026
515927,123044,5/24/2026,6/11/2026
515928,123037,5/24/2026,
515929,123035,5/24/2026,5/29/2026
515930,123033,5/24/2026,7/16/2026
515931,123032,5/24/2026,6/22/2026
515932,123039,5/24/2026,
515933,123121,5/25/2026,8/2/2026
515934,123120,5/25/2026,5/28/2026
515935,123130,5/25/2026,
515936,123123,5/25/2026,5/27/2026
515937,123125,5/25/2026,6/20/2026
515938,123127,5/25/2026,6/12/2026
515939,123128,5/25/2026,6/20/2026
515940,123119,5/25/2026,7/12/2026
515941,123132,5/25/2026,5/27/2026
515942,123146,5/25/2026,
515943,123135,5/25/2026,5/26/2026
515944,123137,5/25/2026,
515945,123139,5/25/2026,
515946,123141,5/25/2026,6/10/2026
515947,123143,5/25/2026,7/16/2026
515948,123144,5/25/2026,
515949,123145,5/25/2026,5/27/2026
515950,123117,5/25/2026,6/16/2026
515951,123147,5/25/2026,
515952,123149,5/25/2026,5/28/2026
515953,123133,5/25/2026,6/10/2026
515954,123115,5/25/2026,
515955,123129,5/25/2026,7/28/2026
515956,123113,5/25/2026,
515957,115096,5/25/2026,6/4/2026
515958,110111,5/25/2026,6/27/2026
515959,123090,5/25/2026,6/21/2026
515960,123091,5/25/2026,7/18/2026
515961,123092,5/25/2026,5/30/2026
515962,123093,5/25/2026,7/20/2026
515963,123095,5/25/2026,
515964,123096,5/25/2026,
515965,123114,5/25/2026,
515966,123099,5/25/2026,
515967,123101,5/25/2026,
515968,123103,5/25/2026,5/31/2026
515969,123105,5/25/2026,6/12/2026
515970,123106,5/25/2026,6/28/2026
515971,123108,5/25/2026,7/10/2026
515972,123110,5/25/2026,6/25/2026
515973,123097,5/25/2026,7/11/2026
515974,123111,5/25/2026,6/10/2026
515975,123187,5/26/2026,5/27/2026
515976,123185,5/26/2026,7/6/2026
515977,123184,5/26/2026,
515978,123183,5/26/2026,5/28/2026
515979,123178,5/26/2026,7/6/2026
515980,123180,5/26/2026,
515981,123188,5/26/2026,6/10/2026
515982,123176,5/26/2026,5/27/2026
515983,123181,5/26/2026,8/2/2026
515984,123189,5/26/2026,
515985,123196,5/26/2026,5/27/2026
515986,123193,5/26/2026,6/12/2026
515987,123195,5/26/2026,6/7/2026
515988,123174,5/26/2026,5/27/2026
515989,123198,5/26/2026,
515990,123200,5/26/2026,
515991,123202,5/26/2026,7/20/2026
515992,123204,5/26/2026,
515993,123205,5/26/2026,6/8/2026
515994,123206,5/26/2026,7/3/2026
515995,123207,5/26/2026,
515996,123191,5/26/2026,6/13/2026
515997,123173,5/26/2026,
515998,123177,5/26/2026,
515999,123171,5/26/2026,6/25/2026
516000,117227,5/26/2026,
516001,123172,5/26/2026,7/24/2026
516002,119072,5/26/2026,6/26/2026
516003,123150,5/26/2026,
516004,123153,5/26/2026,
516005,123155,5/26/2026,6/9/2026
516006,123157,5/26/2026,
516007,123151,5/26/2026,
516008,123160,5/26/2026,6/25/2026
516009,123162,5/26/2026,7/26/2026
516010,123164,5/26/2026,
516011,123165,5/26/2026,
516012,123167,5/26/2026,6/24/2026
516013,123158,5/26/2026,7/16/2026
516014,123168,5/26/2026,
516015,123169,5/26/2026,5/28/2026
516016,123238,5/27/2026,7/4/2026
516017,123237,5/27/2026,7/29/2026
516018,123236,5/27/2026,
516019,123234,5/27/2026,
516020,123233,5/27/2026,
516021,123231,5/27/2026,6/18/2026
516022,123240,5/27/2026,5/29/2026
516023,123235,5/27/2026,5/28/2026
516024,123241,5/27/2026,6/6/2026
516025,123229,5/27/2026,5/29/2026
516026,123243,5/27/2026,7/5/2026
516027,123245,5/27/2026,5/28/2026
516028,123247,5/27/2026,
516029,123256,5/27/2026,
516030,123254,5/27/2026,
516031,123253,5/27/2026,7/26/2026
516032,123250,5/27/2026,7/22/2026
516033,123249,5/27/2026,
516034,123248,5/27/2026,
516035,123242,5/27/2026,6/14/2026
516036,123251,5/27/2026,7/2/2026
516037,123226,5/27/2026,7/2/2026
516038,123224,5/27/2026,6/22/2026
516039,123227,5/27/2026,5/28/2026
516040,109613,5/27/2026,
516041,107196,5/27/2026,7/17/2026
516042,112372,5/27/2026,7/1/2026
516043,113911,5/27/2026,
516044,123208,5/27/2026,
516045,123209,5/27/2026,7/19/2026
516046,123211,5/27/2026,6/27/2026
516047,112147,5/27/2026,6/24/2026
516048,123213,5/27/2026,7/30/2026
516049,123212,5/27/2026,5/31/2026
516050,123222,5/27/2026,5/28/2026
516051,123219,5/27/2026,6/10/2026
516052,123217,5/27/2026,
516053,123220,5/27/2026,6/5/2026
516054,123215,5/27/2026,6/13/2026
516055,123214,5/27/2026,6/1/2026
516056,123216,5/27/2026,5/29/2026
516057,123278,5/28/2026,
516058,123279,5/28/2026,6/9/2026
516059,123277,5/28/2026,6/24/2026
516060,123288,5/28/2026,6/25/2026
516061,123280,5/28/2026,
516062,123282,5/28/2026,
516063,123284,5/28/2026,6/8/2026
516064,123286,5/28/2026,
516065,123287,5/28/2026,
516066,123290,5/28/2026,7/13/2026
516067,123298,5/28/2026,
516068,123294,5/28/2026,6/21/2026
516069,123296,5/28/2026,
516070,123300,5/28/2026,
516071,123302,5/28/2026,
516072,123304,5/28/2026,6/9/2026
516073,123306,5/28/2026,5/29/2026
516074,123307,5/28/2026,7/8/2026
516075,123308,5/28/2026,
516076,123310,5/28/2026,5/29/2026
516077,123292,5/28/2026,5/31/2026
516078,123275,5/28/2026,8/1/2026
516079,123272,5/28/2026,
516080,123273,5/28/2026,6/16/2026
516081,114667,5/28/2026,6/2/2026
516082,123274,5/28/2026,7/21/2026
516083,110929,5/28/2026,7/3/2026
516084,114783,5/28/2026,6/10/2026
516085,123258,5/28/2026,
516086,123260,5/28/2026,5/29/2026
516087,123261,5/28/2026,6/16/2026
516088,123257,5/28/2026,6/7/2026
516089,123263,5/28/2026,
516090,123264,5/28/2026,6/21/2026
516091,123265,5/28/2026,
516092,123266,5/28/2026,
516093,123270,5/28/2026,6/11/2026
516094,123267,5/28/2026,6/1/2026
516095,123262,5/28/2026,7/8/2026
516096,123269,5/28/2026,
516097,123345,5/29/2026,6/11/2026
516098,123344,5/29/2026,6/30/2026
516099,123342,5/29/2026,
516100,123338,5/29/2026,7/2/2026
516101,123337,5/29/2026,
516102,123336,5/29/2026,6/19/2026
516103,123347,5/29/2026,
516104,123340,5/29/2026,7/14/2026
516105,123349,5/29/2026,7/1/2026
516106,123363,5/29/2026,
516107,123352,5/29/2026,7/12/2026
516108,123353,5/29/2026,6/6/2026
516109,123354,5/29/2026,7/11/2026
516110,123356,5/29/2026,6/30/2026
516111,123365,5/29/2026,6/1/2026
516112,123335,5/29/2026,7/20/2026
516113,123361,5/29/2026,6/1/2026
516114,123359,5/29/2026,6/17/2026
516115,123357,5/29/2026,
516116,123350,5/29/2026,
516117,123333,5/29/2026,7/20/2026
516118,123323,5/29/2026,
516119,123330,5/29/2026,
516120,102979,5/29/2026,
516121,114766,5/29/2026,
516122,123312,5/29/2026,6/8/2026
516123,123313,5/29/2026,
516124,112095,5/29/2026,6/5/2026
516125,123317,5/29/2026,7/22/2026
516126,123318,5/29/2026,
516127,123315,5/29/2026,6/9/2026
516128,123321,5/29/2026,7/15/2026
516129,123331,5/29/2026,7/25/2026
516130,123325,5/29/2026,7/25/2026
516131,123326,5/29/2026,
516132,123327,5/29/2026,7/11/2026
516133,123328,5/29/2026,
516134,123320,5/29/2026,
516135,123422,5/30/2026,7/30/2026
516136,123420,5/30/2026,7/2/2026
516137,123419,5/30/2026,
516138,123418,5/30/2026,
516139,123417,5/30/2026,
516140,123416,5/30/2026,
516141,123409,5/30/2026,7/1/2026
516142,123413,5/30/2026,
516143,123412,5/30/2026,
516144,123411,5/30/2026,6/16/2026
516145,123423,5/30/2026,6/6/2026
516146,123407,5/30/2026,
516147,123415,5/30/2026,7/19/2026
516148,123424,5/30/2026,
516149,123434,5/30/2026,6/20/2026
516150,123426,5/30/2026,
516151,123428,5/30/2026,6/11/2026
516152,123429,5/30/2026,6/10/2026
516153,123431,5/30/2026,6/1/2026
516154,123432,5/30/2026,6/20/2026
516155,123433,5/30/2026,5/31/2026
516156,123406,5/30/2026,
516157,123436,5/30/2026,6/28/2026
516158,123440,5/30/2026,6/10/2026
516159,123442,5/30/2026,
516160,123443,5/30/2026,8/2/2026
516161,123445,5/30/2026,
516162,123447,5/30/2026,7/23/2026
516163,123425,5/30/2026,
516164,123405,5/30/2026,6/27/2026
516165,123438,5/30/2026,7/14/2026
516166,123402,5/30/2026,
516167,113793,5/30/2026,6/19/2026
516168,113620,5/30/2026,
516169,123404,5/30/2026,
516170,114799,5/30/2026,
516171,123366,5/30/2026,6/26/2026
516172,123368,5/30/2026,7/3/2026
516173,123370,5/30/2026,
516174,123372,5/30/2026,7/7/2026
516175,123375,5/30/2026,6/4/2026
516176,123377,5/30/2026,6/20/2026
516177,123378,5/30/2026,6/6/2026
516178,123379,5/30/2026,6/24/2026
516179,123374,5/30/2026,6/1/2026
516180,123382,5/30/2026,7/5/2026
516181,123398,5/30/2026,6/25/2026
516182,123380,5/30/2026,6/13/2026
516183,123396,5/30/2026,
516184,123394,5/30/2026,6/14/2026
516185,123391,5/30/2026,
516186,123393,5/30/2026,5/31/2026
516187,123388,5/30/2026,6/27/2026
516188,123386,5/30/2026,
516189,123384,5/30/2026,6/8/2026
516190,123383,5/30/2026,
516191,123389,5/30/2026,6/4/2026
516192,123400,5/30/2026,6/27/2026
516193,123483,5/31/2026,7/3/2026
516194,123487,5/31/2026,6/12/2026
516195,123485,5/31/2026,6/2/2026
516196,123484,5/31/2026,6/8/2026
516197,123477,5/31/2026,
516198,123480,5/31/2026,6/6/2026
516199,123479,5/31/2026,7/3/2026
516200,123488,5/31/2026,6/13/2026
516201,123482,5/31/2026,
516202,123489,5/31/2026,
516203,123504,5/31/2026,7/3/2026
516204,123491,5/31/2026,7/21/2026
516205,123492,5/31/2026,
516206,123494,5/31/2026,6/4/2026
516207,123495,5/31/2026,7/7/2026
516208,123497,5/31/2026,
516209,123498,5/31/2026,6/7/2026
516210,123500,5/31/2026,
516211,123502,5/31/2026,7/18/2026
516212,123503,5/31/2026,
516213,123476,5/31/2026,6/4/2026
516214,123506,5/31/2026,6/17/2026
516215,123490,5/31/2026,
516216,123475,5/31/2026,6/24/2026
516217,123468,5/31/2026,6/1/2026
516218,123472,5/31/2026,7/17/2026
516219,123473,5/31/2026,6/10/2026
516220,110205,5/31/2026,
516221,107851,5/31/2026,7/21/2026
516222,108520,5/31/2026,6/2/2026
516223,123450,5/31/2026,
516224,123451,5/31/2026,
516225,123452,5/31/2026,6/13/2026
516226,123454,5/31/2026,
516227,123455,5/31/2026,7/10/2026
516228,123449,5/31/2026,6/1/2026
516229,123458,5/31/2026,6/17/2026
516230,123470,5/31/2026,7/1/2026
516231,123457,5/31/2026,6/16/2026
516232,123465,5/31/2026,6/11/2026
516233,123463,5/31/2026,6/19/2026
516234,123466,5/31/2026,
516235,123462,5/31/2026,6/15/2026
516236,123461,5/31/2026,
516237,123459,5/31/2026,
516238,123541,6/1/2026,7/20/2026
516239,123542,6/1/2026,6/18/2026
516240,123556,6/1/2026,6/6/2026
516241,123546,6/1/2026,6/30/2026
516242,123547,6/1/2026,
516243,123549,6/1/2026,6/19/2026
516244,123550,6/1/2026,6/25/2026
516245,123551,6/1/2026,
516246,123552,6/1/2026,6/11/2026
516247,123554,6/1/2026,6/6/2026
516248,123540,6/1/2026,6/2/2026
516249,123558,6/1/2026,6/11/2026
516250,123539,6/1/2026,7/27/2026
516251,123560,6/1/2026,
516252,123561,6/1/2026,
516253,123562,6/1/2026,
516254,123563,6/1/2026,6/16/2026
516255,123565,6/1/2026,6/11/2026
516256,123566,6/1/2026,
516257,123567,6/1/2026,6/6/2026
516258,123575,6/1/2026,
516259,123573,6/1/2026,6/2/2026
516260,123571,6/1/2026,7/14/2026
516261,123569,6/1/2026,7/12/2026
516262,123559,6/1/2026,
516263,123537,6/1/2026,6/25/2026
516264,123544,6/1/2026,
516265,123534,6/1/2026,
516266,123536,6/1/2026,6/4/2026
516267,111489,6/1/2026,6/3/2026
516268,123507,6/1/2026,
516269,123509,6/1/2026,7/28/2026
516270,123510,6/1/2026,7/7/2026
516271,123512,6/1/2026,
516272,123514,6/1/2026,
516273,123515,6/1/2026,
516274,123516,6/1/2026,
516275,123518,6/1/2026,7/11/2026
516276,123508,6/1/2026,7/26/2026
516277,123521,6/1/2026,7/11/2026
516278,123531,6/1/2026,6/10/2026
516279,123519,6/1/2026,
516280,123528,6/1/2026,6/15/2026
516281,123532,6/1/2026,6/4/2026
516282,123530,6/1/2026,8/2/2026
516283,123526,6/1/2026,7/8/2026
516284,123525,6/1/2026,7/11/2026
516285,123523,6/1/2026,7/24/2026
516286,123527,6/1/2026,6/3/2026
516287,123597,6/2/2026,
516288,123604,6/2/2026,
516289,123598,6/2/2026,7/19/2026
516290,123600,6/2/2026,
516291,123602,6/2/2026,
516292,123603,6/2/2026,7/30/2026
516293,123605,6/2/2026,
516294,123611,6/2/2026,
516295,123608,6/2/2026,7/1/2026
516296,123609,6/2/2026,
516297,123613,6/2/2026,
516298,123614,6/2/2026,
516299,123616,6/2/2026,6/9/2026
516300,123617,6/2/2026,
516301,123595,6/2/2026,
516302,123618,6/2/2026,6/5/2026
516303,123606,6/2/2026,6/13/2026
516304,123594,6/2/2026,6/8/2026
516305,123588,6/2/2026,
516306,123591,6/2/2026,
516307,112364,6/2/2026,6/3/2026
516308,104204,6/2/2026,6/24/2026
516309,117537,6/2/2026,8/1/2026
516310,123576,6/2/2026,
516311,123579,6/2/2026,7/11/2026
516312,123578,6/2/2026,6/3/2026
516313,123582,6/2/2026,6/3/2026
516314,123584,6/2/2026,6/3/2026
516315,123585,6/2/2026,7/16/2026
516316,123586,6/2/2026,
516317,123590,6/2/2026,
516318,123581,6/2/2026,
516319,123592,6/2/2026,6/6/2026
516320,123656,6/3/2026,7/20/2026
516321,123660,6/3/2026,6/24/2026
516322,123658,6/3/2026,6/10/2026
516323,123649,6/3/2026,6/9/2026
516324,123653,6/3/2026,8/2/2026
516325,123651,6/3/2026,
516326,123661,6/3/2026,6/14/2026
516327,123654,6/3/2026,
516328,123662,6/3/2026,6/16/2026
516329,123676,6/3/2026,7/13/2026
516330,123665,6/3/2026,6/14/2026
516331,123666,6/3/2026,
516332,123667,6/3/2026,
516333,123668,6/3/2026,7/2/2026
516334,123669,6/3/2026,6/18/2026
516335,123675,6/3/2026,7/8/2026
516336,123673,6/3/2026,
516337,123672,6/3/2026,
516338,123671,6/3/2026,7/27/2026
516339,123664,6/3/2026,6/25/2026
516340,123645,6/3/2026,6/11/2026
516341,123647,6/3/2026,
516342,123642,6/3/2026,6/15/2026
516343,109565,6/3/2026,
516344,123620,6/3/2026,6/9/2026
516345,123621,6/3/2026,
516346,123622,6/3/2026,7/15/2026
516347,123624,6/3/2026,6/15/2026
516348,123626,6/3/2026,6/8/2026
516349,123628,6/3/2026,7/15/2026
516350,123629,6/3/2026,
516351,123644,6/3/2026,
516352,123631,6/3/2026,6/15/2026
516353,123630,6/3/2026,7/15/2026
516354,123638,6/3/2026,7/11/2026
516355,123636,6/3/2026,
516356,123640,6/3/2026,7/12/2026
516357,123634,6/3/2026,
516358,123632,6/3/2026,
516359,123635,6/3/2026,6/23/2026
516360,123703,6/4/2026,
516361,123705,6/4/2026,
516362,123714,6/4/2026,
516363,123707,6/4/2026,
516364,123708,6/4/2026,6/5/2026
516365,123709,6/4/2026,6/23/2026
516366,123710,6/4/2026,
516367,123711,6/4/2026,
516368,123712,6/4/2026,7/13/2026
516369,123715,6/4/2026,
516370,123721,6/4/2026,7/29/2026
516371,123718,6/4/2026,
516372,123720,6/4/2026,6/24/2026
516373,123722,6/4/2026,6/8/2026
516374,123723,6/4/2026,
516375,123725,6/4/2026,
516376,123727,6/4/2026,6/23/2026
516377,123702,6/4/2026,6/5/2026
516378,123731,6/4/2026,
516379,123732,6/4/2026,6/21/2026
516380,123716,6/4/2026,
516381,123729,6/4/2026,
516382,123700,6/4/2026,6/6/2026
516383,123698,6/4/2026,6/6/2026
516384,123699,6/4/2026,
516385,113933,6/4/2026,6/19/2026
516386,108201,6/4/2026,6/15/2026
516387,123678,6/4/2026,
516388,123680,6/4/2026,
516389,123682,6/4/2026,7/8/2026
516390,123684,6/4/2026,7/10/2026
516391,123686,6/4/2026,6/19/2026
516392,111606,6/4/2026,7/27/2026
516393,123688,6/4/2026,
516394,123687,6/4/2026,7/3/2026
516395,123697,6/4/2026,6/5/2026
516396,123693,6/4/2026,7/31/2026
516397,123695,6/4/2026,6/9/2026
516398,123692,6/4/2026,
516399,123691,6/4/2026,6/5/2026
516400,123690,6/4/2026,6/5/2026
516401,123766,6/5/2026,6/18/2026
516402,123767,6/5/2026,
516403,123775,6/5/2026,
516404,123769,6/5/2026,8/1/2026
516405,123794,6/5/2026,7/1/2026
516406,123771,6/5/2026,6/18/2026
516407,123773,6/5/2026,6/8/2026
516408,123764,6/5/2026,6/24/2026
516409,123776,6/5/2026,
516410,123784,6/5/2026,
516411,123780,6/5/2026,6/8/2026
516412,123782,6/5/2026,7/18/2026
516413,123785,6/5/2026,
516414,123786,6/5/2026,6/19/2026
516415,123787,6/5/2026,6/26/2026
516416,123792,6/5/2026,7/7/2026
516417,123763,6/5/2026,6/18/2026
516418,123790,6/5/2026,7/15/2026
516419,123788,6/5/2026,6/10/2026
516420,123778,6/5/2026,
516421,123761,6/5/2026,6/17/2026
516422,123749,6/5/2026,6/6/2026
516423,123759,6/5/2026,6/29/2026
516424,117231,6/5/2026,
516425,123734,6/5/2026,
516426,123736,6/5/2026,7/22/2026
516427,123738,6/5/2026,6/8/2026
516428,123740,6/5/2026,6/12/2026
516429,123741,6/5/2026,6/6/2026
516430,123742,6/5/2026,6/20/2026
516431,123760,6/5/2026,7/13/2026
516432,123745,6/5/2026,
516433,123747,6/5/2026,6/11/2026
516434,123751,6/5/2026,
516435,123753,6/5/2026,
516436,123755,6/5/2026,6/15/2026
516437,123756,6/5/2026,
516438,123758,6/5/2026,6/22/2026
516439,123744,6/5/2026,
516440,123850,6/6/2026,
516441,123849,6/6/2026,6/25/2026
516442,123847,6/6/2026,
516443,123845,6/6/2026,
516444,123843,6/6/2026,7/6/2026
516445,123841,6/6/2026,
516446,123836,6/6/2026,6/14/2026
516447,123838,6/6/2026,6/7/2026
516448,123837,6/6/2026,
516449,123835,6/6/2026,7/4/2026
516450,123834,6/6/2026,
516451,123852,6/6/2026,6/8/2026
516452,123840,6/6/2026,
516453,123854,6/6/2026,7/20/2026
516454,123868,6/6/2026,6/8/2026
516455,123857,6/6/2026,
516456,123859,6/6/2026,7/4/2026
516457,123860,6/6/2026,7/19/2026
516458,123861,6/6/2026,
516459,123863,6/6/2026,6/29/2026
516460,123865,6/6/2026,
516461,123867,6/6/2026,
516462,123833,6/6/2026,6/24/2026
516463,123869,6/6/2026,
516464,123873,6/6/2026,
516465,123874,6/6/2026,6/9/2026
516466,123876,6/6/2026,6/14/2026
516467,123878,6/6/2026,
516468,123879,6/6/2026,7/2/2026
516469,123855,6/6/2026,7/10/2026
516470,123831,6/6/2026,7/20/2026
516471,123871,6/6/2026,6/12/2026
516472,123827,6/6/2026,
516473,115105,6/6/2026,
516474,109891,6/6/2026,6/20/2026
516475,123829,6/6/2026,
516476,119577,6/6/2026,
516477,123796,6/6/2026,
516478,123797,6/6/2026,6/22/2026
516479,123799,6/6/2026,
516480,123801,6/6/2026,7/8/2026
516481,123803,6/6/2026,
516482,123805,6/6/2026,7/5/2026
516483,123807,6/6/2026,
516484,123808,6/6/2026,
516485,123800,6/6/2026,
516486,123810,6/6/2026,
516487,123825,6/6/2026,
516488,123823,6/6/2026,
516489,123809,6/6/2026,6/10/2026
516490,123821,6/6/2026,6/17/2026
516491,123819,6/6/2026,7/10/2026
516492,123818,6/6/2026,6/13/2026
516493,123822,6/6/2026,
516494,123811,6/6/2026,
516495,123815,6/6/2026,
516496,123813,6/6/2026,6/23/2026
516497,123812,6/6/2026,7/17/2026
516498,123817,6/6/2026,
516499,123930,6/7/2026,8/3/2026
516500,123928,6/7/2026,6/22/2026
516501,123926,6/7/2026,6/26/2026
516502,123924,6/7/2026,6/11/2026
516503,123922,6/7/2026,6/23/2026
516504,123931,6/7/2026,6/18/2026
516505,123918,6/7/2026,
516506,123916,6/7/2026,7/8/2026
516507,123914,6/7/2026,6/26/2026
516508,123912,6/7/2026,6/12/2026
516509,123920,6/7/2026,6/18/2026
516510,123933,6/7/2026,6/27/2026
516511,123951,6/7/2026,6/8/2026
516512,123936,6/7/2026,
516513,123938,6/7/2026,7/10/2026
516514,123939,6/7/2026,
516515,123941,6/7/2026,
516516,123942,6/7/2026,
516517,123944,6/7/2026,
516518,123946,6/7/2026,6/10/2026
516519,123948,6/7/2026,
516520,123950,6/7/2026,6/17/2026
516521,123952,6/7/2026,
516522,123953,6/7/2026,
516523,123935,6/7/2026,6/27/2026
516524,123910,6/7/2026,
516525,123907,6/7/2026,
516526,123906,6/7/2026,6/14/2026
516527,123908,6/7/2026,7/17/2026
516528,114645,6/7/2026,6/13/2026
516529,110639,6/7/2026,6/15/2026
516530,123881,6/7/2026,7/25/2026
516531,123882,6/7/2026,6/23/2026
516532,123883,6/7/2026,6/14/2026
516533,123884,6/7/2026,6/16/2026
516534,123886,6/7/2026,7/12/2026
516535,123888,6/7/2026,
516536,121381,6/7/2026,
516537,123891,6/7/2026,
516538,123892,6/7/2026,6/12/2026
516539,123894,6/7/2026,6/8/2026
516540,123896,6/7/2026,
516541,123898,6/7/2026,6/24/2026
516542,123900,6/7/2026,
516543,123890,6/7/2026,
516544,123901,6/7/2026,
516545,123903,6/7/2026,6/8/2026
516546,123905,6/7/2026,
516547,124001,6/8/2026,
516548,124000,6/8/2026,7/10/2026
516549,123999,6/8/2026,6/13/2026
516550,123997,6/8/2026,
516551,123996,6/8/2026,
516552,123994,6/8/2026,7/12/2026
516553,124003,6/8/2026,
516554,123993,6/8/2026,
516555,123992,6/8/2026,
516556,123991,6/8/2026,7/20/2026
516557,123989,6/8/2026,7/16/2026
516558,124025,6/8/2026,6/29/2026
516559,124004,6/8/2026,7/2/2026
516560,124012,6/8/2026,6/25/2026
516561,124008,6/8/2026,
516562,124010,6/8/2026,6/22/2026
516563,124011,6/8/2026,
516564,124013,6/8/2026,6/30/2026
516565,124015,6/8/2026,6/21/2026
516566,124017,6/8/2026,7/17/2026
516567,124019,6/8/2026,7/8/2026
516568,123987,6/8/2026,7/25/2026
516569,124022,6/8/2026,6/17/2026
516570,124023,6/8/2026,
516571,124021,6/8/2026,
516572,124020,6/8/2026,7/31/2026
516573,124006,6/8/2026,7/22/2026
516574,123985,6/8/2026,7/11/2026
516575,123971,6/8/2026,
516576,123981,6/8/2026,
516577,116436,6/8/2026,
516578,110390,6/8/2026,6/15/2026
516579,111594,6/8/2026,6/9/2026
516580,117078,6/8/2026,
516581,117581,6/8/2026,6/9/2026
516582,123955,6/8/2026,7/30/2026
516583,123957,6/8/2026,
516584,123958,6/8/2026,7/16/2026
516585,123960,6/8/2026,
516586,123962,6/8/2026,
516587,123963,6/8/2026,
516588,123983,6/8/2026,6/9/2026
516589,123966,6/8/2026,6/13/2026
516590,123967,6/8/2026,
516591,123968,6/8/2026,
516592,123970,6/8/2026,
516593,123972,6/8/2026,
516594,123973,6/8/2026,7/17/2026
516595,123975,6/8/2026,7/1/2026
516596,123964,6/8/2026,7/12/2026
516597,123976,6/8/2026,
516598,123979,6/8/2026,7/11/2026
516599,123978,6/8/2026,8/3/2026
516600,124068,6/9/2026,6/10/2026
516601,124066,6/9/2026,
516602,124064,6/9/2026,
516603,124062,6/9/2026,7/9/2026
516604,124069,6/9/2026,6/20/2026
516605,124061,6/9/2026,6/15/2026
516606,124060,6/9/2026,
516607,124059,6/9/2026,7/16/2026
516608,124063,6/9/2026,
516609,124070,6/9/2026,7/14/2026
516610,124076,6/9/2026,6/12/2026
516611,124072,6/9/2026,7/25/2026
516612,124073,6/9/2026,7/2/2026
516613,124074,6/9/2026,6/11/2026
516614,124077,6/9/2026,
516615,124078,6/9/2026,
516616,124079,6/9/2026,7/1/2026
516617,124057,6/9/2026,7/3/2026
516618,124083,6/9/2026,6/15/2026
516619,124084,6/9/2026,7/18/2026
516620,124071,6/9/2026,6/24/2026
516621,124055,6/9/2026,
516622,124081,6/9/2026,
516623,124053,6/9/2026,6/11/2026
516624,124054,6/9/2026,
516625,124027,6/9/2026,
516626,124029,6/9/2026,
516627,124032,6/9/2026,6/14/2026
516628,124034,6/9/2026,
516629,124036,6/9/2026,6/22/2026
516630,124037,6/9/2026,6/11/2026
516631,124030,6/9/2026,
516632,124040,6/9/2026,6/12/2026
516633,124042,6/9/2026,6/20/2026
516634,124044,6/9/2026,
516635,124046,6/9/2026,
516636,124047,6/9/2026,6/10/2026
516637,124049,6/9/2026,
516638,124051,6/9/2026,
516639,124039,6/9/2026,6/17/2026
516640,124126,6/10/2026,7/18/2026
516641,124124,6/10/2026,7/12/2026
516642,124123,6/10/2026,6/16/2026
516643,124122,6/10/2026,7/4/2026
516644,124115,6/10/2026,
516645,124119,6/10/2026,7/10/2026
516646,124117,6/10/2026,7/19/2026
516647,124127,6/10/2026,7/11/2026
516648,124120,6/10/2026,6/17/2026
516649,124129,6/10/2026,
516650,124143,6/10/2026,7/18/2026
516651,124132,6/10/2026,7/18/2026
516652,124134,6/10/2026,
516653,124136,6/10/2026,
516654,124138,6/10/2026,
516655,124140,6/10/2026,7/5/2026
516656,124141,6/10/2026,7/27/2026
516657,124112,6/10/2026,
516658,124145,6/10/2026,7/11/2026
516659,124147,6/10/2026,6/22/2026
516660,124149,6/10/2026,6/21/2026
516661,124150,6/10/2026,6/13/2026
516662,124131,6/10/2026,7/8/2026
516663,124110,6/10/2026,
516664,124114,6/10/2026,
516665,124108,6/10/2026,6/13/2026
516666,119064,6/10/2026,7/22/2026
516667,124109,6/10/2026,6/17/2026
516668,119978,6/10/2026,
516669,102686,6/10/2026,6/24/2026
516670,103631,6/10/2026,6/11/2026
516671,114301,6/10/2026,
516672,124086,6/10/2026,
516673,124088,6/10/2026,6/16/2026
516674,124090,6/10/2026,7/25/2026
516675,124092,6/10/2026,6/16/2026
516676,124085,6/10/2026,6/20/2026
516677,124094,6/10/2026,
516678,124095,6/10/2026,6/27/2026
516679,124096,6/10/2026,
516680,124098,6/10/2026,
516681,124100,6/10/2026,6/12/2026
516682,124102,6/10/2026,
516683,124104,6/10/2026,7/8/2026
516684,124105,6/10/2026,
516685,124093,6/10/2026,7/8/2026
516686,124106,6/10/2026,
516687,124107,6/10/2026,6/13/2026
516688,124192,6/11/2026,
516689,124190,6/11/2026,
516690,124189,6/11/2026,6/30/2026
516691,124187,6/11/2026,6/23/2026
516692,124210,6/11/2026,6/17/2026
516693,124184,6/11/2026,
516694,124182,6/11/2026,7/15/2026
516695,124180,6/11/2026,7/9/2026
516696,124193,6/11/2026,7/24/2026
516697,124186,6/11/2026,
516698,124194,6/11/2026,6/18/2026
516699,124208,6/11/2026,
516700,124197,6/11/2026,6/12/2026
516701,124198,6/11/2026,6/13/2026
516702,124199,6/11/2026,
516703,124200,6/11/2026,
516704,124201,6/11/2026,
516705,124202,6/11/2026,
516706,124204,6/11/2026,6/18/2026
516707,124206,6/11/2026,7/1/2026
516708,124179,6/11/2026,6/26/2026
516709,124209,6/11/2026,6/17/2026
516710,124196,6/11/2026,6/18/2026
516711,124178,6/11/2026,
516712,124173,6/11/2026,
516713,124175,6/11/2026,6/25/2026
516714,124177,6/11/2026,6/12/2026
516715,103868,6/11/2026,6/25/2026
516716,124151,6/11/2026,
516717,124153,6/11/2026,7/17/2026
516718,124156,6/11/2026,6/18/2026
516719,124157,6/11/2026,
516720,124158,6/11/2026,
516721,124160,6/11/2026,
516722,124155,6/11/2026,
516723,124162,6/11/2026,6/30/2026
516724,124164,6/11/2026,6/30/2026
516725,124165,6/11/2026,6/18/2026
516726,124166,6/11/2026,6/21/2026
516727,124168,6/11/2026,
516728,124169,6/11/2026,
516729,124161,6/11/2026,6/22/2026
516730,124171,6/11/2026,
516731,124174,6/11/2026,7/22/2026
516732,124252,6/12/2026,
516733,124250,6/12/2026,
516734,124249,6/12/2026,6/26/2026
516735,124248,6/12/2026,
516736,124245,6/12/2026,6/28/2026
516737,124244,6/12/2026,
516738,124242,6/12/2026,7/17/2026
516739,124254,6/12/2026,7/5/2026
516740,124247,6/12/2026,8/2/2026
516741,124256,6/12/2026,
516742,124269,6/12/2026,6/28/2026
516743,124260,6/12/2026,7/12/2026
516744,124262,6/12/2026,6/23/2026
516745,124263,6/12/2026,
516746,124265,6/12/2026,
516747,124267,6/12/2026,
516748,124268,6/12/2026,6/30/2026
516749,124238,6/12/2026,
516750,124271,6/12/2026,
516751,124272,6/12/2026,
516752,124274,6/12/2026,7/17/2026
516753,124258,6/12/2026,7/10/2026
516754,124237,6/12/2026,
516755,124240,6/12/2026,
516756,124233,6/12/2026,6/26/2026
516757,124235,6/12/2026,7/12/2026
516758,110701,6/12/2026,
516759,113368,6/12/2026,6/24/2026
516760,124211,6/12/2026,6/29/2026
516761,124212,6/12/2026,
516762,124214,6/12/2026,6/13/2026
516763,124216,6/12/2026,
516764,124218,6/12/2026,6/24/2026
516765,124219,6/12/2026,
516766,124220,6/12/2026,6/30/2026
516767,117112,6/12/2026,
516768,124222,6/12/2026,
516769,124223,6/12/2026,7/15/2026
516770,124225,6/12/2026,
516771,124227,6/12/2026,7/6/2026
516772,124228,6/12/2026,6/18/2026
516773,124229,6/12/2026,6/16/2026
516774,124221,6/12/2026,7/3/2026
516775,124231,6/12/2026,7/11/2026
516776,124232,6/12/2026,7/1/2026
516777,124326,6/13/2026,6/19/2026
516778,124325,6/13/2026,
516779,124324,6/13/2026,7/20/2026
516780,124322,6/13/2026,7/19/2026
516781,124317,6/13/2026,6/14/2026
516782,124319,6/13/2026,
516783,124328,6/13/2026,
516784,124316,6/13/2026,
516785,124315,6/13/2026,
516786,124313,6/13/2026,
516787,124321,6/13/2026,6/24/2026
516788,124329,6/13/2026,7/1/2026
516789,124337,6/13/2026,6/16/2026
516790,124333,6/13/2026,
516791,124334,6/13/2026,6/19/2026
516792,124336,6/13/2026,6/28/2026
516793,124338,6/13/2026,
516794,124339,6/13/2026,7/12/2026
516795,124340,6/13/2026,
516796,124342,6/13/2026,
516797,124343,6/13/2026,
516798,124348,6/13/2026,
516799,124312,6/13/2026,
516800,124346,6/13/2026,6/18/2026
516801,124345,6/13/2026,6/30/2026
516802,124331,6/13/2026,
516803,124310,6/13/2026,
516804,124276,6/13/2026,
516805,124307,6/13/2026,6/26/2026
516806,124308,6/13/2026,
516807,124277,6/13/2026,
516808,124279,6/13/2026,
516809,124281,6/13/2026,6/21/2026
516810,124284,6/13/2026,6/17/2026
516811,124286,6/13/2026,6/25/2026
516812,124288,6/13/2026,7/1/2026
516813,124290,6/13/2026,7/8/2026
516814,124291,6/13/2026,7/25/2026
516815,124283,6/13/2026,
516816,124294,6/13/2026,6/29/2026
516817,124295,6/13/2026,
516818,124296,6/13/2026,
516819,124298,6/13/2026,7/21/2026
516820,124300,6/13/2026,6/30/2026
516821,124301,6/13/2026,7/5/2026
516822,124303,6/13/2026,
516823,124304,6/13/2026,6/14/2026
516824,124292,6/13/2026,
516825,124305,6/13/2026,
516826,124395,6/14/2026,7/12/2026
516827,124394,6/14/2026,
516828,124392,6/14/2026,
516829,124390,6/14/2026,
516830,124388,6/14/2026,6/25/2026
516831,124382,6/14/2026,
516832,124385,6/14/2026,7/25/2026
516833,124383,6/14/2026,6/29/2026
516834,124380,6/14/2026,
516835,124397,6/14/2026,
516836,124386,6/14/2026,
516837,124399,6/14/2026,
516838,124414,6/14/2026,6/21/2026
516839,124402,6/14/2026,6/17/2026
516840,124403,6/14/2026,
516841,124405,6/14/2026,6/26/2026
516842,124406,6/14/2026,
516843,124408,6/14/2026,
516844,124410,6/14/2026,6/30/2026
516845,124418,6/14/2026,6/28/2026
516846,124416,6/14/2026,7/6/2026
516847,124413,6/14/2026,
516848,124412,6/14/2026,6/26/2026
516849,124379,6/14/2026,
516850,124400,6/14/2026,7/5/2026
516851,124377,6/14/2026,6/26/2026
516852,124370,6/14/2026,7/11/2026
516853,124374,6/14/2026,
516854,111327,6/14/2026,
516855,112057,6/14/2026,
516856,124350,6/14/2026,7/3/2026
516857,124351,6/14/2026,
516858,124353,6/14/2026,
516859,124355,6/14/2026,
516860,124356,6/14/2026,6/15/2026
516861,124358,6/14/2026,8/3/2026
516862,124359,6/14/2026,6/26/2026
516863,107252,6/14/2026,7/24/2026
516864,124361,6/14/2026,
516865,124363,6/14/2026,
516866,124365,6/14/2026,6/20/2026
516867,124366,6/14/2026,
516868,124368,6/14/2026,6/27/2026
516869,124375,6/14/2026,
516870,124360,6/14/2026,
516871,124372,6/14/2026,7/8/2026
516872,124371,6/14/2026,6/24/2026
516873,124452,6/15/2026,6/16/2026
516874,124450,6/15/2026,7/2/2026
516875,124447,6/15/2026,6/25/2026
516876,124448,6/15/2026,
516877,124454,6/15/2026,7/17/2026
516878,124446,6/15/2026,
516879,124444,6/15/2026,7/2/2026
516880,124449,6/15/2026,
516881,124456,6/15/2026,6/20/2026
516882,124462,6/15/2026,
516883,124459,6/15/2026,7/13/2026
516884,124460,6/15/2026,6/21/2026
516885,124464,6/15/2026,6/27/2026
516886,124465,6/15/2026,7/20/2026
516887,124466,6/15/2026,7/9/2026
516888,124443,6/15/2026,
516889,124468,6/15/2026,6/20/2026
516890,124470,6/15/2026,6/17/2026
516891,124458,6/15/2026,6/26/2026
516892,124442,6/15/2026,
516893,124439,6/15/2026,
516894,124422,6/15/2026,
516895,111425,6/15/2026,
516896,124440,6/15/2026,6/16/2026
516897,124420,6/15/2026,
516898,124421,6/15/2026,
516899,114572,6/15/2026,
516900,124424,6/15/2026,
516901,110076,6/15/2026,7/11/2026
516902,124426,6/15/2026,6/24/2026
516903,124430,6/15/2026,6/19/2026
516904,124432,6/15/2026,
516905,124433,6/15/2026,
516906,124435,6/15/2026,
516907,124436,6/15/2026,
516908,124438,6/15/2026,6/21/2026
516909,124428,6/15/2026,6/21/2026
516910,105848,6/15/2026,
516911,124497,6/16/2026,7/26/2026
516912,124508,6/16/2026,7/26/2026
516913,124506,6/16/2026,6/23/2026
516914,124505,6/16/2026,
516915,124499,6/16/2026,6/23/2026
516916,124502,6/16/2026,6/27/2026
516917,124500,6/16/2026,
516918,124510,6/16/2026,6/18/2026
516919,124504,6/16/2026,6/23/2026
516920,124512,6/16/2026,
516921,124525,6/16/2026,7/3/2026
516922,124515,6/16/2026,
516923,124516,6/16/2026,6/27/2026
516924,124526,6/16/2026,
516925,124517,6/16/2026,7/13/2026
516926,124519,6/16/2026,7/22/2026
516927,124520,6/16/2026,7/8/2026
516928,124524,6/16/2026,
516929,124522,6/16/2026,
516930,124514,6/16/2026,6/18/2026
516931,124495,6/16/2026,6/24/2026
516932,124473,6/16/2026,7/4/2026
516933,124491,6/16/2026,6/20/2026
516934,113060,6/16/2026,6/17/2026
516935,124472,6/16/2026,
516936,124474,6/16/2026,
516937,124475,6/16/2026,
516938,124493,6/16/2026,6/24/2026
516939,124478,6/16/2026,6/24/2026
516940,124479,6/16/2026,
516941,124477,6/16/2026,
516942,124481,6/16/2026,6/17/2026
516943,124483,6/16/2026,
516944,124485,6/16/2026,6/21/2026
516945,124486,6/16/2026,7/4/2026
516946,124487,6/16/2026,6/27/2026
516947,124488,6/16/2026,
516948,124489,6/16/2026,
516949,124480,6/16/2026,6/17/2026
516950,124592,6/17/2026,6/22/2026
516951,124590,6/17/2026,6/24/2026
516952,124588,6/17/2026,6/20/2026
516953,124587,6/17/2026,
516954,124585,6/17/2026,6/19/2026
516955,124583,6/17/2026,7/18/2026
516956,124572,6/17/2026,6/25/2026
516957,124579,6/17/2026,
516958,124578,6/17/2026,
516959,124576,6/17/2026,
516960,124574,6/17/2026,6/18/2026
516961,124573,6/17/2026,
516962,124593,6/17/2026,8/2/2026
516963,124581,6/17/2026,
516964,124594,6/17/2026,
516965,124610,6/17/2026,
516966,124598,6/17/2026,
516967,124617,6/17/2026,7/1/2026
516968,124619,6/17/2026,
516969,124621,6/17/2026,6/20/2026
516970,124622,6/17/2026,
516971,124570,6/17/2026,
516972,124615,6/17/2026,7/20/2026
516973,124596,6/17/2026,6/18/2026
516974,124613,6/17/2026,6/19/2026
516975,124608,6/17/2026,7/15/2026
516976,124606,6/17/2026,
516977,124605,6/17/2026,
516978,124604,6/17/2026,
516979,124601,6/17/2026,
516980,124600,6/17/2026,7/11/2026
516981,124612,6/17/2026,
516982,124568,6/17/2026,
516983,124603,6/17/2026,6/23/2026
516984,124565,6/17/2026,
516985,113989,6/17/2026,6/23/2026
516986,118923,6/17/2026,
516987,124528,6/17/2026,
516988,124531,6/17/2026,6/24/2026
516989,124532,6/17/2026,
516990,124534,6/17/2026,
516991,124535,6/17/2026,
516992,124537,6/17/2026,
516993,124567,6/17/2026,
516994,124538,6/17/2026,6/23/2026
516995,124539,6/17/2026,7/12/2026
516996,124541,6/17/2026,
516997,124542,6/17/2026,7/20/2026
516998,124544,6/17/2026,6/25/2026
516999,124529,6/17/2026,
517000,124547,6/17/2026,
517001,124545,6/17/2026,6/18/2026
517002,124564,6/17/2026,
517003,124563,6/17/2026,
517004,124561,6/17/2026,
517005,124560,6/17/2026,
517006,124559,6/17/2026,6/30/2026
517007,124562,6/17/2026,
517008,124555,6/17/2026,6/20/2026
517009,124553,6/17/2026,
517010,124551,6/17/2026,
517011,124550,6/17/2026,6/22/2026
517012,124548,6/17/2026,6/30/2026
517013,124557,6/17/2026,
517014,124660,6/18/2026,
517015,124673,6/18/2026,
517016,124661,6/18/2026,
517017,124663,6/18/2026,6/19/2026
517018,124665,6/18/2026,7/14/2026
517019,124667,6/18/2026,6/19/2026
517020,124668,6/18/2026,
517021,124670,6/18/2026,6/21/2026
517022,124672,6/18/2026,
517023,124675,6/18/2026,7/17/2026
517024,124687,6/18/2026,
517025,124678,6/18/2026,7/8/2026
517026,124680,6/18/2026,8/3/2026
517027,124681,6/18/2026,6/25/2026
517028,124683,6/18/2026,6/19/2026
517029,124685,6/18/2026,
517030,124690,6/18/2026,6/28/2026
517031,124691,6/18/2026,8/3/2026
517032,124692,6/18/2026,
517033,124694,6/18/2026,
517034,124658,6/18/2026,7/8/2026
517035,124677,6/18/2026,
517036,124656,6/18/2026,6/25/2026
517037,124688,6/18/2026,6/21/2026
517038,124652,6/18/2026,6/29/2026
517039,124654,6/18/2026,
517040,124624,6/18/2026,8/3/2026
517041,124625,6/18/2026,
517042,124627,6/18/2026,
517043,124629,6/18/2026,6/25/2026
517044,124630,6/18/2026,
517045,124631,6/18/2026,6/19/2026
517046,124633,6/18/2026,
517047,124634,6/18/2026,7/2/2026
517048,109805,6/18/2026,6/30/2026
517049,124637,6/18/2026,6/28/2026
517050,124639,6/18/2026,6/21/2026
517051,124641,6/18/2026,6/26/2026
517052,124643,6/18/2026,6/26/2026
517053,124645,6/18/2026,
517054,124647,6/18/2026,6/20/2026
517055,124649,6/18/2026,
517056,124636,6/18/2026,
517057,124651,6/18/2026,
517058,124736,6/19/2026,
517059,124735,6/19/2026,7/6/2026
517060,124733,6/19/2026,
517061,124728,6/19/2026,
517062,124729,6/19/2026,
517063,124738,6/19/2026,
517064,124727,6/19/2026,
517065,124726,6/19/2026,7/22/2026
517066,124731,6/19/2026,6/20/2026
517067,124740,6/19/2026,6/20/2026
517068,124746,6/19/2026,
517069,124743,6/19/2026,
517070,124744,6/19/2026,
517071,124745,6/19/2026,
517072,124748,6/19/2026,
517073,124750,6/19/2026,6/29/2026
517074,124751,6/19/2026,7/8/2026
517075,124753,6/19/2026,7/23/2026
517076,124755,6/19/2026,
517077,124756,6/19/2026,7/21/2026
517078,124758,6/19/2026,7/7/2026
517079,124742,6/19/2026,
517080,124723,6/19/2026,7/26/2026
517081,124724,6/19/2026,6/20/2026
517082,124719,6/19/2026,7/21/2026
517083,124721,6/19/2026,
517084,100921,6/19/2026,
517085,106373,6/19/2026,6/27/2026
517086,119667,6/19/2026,
517087,124695,6/19/2026,7/2/2026
517088,124697,6/19/2026,7/28/2026
517089,124699,6/19/2026,
517090,124700,6/19/2026,
517091,124701,6/19/2026,
517092,124702,6/19/2026,
517093,124696,6/19/2026,7/23/2026
517094,124705,6/19/2026,
517095,124717,6/19/2026,6/20/2026
517096,124704,6/19/2026,
517097,124714,6/19/2026,8/3/2026
517098,124712,6/19/2026,
517099,124715,6/19/2026,
517100,124709,6/19/2026,
517101,124708,6/19/2026,6/25/2026
517102,124706,6/19/2026,
517103,124711,6/19/2026,
517104,124809,6/20/2026,7/7/2026
517105,124795,6/20/2026,6/27/2026
517106,124796,6/20/2026,6/22/2026
517107,124798,6/20/2026,6/29/2026
517108,124800,6/20/2026,8/1/2026
517109,124801,6/20/2026,
517110,124802,6/20/2026,
517111,124803,6/20/2026,
517112,124832,6/20/2026,
517113,124807,6/20/2026,6/28/2026
517114,124810,6/20/2026,
517115,124794,6/20/2026,
517116,124813,6/20/2026,
517117,124815,6/20/2026,6/28/2026
517118,124817,6/20/2026,7/6/2026
517119,124818,6/20/2026,
517120,124820,6/20/2026,
517121,124821,6/20/2026,6/28/2026
517122,124823,6/20/2026,7/7/2026
517123,124825,6/20/2026,6/29/2026
517124,124827,6/20/2026,
517125,124830,6/20/2026,7/3/2026
517126,124829,6/20/2026,6/29/2026
517127,124811,6/20/2026,7/5/2026
517128,124792,6/20/2026,6/22/2026
517129,124805,6/20/2026,
517130,124790,6/20/2026,
517131,124791,6/20/2026,6/23/2026
517132,115358,6/20/2026,
517133,108618,6/20/2026,6/25/2026
517134,124759,6/20/2026,6/27/2026
517135,124763,6/20/2026,6/23/2026
517136,124765,6/20/2026,6/29/2026
517137,124766,6/20/2026,7/1/2026
517138,124767,6/20/2026,
517139,124768,6/20/2026,
517140,124770,6/20/2026,7/19/2026
517141,124772,6/20/2026,6/26/2026
517142,124761,6/20/2026,
517143,124775,6/20/2026,
517144,124773,6/20/2026,7/30/2026
517145,124789,6/20/2026,7/5/2026
517146,124787,6/20/2026,6/30/2026
517147,124786,6/20/2026,7/25/2026
517148,124783,6/20/2026,
517149,124784,6/20/2026,
517150,124781,6/20/2026,
517151,124780,6/20/2026,6/26/2026
517152,124778,6/20/2026,6/24/2026
517153,124777,6/20/2026,6/25/2026
517154,124782,6/20/2026,
517155,124903,6/21/2026,
517156,124897,6/21/2026,7/26/2026
517157,124902,6/21/2026,7/15/2026
517158,124901,6/21/2026,
517159,124899,6/21/2026,7/24/2026
517160,124895,6/21/2026,
517161,124886,6/21/2026,
517162,124892,6/21/2026,
517163,124890,6/21/2026,
517164,124888,6/21/2026,6/26/2026
517165,124887,6/21/2026,
517166,124884,6/21/2026,8/3/2026
517167,124883,6/21/2026,7/18/2026
517168,124905,6/21/2026,
517169,124893,6/21/2026,
517170,124906,6/21/2026,8/2/2026
517171,124925,6/21/2026,
517172,124909,6/21/2026,
517173,124933,6/21/2026,
517174,124931,6/21/2026,6/25/2026
517175,124930,6/21/2026,
517176,124928,6/21/2026,
517177,124927,6/21/2026,6/26/2026
517178,124882,6/21/2026,
517179,124907,6/21/2026,6/22/2026
517180,124924,6/21/2026,
517181,124921,6/21/2026,7/2/2026
517182,124920,6/21/2026,
517183,124918,6/21/2026,
517184,124916,6/21/2026,7/22/2026
517185,124912,6/21/2026,7/15/2026
517186,124911,6/21/2026,
517187,124922,6/21/2026,7/7/2026
517188,124880,6/21/2026,
517189,124914,6/21/2026,6/22/2026
517190,124877,6/21/2026,7/7/2026
517191,124850,6/21/2026,
517192,124848,6/21/2026,6/30/2026
517193,124847,6/21/2026,
517194,124845,6/21/2026,
517195,124844,6/21/2026,7/7/2026
517196,124842,6/21/2026,6/28/2026
517197,124851,6/21/2026,
517198,124840,6/21/2026,
517199,124838,6/21/2026,
517200,124836,6/21/2026,
517201,124835,6/21/2026,
517202,124833,6/21/2026,
517203,111926,6/21/2026,7/6/2026
517204,124879,6/21/2026,
517205,124839,6/21/2026,7/18/2026
517206,124852,6/21/2026,
517207,124837,6/21/2026,7/1/2026
517208,124855,6/21/2026,
517209,124854,6/21/2026,6/22/2026
517210,124873,6/21/2026,6/24/2026
517211,124875,6/21/2026,6/22/2026
517212,124872,6/21/2026,
517213,124868,6/21/2026,7/9/2026
517214,124866,6/21/2026,8/3/2026
517215,124865,6/21/2026,
517216,124870,6/21/2026,
517217,124863,6/21/2026,7/31/2026
517218,124862,6/21/2026,6/29/2026
517219,124861,6/21/2026,
517220,124860,6/21/2026,6/24/2026
517221,124859,6/21/2026,
517222,124864,6/21/2026,7/2/2026
517223,124857,6/21/2026,7/9/2026
517224,124980,6/22/2026,
517225,124978,6/22/2026,6/30/2026
517226,124977,6/22/2026,7/18/2026
517227,124976,6/22/2026,7/21/2026
517228,124973,6/22/2026,
517229,124971,6/22/2026,
517230,124981,6/22/2026,
517231,124970,6/22/2026,6/30/2026
517232,124975,6/22/2026,
517233,124983,6/22/2026,
517234,124996,6/22/2026,7/1/2026
517235,124987,6/22/2026,
517236,124989,6/22/2026,
517237,124991,6/22/2026,6/29/2026
517238,124993,6/22/2026,
517239,124994,6/22/2026,
517240,124997,6/22/2026,7/21/2026
517241,124998,6/22/2026,6/23/2026
517242,125000,6/22/2026,
517243,125002,6/22/2026,
517244,124968,6/22/2026,7/10/2026
517245,124985,6/22/2026,7/22/2026
517246,124967,6/22/2026,
517247,124960,6/22/2026,7/6/2026
517248,124964,6/22/2026,6/25/2026
517249,124965,6/22/2026,6/27/2026
517250,122053,6/22/2026,7/21/2026
517251,113200,6/22/2026,
517252,124935,6/22/2026,
517253,124936,6/22/2026,
517254,124939,6/22/2026,
517255,124940,6/22/2026,
517256,124941,6/22/2026,
517257,124943,6/22/2026,7/1/2026
517258,124945,6/22/2026,6/29/2026
517259,124937,6/22/2026,7/4/2026
517260,124948,6/22/2026,
517261,124950,6/22/2026,7/1/2026
517262,124952,6/22/2026,
517263,124953,6/22/2026,6/27/2026
517264,124954,6/22/2026,
517265,124956,6/22/2026,7/15/2026
517266,124958,6/22/2026,7/20/2026
517267,124961,6/22/2026,7/12/2026
517268,124947,6/22/2026,
517269,124962,6/22/2026,7/9/2026
517270,125056,6/23/2026,
517271,125055,6/23/2026,
517272,125054,6/23/2026,7/20/2026
517273,125052,6/23/2026,7/30/2026
517274,125050,6/23/2026,6/27/2026
517275,125043,6/23/2026,7/17/2026
517276,125046,6/23/2026,7/9/2026
517277,125044,6/23/2026,7/24/2026
517278,125041,6/23/2026,
517279,125057,6/23/2026,
517280,125048,6/23/2026,7/12/2026
517281,125059,6/23/2026,
517282,125077,6/23/2026,
517283,125064,6/23/2026,
517284,125065,6/23/2026,
517285,125067,6/23/2026,
517286,125068,6/23/2026,
517287,125070,6/23/2026,7/14/2026
517288,125071,6/23/2026,7/17/2026
517289,125072,6/23/2026,
517290,125074,6/23/2026,7/26/2026
517291,125075,6/23/2026,7/9/2026
517292,125078,6/23/2026,
517293,125039,6/23/2026,6/24/2026
517294,125061,6/23/2026,6/24/2026
517295,125037,6/23/2026,
517296,125063,6/23/2026,
517297,125033,6/23/2026,7/6/2026
517298,125003,6/23/2026,7/3/2026
517299,125007,6/23/2026,8/1/2026
517300,125008,6/23/2026,
517301,125009,6/23/2026,
517302,125010,6/23/2026,
517303,125011,6/23/2026,7/3/2026
517304,125035,6/23/2026,6/30/2026
517305,125012,6/23/2026,6/26/2026
517306,125013,6/23/2026,
517307,125015,6/23/2026,7/17/2026
517308,125005,6/23/2026,
517309,125018,6/23/2026,
517310,125020,6/23/2026,7/9/2026
517311,125022,6/23/2026,7/26/2026
517312,125024,6/23/2026,6/29/2026
517313,125026,6/23/2026,7/25/2026
517314,125027,6/23/2026,
517315,125028,6/23/2026,7/18/2026
517316,125029,6/23/2026,
517317,125031,6/23/2026,6/30/2026
517318,125032,6/23/2026,
517319,125017,6/23/2026,
517320,125110,6/24/2026,
517321,125109,6/24/2026,
517322,125107,6/24/2026,7/6/2026
517323,125102,6/24/2026,
517324,125104,6/24/2026,6/27/2026
517325,125103,6/24/2026,
517326,125112,6/24/2026,7/3/2026
517327,125105,6/24/2026,
517328,125114,6/24/2026,6/25/2026
517329,125122,6/24/2026,
517330,125117,6/24/2026,7/31/2026
517331,125119,6/24/2026,
517332,125121,6/24/2026,
517333,125123,6/24/2026,
517334,125124,6/24/2026,
517335,125125,6/24/2026,7/5/2026
517336,125127,6/24/2026,6/27/2026
517337,125100,6/24/2026,7/11/2026
517338,125115,6/24/2026,8/3/2026
517339,125099,6/24/2026,
517340,125095,6/24/2026,
517341,119457,6/24/2026,8/2/2026
517342,106962,6/24/2026,
517343,125080,6/24/2026,
517344,125082,6/24/2026,6/29/2026
517345,119288,6/24/2026,7/7/2026
517346,125085,6/24/2026,8/2/2026
517347,125084,6/24/2026,
517348,125088,6/24/2026,7/10/2026
517349,125090,6/24/2026,
517350,125091,6/24/2026,
517351,125092,6/24/2026,6/25/2026
517352,125093,6/24/2026,6/29/2026
517353,125087,6/24/2026,
517354,125097,6/24/2026,
517355,125178,6/25/2026,
517356,125176,6/25/2026,
517357,125175,6/25/2026,
517358,125173,6/25/2026,7/26/2026
517359,125163,6/25/2026,7/20/2026
517360,125171,6/25/2026,6/28/2026
517361,125170,6/25/2026,
517362,125167,6/25/2026,
517363,125180,6/25/2026,7/10/2026
517364,125165,6/25/2026,6/26/2026
517365,125172,6/25/2026,
517366,125181,6/25/2026,
517367,125192,6/25/2026,8/1/2026
517368,125183,6/25/2026,6/27/2026
517369,125184,6/25/2026,7/5/2026
517370,125186,6/25/2026,
517371,125188,6/25/2026,7/21/2026
517372,125189,6/25/2026,
517373,125190,6/25/2026,
517374,125199,6/25/2026,7/15/2026
517375,125197,6/25/2026,7/11/2026
517376,125196,6/25/2026,6/29/2026
517377,125195,6/25/2026,
517378,125194,6/25/2026,
517379,125182,6/25/2026,7/15/2026
517380,125161,6/25/2026,6/28/2026
517381,125169,6/25/2026,7/8/2026
517382,125159,6/25/2026,7/14/2026
517383,122333,6/25/2026,
517384,120615,6/25/2026,
517385,108514,6/25/2026,
517386,125129,6/25/2026,7/16/2026
517387,125131,6/25/2026,7/12/2026
517388,125133,6/25/2026,7/9/2026
517389,125134,6/25/2026,7/1/2026
517390,125136,6/25/2026,7/2/2026
517391,125138,6/25/2026,
517392,125139,6/25/2026,
517393,125141,6/25/2026,7/2/2026
517394,125160,6/25/2026,6/30/2026
517395,125144,6/25/2026,
517396,125146,6/25/2026,7/5/2026
517397,125147,6/25/2026,7/23/2026
517398,125148,6/25/2026,
517399,125150,6/25/2026,
517400,125152,6/25/2026,
517401,125153,6/25/2026,6/28/2026
517402,125142,6/25/2026,
517403,125154,6/25/2026,7/18/2026
517404,125155,6/25/2026,
517405,125157,6/25/2026,6/26/2026
517406,125240,6/26/2026,7/20/2026
517407,125238,6/26/2026,
517408,125236,6/26/2026,
517409,125232,6/26/2026,6/27/2026
517410,125241,6/26/2026,
517411,125231,6/26/2026,7/21/2026
517412,125230,6/26/2026,7/9/2026
517413,125229,6/26/2026,7/13/2026
517414,125234,6/26/2026,
517415,125243,6/26/2026,
517416,125252,6/26/2026,7/18/2026
517417,125247,6/26/2026,
517418,125248,6/26/2026,7/9/2026
517419,125250,6/26/2026,
517420,125251,6/26/2026,7/2/2026
517421,125253,6/26/2026,7/1/2026
517422,125254,6/26/2026,
517423,125228,6/26/2026,
517424,125258,6/26/2026,
517425,125260,6/26/2026,
517426,125261,6/26/2026,7/18/2026
517427,125245,6/26/2026,7/3/2026
517428,125256,6/26/2026,
517429,125226,6/26/2026,6/28/2026
517430,125224,6/26/2026,
517431,125225,6/26/2026,
517432,121727,6/26/2026,7/2/2026
517433,125202,6/26/2026,
517434,125203,6/26/2026,6/30/2026
517435,125205,6/26/2026,7/30/2026
517436,125206,6/26/2026,7/16/2026
517437,125207,6/26/2026,
517438,125208,6/26/2026,
517439,125200,6/26/2026,
517440,125212,6/26/2026,7/11/2026
517441,125214,6/26/2026,
517442,125215,6/26/2026,6/30/2026
517443,125217,6/26/2026,
517444,125219,6/26/2026,7/10/2026
517445,125221,6/26/2026,6/27/2026
517446,125210,6/26/2026,
517447,125223,6/26/2026,7/1/2026
517448,125317,6/27/2026,
517449,125316,6/27/2026,
517450,125314,6/27/2026,
517451,125312,6/27/2026,7/12/2026
517452,125311,6/27/2026,
517453,125307,6/27/2026,7/30/2026
517454,125309,6/27/2026,6/28/2026
517455,125305,6/27/2026,
517456,125304,6/27/2026,7/2/2026
517457,125302,6/27/2026,
517458,125318,6/27/2026,
517459,125310,6/27/2026,
517460,125320,6/27/2026,
517461,125333,6/27/2026,7/30/2026
517462,125322,6/27/2026,
517463,125323,6/27/2026,
517464,125324,6/27/2026,7/1/2026
517465,125326,6/27/2026,
517466,125328,6/27/2026,7/4/2026
517467,125330,6/27/2026,
517468,125332,6/27/2026,
517469,125301,6/27/2026,7/7/2026
517470,125338,6/27/2026,7/4/2026
517471,125340,6/27/2026,
517472,125337,6/27/2026,
517473,125335,6/27/2026,
517474,125321,6/27/2026,7/1/2026
517475,125300,6/27/2026,
517476,125272,6/27/2026,7/5/2026
517477,125297,6/27/2026,7/1/2026
517478,125299,6/27/2026,
517479,104184,6/27/2026,7/4/2026
517480,125262,6/27/2026,6/30/2026
517481,125263,6/27/2026,7/1/2026
517482,125264,6/27/2026,6/28/2026
517483,125266,6/27/2026,7/1/2026
517484,125270,6/27/2026,
517485,125274,6/27/2026,
517486,125275,6/27/2026,7/8/2026
517487,125276,6/27/2026,
517488,125277,6/27/2026,7/20/2026
517489,125268,6/27/2026,
517490,125281,6/27/2026,8/2/2026
517491,125282,6/27/2026,
517492,125284,6/27/2026,
517493,125285,6/27/2026,7/6/2026
517494,125287,6/27/2026,7/15/2026
517495,125289,6/27/2026,7/9/2026
517496,125290,6/27/2026,
517497,125292,6/27/2026,7/1/2026
517498,125279,6/27/2026,7/8/2026
517499,125295,6/27/2026,
517500,125293,6/27/2026,
517501,125393,6/28/2026,
517502,125391,6/28/2026,7/14/2026
517503,125389,6/28/2026,6/30/2026
517504,125387,6/28/2026,
517505,125385,6/28/2026,
517506,125378,6/28/2026,
517507,125381,6/28/2026,7/1/2026
517508,125379,6/28/2026,
517509,125376,6/28/2026,
517510,125395,6/28/2026,
517511,125374,6/28/2026,7/14/2026
517512,125383,6/28/2026,
517513,125396,6/28/2026,
517514,125411,6/28/2026,
517515,125400,6/28/2026,
517516,125401,6/28/2026,7/26/2026
517517,125402,6/28/2026,8/2/2026
517518,125403,6/28/2026,6/29/2026
517519,125407,6/28/2026,
517520,125408,6/28/2026,
517521,125409,6/28/2026,7/30/2026
517522,125410,6/28/2026,
517523,125373,6/28/2026,
517524,125413,6/28/2026,7/19/2026
517525,125414,6/28/2026,7/16/2026
517526,125415,6/28/2026,
517527,125398,6/28/2026,7/2/2026
517528,125372,6/28/2026,
517529,125405,6/28/2026,
517530,125368,6/28/2026,
517531,116030,6/28/2026,8/1/2026
517532,107326,6/28/2026,
517533,118699,6/28/2026,
517534,125370,6/28/2026,
517535,120072,6/28/2026,
517536,125341,6/28/2026,
517537,125342,6/28/2026,
517538,125343,6/28/2026,
517539,125345,6/28/2026,
517540,125346,6/28/2026,6/30/2026
517541,125348,6/28/2026,
517542,125344,6/28/2026,
517543,125351,6/28/2026,
517544,125353,6/28/2026,
517545,125355,6/28/2026,7/9/2026
517546,125356,6/28/2026,
517547,125358,6/28/2026,
517548,125360,6/28/2026,
517549,125362,6/28/2026,
517550,125363,6/28/2026,
517551,125349,6/28/2026,
517552,125365,6/28/2026,
517553,125366,6/28/2026,7/27/2026
517554,125367,6/28/2026,7/9/2026
517555,125448,6/29/2026,7/22/2026
517556,125447,6/29/2026,
517557,125446,6/29/2026,7/30/2026
517558,125441,6/29/2026,7/3/2026
517559,125443,6/29/2026,7/26/2026
517560,125449,6/29/2026,7/20/2026
517561,125444,6/29/2026,
517562,125450,6/29/2026,7/7/2026
517563,125460,6/29/2026,
517564,125452,6/29/2026,
517565,125453,6/29/2026,7/3/2026
517566,125454,6/29/2026,
517567,125456,6/29/2026,7/7/2026
517568,125457,6/29/2026,6/30/2026
517569,125458,6/29/2026,8/1/2026
517570,125459,6/29/2026,
517571,125451,6/29/2026,7/2/2026
517572,125439,6/29/2026,7/19/2026
517573,125440,6/29/2026,
517574,125436,6/29/2026,7/3/2026
517575,116155,6/29/2026,6/30/2026
517576,125416,6/29/2026,7/2/2026
517577,125418,6/29/2026,7/25/2026
517578,125420,6/29/2026,7/9/2026
517579,125438,6/29/2026,
517580,125423,6/29/2026,7/19/2026
517581,125424,6/29/2026,
517582,125422,6/29/2026,
517583,125428,6/29/2026,
517584,125429,6/29/2026,
517585,125430,6/29/2026,7/5/2026
517586,125431,6/29/2026,
517587,125432,6/29/2026,
517588,125434,6/29/2026,
517589,125426,6/29/2026,
517590,125520,6/30/2026,7/5/2026
517591,125519,6/30/2026,
517592,125517,6/30/2026,
517593,125516,6/30/2026,7/27/2026
517594,125515,6/30/2026,7/15/2026
517595,125514,6/30/2026,
517596,125504,6/30/2026,
517597,125511,6/30/2026,
517598,125509,6/30/2026,7/8/2026
517599,125507,6/30/2026,7/8/2026
517600,125506,6/30/2026,7/15/2026
517601,125522,6/30/2026,
517602,125503,6/30/2026,
517603,125513,6/30/2026,
517604,125523,6/30/2026,7/3/2026
517605,125533,6/30/2026,
517606,125524,6/30/2026,
517607,125525,6/30/2026,
517608,125527,6/30/2026,
517609,125528,6/30/2026,
517610,125530,6/30/2026,
517611,125531,6/30/2026,
517612,125535,6/30/2026,
517613,125537,6/30/2026,
517614,125539,6/30/2026,7/20/2026
517615,125541,6/30/2026,7/9/2026
517616,125545,6/30/2026,7/4/2026
517617,125546,6/30/2026,
517618,125501,6/30/2026,
517619,125543,6/30/2026,7/9/2026
517620,125547,6/30/2026,7/8/2026
517621,125500,6/30/2026,
517622,125472,6/30/2026,7/27/2026
517623,125498,6/30/2026,
517624,121014,6/30/2026,7/30/2026
517625,114846,6/30/2026,7/3/2026
517626,125499,6/30/2026,7/1/2026
517627,125462,6/30/2026,
517628,125463,6/30/2026,
517629,125465,6/30/2026,
517630,125467,6/30/2026,7/15/2026
517631,125470,6/30/2026,7/23/2026
517632,125471,6/30/2026,
517633,125474,6/30/2026,
517634,125476,6/30/2026,
517635,125477,6/30/2026,7/2/2026
517636,125468,6/30/2026,7/1/2026
517637,125479,6/30/2026,7/27/2026
517638,125497,6/30/2026,
517639,125478,6/30/2026,7/1/2026
517640,125495,6/30/2026,
517641,125494,6/30/2026,8/2/2026
517642,125492,6/30/2026,
517643,125489,6/30/2026,7/11/2026
517644,125490,6/30/2026,7/25/2026
517645,125485,6/30/2026,
517646,125484,6/30/2026,7/10/2026
517647,125482,6/30/2026,7/15/2026
517648,125480,6/30/2026,7/9/2026
517649,125487,6/30/2026,
517650,125593,7/1/2026,
517651,125600,7/1/2026,
517652,125597,7/1/2026,7/26/2026
517653,125595,7/1/2026,
517654,125591,7/1/2026,7/9/2026
517655,125582,7/1/2026,
517656,125589,7/1/2026,7/21/2026
517657,125587,7/1/2026,7/25/2026
517658,125585,7/1/2026,
517659,125584,7/1/2026,7/11/2026
517660,125601,7/1/2026,7/2/2026
517661,125590,7/1/2026,8/2/2026
517662,125602,7/1/2026,7/6/2026
517663,125620,7/1/2026,
517664,125605,7/1/2026,7/27/2026
517665,125607,7/1/2026,
517666,125609,7/1/2026,7/29/2026
517667,125610,7/1/2026,7/2/2026
517668,125611,7/1/2026,7/13/2026
517669,125613,7/1/2026,
517670,125615,7/1/2026,
517671,125617,7/1/2026,
517672,125618,7/1/2026,7/11/2026
517673,125619,7/1/2026,7/10/2026
517674,125580,7/1/2026,
517675,125621,7/1/2026,7/6/2026
517676,125603,7/1/2026,7/25/2026
517677,125578,7/1/2026,
517678,125598,7/1/2026,
517679,125575,7/1/2026,
517680,106038,7/1/2026,
517681,117158,7/1/2026,7/3/2026
517682,116740,7/1/2026,7/5/2026
517683,125577,7/1/2026,7/10/2026
517684,117461,7/1/2026,
517685,125549,7/1/2026,
517686,125550,7/1/2026,7/9/2026
517687,125551,7/1/2026,
517688,125552,7/1/2026,
517689,125554,7/1/2026,7/12/2026
517690,125556,7/1/2026,7/5/2026
517691,125553,7/1/2026,7/27/2026
517692,117016,7/1/2026,
517693,125573,7/1/2026,7/30/2026
517694,125571,7/1/2026,
517695,125570,7/1/2026,
517696,125558,7/1/2026,7/29/2026
517697,125567,7/1/2026,
517698,125568,7/1/2026,
517699,125563,7/1/2026,7/6/2026
517700,125561,7/1/2026,7/10/2026
517701,125560,7/1/2026,
517702,125559,7/1/2026,
517703,125565,7/1/2026,
517704,125645,7/2/2026,7/24/2026
517705,125647,7/2/2026,
517706,125652,7/2/2026,7/5/2026
517707,125648,7/2/2026,
517708,125649,7/2/2026,7/22/2026
517709,125650,7/2/2026,7/19/2026
517710,125654,7/2/2026,7/7/2026
517711,125664,7/2/2026,
517712,125656,7/2/2026,7/22/2026
517713,125658,7/2/2026,
517714,125659,7/2/2026,
517715,125660,7/2/2026,
517716,125661,7/2/2026,7/5/2026
517717,125662,7/2/2026,7/12/2026
517718,125663,7/2/2026,7/6/2026
517719,125644,7/2/2026,7/21/2026
517720,125655,7/2/2026,
517721,125642,7/2/2026,
517722,125636,7/2/2026,7/9/2026
517723,125639,7/2/2026,
517724,125640,7/2/2026,
517725,110907,7/2/2026,
517726,125624,7/2/2026,
517727,125625,7/2/2026,7/5/2026
517728,125626,7/2/2026,8/2/2026
517729,125627,7/2/2026,7/16/2026
517730,125622,7/2/2026,7/6/2026
517731,125630,7/2/2026,
517732,125632,7/2/2026,
517733,125634,7/2/2026,
517734,125635,7/2/2026,7/11/2026
517735,125637,7/2/2026,
517736,125629,7/2/2026,
517737,125709,7/3/2026,7/16/2026
517738,125698,7/3/2026,7/6/2026
517739,125700,7/3/2026,
517740,125702,7/3/2026,7/14/2026
517741,125704,7/3/2026,
517742,125705,7/3/2026,
517743,125697,7/3/2026,7/4/2026
517744,125707,7/3/2026,7/16/2026
517745,125708,7/3/2026,
517746,125710,7/3/2026,
517747,125723,7/3/2026,7/11/2026
517748,125714,7/3/2026,
517749,125716,7/3/2026,7/7/2026
517750,125717,7/3/2026,
517751,125719,7/3/2026,7/13/2026
517752,125721,7/3/2026,
517753,125724,7/3/2026,7/10/2026
517754,125726,7/3/2026,
517755,125727,7/3/2026,7/21/2026
517756,125729,7/3/2026,
517757,125712,7/3/2026,
517758,125696,7/3/2026,
517759,125706,7/3/2026,7/6/2026
517760,125693,7/3/2026,7/6/2026
517761,125695,7/3/2026,
517762,106162,7/3/2026,8/2/2026
517763,125665,7/3/2026,
517764,125668,7/3/2026,7/8/2026
517765,125670,7/3/2026,
517766,125671,7/3/2026,
517767,125673,7/3/2026,7/8/2026
517768,125674,7/3/2026,7/21/2026
517769,125676,7/3/2026,7/5/2026
517770,125667,7/3/2026,
517771,125680,7/3/2026,7/15/2026
517772,125681,7/3/2026,
517773,125683,7/3/2026,7/27/2026
517774,125684,7/3/2026,7/4/2026
517775,125686,7/3/2026,7/20/2026
517776,125688,7/3/2026,
517777,125678,7/3/2026,
517778,125689,7/3/2026,7/23/2026
517779,125691,7/3/2026,7/14/2026
517780,125788,7/4/2026,7/6/2026
517781,125787,7/4/2026,
517782,125785,7/4/2026,
517783,125784,7/4/2026,7/10/2026
517784,125783,7/4/2026,7/27/2026
517785,125777,7/4/2026,
517786,125779,7/4/2026,
517787,125775,7/4/2026,
517788,125774,7/4/2026,
517789,125773,7/4/2026,7/11/2026
517790,125789,7/4/2026,7/31/2026
517791,125781,7/4/2026,
517792,125790,7/4/2026,
517793,125805,7/4/2026,
517794,125793,7/4/2026,
517795,125795,7/4/2026,
517796,125797,7/4/2026,8/2/2026
517797,125798,7/4/2026,
517798,125800,7/4/2026,7/5/2026
517799,125801,7/4/2026,
517800,125803,7/4/2026,7/6/2026
517801,125804,7/4/2026,
517802,125771,7/4/2026,
517803,125809,7/4/2026,
517804,125811,7/4/2026,8/1/2026
517805,125812,7/4/2026,
517806,125813,7/4/2026,
517807,125791,7/4/2026,
517808,125769,7/4/2026,
517809,125807,7/4/2026,
517810,125766,7/4/2026,
517811,125767,7/4/2026,8/1/2026
517812,117420,7/4/2026,
517813,104036,7/4/2026,7/11/2026
517814,125730,7/4/2026,7/22/2026
517815,125731,7/4/2026,
517816,125733,7/4/2026,7/26/2026
517817,125734,7/4/2026,7/24/2026
517818,125736,7/4/2026,7/5/2026
517819,125738,7/4/2026,
517820,125740,7/4/2026,7/16/2026
517821,125741,7/4/2026,
517822,125743,7/4/2026,
517823,125744,7/4/2026,7/13/2026
517824,112217,7/4/2026,7/10/2026
517825,125747,7/4/2026,8/1/2026
517826,125765,7/4/2026,
517827,125764,7/4/2026,
517828,125746,7/4/2026,
517829,125763,7/4/2026,7/10/2026
517830,125759,7/4/2026,
517831,125761,7/4/2026,
517832,125755,7/4/2026,
517833,125753,7/4/2026,
517834,125751,7/4/2026,
517835,125750,7/4/2026,
517836,125749,7/4/2026,7/6/2026
517837,125757,7/4/2026,
517838,125862,7/5/2026,7/30/2026
517839,125865,7/5/2026,7/12/2026
517840,125864,7/5/2026,7/14/2026
517841,125860,7/5/2026,7/18/2026
517842,125853,7/5/2026,7/13/2026
517843,125857,7/5/2026,
517844,125855,7/5/2026,
517845,125867,7/5/2026,
517846,125851,7/5/2026,7/14/2026
517847,125849,7/5/2026,
517848,125859,7/5/2026,
517849,125869,7/5/2026,
517850,125878,7/5/2026,
517851,125873,7/5/2026,
517852,125875,7/5/2026,7/22/2026
517853,125876,7/5/2026,
517854,125877,7/5/2026,
517855,125879,7/5/2026,
517856,125881,7/5/2026,7/19/2026
517857,125883,7/5/2026,
517858,125885,7/5/2026,7/19/2026
517859,125886,7/5/2026,
517860,125888,7/5/2026,
517861,125847,7/5/2026,
517862,125890,7/5/2026,7/28/2026
517863,125892,7/5/2026,7/20/2026
517864,125871,7/5/2026,7/7/2026
517865,125845,7/5/2026,
517866,125838,7/5/2026,
517867,125842,7/5/2026,7/15/2026
517868,106089,7/5/2026,7/15/2026
517869,109988,7/5/2026,
517870,125843,7/5/2026,
517871,114997,7/5/2026,7/6/2026
517872,125814,7/5/2026,7/26/2026
517873,125815,7/5/2026,7/7/2026
517874,125816,7/5/2026,7/6/2026
517875,125819,7/5/2026,
517876,125820,7/5/2026,
517877,125821,7/5/2026,
517878,125823,7/5/2026,7/7/2026
517879,125817,7/5/2026,7/11/2026
517880,125826,7/5/2026,
517881,125841,7/5/2026,7/18/2026
517882,125840,7/5/2026,
517883,125824,7/5/2026,
517884,125836,7/5/2026,7/15/2026
517885,125835,7/5/2026,
517886,125839,7/5/2026,
517887,125831,7/5/2026,7/6/2026
517888,125830,7/5/2026,8/2/2026
517889,125828,7/5/2026,
517890,125833,7/5/2026,
517891,125921,7/6/2026,
517892,125932,7/6/2026,7/7/2026
517893,125923,7/6/2026,
517894,125947,7/6/2026,7/9/2026
517895,125924,7/6/2026,7/10/2026
517896,125926,7/6/2026,
517897,125928,7/6/2026,
517898,125930,7/6/2026,
517899,125933,7/6/2026,7/23/2026
517900,125945,7/6/2026,
517901,125935,7/6/2026,
517902,125937,7/6/2026,7/17/2026
517903,125938,7/6/2026,7/23/2026
517904,125940,7/6/2026,
517905,125941,7/6/2026,
517906,125942,7/6/2026,
517907,125919,7/6/2026,
517908,125946,7/6/2026,
517909,125944,7/6/2026,8/2/2026
517910,125934,7/6/2026,7/16/2026
517911,125918,7/6/2026,
517912,125908,7/6/2026,7/19/2026
517913,125915,7/6/2026,
517914,125916,7/6/2026,
517915,109305,7/6/2026,
517916,125893,7/6/2026,
517917,125895,7/6/2026,7/7/2026
517918,125898,7/6/2026,
517919,125899,7/6/2026,
517920,125900,7/6/2026,8/1/2026
517921,125896,7/6/2026,8/3/2026
517922,125903,7/6/2026,7/15/2026
517923,125904,7/6/2026,
517924,125905,7/6/2026,
517925,125906,7/6/2026,
517926,125910,7/6/2026,7/9/2026
517927,125911,7/6/2026,
517928,125913,7/6/2026,7/23/2026
517929,125901,7/6/2026,
517930,125979,7/7/2026,
517931,125971,7/7/2026,7/16/2026
517932,125973,7/7/2026,
517933,125975,7/7/2026,7/22/2026
517934,125976,7/7/2026,
517935,125977,7/7/2026,7/31/2026
517936,125978,7/7/2026,
517937,125980,7/7/2026,8/1/2026
517938,125991,7/7/2026,
517939,125983,7/7/2026,
517940,125984,7/7/2026,7/12/2026
517941,125986,7/7/2026,
517942,125988,7/7/2026,
517943,125990,7/7/2026,
517944,125967,7/7/2026,
517945,125993,7/7/2026,
517946,125981,7/7/2026,
517947,125965,7/7/2026,7/8/2026
517948,125969,7/7/2026,7/24/2026
517949,125962,7/7/2026,
517950,125963,7/7/2026,
517951,114324,7/7/2026,
517952,110224,7/7/2026,
517953,119928,7/7/2026,7/11/2026
517954,125948,7/7/2026,
517955,125949,7/7/2026,
517956,125950,7/7/2026,7/9/2026
517957,111980,7/7/2026,
517958,125953,7/7/2026,7/25/2026
517959,125954,7/7/2026,7/30/2026
517960,125955,7/7/2026,7/14/2026
517961,125957,7/7/2026,7/13/2026
517962,125959,7/7/2026,
517963,125951,7/7/2026,
517964,125961,7/7/2026,
517965,126039,7/8/2026,
517966,126037,7/8/2026,7/15/2026
517967,126036,7/8/2026,7/19/2026
517968,126035,7/8/2026,7/15/2026
517969,126033,7/8/2026,7/24/2026
517970,126025,7/8/2026,
517971,126030,7/8/2026,
517972,126028,7/8/2026,7/18/2026
517973,126027,7/8/2026,
517974,126041,7/8/2026,8/3/2026
517975,126031,7/8/2026,
517976,126042,7/8/2026,
517977,126057,7/8/2026,7/15/2026
517978,126046,7/8/2026,8/3/2026
517979,126047,7/8/2026,7/17/2026
517980,126049,7/8/2026,
517981,126051,7/8/2026,
517982,126053,7/8/2026,7/11/2026
517983,126055,7/8/2026,
517984,126058,7/8/2026,
517985,126064,7/8/2026,7/15/2026
517986,126062,7/8/2026,
517987,126060,7/8/2026,7/9/2026
517988,126024,7/8/2026,
517989,126044,7/8/2026,
517990,126023,7/8/2026,
517991,126002,7/8/2026,
517992,126021,7/8/2026,
517993,126022,7/8/2026,7/9/2026
517994,109220,7/8/2026,
517995,125994,7/8/2026,7/16/2026
517996,125995,7/8/2026,7/10/2026
517997,125996,7/8/2026,
517998,125997,7/8/2026,
517999,125999,7/8/2026,
518000,126001,7/8/2026,
518001,126004,7/8/2026,
518002,126006,7/8/2026,
518003,110130,7/8/2026,7/9/2026
518004,126009,7/8/2026,7/26/2026
518005,126010,7/8/2026,
518006,126011,7/8/2026,7/25/2026
518007,126013,7/8/2026,7/27/2026
518008,126015,7/8/2026,
518009,126016,7/8/2026,
518010,126017,7/8/2026,7/10/2026
518011,126008,7/8/2026,7/13/2026
518012,126018,7/8/2026,7/20/2026
518013,126019,7/8/2026,
518014,126122,7/9/2026,7/28/2026
518015,126121,7/9/2026,
518016,126120,7/9/2026,7/14/2026
518017,126118,7/9/2026,
518018,126116,7/9/2026,
518019,126112,7/9/2026,7/15/2026
518020,126124,7/9/2026,7/13/2026
518021,126111,7/9/2026,7/15/2026
518022,126109,7/9/2026,
518023,126107,7/9/2026,8/2/2026
518024,126105,7/9/2026,
518025,126114,7/9/2026,
518026,126126,7/9/2026,
518027,126133,7/9/2026,
518028,126128,7/9/2026,
518029,126130,7/9/2026,
518030,126132,7/9/2026,7/10/2026
518031,126134,7/9/2026,
518032,126135,7/9/2026,
518033,126136,7/9/2026,8/3/2026
518034,126137,7/9/2026,
518035,126139,7/9/2026,
518036,126145,7/9/2026,
518037,126143,7/9/2026,
518038,126141,7/9/2026,7/10/2026
518039,126140,7/9/2026,7/12/2026
518040,126102,7/9/2026,
518041,126127,7/9/2026,
518042,126100,7/9/2026,7/27/2026
518043,126103,7/9/2026,
518044,126096,7/9/2026,
518045,113511,7/9/2026,7/17/2026
518046,112537,7/9/2026,7/31/2026
518047,126066,7/9/2026,7/10/2026
518048,126068,7/9/2026,7/16/2026
518049,126069,7/9/2026,7/16/2026
518050,126071,7/9/2026,
518051,126073,7/9/2026,
518052,126074,7/9/2026,7/20/2026
518053,126076,7/9/2026,
518054,126077,7/9/2026,
518055,126079,7/9/2026,7/13/2026
518056,126070,7/9/2026,
518057,126081,7/9/2026,
518058,126098,7/9/2026,
518059,126080,7/9/2026,7/17/2026
518060,126095,7/9/2026,
518061,126093,7/9/2026,
518062,126090,7/9/2026,7/10/2026
518063,126092,7/9/2026,
518064,126088,7/9/2026,
518065,126087,7/9/2026,7/13/2026
518066,126086,7/9/2026,
518067,126084,7/9/2026,
518068,126082,7/9/2026,
518069,126168,7/10/2026,
518070,126164,7/10/2026,
518071,126165,7/10/2026,
518072,126166,7/10/2026,
518073,126162,7/10/2026,
518074,126170,7/10/2026,
518075,126179,7/10/2026,7/28/2026
518076,126173,7/10/2026,
518077,126175,7/10/2026,7/12/2026
518078,126177,7/10/2026,7/12/2026
518079,126180,7/10/2026,
518080,126161,7/10/2026,7/13/2026
518081,126171,7/10/2026,
518082,126159,7/10/2026,
518083,126157,7/10/2026,8/1/2026
518084,111933,7/10/2026,7/17/2026
518085,126156,7/10/2026,
518086,126154,7/10/2026,
518087,126152,7/10/2026,
518088,126150,7/10/2026,
518089,126148,7/10/2026,
518090,126147,7/10/2026,7/17/2026
518091,126146,7/10/2026,7/15/2026
518092,111115,7/10/2026,
518093,126158,7/10/2026,
518094,114420,7/10/2026,7/11/2026
518095,126227,7/11/2026,
518096,126251,7/11/2026,
518097,126226,7/11/2026,7/15/2026
518098,126224,7/11/2026,7/12/2026
518099,126214,7/11/2026,
518100,126221,7/11/2026,7/26/2026
518101,126219,7/11/2026,7/19/2026
518102,126229,7/11/2026,
518103,126217,7/11/2026,7/20/2026
518104,126216,7/11/2026,7/17/2026
518105,126223,7/11/2026,
518106,126231,7/11/2026,
518107,126241,7/11/2026,7/26/2026
518108,126235,7/11/2026,
518109,126237,7/11/2026,7/27/2026
518110,126238,7/11/2026,
518111,126240,7/11/2026,
518112,126242,7/11/2026,
518113,126243,7/11/2026,
518114,126244,7/11/2026,7/18/2026
518115,126246,7/11/2026,7/23/2026
518116,126249,7/11/2026,
518117,126248,7/11/2026,
518118,126247,7/11/2026,
518119,126233,7/11/2026,
518120,126213,7/11/2026,7/23/2026
518121,126195,7/11/2026,
518122,126210,7/11/2026,
518123,119185,7/11/2026,
518124,103634,7/11/2026,
518125,111750,7/11/2026,
518126,126182,7/11/2026,
518127,126184,7/11/2026,7/15/2026
518128,126185,7/11/2026,
518129,126189,7/11/2026,
518130,126190,7/11/2026,
518131,126192,7/11/2026,
518132,126187,7/11/2026,7/19/2026
518133,126197,7/11/2026,
518134,126208,7/11/2026,7/18/2026
518135,126206,7/11/2026,
518136,126194,7/11/2026,7/17/2026
518137,126203,7/11/2026,
518138,126205,7/11/2026,
518139,126201,7/11/2026,
518140,126199,7/11/2026,8/2/2026
518141,126202,7/11/2026,
518142,126211,7/11/2026,
518143,126320,7/12/2026,
518144,126319,7/12/2026,7/14/2026
518145,126318,7/12/2026,7/13/2026
518146,126311,7/12/2026,7/16/2026
518147,126317,7/12/2026,7/17/2026
518148,126315,7/12/2026,7/27/2026
518149,126313,7/12/2026,
518150,126301,7/12/2026,
518151,126309,7/12/2026,
518152,126308,7/12/2026,
518153,126306,7/12/2026,
518154,126305,7/12/2026,
518155,126303,7/12/2026,
518156,126322,7/12/2026,
518157,126299,7/12/2026,
518158,126310,7/12/2026,7/30/2026
518159,126323,7/12/2026,7/19/2026
518160,126340,7/12/2026,
518161,126327,7/12/2026,7/27/2026
518162,126344,7/12/2026,
518163,126345,7/12/2026,
518164,126346,7/12/2026,7/19/2026
518165,126347,7/12/2026,
518166,126350,7/12/2026,7/19/2026
518167,126297,7/12/2026,
518168,126343,7/12/2026,
518169,126341,7/12/2026,7/23/2026
518170,126339,7/12/2026,7/13/2026
518171,126337,7/12/2026,7/13/2026
518172,126336,7/12/2026,
518173,126334,7/12/2026,7/31/2026
518174,126333,7/12/2026,
518175,126331,7/12/2026,
518176,126329,7/12/2026,
518177,126325,7/12/2026,7/13/2026
518178,126295,7/12/2026,
518179,126348,7/12/2026,
518180,126292,7/12/2026,7/25/2026
518181,102336,7/12/2026,
518182,119738,7/12/2026,7/16/2026
518183,108334,7/12/2026,
518184,126294,7/12/2026,
518185,126255,7/12/2026,
518186,126256,7/12/2026,
518187,126257,7/12/2026,
518188,126259,7/12/2026,
518189,126260,7/12/2026,
518190,126262,7/12/2026,
518191,126264,7/12/2026,
518192,126266,7/12/2026,
518193,126267,7/12/2026,
518194,126268,7/12/2026,7/17/2026
518195,126253,7/12/2026,
518196,126271,7/12/2026,
518197,126269,7/12/2026,
518198,126291,7/12/2026,
518199,126289,7/12/2026,
518200,126287,7/12/2026,7/19/2026
518201,126283,7/12/2026,
518202,126282,7/12/2026,
518203,126285,7/12/2026,7/28/2026
518204,126279,7/12/2026,7/25/2026
518205,126272,7/12/2026,
518206,126273,7/12/2026,7/26/2026
518207,126280,7/12/2026,
518208,126276,7/12/2026,7/21/2026
518209,126274,7/12/2026,7/14/2026
518210,126277,7/12/2026,
518211,126382,7/13/2026,7/14/2026
518212,126374,7/13/2026,
518213,126371,7/13/2026,
518214,126370,7/13/2026,
518215,126376,7/13/2026,7/14/2026
518216,126377,7/13/2026,7/27/2026
518217,126379,7/13/2026,
518218,126380,7/13/2026,7/19/2026
518219,126372,7/13/2026,
518220,126383,7/13/2026,
518221,126395,7/13/2026,7/17/2026
518222,126386,7/13/2026,7/14/2026
518223,126387,7/13/2026,7/17/2026
518224,126388,7/13/2026,7/26/2026
518225,126390,7/13/2026,7/30/2026
518226,126392,7/13/2026,
518227,126394,7/13/2026,
518228,126396,7/13/2026,7/22/2026
518229,126397,7/13/2026,7/20/2026
518230,126398,7/13/2026,
518231,126369,7/13/2026,7/26/2026
518232,126385,7/13/2026,
518233,126368,7/13/2026,
518234,126356,7/13/2026,7/15/2026
518235,126366,7/13/2026,
518236,122593,7/13/2026,7/21/2026
518237,126367,7/13/2026,
518238,106604,7/13/2026,7/18/2026
518239,121133,7/13/2026,
518240,126351,7/13/2026,
518241,126353,7/13/2026,7/21/2026
518242,126354,7/13/2026,
518243,110923,7/13/2026,
518244,126357,7/13/2026,
518245,126359,7/13/2026,
518246,126360,7/13/2026,
518247,126355,7/13/2026,
518248,126364,7/13/2026,7/23/2026
518249,126361,7/13/2026,7/16/2026
518250,126363,7/13/2026,
518251,126422,7/14/2026,
518252,126432,7/14/2026,
518253,126430,7/14/2026,
518254,126427,7/14/2026,
518255,126434,7/14/2026,
518256,126426,7/14/2026,
518257,126425,7/14/2026,
518258,126424,7/14/2026,
518259,126429,7/14/2026,7/31/2026
518260,126436,7/14/2026,7/15/2026
518261,126442,7/14/2026,
518262,126439,7/14/2026,7/29/2026
518263,126441,7/14/2026,7/29/2026
518264,126452,7/14/2026,
518265,126450,7/14/2026,
518266,126448,7/14/2026,
518267,126447,7/14/2026,
518268,126445,7/14/2026,
518269,126444,7/14/2026,
518270,126438,7/14/2026,7/26/2026
518271,126420,7/14/2026,
518272,126412,7/14/2026,
518273,126418,7/14/2026,7/15/2026
518274,122642,7/14/2026,
518275,126419,7/14/2026,
518276,126399,7/14/2026,
518277,126402,7/14/2026,7/15/2026
518278,126404,7/14/2026,
518279,126405,7/14/2026,7/15/2026
518280,126401,7/14/2026,7/30/2026
518281,126408,7/14/2026,
518282,126410,7/14/2026,
518283,126414,7/14/2026,
518284,126416,7/14/2026,
518285,126407,7/14/2026,
518286,126492,7/15/2026,
518287,126481,7/15/2026,7/27/2026
518288,126482,7/15/2026,7/16/2026
518289,126484,7/15/2026,
518290,126487,7/15/2026,
518291,126488,7/15/2026,
518292,126490,7/15/2026,7/23/2026
518293,126491,7/15/2026,7/19/2026
518294,126494,7/15/2026,
518295,126503,7/15/2026,8/3/2026
518296,126497,7/15/2026,7/17/2026
518297,126499,7/15/2026,7/22/2026
518298,126501,7/15/2026,7/19/2026
518299,126479,7/15/2026,7/19/2026
518300,126505,7/15/2026,
518301,126506,7/15/2026,
518302,126507,7/15/2026,
518303,126509,7/15/2026,
518304,126511,7/15/2026,7/16/2026
518305,117178,7/15/2026,7/16/2026
518306,126495,7/15/2026,8/1/2026
518307,126478,7/15/2026,7/18/2026
518308,126486,7/15/2026,
518309,126474,7/15/2026,
518310,121038,7/15/2026,7/31/2026
518311,121010,7/15/2026,
518312,122234,7/15/2026,7/19/2026
518313,114112,7/15/2026,7/23/2026
518314,115098,7/15/2026,
518315,126456,7/15/2026,
518316,126458,7/15/2026,
518317,126454,7/15/2026,
518318,126462,7/15/2026,
518319,126464,7/15/2026,
518320,126466,7/15/2026,
518321,126468,7/15/2026,
518322,126469,7/15/2026,
518323,126470,7/15/2026,
518324,126472,7/15/2026,7/31/2026
518325,126460,7/15/2026,
518326,126476,7/15/2026,
518327,126557,7/16/2026,
518328,126563,7/16/2026,8/3/2026
518329,126561,7/16/2026,7/19/2026
518330,126559,7/16/2026,
518331,126558,7/16/2026,
518332,126553,7/16/2026,
518333,126548,7/16/2026,8/1/2026
518334,126554,7/16/2026,7/26/2026
518335,126564,7/16/2026,
518336,126551,7/16/2026,7/31/2026
518337,126550,7/16/2026,
518338,126555,7/16/2026,
518339,126566,7/16/2026,7/23/2026
518340,126579,7/16/2026,
518341,126569,7/16/2026,
518342,126571,7/16/2026,
518343,126572,7/16/2026,7/17/2026
518344,126574,7/16/2026,
518345,126576,7/16/2026,7/21/2026
518346,126577,7/16/2026,7/28/2026
518347,126578,7/16/2026,
518348,126581,7/16/2026,7/25/2026
518349,126586,7/16/2026,
518350,126587,7/16/2026,7/19/2026
518351,126585,7/16/2026,
518352,126583,7/16/2026,
518353,126568,7/16/2026,
518354,126547,7/16/2026,
518355,126535,7/16/2026,
518356,126545,7/16/2026,
518357,111974,7/16/2026,8/3/2026
518358,116795,7/16/2026,
518359,107036,7/16/2026,7/17/2026
518360,123476,7/16/2026,7/31/2026
518361,126512,7/16/2026,
518362,126514,7/16/2026,
518363,126516,7/16/2026,7/30/2026
518364,126517,7/16/2026,
518365,126518,7/16/2026,8/2/2026
518366,126520,7/16/2026,7/19/2026
518367,126522,7/16/2026,
518368,126524,7/16/2026,
518369,126546,7/16/2026,7/18/2026
518370,126526,7/16/2026,
518371,126543,7/16/2026,
518372,126541,7/16/2026,7/21/2026
518373,126540,7/16/2026,
518374,126525,7/16/2026,
518375,126536,7/16/2026,
518376,126538,7/16/2026,
518377,126532,7/16/2026,7/19/2026
518378,126531,7/16/2026,7/23/2026
518379,126530,7/16/2026,7/17/2026
518380,126529,7/16/2026,
518381,126528,7/16/2026,
518382,126534,7/16/2026,
518383,126634,7/17/2026,7/31/2026
518384,126632,7/17/2026,
518385,126631,7/17/2026,
518386,126630,7/17/2026,
518387,126623,7/17/2026,
518388,126627,7/17/2026,
518389,126625,7/17/2026,
518390,126624,7/17/2026,
518391,126636,7/17/2026,
518392,126628,7/17/2026,
518393,126638,7/17/2026,
518394,126648,7/17/2026,
518395,126642,7/17/2026,7/19/2026
518396,126644,7/17/2026,
518397,126645,7/17/2026,
518398,126647,7/17/2026,
518399,126649,7/17/2026,7/26/2026
518400,126651,7/17/2026,
518401,126653,7/17/2026,
518402,126655,7/17/2026,
518403,126657,7/17/2026,
518404,126621,7/17/2026,7/20/2026
518405,126640,7/17/2026,
518406,126619,7/17/2026,
518407,126618,7/17/2026,
518408,126590,7/17/2026,7/21/2026
518409,110252,7/17/2026,7/28/2026
518410,116322,7/17/2026,
518411,126588,7/17/2026,7/23/2026
518412,126592,7/17/2026,
518413,126593,7/17/2026,
518414,126595,7/17/2026,7/26/2026
518415,126597,7/17/2026,
518416,126599,7/17/2026,
518417,126600,7/17/2026,
518418,126596,7/17/2026,
518419,126603,7/17/2026,7/24/2026
518420,126605,7/17/2026,
518421,126607,7/17/2026,
518422,126609,7/17/2026,
518423,126610,7/17/2026,
518424,126611,7/17/2026,
518425,126612,7/17/2026,
518426,126614,7/17/2026,
518427,126601,7/17/2026,
518428,126616,7/17/2026,
518429,126713,7/18/2026,
518430,126720,7/18/2026,7/22/2026
518431,126718,7/18/2026,7/20/2026
518432,126716,7/18/2026,7/19/2026
518433,126715,7/18/2026,7/23/2026
518434,126714,7/18/2026,
518435,126703,7/18/2026,
518436,126710,7/18/2026,8/1/2026
518437,126708,7/18/2026,
518438,126707,7/18/2026,
518439,126705,7/18/2026,
518440,126704,7/18/2026,
518441,126722,7/18/2026,
518442,126712,7/18/2026,
518443,126723,7/18/2026,
518444,126740,7/18/2026,7/26/2026
518445,126727,7/18/2026,
518446,126729,7/18/2026,
518447,126731,7/18/2026,
518448,126733,7/18/2026,
518449,126735,7/18/2026,
518450,126736,7/18/2026,
518451,126737,7/18/2026,7/19/2026
518452,126738,7/18/2026,
518453,126741,7/18/2026,7/19/2026
518454,126747,7/18/2026,
518455,126746,7/18/2026,
518456,126745,7/18/2026,
518457,126744,7/18/2026,
518458,126742,7/18/2026,7/27/2026
518459,126725,7/18/2026,
518460,126701,7/18/2026,7/21/2026
518461,126660,7/18/2026,
518462,126698,7/18/2026,
518463,118492,7/18/2026,
518464,126699,7/18/2026,
518465,113890,7/18/2026,7/19/2026
518466,126659,7/18/2026,7/27/2026
518467,126661,7/18/2026,
518468,126663,7/18/2026,
518469,126665,7/18/2026,7/22/2026
518470,126667,7/18/2026,
518471,126669,7/18/2026,7/20/2026
518472,126671,7/18/2026,
518473,126672,7/18/2026,7/22/2026
518474,126674,7/18/2026,
518475,126676,7/18/2026,
518476,126666,7/18/2026,8/2/2026
518477,126679,7/18/2026,
518478,126696,7/18/2026,7/22/2026
518479,126677,7/18/2026,
518480,126694,7/18/2026,7/22/2026
518481,126692,7/18/2026,
518482,126690,7/18/2026,7/25/2026
518483,126688,7/18/2026,
518484,126695,7/18/2026,7/22/2026
518485,126684,7/18/2026,
518486,126683,7/18/2026,
518487,126682,7/18/2026,
518488,126681,7/18/2026,7/20/2026
518489,126686,7/18/2026,7/20/2026
518490,126796,7/19/2026,
518491,126795,7/19/2026,8/2/2026
518492,126794,7/19/2026,
518493,126818,7/19/2026,
518494,126793,7/19/2026,
518495,126791,7/19/2026,7/20/2026
518496,126787,7/19/2026,
518497,126788,7/19/2026,
518498,126786,7/19/2026,
518499,126784,7/19/2026,
518500,126783,7/19/2026,
518501,126789,7/19/2026,7/30/2026
518502,126798,7/19/2026,
518503,126813,7/19/2026,
518504,126800,7/19/2026,8/3/2026
518505,126802,7/19/2026,7/27/2026
518506,126803,7/19/2026,
518507,126804,7/19/2026,
518508,126806,7/19/2026,
518509,126807,7/19/2026,7/31/2026
518510,126808,7/19/2026,7/29/2026
518511,126810,7/19/2026,
518512,126781,7/19/2026,
518513,126816,7/19/2026,7/29/2026
518514,126814,7/19/2026,
518515,126812,7/19/2026,
518516,126799,7/19/2026,
518517,126779,7/19/2026,
518518,126760,7/19/2026,7/29/2026
518519,126776,7/19/2026,
518520,115389,7/19/2026,8/2/2026
518521,118559,7/19/2026,
518522,115256,7/19/2026,
518523,126777,7/19/2026,
518524,126749,7/19/2026,8/2/2026
518525,126750,7/19/2026,
518526,126752,7/19/2026,7/30/2026
518527,126754,7/19/2026,
518528,126755,7/19/2026,7/28/2026
518529,126756,7/19/2026,7/31/2026
518530,126753,7/19/2026,
518531,126759,7/19/2026,
518532,126762,7/19/2026,
518533,126764,7/19/2026,
518534,126766,7/19/2026,
518535,126768,7/19/2026,7/23/2026
518536,126769,7/19/2026,
518537,126771,7/19/2026,
518538,126758,7/19/2026,
518539,126772,7/19/2026,
518540,126775,7/19/2026,
518541,126773,7/19/2026,
518542,126857,7/20/2026,7/25/2026
518543,126855,7/20/2026,7/27/2026
518544,126853,7/20/2026,
518545,126847,7/20/2026,7/27/2026
518546,126849,7/20/2026,8/2/2026
518547,126846,7/20/2026,7/25/2026
518548,126858,7/20/2026,7/26/2026
518549,126851,7/20/2026,
518550,126860,7/20/2026,
518551,126875,7/20/2026,
518552,126864,7/20/2026,
518553,126865,7/20/2026,7/26/2026
518554,126866,7/20/2026,
518555,126868,7/20/2026,
518556,126870,7/20/2026,
518557,126872,7/20/2026,
518558,126873,7/20/2026,
518559,126844,7/20/2026,
518560,126877,7/20/2026,7/27/2026
518561,126862,7/20/2026,7/23/2026
518562,126843,7/20/2026,7/31/2026
518563,126845,7/20/2026,7/31/2026
518564,126840,7/20/2026,7/27/2026
518565,117179,7/20/2026,
518566,121103,7/20/2026,
518567,115349,7/20/2026,
518568,126820,7/20/2026,
518569,126822,7/20/2026,
518570,126841,7/20/2026,
518571,126824,7/20/2026,7/26/2026
518572,126826,7/20/2026,
518573,126823,7/20/2026,7/21/2026
518574,126829,7/20/2026,7/31/2026
518575,126831,7/20/2026,
518576,126833,7/20/2026,
518577,126835,7/20/2026,
518578,126837,7/20/2026,
518579,126839,7/20/2026,
518580,126827,7/20/2026,7/23/2026
518581,126939,7/21/2026,
518582,126937,7/21/2026,7/22/2026
518583,126940,7/21/2026,
518584,126936,7/21/2026,
518585,126934,7/21/2026,
518586,126933,7/21/2026,
518587,126922,7/21/2026,8/1/2026
518588,126930,7/21/2026,
518589,126928,7/21/2026,
518590,126926,7/21/2026,
518591,126924,7/21/2026,
518592,126941,7/21/2026,
518593,126921,7/21/2026,7/23/2026
518594,126931,7/21/2026,
518595,126942,7/21/2026,7/26/2026
518596,126953,7/21/2026,
518597,126945,7/21/2026,
518598,126947,7/21/2026,
518599,126949,7/21/2026,7/22/2026
518600,126950,7/21/2026,
518601,126951,7/21/2026,7/23/2026
518602,126952,7/21/2026,
518603,126955,7/21/2026,7/30/2026
518604,126956,7/21/2026,
518605,126958,7/21/2026,
518606,126963,7/21/2026,
518607,126962,7/21/2026,
518608,126961,7/21/2026,
518609,126959,7/21/2026,7/22/2026
518610,126919,7/21/2026,
518611,126943,7/21/2026,
518612,126917,7/21/2026,
518613,126883,7/21/2026,
518614,126914,7/21/2026,
518615,119973,7/21/2026,
518616,126915,7/21/2026,
518617,126879,7/21/2026,
518618,126881,7/21/2026,7/23/2026
518619,126885,7/21/2026,
518620,126886,7/21/2026,
518621,126888,7/21/2026,
518622,126889,7/21/2026,7/29/2026
518623,126891,7/21/2026,
518624,126892,7/21/2026,
518625,126894,7/21/2026,7/30/2026
518626,112847,7/21/2026,7/22/2026
518627,126898,7/21/2026,
518628,126899,7/21/2026,
518629,126901,7/21/2026,
518630,126902,7/21/2026,7/31/2026
518631,126904,7/21/2026,7/26/2026
518632,126905,7/21/2026,8/1/2026
518633,126907,7/21/2026,
518634,126909,7/21/2026,8/3/2026
518635,126896,7/21/2026,
518636,126910,7/21/2026,7/31/2026
518637,126912,7/21/2026,
518638,127014,7/22/2026,
518639,127013,7/22/2026,
518640,127011,7/22/2026,
518641,127010,7/22/2026,7/24/2026
518642,127004,7/22/2026,
518643,127007,7/22/2026,
518644,127006,7/22/2026,
518645,127016,7/22/2026,
518646,127003,7/22/2026,
518647,127001,7/22/2026,
518648,126999,7/22/2026,
518649,127009,7/22/2026,
518650,127018,7/22/2026,
518651,127026,7/22/2026,
518652,127022,7/22/2026,
518653,127024,7/22/2026,
518654,127025,7/22/2026,
518655,127027,7/22/2026,
518656,127038,7/22/2026,
518657,127037,7/22/2026,8/2/2026
518658,127035,7/22/2026,7/23/2026
518659,127033,7/22/2026,
518660,127031,7/22/2026,7/26/2026
518661,127030,7/22/2026,
518662,127029,7/22/2026,
518663,126997,7/22/2026,
518664,127020,7/22/2026,
518665,126995,7/22/2026,7/26/2026
518666,126984,7/22/2026,
518667,126992,7/22/2026,
518668,116885,7/22/2026,
518669,114403,7/22/2026,
518670,111704,7/22/2026,
518671,116486,7/22/2026,7/30/2026
518672,126993,7/22/2026,
518673,126964,7/22/2026,
518674,126965,7/22/2026,7/24/2026
518675,126966,7/22/2026,
518676,126968,7/22/2026,
518677,126970,7/22/2026,
518678,126972,7/22/2026,
518679,115374,7/22/2026,
518680,126976,7/22/2026,
518681,126978,7/22/2026,
518682,126980,7/22/2026,
518683,126982,7/22/2026,
518684,126983,7/22/2026,
518685,117772,7/22/2026,
518686,126985,7/22/2026,
518687,126974,7/22/2026,
518688,126986,7/22/2026,7/29/2026
518689,126988,7/22/2026,7/26/2026
518690,126990,7/22/2026,
518691,127075,7/23/2026,
518692,127074,7/23/2026,
518693,127072,7/23/2026,
518694,127070,7/23/2026,
518695,127076,7/23/2026,
518696,127068,7/23/2026,
518697,127067,7/23/2026,7/29/2026
518698,127071,7/23/2026,7/26/2026
518699,127077,7/23/2026,
518700,127086,7/23/2026,
518701,127080,7/23/2026,
518702,127082,7/23/2026,8/1/2026
518703,127084,7/23/2026,
518704,127087,7/23/2026,
518705,127089,7/23/2026,
518706,127091,7/23/2026,
518707,127065,7/23/2026,
518708,127092,7/23/2026,8/1/2026
518709,127079,7/23/2026,
518710,127063,7/23/2026,
518711,127060,7/23/2026,
518712,127039,7/23/2026,
518713,104321,7/23/2026,8/1/2026
518714,114640,7/23/2026,
518715,121724,7/23/2026,
518716,127041,7/23/2026,8/1/2026
518717,127043,7/23/2026,
518718,127062,7/23/2026,
518719,127046,7/23/2026,7/30/2026
518720,127044,7/23/2026,
518721,127048,7/23/2026,
518722,127050,7/23/2026,7/25/2026
518723,127051,7/23/2026,
518724,127053,7/23/2026,
518725,127054,7/23/2026,
518726,127056,7/23/2026,
518727,127058,7/23/2026,
518728,127047,7/23/2026,
518729,127143,7/24/2026,
518730,127141,7/24/2026,
518731,127140,7/24/2026,8/3/2026
518732,127139,7/24/2026,
518733,127130,7/24/2026,
518734,127136,7/24/2026,
518735,127134,7/24/2026,7/25/2026
518736,127132,7/24/2026,7/25/2026
518737,127145,7/24/2026,7/25/2026
518738,127137,7/24/2026,
518739,127147,7/24/2026,
518740,127162,7/24/2026,
518741,127151,7/24/2026,
518742,127152,7/24/2026,
518743,127154,7/24/2026,
518744,127156,7/24/2026,
518745,127158,7/24/2026,
518746,127167,7/24/2026,
518747,127160,7/24/2026,
518748,127165,7/24/2026,
518749,127163,7/24/2026,
518750,127149,7/24/2026,
518751,127128,7/24/2026,8/3/2026
518752,127098,7/24/2026,
518753,127125,7/24/2026,
518754,127126,7/24/2026,
518755,114197,7/24/2026,8/2/2026
518756,111658,7/24/2026,
518757,127094,7/24/2026,
518758,127096,7/24/2026,
518759,127099,7/24/2026,7/25/2026
518760,127103,7/24/2026,
518761,127104,7/24/2026,7/27/2026
518762,127106,7/24/2026,
518763,127107,7/24/2026,
518764,127101,7/24/2026,8/3/2026
518765,127111,7/24/2026,
518766,127123,7/24/2026,
518767,127109,7/24/2026,
518768,127120,7/24/2026,7/27/2026
518769,127118,7/24/2026,
518770,127117,7/24/2026,
518771,127122,7/24/2026,7/25/2026
518772,127115,7/24/2026,7/26/2026
518773,127113,7/24/2026,7/31/2026
518774,127112,7/24/2026,7/29/2026
518775,127116,7/24/2026,
518776,127225,7/25/2026,
518777,127211,7/25/2026,
518778,127213,7/25/2026,
518779,127215,7/25/2026,
518780,127216,7/25/2026,7/31/2026
518781,127217,7/25/2026,
518782,127218,7/25/2026,7/27/2026
518783,127209,7/25/2026,
518784,127221,7/25/2026,
518785,127223,7/25/2026,
518786,127226,7/25/2026,
518787,127244,7/25/2026,8/2/2026
518788,127229,7/25/2026,
518789,127230,7/25/2026,
518790,127232,7/25/2026,
518791,127234,7/25/2026,
518792,127236,7/25/2026,
518793,127237,7/25/2026,
518794,127239,7/25/2026,
518795,127240,7/25/2026,
518796,127241,7/25/2026,8/2/2026
518797,127242,7/25/2026,
518798,127245,7/25/2026,7/30/2026
518799,127228,7/25/2026,
518800,127207,7/25/2026,8/2/2026
518801,127220,7/25/2026,
518802,127204,7/25/2026,
518803,127205,7/25/2026,
518804,127168,7/25/2026,7/28/2026
518805,127170,7/25/2026,7/28/2026
518806,127171,7/25/2026,
518807,127172,7/25/2026,
518808,127174,7/25/2026,
518809,127178,7/25/2026,
518810,127179,7/25/2026,
518811,127180,7/25/2026,
518812,127182,7/25/2026,8/2/2026
518813,127183,7/25/2026,
518814,127176,7/25/2026,
518815,127185,7/25/2026,
518816,127184,7/25/2026,
518817,127202,7/25/2026,7/28/2026
518818,127201,7/25/2026,7/30/2026
518819,127199,7/25/2026,
518820,127195,7/25/2026,
518821,127197,7/25/2026,
518822,127192,7/25/2026,7/27/2026
518823,127191,7/25/2026,
518824,127189,7/25/2026,
518825,127187,7/25/2026,
518826,127193,7/25/2026,
518827,127310,7/26/2026,
518828,127305,7/26/2026,
518829,127308,7/26/2026,
518830,127306,7/26/2026,
518831,127304,7/26/2026,
518832,127295,7/26/2026,
518833,127301,7/26/2026,
518834,127300,7/26/2026,
518835,127299,7/26/2026,
518836,127297,7/26/2026,
518837,127312,7/26/2026,
518838,127302,7/26/2026,
518839,127313,7/26/2026,
518840,127337,7/26/2026,
518841,127317,7/26/2026,
518842,127318,7/26/2026,
518843,127320,7/26/2026,
518844,127322,7/26/2026,
518845,127323,7/26/2026,
518846,127324,7/26/2026,
518847,127326,7/26/2026,
518848,127330,7/26/2026,
518849,127332,7/26/2026,
518850,127333,7/26/2026,
518851,127335,7/26/2026,
518852,127293,7/26/2026,
518853,127338,7/26/2026,
518854,127315,7/26/2026,
518855,127291,7/26/2026,
518856,127328,7/26/2026,
518857,127289,7/26/2026,
518858,127290,7/26/2026,
518859,119113,7/26/2026,7/28/2026
518860,127247,7/26/2026,
518861,127249,7/26/2026,
518862,127250,7/26/2026,7/29/2026
518863,127252,7/26/2026,7/30/2026
518864,127254,7/26/2026,
518865,127258,7/26/2026,
518866,127260,7/26/2026,
518867,127262,7/26/2026,
518868,127264,7/26/2026,
518869,127266,7/26/2026,
518870,127268,7/26/2026,
518871,127256,7/26/2026,
518872,127271,7/26/2026,
518873,127287,7/26/2026,
518874,127270,7/26/2026,8/2/2026
518875,127285,7/26/2026,7/28/2026
518876,127284,7/26/2026,
518877,127282,7/26/2026,
518878,127280,7/26/2026,
518879,127286,7/26/2026,
518880,127277,7/26/2026,
518881,127276,7/26/2026,7/28/2026
518882,127274,7/26/2026,8/2/2026
518883,127279,7/26/2026,
518884,127272,7/26/2026,7/27/2026
518885,127382,7/27/2026,
518886,127396,7/27/2026,
518887,127394,7/27/2026,7/28/2026
518888,127393,7/27/2026,8/3/2026
518889,127391,7/27/2026,
518890,127390,7/27/2026,7/30/2026
518891,127388,7/27/2026,
518892,127387,7/27/2026,
518893,127385,7/27/2026,
518894,127384,7/27/2026,
518895,127398,7/27/2026,
518896,127389,7/27/2026,
518897,127399,7/27/2026,8/2/2026
518898,127424,7/27/2026,
518899,127403,7/27/2026,
518900,127405,7/27/2026,
518901,127406,7/27/2026,
518902,127408,7/27/2026,
518903,127410,7/27/2026,
518904,127411,7/27/2026,
518905,127413,7/27/2026,7/28/2026
518906,127415,7/27/2026,
518907,127417,7/27/2026,
518908,127419,7/27/2026,
518909,127421,7/27/2026,
518910,127423,7/27/2026,
518911,127380,7/27/2026,
518912,121852,7/27/2026,
518913,127401,7/27/2026,
518914,127379,7/27/2026,
518915,127367,7/27/2026,
518916,127375,7/27/2026,
518917,116304,7/27/2026,
518918,116661,7/27/2026,
518919,127340,7/27/2026,
518920,127377,7/27/2026,
518921,127342,7/27/2026,
518922,127344,7/27/2026,7/28/2026
518923,127345,7/27/2026,
518924,127346,7/27/2026,
518925,127347,7/27/2026,7/29/2026
518926,127349,7/27/2026,7/28/2026
518927,127351,7/27/2026,
518928,127353,7/27/2026,
518929,127341,7/27/2026,7/31/2026
518930,127356,7/27/2026,
518931,127354,7/27/2026,
518932,127374,7/27/2026,
518933,127370,7/27/2026,
518934,127369,7/27/2026,
518935,127368,7/27/2026,7/29/2026
518936,127372,7/27/2026,
518937,127363,7/27/2026,
518938,127362,7/27/2026,
518939,127360,7/27/2026,
518940,127358,7/27/2026,
518941,127365,7/27/2026,
518942,127456,7/28/2026,
518943,127451,7/28/2026,7/30/2026
518944,127452,7/28/2026,
518945,127453,7/28/2026,7/31/2026
518946,127455,7/28/2026,
518947,127450,7/28/2026,
518948,127458,7/28/2026,8/3/2026
518949,127469,7/28/2026,
518950,127462,7/28/2026,
518951,127464,7/28/2026,
518952,127465,7/28/2026,
518953,127467,7/28/2026,
518954,127473,7/28/2026,
518955,127471,7/28/2026,
518956,127470,7/28/2026,
518957,127460,7/28/2026,
518958,127449,7/28/2026,
518959,127438,7/28/2026,
518960,127446,7/28/2026,7/30/2026
518961,104583,7/28/2026,
518962,127447,7/28/2026,
518963,127427,7/28/2026,
518964,127429,7/28/2026,
518965,127431,7/28/2026,
518966,127433,7/28/2026,
518967,127425,7/28/2026,
518968,127435,7/28/2026,
518969,127437,7/28/2026,
518970,127439,7/28/2026,
518971,127441,7/28/2026,
518972,127443,7/28/2026,
518973,127445,7/28/2026,
518974,127434,7/28/2026,
518975,127518,7/29/2026,
518976,127516,7/29/2026,
518977,127515,7/29/2026,
518978,127514,7/29/2026,8/3/2026
518979,127509,7/29/2026,
518980,127510,7/29/2026,
518981,127507,7/29/2026,7/30/2026
518982,127519,7/29/2026,
518983,127512,7/29/2026,
518984,127520,7/29/2026,
518985,127530,7/29/2026,7/30/2026
518986,127522,7/29/2026,
518987,127524,7/29/2026,
518988,127525,7/29/2026,
518989,127527,7/29/2026,
518990,127529,7/29/2026,
518991,127503,7/29/2026,
518992,127532,7/29/2026,
518993,127533,7/29/2026,
518994,127534,7/29/2026,
518995,127521,7/29/2026,
518996,127502,7/29/2026,
518997,127505,7/29/2026,
518998,127499,7/29/2026,
518999,109350,7/29/2026,
519000,127501,7/29/2026,
519001,114131,7/29/2026,
519002,127474,7/29/2026,
519003,127475,7/29/2026,
519004,127477,7/29/2026,
519005,127479,7/29/2026,
519006,127482,7/29/2026,7/30/2026
519007,127484,7/29/2026,
519008,127485,7/29/2026,
519009,127480,7/29/2026,
519010,127487,7/29/2026,
519011,127497,7/29/2026,8/1/2026
519012,127486,7/29/2026,
519013,127494,7/29/2026,
519014,127493,7/29/2026,
519015,127495,7/29/2026,
519016,127490,7/29/2026,
519017,127489,7/29/2026,
519018,127491,7/29/2026,
519019,127571,7/30/2026,
519020,127582,7/30/2026,
519021,127570,7/30/2026,8/1/2026
519022,127573,7/30/2026,
519023,127574,7/30/2026,8/3/2026
519024,127576,7/30/2026,
519025,127578,7/30/2026,
519026,127580,7/30/2026,
519027,127584,7/30/2026,
519028,127600,7/30/2026,
519029,127588,7/30/2026,
519030,127589,7/30/2026,
519031,127591,7/30/2026,
519032,127592,7/30/2026,
519033,127593,7/30/2026,
519034,127595,7/30/2026,
519035,127597,7/30/2026,
519036,127602,7/30/2026,
519037,127599,7/30/2026,
519038,127568,7/30/2026,
519039,127586,7/30/2026,
519040,127567,7/30/2026,
519041,127552,7/30/2026,
519042,127565,7/30/2026,
519043,127566,7/30/2026,8/1/2026
519044,121299,7/30/2026,
519045,127536,7/30/2026,
519046,127538,7/30/2026,
519047,127540,7/30/2026,
519048,127541,7/30/2026,
519049,127542,7/30/2026,
519050,127543,7/30/2026,
519051,127545,7/30/2026,
519052,110663,7/30/2026,
519053,127549,7/30/2026,
519054,127551,7/30/2026,
519055,127554,7/30/2026,
519056,127555,7/30/2026,
519057,127557,7/30/2026,
519058,127559,7/30/2026,
519059,127560,7/30/2026,
519060,127562,7/30/2026,
519061,127563,7/30/2026,
519062,127547,7/30/2026,
519063,127645,7/31/2026,
519064,127644,7/31/2026,
519065,127634,7/31/2026,
519066,127640,7/31/2026,
519067,127638,7/31/2026,
519068,127636,7/31/2026,
519069,127642,7/31/2026,
519070,127647,7/31/2026,
519071,127652,7/31/2026,
519072,127650,7/31/2026,
519073,127651,7/31/2026,
519074,127654,7/31/2026,
519075,127656,7/31/2026,
519076,127657,7/31/2026,
519077,127659,7/31/2026,
519078,127660,7/31/2026,
519079,127633,7/31/2026,
519080,127649,7/31/2026,
519081,127632,7/31/2026,
519082,127618,7/31/2026,
519083,127630,7/31/2026,
519084,127661,7/31/2026,
519085,127603,7/31/2026,
519086,127605,7/31/2026,
519087,127606,7/31/2026,
519088,127607,7/31/2026,
519089,127609,7/31/2026,
519090,127611,7/31/2026,
519091,127613,7/31/2026,
519092,127615,7/31/2026,
519093,127617,7/31/2026,
519094,127619,7/31/2026,
519095,127621,7/31/2026,
519096,127623,7/31/2026,
519097,127625,7/31/2026,
519098,127627,7/31/2026,
519099,127628,7/31/2026,8/2/2026
519100,127629,7/31/2026,
519101,127631,7/31/2026,
519102,127663,7/31/2026,
