subscription_id,customer_id,created_date,canceled_date
500001,100002,1/1/2025,3/2/2025
500002,100034,1/1/2025,20/7/2025
500003,100033,1/1/2025,21/1/2025
500004,100031,1/1/2025,4/1/2025
500005,100030,1/1/2025,16/1/2025
500006,100029,1/1/2025,11/1/2025
500007,100026,1/1/2025,
500008,100025,1/1/2025,28/2/2025
500009,100024,1/1/2025,6/1/2025
500010,100022,1/1/2025,5/1/2025
500011,100020,1/1/2025,27/3/2026
500012,100027,1/1/2025,25/6/2025
500013,100017,1/1/2025,2/1/2025
500014,100016,1/1/2025,11/1/2025
500015,100015,1/1/2025,23/1/2025
500016,100014,1/1/2025,21/4/2025
500017,100012,1/1/2025,20/4/2025
500018,100010,1/1/2025,7/3/2025
500019,100008,1/1/2025,19/2/2025
500020,100006,1/1/2025,3/1/2025
500021,100004,1/1/2025,27/8/2025
500022,100019,1/1/2025,4/1/2025
500023,100058,2/1/2025,19/1/2025
500024,100059,2/1/2025,5/1/2025
500025,100060,2/1/2025,2/11/2025
500026,100062,2/1/2025,15/1/2025
500027,100070,2/1/2025,29/12/2025
500028,100065,2/1/2025,12/1/2025
500029,100067,2/1/2025,22/1/2025
500030,100069,2/1/2025,13/3/2025
500031,100057,2/1/2025,10/6/2025
500032,100063,2/1/2025,3/1/2025
500033,100055,2/1/2025,25/3/2025
500034,100053,2/1/2025,2/2/2025
500035,100052,2/1/2025,15/2/2025
500036,100035,2/1/2025,
500037,100037,2/1/2025,
500038,100041,2/1/2025,29/1/2025
500039,100042,2/1/2025,4/8/2025
500040,100039,2/1/2025,11/1/2025
500041,100045,2/1/2025,
500042,100046,2/1/2025,6/3/2025
500043,100048,2/1/2025,21/4/2025
500044,100050,2/1/2025,29/1/2025
500045,100044,2/1/2025,
500046,100081,3/1/2025,28/1/2025
500047,100087,3/1/2025,15/2/2026
500048,100085,3/1/2025,20/1/2025
500049,100084,3/1/2025,2/2/2025
500050,100082,3/1/2025,27/6/2025
500051,100079,3/1/2025,8/1/2025
500052,100078,3/1/2025,20/2/2025
500053,100077,3/1/2025,7/1/2025
500054,100075,3/1/2025,13/3/2026
500055,100074,3/1/2025,10/1/2025
500056,100073,3/1/2025,9/3/2025
500057,100072,3/1/2025,20/6/2025
500058,100119,4/1/2025,16/3/2025
500059,100118,4/1/2025,21/4/2025
500060,100117,4/1/2025,26/2/2025
500061,100113,4/1/2025,28/8/2025
500062,100111,4/1/2025,11/1/2025
500063,100109,4/1/2025,22/1/2025
500064,100107,4/1/2025,11/1/2025
500065,100106,4/1/2025,24/1/2025
500066,100104,4/1/2025,22/4/2025
500067,100102,4/1/2025,4/7/2025
500068,100115,4/1/2025,14/8/2025
500069,100100,4/1/2025,27/2/2026
500070,100099,4/1/2025,26/2/2025
500071,100097,4/1/2025,31/3/2026
500072,100096,4/1/2025,14/1/2025
500073,100095,4/1/2025,27/11/2025
500074,100093,4/1/2025,16/9/2025
500075,100101,4/1/2025,20/7/2025
500076,100092,4/1/2025,16/7/2025
500077,100090,4/1/2025,2/6/2025
500078,100088,4/1/2025,6/3/2025
500079,100141,5/1/2025,
500080,100143,5/1/2025,18/1/2025
500081,100144,5/1/2025,18/1/2025
500082,100145,5/1/2025,10/2/2025
500083,100146,5/1/2025,27/2/2025
500084,100155,5/1/2025,6/1/2025
500085,100150,5/1/2025,10/1/2025
500086,100152,5/1/2025,30/11/2025
500087,100154,5/1/2025,23/9/2025
500088,100140,5/1/2025,22/3/2025
500089,100148,5/1/2025,11/6/2025
500090,100138,5/1/2025,8/2/2025
500091,100135,5/1/2025,28/9/2025
500092,100122,5/1/2025,12/6/2025
500093,100133,5/1/2025,15/2/2025
500094,100132,5/1/2025,14/1/2025
500095,100130,5/1/2025,17/1/2025
500096,100128,5/1/2025,12/1/2026
500097,100127,5/1/2025,12/2/2025
500098,100126,5/1/2025,25/6/2025
500099,100125,5/1/2025,29/1/2025
500100,100124,5/1/2025,7/1/2025
500101,100136,5/1/2025,21/11/2025
500102,100121,5/1/2025,22/1/2025
500103,100120,5/1/2025,
500104,100181,6/1/2025,22/1/2025
500105,100173,6/1/2025,21/1/2025
500106,100175,6/1/2025,25/1/2025
500107,100172,6/1/2025,7/2/2025
500108,100177,6/1/2025,9/1/2025
500109,100179,6/1/2025,14/1/2025
500110,100176,6/1/2025,4/4/2025
500111,100171,6/1/2025,2/8/2026
500112,100165,6/1/2025,16/1/2025
500113,100168,6/1/2025,29/8/2025
500114,100167,6/1/2025,14/4/2025
500115,100163,6/1/2025,26/2/2025
500116,100161,6/1/2025,28/3/2025
500117,100159,6/1/2025,4/3/2025
500118,100158,6/1/2025,22/1/2025
500119,100156,6/1/2025,27/5/2025
500120,100169,6/1/2025,12/5/2025
500121,100203,7/1/2025,18/2/2025
500122,100204,7/1/2025,26/1/2025
500123,100206,7/1/2025,28/1/2025
500124,100212,7/1/2025,27/1/2025
500125,100209,7/1/2025,30/12/2025
500126,100210,7/1/2025,25/9/2025
500127,100214,7/1/2025,9/5/2026
500128,100208,7/1/2025,17/5/2025
500129,100199,7/1/2025,14/3/2025
500130,100201,7/1/2025,8/1/2025
500131,100195,7/1/2025,11/1/2025
500132,100194,7/1/2025,9/1/2025
500133,100192,7/1/2025,8/2/2025
500134,100190,7/1/2025,18/4/2025
500135,100188,7/1/2025,22/1/2025
500136,100186,7/1/2025,12/1/2025
500137,100184,7/1/2025,9/1/2025
500138,100182,7/1/2025,24/1/2025
500139,100197,7/1/2025,15/1/2025
500140,100233,8/1/2025,24/3/2025
500141,100234,8/1/2025,23/1/2025
500142,100235,8/1/2025,4/2/2025
500143,100236,8/1/2025,20/1/2025
500144,100245,8/1/2025,1/2/2025
500145,100240,8/1/2025,29/1/2025
500146,100242,8/1/2025,17/1/2025
500147,100243,8/1/2025,15/1/2025
500148,100231,8/1/2025,19/1/2025
500149,100238,8/1/2025,12/1/2025
500150,100230,8/1/2025,15/1/2025
500151,100219,8/1/2025,19/12/2025
500152,100227,8/1/2025,29/1/2025
500153,100215,8/1/2025,22/2/2025
500154,100216,8/1/2025,27/1/2025
500155,100218,8/1/2025,26/3/2025
500156,100220,8/1/2025,5/2/2025
500157,100228,8/1/2025,14/1/2025
500158,100222,8/1/2025,21/1/2025
500159,100221,8/1/2025,24/7/2025
500160,100223,8/1/2025,30/3/2025
500161,100224,8/1/2025,19/4/2025
500162,100225,8/1/2025,30/3/2025
500163,100272,9/1/2025,15/1/2025
500164,100271,9/1/2025,10/1/2025
500165,100269,9/1/2025,10/1/2025
500166,100267,9/1/2025,30/1/2025
500167,100266,9/1/2025,17/1/2025
500168,100265,9/1/2025,18/1/2026
500169,100264,9/1/2025,26/5/2025
500170,100263,9/1/2025,13/1/2025
500171,100261,9/1/2025,11/1/2025
500172,100260,9/1/2025,24/1/2025
500173,100274,9/1/2025,14/1/2025
500174,100258,9/1/2025,24/5/2025
500175,100246,9/1/2025,4/2/2025
500176,100248,9/1/2025,12/3/2025
500177,100249,9/1/2025,10/1/2025
500178,100250,9/1/2025,1/2/2025
500179,100259,9/1/2025,11/2/2025
500180,100253,9/1/2025,14/1/2025
500181,100254,9/1/2025,26/1/2025
500182,100255,9/1/2025,21/4/2025
500183,100257,9/1/2025,17/1/2025
500184,100252,9/1/2025,17/7/2025
500185,100291,10/1/2025,25/1/2025
500186,100305,10/1/2025,24/3/2025
500187,100304,10/1/2025,13/3/2025
500188,100303,10/1/2025,10/2/2025
500189,100302,10/1/2025,26/1/2025
500190,100300,10/1/2025,17/1/2025
500191,100299,10/1/2025,10/6/2025
500192,100297,10/1/2025,12/1/2025
500193,100295,10/1/2025,15/9/2025
500194,100293,10/1/2025,30/1/2025
500195,100306,10/1/2025,24/1/2025
500196,100290,10/1/2025,31/1/2025
500197,100287,10/1/2025,10/2/2025
500198,100288,10/1/2025,14/1/2025
500199,100275,10/1/2025,
500200,100276,10/1/2025,3/2/2025
500201,100279,10/1/2025,18/12/2025
500202,100277,10/1/2025,8/7/2026
500203,100282,10/1/2025,18/1/2025
500204,100284,10/1/2025,4/4/2025
500205,100286,10/1/2025,13/1/2025
500206,100280,10/1/2025,12/1/2025
500207,100342,11/1/2025,19/2/2025
500208,100341,11/1/2025,25/5/2025
500209,100340,11/1/2025,5/3/2025
500210,100338,11/1/2025,10/3/2025
500211,100336,11/1/2025,2/2/2025
500212,100334,11/1/2025,12/4/2026
500213,100333,11/1/2025,18/1/2025
500214,100331,11/1/2025,28/2/2025
500215,100329,11/1/2025,3/2/2025
500216,100327,11/1/2025,30/6/2026
500217,100326,11/1/2025,25/6/2025
500218,100323,11/1/2025,20/1/2025
500219,100325,11/1/2025,5/5/2025
500220,100310,11/1/2025,14/3/2025
500221,100312,11/1/2025,18/10/2025
500222,100314,11/1/2025,9/4/2025
500223,100308,11/1/2025,4/3/2025
500224,100318,11/1/2025,17/4/2025
500225,100319,11/1/2025,8/2/2025
500226,100320,11/1/2025,16/1/2025
500227,100322,11/1/2025,12/2/2025
500228,100316,11/1/2025,25/1/2025
500229,100359,12/1/2025,15/1/2025
500230,100366,12/1/2025,13/1/2025
500231,100364,12/1/2025,9/2/2025
500232,100363,12/1/2025,28/1/2025
500233,100362,12/1/2025,26/1/2025
500234,100361,12/1/2025,27/1/2025
500235,100360,12/1/2025,2/2/2025
500236,100358,12/1/2025,29/1/2025
500237,100354,12/1/2025,20/2/2025
500238,100355,12/1/2025,8/3/2025
500239,100352,12/1/2025,21/4/2025
500240,100350,12/1/2025,10/2/2025
500241,100348,12/1/2025,24/5/2025
500242,100346,12/1/2025,5/2/2025
500243,100344,12/1/2025,9/3/2025
500244,100343,12/1/2025,13/3/2025
500245,100356,12/1/2025,11/10/2025
500246,100383,13/1/2025,7/2/2025
500247,100390,13/1/2025,10/1/2026
500248,100389,13/1/2025,26/1/2025
500249,100387,13/1/2025,17/4/2025
500250,100386,13/1/2025,6/8/2025
500251,100384,13/1/2025,15/1/2025
500252,100392,13/1/2025,12/3/2025
500253,100381,13/1/2025,18/9/2025
500254,100375,13/1/2025,4/2/2025
500255,100377,13/1/2025,25/1/2025
500256,100374,13/1/2025,28/1/2025
500257,100373,13/1/2025,16/10/2025
500258,100372,13/1/2025,31/1/2025
500259,100370,13/1/2025,18/8/2025
500260,100368,13/1/2025,28/1/2025
500261,100379,13/1/2025,17/1/2025
500262,100418,14/1/2025,26/1/2025
500263,100417,14/1/2025,24/2/2025
500264,100415,14/1/2025,28/1/2025
500265,100413,14/1/2025,18/1/2025
500266,100411,14/1/2025,21/4/2025
500267,100410,14/1/2025,3/7/2025
500268,100409,14/1/2025,26/3/2025
500269,100408,14/1/2025,28/4/2025
500270,100406,14/1/2025,2/2/2025
500271,100404,14/1/2025,2/2/2025
500272,100402,14/1/2025,20/10/2025
500273,100401,14/1/2025,9/9/2025
500274,100400,14/1/2025,23/1/2025
500275,100398,14/1/2025,19/1/2025
500276,100396,14/1/2025,24/1/2025
500277,100395,14/1/2025,16/4/2025
500278,100394,14/1/2025,26/11/2025
500279,100403,14/1/2025,
500280,100430,15/1/2025,27/1/2025
500281,100439,15/1/2025,7/3/2025
500282,100436,15/1/2025,21/10/2025
500283,100434,15/1/2025,24/4/2025
500284,100432,15/1/2025,18/1/2025
500285,100428,15/1/2025,22/1/2025
500286,100438,15/1/2025,19/2/2025
500287,100425,15/1/2025,17/3/2025
500288,100424,15/1/2025,23/1/2025
500289,100422,15/1/2025,11/5/2025
500290,100421,15/1/2025,18/1/2025
500291,100427,15/1/2025,24/2/2025
500292,100420,15/1/2025,4/3/2026
500293,100459,16/1/2025,7/2/2025
500294,100458,16/1/2025,19/2/2025
500295,100457,16/1/2025,22/5/2025
500296,100455,16/1/2025,22/1/2025
500297,100453,16/1/2025,10/3/2025
500298,100452,16/1/2025,2/2/2025
500299,100449,16/1/2025,5/2/2025
500300,100451,16/1/2025,20/4/2025
500301,100447,16/1/2025,16/5/2025
500302,100445,16/1/2025,11/5/2025
500303,100443,16/1/2025,1/2/2026
500304,100442,16/1/2025,14/2/2025
500305,100441,16/1/2025,5/2/2025
500306,100440,16/1/2025,21/1/2025
500307,100448,16/1/2025,29/1/2025
500308,100473,17/1/2025,18/2/2025
500309,100483,17/1/2025,18/1/2025
500310,100481,17/1/2025,23/1/2025
500311,100479,17/1/2025,
500312,100477,17/1/2025,18/2/2025
500313,100476,17/1/2025,23/4/2025
500314,100474,17/1/2025,7/5/2025
500315,100472,17/1/2025,27/4/2025
500316,100482,17/1/2025,7/3/2025
500317,100469,17/1/2025,12/5/2025
500318,100460,17/1/2025,27/1/2025
500319,100461,17/1/2025,10/3/2025
500320,100463,17/1/2025,13/8/2025
500321,100470,17/1/2025,11/1/2026
500322,100465,17/1/2025,28/1/2025
500323,100466,17/1/2025,14/2/2025
500324,100467,17/1/2025,24/11/2025
500325,100464,17/1/2025,8/2/2025
500326,100521,18/1/2025,4/3/2025
500327,100520,18/1/2025,8/8/2025
500328,100506,18/1/2025,23/1/2025
500329,100517,18/1/2025,18/2/2025
500330,100516,18/1/2025,8/5/2025
500331,100514,18/1/2025,25/2/2025
500332,100512,18/1/2025,
500333,100511,18/1/2025,28/1/2025
500334,100510,18/1/2025,17/2/2026
500335,100509,18/1/2025,24/5/2025
500336,100508,18/1/2025,1/7/2025
500337,100518,18/1/2025,20/1/2025
500338,100504,18/1/2025,3/11/2025
500339,100501,18/1/2025,22/2/2025
500340,100502,18/1/2025,4/4/2025
500341,100487,18/1/2025,23/1/2025
500342,100488,18/1/2025,6/9/2025
500343,100489,18/1/2025,11/4/2025
500344,100490,18/1/2025,30/3/2025
500345,100485,18/1/2025,2/2/2025
500346,100493,18/1/2025,25/3/2025
500347,100495,18/1/2025,29/1/2025
500348,100496,18/1/2025,27/2/2025
500349,100498,18/1/2025,26/2/2025
500350,100500,18/1/2025,28/2/2025
500351,100492,18/1/2025,27/4/2025
500352,100542,19/1/2025,17/7/2025
500353,100555,19/1/2025,14/4/2025
500354,100553,19/1/2025,25/2/2025
500355,100551,19/1/2025,3/4/2025
500356,100549,19/1/2025,
500357,100548,19/1/2025,10/2/2025
500358,100546,19/1/2025,21/1/2025
500359,100544,19/1/2025,11/2/2025
500360,100543,19/1/2025,12/3/2026
500361,100541,19/1/2025,
500362,100540,19/1/2025,27/2/2025
500363,100538,19/1/2025,2/12/2025
500364,100524,19/1/2025,21/2/2025
500365,100526,19/1/2025,31/1/2025
500366,100527,19/1/2025,3/2/2025
500367,100528,19/1/2025,9/2/2025
500368,100523,19/1/2025,1/2/2025
500369,100532,19/1/2025,17/5/2025
500370,100533,19/1/2025,26/1/2025
500371,100534,19/1/2025,2/2/2025
500372,100536,19/1/2025,
500373,100530,19/1/2025,11/2/2025
500374,100573,20/1/2025,26/5/2025
500375,100584,20/1/2025,15/7/2025
500376,100583,20/1/2025,10/3/2025
500377,100582,20/1/2025,8/2/2025
500378,100581,20/1/2025,3/4/2025
500379,100579,20/1/2025,4/8/2025
500380,100578,20/1/2025,16/6/2025
500381,100576,20/1/2025,18/4/2025
500382,100575,20/1/2025,3/2/2025
500383,100572,20/1/2025,21/1/2025
500384,100569,20/1/2025,3/2/2025
500385,100570,20/1/2025,15/2/2025
500386,100557,20/1/2025,29/5/2025
500387,100571,20/1/2025,14/5/2025
500388,100559,20/1/2025,22/1/2025
500389,100561,20/1/2025,22/1/2025
500390,100558,20/1/2025,1/2/2025
500391,100564,20/1/2025,29/4/2025
500392,100565,20/1/2025,4/3/2025
500393,100567,20/1/2025,29/4/2025
500394,100562,20/1/2025,29/1/2025
500395,100597,21/1/2025,11/7/2025
500396,100605,21/1/2025,23/1/2025
500397,100603,21/1/2025,11/2/2025
500398,100601,21/1/2025,26/1/2025
500399,100600,21/1/2025,21/2/2025
500400,100598,21/1/2025,26/2/2025
500401,100594,21/1/2025,7/2/2025
500402,100588,21/1/2025,22/1/2025
500403,100592,21/1/2025,15/5/2025
500404,100590,21/1/2025,22/1/2025
500405,100587,21/1/2025,29/1/2025
500406,100586,21/1/2025,9/3/2025
500407,100585,21/1/2025,25/1/2025
500408,100596,21/1/2025,24/4/2025
500409,100627,22/1/2025,19/3/2025
500410,100628,22/1/2025,8/5/2025
500411,100629,22/1/2025,15/12/2025
500412,100631,22/1/2025,10/3/2025
500413,100637,22/1/2025,13/4/2025
500414,100635,22/1/2025,2/2/2025
500415,100639,22/1/2025,14/3/2025
500416,100641,22/1/2025,3/3/2025
500417,100643,22/1/2025,5/2/2025
500418,100633,22/1/2025,3/2/2025
500419,100625,22/1/2025,15/4/2025
500420,100621,22/1/2025,23/1/2025
500421,100622,22/1/2025,14/6/2025
500422,100620,22/1/2025,16/2/2025
500423,100618,22/1/2025,2/2/2025
500424,100617,22/1/2025,11/2/2025
500425,100616,22/1/2025,23/3/2025
500426,100614,22/1/2025,23/1/2025
500427,100612,22/1/2025,16/2/2025
500428,100610,22/1/2025,15/2/2025
500429,100608,22/1/2025,22/3/2025
500430,100607,22/1/2025,1/3/2025
500431,100624,22/1/2025,17/2/2025
500432,100664,23/1/2025,7/3/2025
500433,100662,23/1/2025,15/2/2025
500434,100665,23/1/2025,9/8/2025
500435,100660,23/1/2025,21/8/2025
500436,100671,23/1/2025,23/2/2025
500437,100668,23/1/2025,8/3/2025
500438,100669,23/1/2025,18/3/2025
500439,100666,23/1/2025,1/2/2025
500440,100658,23/1/2025,11/4/2025
500441,100647,23/1/2025,21/4/2025
500442,100656,23/1/2025,25/2/2025
500443,100654,23/1/2025,27/2/2025
500444,100653,23/1/2025,13/3/2025
500445,100651,23/1/2025,19/2/2025
500446,100649,23/1/2025,8/2/2025
500447,100646,23/1/2025,25/9/2025
500448,100645,23/1/2025,19/6/2026
500449,100657,23/1/2025,1/2/2025
500450,100690,24/1/2025,27/11/2025
500451,100688,24/1/2025,4/2/2025
500452,100686,24/1/2025,18/5/2025
500453,100685,24/1/2025,9/2/2025
500454,100683,24/1/2025,25/1/2025
500455,100681,24/1/2025,
500456,100684,24/1/2025,27/1/2025
500457,100678,24/1/2025,31/1/2025
500458,100676,24/1/2025,11/2/2025
500459,100674,24/1/2025,16/2/2025
500460,100673,24/1/2025,27/10/2025
500461,100672,24/1/2025,5/8/2025
500462,100680,24/1/2025,17/3/2025
500463,100713,25/1/2025,30/1/2025
500464,100714,25/1/2025,13/8/2025
500465,100715,25/1/2025,23/2/2025
500466,100717,25/1/2025,31/1/2025
500467,100719,25/1/2025,9/2/2025
500468,100724,25/1/2025,2/5/2026
500469,100722,25/1/2025,9/2/2025
500470,100725,25/1/2025,27/1/2025
500471,100727,25/1/2025,
500472,100729,25/1/2025,24/3/2025
500473,100712,25/1/2025,2/7/2025
500474,100721,25/1/2025,3/8/2025
500475,100710,25/1/2025,22/3/2025
500476,100702,25/1/2025,28/1/2025
500477,100707,25/1/2025,28/1/2025
500478,100708,25/1/2025,2/2/2025
500479,100693,25/1/2025,26/1/2025
500480,100694,25/1/2025,7/2/2025
500481,100696,25/1/2025,6/2/2025
500482,100697,25/1/2025,23/8/2025
500483,100691,25/1/2025,2/2/2025
500484,100700,25/1/2025,6/2/2025
500485,100701,25/1/2025,21/2/2025
500486,100703,25/1/2025,22/8/2025
500487,100705,25/1/2025,7/3/2025
500488,100699,25/1/2025,10/2/2025
500489,100750,26/1/2025,22/3/2025
500490,100751,26/1/2025,3/3/2025
500491,100753,26/1/2025,29/1/2025
500492,100754,26/1/2025,15/2/2025
500493,100755,26/1/2025,9/4/2025
500494,100758,26/1/2025,13/2/2025
500495,100759,26/1/2025,29/1/2025
500496,100762,26/1/2025,23/2/2025
500497,100761,26/1/2025,27/3/2025
500498,100749,26/1/2025,20/2/2025
500499,100757,26/1/2025,9/8/2025
500500,100747,26/1/2025,28/3/2025
500501,100760,26/1/2025,6/2/2025
500502,100745,26/1/2025,10/2/2025
500503,100746,26/1/2025,16/3/2025
500504,100733,26/1/2025,12/3/2025
500505,100734,26/1/2025,6/2/2025
500506,100735,26/1/2025,1/2/2025
500507,100736,26/1/2025,26/2/2025
500508,100731,26/1/2025,28/1/2025
500509,100739,26/1/2025,13/5/2025
500510,100740,26/1/2025,6/2/2025
500511,100742,26/1/2025,21/8/2025
500512,100744,26/1/2025,25/11/2025
500513,100737,26/1/2025,27/1/2025
500514,100781,27/1/2025,6/3/2025
500515,100793,27/1/2025,23/2/2025
500516,100791,27/1/2025,3/3/2025
500517,100789,27/1/2025,9/2/2025
500518,100788,27/1/2025,25/4/2025
500519,100787,27/1/2025,12/3/2025
500520,100785,27/1/2025,30/1/2025
500521,100783,27/1/2025,21/6/2025
500522,100782,27/1/2025,6/2/2025
500523,100779,27/1/2025,20/2/2025
500524,100777,27/1/2025,28/3/2025
500525,100763,27/1/2025,10/3/2025
500526,100775,27/1/2025,25/4/2025
500527,100773,27/1/2025,
500528,100772,27/1/2025,28/1/2025
500529,100771,27/1/2025,9/2/2025
500530,100769,27/1/2025,6/5/2025
500531,100767,27/1/2025,30/1/2025
500532,100766,27/1/2025,16/2/2025
500533,100764,27/1/2025,1/3/2025
500534,100778,27/1/2025,31/1/2025
500535,100815,28/1/2025,29/1/2025
500536,100827,28/1/2025,30/1/2025
500537,100817,28/1/2025,23/7/2025
500538,100819,28/1/2025,6/8/2025
500539,100813,28/1/2025,4/3/2025
500540,100821,28/1/2025,23/1/2026
500541,100823,28/1/2025,2/2/2025
500542,100825,28/1/2025,2/7/2025
500543,100820,28/1/2025,5/2/2025
500544,100811,28/1/2025,2/2/2025
500545,100804,28/1/2025,20/2/2025
500546,100807,28/1/2025,1/2/2025
500547,100806,28/1/2025,2/2/2025
500548,100803,28/1/2025,3/3/2025
500549,100802,28/1/2025,27/10/2025
500550,100800,28/1/2025,5/2/2026
500551,100798,28/1/2025,28/3/2025
500552,100796,28/1/2025,1/5/2025
500553,100795,28/1/2025,10/2/2025
500554,100809,28/1/2025,31/3/2025
500555,100851,29/1/2025,11/2/2025
500556,100849,29/1/2025,30/1/2025
500557,100847,29/1/2025,18/4/2025
500558,100846,29/1/2025,8/4/2025
500559,100844,29/1/2025,30/5/2025
500560,100843,29/1/2025,6/6/2026
500561,100839,29/1/2025,10/4/2026
500562,100841,29/1/2025,19/3/2025
500563,100836,29/1/2025,30/1/2025
500564,100835,29/1/2025,21/1/2026
500565,100834,29/1/2025,30/6/2026
500566,100832,29/1/2025,30/1/2025
500567,100830,29/1/2025,20/11/2025
500568,100828,29/1/2025,25/10/2025
500569,100837,29/1/2025,8/3/2025
500570,100873,30/1/2025,17/4/2025
500571,100874,30/1/2025,1/3/2025
500572,100876,30/1/2025,12/6/2025
500573,100878,30/1/2025,23/6/2025
500574,100880,30/1/2025,19/4/2025
500575,100885,30/1/2025,8/3/2025
500576,100883,30/1/2025,2/8/2025
500577,100886,30/1/2025,8/7/2025
500578,100888,30/1/2025,7/2/2025
500579,100872,30/1/2025,11/3/2025
500580,100881,30/1/2025,12/3/2025
500581,100871,30/1/2025,14/3/2026
500582,100890,30/1/2025,5/6/2025
500583,100868,30/1/2025,4/2/2025
500584,100870,30/1/2025,14/2/2025
500585,100853,30/1/2025,28/9/2025
500586,100855,30/1/2025,31/1/2025
500587,100857,30/1/2025,29/8/2025
500588,100859,30/1/2025,20/7/2026
500589,100856,30/1/2025,11/8/2025
500590,100862,30/1/2025,5/2/2025
500591,100864,30/1/2025,8/2/2025
500592,100865,30/1/2025,7/2/2025
500593,100867,30/1/2025,31/1/2025
500594,100860,30/1/2025,12/5/2025
500595,100900,31/1/2025,11/2/2025
500596,100904,31/1/2025,16/3/2025
500597,100903,31/1/2025,19/6/2025
500598,100901,31/1/2025,27/2/2025
500599,100899,31/1/2025,27/2/2025
500600,100897,31/1/2025,19/7/2025
500601,100895,31/1/2025,3/2/2025
500602,100894,31/1/2025,14/2/2025
500603,100892,31/1/2025,25/3/2025
500604,100898,31/1/2025,11/2/2025
500605,100922,1/2/2025,7/2/2026
500606,100934,1/2/2025,21/5/2025
500607,100933,1/2/2025,7/2/2025
500608,100932,1/2/2025,26/4/2025
500609,100929,1/2/2025,12/2/2025
500610,100927,1/2/2025,19/2/2025
500611,100925,1/2/2025,2/2/2025
500612,100924,1/2/2025,29/4/2025
500613,100923,1/2/2025,7/2/2025
500614,100921,1/2/2025,23/5/2025
500615,100931,1/2/2025,9/3/2025
500616,100917,1/2/2025,10/2/2025
500617,100905,1/2/2025,11/2/2025
500618,100906,1/2/2025,3/6/2025
500619,100908,1/2/2025,8/2/2025
500620,100910,1/2/2025,11/2/2025
500621,100919,1/2/2025,2/2/2025
500622,100913,1/2/2025,1/4/2025
500623,100914,1/2/2025,3/2/2025
500624,100916,1/2/2025,18/2/2025
500625,100912,1/2/2025,20/2/2025
500626,100972,2/2/2025,26/4/2025
500627,100957,2/2/2025,19/8/2025
500628,100970,2/2/2025,
500629,100968,2/2/2025,22/2/2026
500630,100966,2/2/2025,14/10/2025
500631,100964,2/2/2025,18/3/2025
500632,100963,2/2/2025,10/2/2025
500633,100962,2/2/2025,9/4/2025
500634,100961,2/2/2025,4/2/2025
500635,100960,2/2/2025,15/4/2025
500636,100959,2/2/2025,5/2/2025
500637,100971,2/2/2025,7/2/2025
500638,100956,2/2/2025,29/11/2025
500639,100953,2/2/2025,11/3/2025
500640,100951,2/2/2025,18/6/2025
500641,100949,2/2/2025,20/2/2025
500642,100947,2/2/2025,6/5/2025
500643,100946,2/2/2025,6/6/2025
500644,100944,2/2/2025,19/4/2025
500645,100942,2/2/2025,1/4/2026
500646,100940,2/2/2025,7/3/2026
500647,100938,2/2/2025,5/2/2025
500648,100936,2/2/2025,27/4/2025
500649,100935,2/2/2025,3/2/2025
500650,100955,2/2/2025,21/2/2025
500651,100991,3/2/2025,10/3/2025
500652,100992,3/2/2025,21/3/2025
500653,100993,3/2/2025,7/3/2025
500654,100995,3/2/2025,9/8/2025
500655,100989,3/2/2025,23/2/2025
500656,100999,3/2/2025,11/2/2025
500657,101000,3/2/2025,2/3/2025
500658,101002,3/2/2025,11/4/2025
500659,101004,3/2/2025,2/3/2025
500660,100997,3/2/2025,11/2/2025
500661,100988,3/2/2025,15/3/2025
500662,100987,3/2/2025,13/2/2025
500663,100985,3/2/2025,1/8/2025
500664,100983,3/2/2025,16/3/2025
500665,100981,3/2/2025,19/2/2025
500666,100979,3/2/2025,27/6/2025
500667,100978,3/2/2025,12/10/2025
500668,100977,3/2/2025,7/2/2025
500669,100976,3/2/2025,23/2/2025
500670,100975,3/2/2025,25/2/2025
500671,100974,3/2/2025,5/2/2025
500672,100973,3/2/2025,9/2/2025
500673,101025,4/2/2025,13/2/2025
500674,101027,4/2/2025,11/4/2025
500675,101028,4/2/2025,22/3/2025
500676,101030,4/2/2025,9/7/2025
500677,101037,4/2/2025,24/2/2025
500678,101033,4/2/2025,23/3/2025
500679,101035,4/2/2025,6/2/2025
500680,101036,4/2/2025,25/2/2025
500681,101024,4/2/2025,27/2/2025
500682,101031,4/2/2025,11/2/2025
500683,101023,4/2/2025,29/3/2025
500684,101022,4/2/2025,2/3/2025
500685,101005,4/2/2025,30/3/2025
500686,101020,4/2/2025,10/1/2026
500687,101019,4/2/2025,8/2/2025
500688,101018,4/2/2025,12/6/2025
500689,101017,4/2/2025,9/11/2025
500690,101015,4/2/2025,16/3/2026
500691,101013,4/2/2025,15/4/2025
500692,101012,4/2/2025,26/6/2025
500693,101010,4/2/2025,28/2/2025
500694,101008,4/2/2025,5/2/2025
500695,101006,4/2/2025,8/3/2025
500696,101021,4/2/2025,24/10/2025
500697,101057,5/2/2025,20/2/2025
500698,101058,5/2/2025,18/2/2025
500699,101060,5/2/2025,6/3/2025
500700,101062,5/2/2025,11/2/2025
500701,101056,5/2/2025,12/2/2025
500702,101065,5/2/2025,16/2/2025
500703,101067,5/2/2025,6/2/2025
500704,101068,5/2/2025,15/2/2025
500705,101069,5/2/2025,15/5/2025
500706,101063,5/2/2025,9/2/2025
500707,101054,5/2/2025,20/5/2026
500708,101044,5/2/2025,1/3/2025
500709,101052,5/2/2025,5/4/2025
500710,101038,5/2/2025,27/4/2025
500711,101053,5/2/2025,8/2/2025
500712,101042,5/2/2025,23/4/2025
500713,101043,5/2/2025,12/2/2025
500714,101040,5/2/2025,24/2/2025
500715,101046,5/2/2025,9/2/2025
500716,101047,5/2/2025,21/3/2025
500717,101049,5/2/2025,6/2/2025
500718,101050,5/2/2025,7/8/2025
500719,101089,6/2/2025,16/2/2025
500720,101087,6/2/2025,28/4/2025
500721,101086,6/2/2025,16/2/2025
500722,101085,6/2/2025,13/7/2025
500723,101084,6/2/2025,7/6/2025
500724,101091,6/2/2025,7/2/2025
500725,101082,6/2/2025,14/3/2025
500726,101080,6/2/2025,17/2/2025
500727,101078,6/2/2025,11/4/2025
500728,101076,6/2/2025,12/7/2025
500729,101074,6/2/2025,15/2/2025
500730,101072,6/2/2025,14/3/2025
500731,101071,6/2/2025,25/12/2025
500732,101081,6/2/2025,15/3/2025
500733,101102,7/2/2025,3/4/2025
500734,101112,7/2/2025,22/4/2025
500735,101110,7/2/2025,17/3/2025
500736,101108,7/2/2025,25/3/2025
500737,101106,7/2/2025,2/3/2025
500738,101104,7/2/2025,
500739,101101,7/2/2025,
500740,101095,7/2/2025,12/2/2025
500741,101099,7/2/2025,19/2/2025
500742,101098,7/2/2025,28/3/2025
500743,101096,7/2/2025,18/2/2025
500744,101100,7/2/2025,1/3/2025
500745,101094,7/2/2025,31/3/2025
500746,101092,7/2/2025,13/8/2025
500747,101135,8/2/2025,6/3/2026
500748,101137,8/2/2025,19/3/2025
500749,101138,8/2/2025,
500750,101139,8/2/2025,13/2/2025
500751,101144,8/2/2025,13/3/2025
500752,101142,8/2/2025,13/2/2025
500753,101134,8/2/2025,19/5/2025
500754,101146,8/2/2025,2/3/2025
500755,101147,8/2/2025,
500756,101140,8/2/2025,30/3/2025
500757,101131,8/2/2025,14/2/2025
500758,101133,8/2/2025,17/9/2025
500759,101127,8/2/2025,14/2/2025
500760,101113,8/2/2025,22/9/2025
500761,101129,8/2/2025,26/4/2025
500762,101116,8/2/2025,16/3/2025
500763,101117,8/2/2025,12/2/2025
500764,101119,8/2/2025,24/5/2025
500765,101115,8/2/2025,14/1/2026
500766,101122,8/2/2025,9/2/2025
500767,101124,8/2/2025,9/4/2025
500768,101125,8/2/2025,6/3/2025
500769,101126,8/2/2025,15/2/2025
500770,101120,8/2/2025,21/2/2025
500771,101164,9/2/2025,26/5/2025
500772,101175,9/2/2025,28/2/2025
500773,101174,9/2/2025,14/2/2025
500774,101173,9/2/2025,3/11/2025
500775,101171,9/2/2025,9/7/2025
500776,101169,9/2/2025,
500777,101168,9/2/2025,3/8/2025
500778,101166,9/2/2025,9/3/2025
500779,101165,9/2/2025,8/7/2025
500780,101163,9/2/2025,7/3/2025
500781,101161,9/2/2025,4/5/2025
500782,101159,9/2/2025,19/3/2025
500783,101148,9/2/2025,13/2/2025
500784,101150,9/2/2025,26/3/2025
500785,101151,9/2/2025,26/2/2025
500786,101152,9/2/2025,11/2/2025
500787,101149,9/2/2025,29/11/2025
500788,101155,9/2/2025,14/4/2025
500789,101156,9/2/2025,19/2/2025
500790,101158,9/2/2025,21/2/2025
500791,101153,9/2/2025,4/3/2025
500792,101191,10/2/2025,26/3/2025
500793,101200,10/2/2025,2/3/2025
500794,101198,10/2/2025,14/3/2025
500795,101197,10/2/2025,11/2/2025
500796,101195,10/2/2025,21/2/2025
500797,101193,10/2/2025,18/2/2025
500798,101192,10/2/2025,11/2/2025
500799,101187,10/2/2025,24/2/2025
500800,101189,10/2/2025,1/7/2025
500801,101184,10/2/2025,20/4/2025
500802,101183,10/2/2025,11/2/2025
500803,101182,10/2/2025,19/4/2025
500804,101181,10/2/2025,7/5/2025
500805,101180,10/2/2025,20/4/2025
500806,101179,10/2/2025,11/2/2025
500807,101178,10/2/2025,15/8/2025
500808,101176,10/2/2025,9/3/2025
500809,101185,10/2/2025,3/7/2025
500810,101226,11/2/2025,20/2/2025
500811,101228,11/2/2025,26/3/2025
500812,101230,11/2/2025,13/2/2025
500813,101232,11/2/2025,20/2/2025
500814,101234,11/2/2025,12/2/2025
500815,101239,11/2/2025,14/3/2025
500816,101243,11/2/2025,25/3/2025
500817,101237,11/2/2025,10/3/2025
500818,101238,11/2/2025,13/2/2025
500819,101241,11/2/2025,16/5/2025
500820,101225,11/2/2025,18/4/2026
500821,101236,11/2/2025,24/3/2025
500822,101224,11/2/2025,24/2/2025
500823,101209,11/2/2025,20/2/2025
500824,101221,11/2/2025,8/8/2025
500825,101222,11/2/2025,14/3/2025
500826,101203,11/2/2025,13/2/2025
500827,101205,11/2/2025,6/3/2025
500828,101207,11/2/2025,1/7/2025
500829,101211,11/2/2025,28/2/2025
500830,101202,11/2/2025,20/5/2026
500831,101214,11/2/2025,21/2/2025
500832,101215,11/2/2025,28/2/2025
500833,101217,11/2/2025,23/2/2025
500834,101218,11/2/2025,20/2/2025
500835,101213,11/2/2025,19/2/2025
500836,101219,11/2/2025,11/7/2025
500837,101265,12/2/2025,3/3/2025
500838,101266,12/2/2025,14/4/2025
500839,101267,12/2/2025,23/2/2025
500840,101269,12/2/2025,22/2/2025
500841,101273,12/2/2025,15/2/2025
500842,101275,12/2/2025,17/3/2025
500843,101276,12/2/2025,17/2/2025
500844,101278,12/2/2025,8/3/2026
500845,101263,12/2/2025,14/2/2025
500846,101271,12/2/2025,6/3/2025
500847,101262,12/2/2025,5/3/2025
500848,101272,12/2/2025,16/5/2025
500849,101259,12/2/2025,27/3/2025
500850,101260,12/2/2025,18/7/2025
500851,101246,12/2/2025,1/3/2025
500852,101247,12/2/2025,14/2/2025
500853,101249,12/2/2025,4/8/2025
500854,101251,12/2/2025,6/3/2025
500855,101244,12/2/2025,
500856,101253,12/2/2025,21/4/2025
500857,101255,12/2/2025,4/3/2025
500858,101256,12/2/2025,5/3/2025
500859,101257,12/2/2025,26/2/2025
500860,101252,12/2/2025,22/8/2025
500861,101307,13/2/2025,16/6/2025
500862,101305,13/2/2025,5/6/2025
500863,101304,13/2/2025,19/4/2026
500864,101302,13/2/2025,24/2/2026
500865,101300,13/2/2025,22/2/2025
500866,101298,13/2/2025,8/3/2025
500867,101297,13/2/2025,4/5/2025
500868,101296,13/2/2025,23/5/2025
500869,101295,13/2/2025,16/2/2025
500870,101289,13/2/2025,25/2/2025
500871,101291,13/2/2025,24/2/2025
500872,101288,13/2/2025,27/2/2025
500873,101287,13/2/2025,1/5/2025
500874,101286,13/2/2025,7/5/2025
500875,101285,13/2/2025,28/2/2025
500876,101284,13/2/2025,26/2/2025
500877,101282,13/2/2025,8/3/2025
500878,101280,13/2/2025,26/4/2025
500879,101293,13/2/2025,21/2/2025
500880,101327,14/2/2025,20/2/2025
500881,101335,14/2/2025,8/2/2026
500882,101328,14/2/2025,18/2/2025
500883,101326,14/2/2025,19/2/2025
500884,101331,14/2/2025,6/1/2026
500885,101332,14/2/2025,25/2/2025
500886,101333,14/2/2025,8/3/2025
500887,101329,14/2/2025,8/4/2025
500888,101325,14/2/2025,19/4/2025
500889,101317,14/2/2025,6/4/2025
500890,101322,14/2/2025,2/3/2025
500891,101320,14/2/2025,21/3/2025
500892,101319,14/2/2025,12/4/2025
500893,101315,14/2/2025,24/6/2025
500894,101314,14/2/2025,6/10/2025
500895,101312,14/2/2025,11/9/2025
500896,101310,14/2/2025,12/7/2025
500897,101308,14/2/2025,1/3/2025
500898,101324,14/2/2025,15/2/2025
500899,101356,15/2/2025,28/2/2025
500900,101358,15/2/2025,5/4/2025
500901,101359,15/2/2025,14/3/2025
500902,101360,15/2/2025,6/3/2025
500903,101365,15/2/2025,8/3/2025
500904,101362,15/2/2025,20/5/2025
500905,101364,15/2/2025,3/4/2025
500906,101354,15/2/2025,16/2/2025
500907,101361,15/2/2025,10/4/2025
500908,101352,15/2/2025,14/3/2025
500909,101355,15/2/2025,20/5/2025
500910,101349,15/2/2025,13/5/2025
500911,101350,15/2/2025,16/2/2026
500912,101336,15/2/2025,28/4/2025
500913,101337,15/2/2025,8/9/2025
500914,101340,15/2/2025,11/4/2025
500915,101341,15/2/2025,22/2/2025
500916,101339,15/2/2025,18/2/2025
500917,101344,15/2/2025,2/4/2025
500918,101346,15/2/2025,27/4/2026
500919,101348,15/2/2025,23/3/2025
500920,101342,15/2/2025,28/2/2025
500921,101394,16/2/2025,19/4/2025
500922,101388,16/2/2025,17/2/2025
500923,101389,16/2/2025,18/1/2026
500924,101391,16/2/2025,23/11/2025
500925,101392,16/2/2025,19/2/2025
500926,101395,16/2/2025,26/2/2025
500927,101402,16/2/2025,6/4/2025
500928,101399,16/2/2025,10/8/2025
500929,101400,16/2/2025,14/5/2025
500930,101401,16/2/2025,17/2/2025
500931,101404,16/2/2025,7/3/2025
500932,101387,16/2/2025,22/4/2025
500933,101397,16/2/2025,21/3/2025
500934,101386,16/2/2025,20/2/2025
500935,101369,16/2/2025,15/1/2026
500936,101384,16/2/2025,16/6/2025
500937,101366,16/2/2025,27/12/2025
500938,101367,16/2/2025,5/8/2025
500939,101385,16/2/2025,17/2/2025
500940,101370,16/2/2025,20/4/2025
500941,101372,16/2/2025,22/4/2025
500942,101374,16/2/2025,30/3/2025
500943,101368,16/2/2025,22/2/2025
500944,101377,16/2/2025,17/2/2025
500945,101379,16/2/2025,18/2/2025
500946,101380,16/2/2025,26/2/2025
500947,101381,16/2/2025,
500948,101382,16/2/2025,5/10/2025
500949,101376,16/2/2025,20/2/2025
500950,101422,17/2/2025,20/4/2025
500951,101435,17/2/2025,6/4/2025
500952,101434,17/2/2025,1/4/2025
500953,101431,17/2/2025,6/3/2025
500954,101429,17/2/2025,30/6/2025
500955,101428,17/2/2025,8/4/2026
500956,101426,17/2/2025,25/4/2025
500957,101424,17/2/2025,26/3/2025
500958,101420,17/2/2025,31/3/2025
500959,101432,17/2/2025,12/1/2026
500960,101417,17/2/2025,19/3/2025
500961,101416,17/2/2025,6/3/2025
500962,101414,17/2/2025,5/6/2025
500963,101412,17/2/2025,21/3/2025
500964,101411,17/2/2025,23/2/2025
500965,101409,17/2/2025,18/2/2025
500966,101418,17/2/2025,4/3/2025
500967,101407,17/2/2025,12/3/2025
500968,101405,17/2/2025,23/2/2025
500969,101457,18/2/2025,3/3/2025
500970,101458,18/2/2025,19/2/2025
500971,101459,18/2/2025,6/3/2025
500972,101460,18/2/2025,20/2/2025
500973,101467,18/2/2025,1/3/2025
500974,101464,18/2/2025,31/7/2025
500975,101466,18/2/2025,23/2/2025
500976,101456,18/2/2025,21/2/2025
500977,101462,18/2/2025,20/3/2025
500978,101454,18/2/2025,22/2/2025
500979,101449,18/2/2025,27/8/2025
500980,101450,18/2/2025,5/9/2025
500981,101447,18/2/2025,15/3/2025
500982,101446,18/2/2025,6/7/2025
500983,101444,18/2/2025,10/4/2025
500984,101442,18/2/2025,19/3/2025
500985,101441,18/2/2025,20/3/2025
500986,101440,18/2/2025,13/3/2025
500987,101438,18/2/2025,3/7/2025
500988,101437,18/2/2025,3/8/2025
500989,101452,18/2/2025,25/2/2025
500990,101478,19/2/2025,24/4/2025
500991,101483,19/2/2025,2/4/2025
500992,101482,19/2/2025,12/8/2025
500993,101480,19/2/2025,2/6/2025
500994,101477,19/2/2025,13/3/2025
500995,101485,19/2/2025,15/3/2025
500996,101473,19/2/2025,20/2/2025
500997,101472,19/2/2025,13/4/2025
500998,101471,19/2/2025,25/2/2025
500999,101470,19/2/2025,22/4/2025
501000,101468,19/2/2025,20/2/2025
501001,101475,19/2/2025,11/4/2026
501002,101509,20/2/2025,26/2/2025
501003,101507,20/2/2025,2/4/2025
501004,101505,20/2/2025,3/3/2025
501005,101504,20/2/2025,1/4/2025
501006,101503,20/2/2025,9/12/2025
501007,101501,20/2/2025,27/2/2025
501008,101500,20/2/2025,15/3/2025
501009,101499,20/2/2025,20/3/2025
501010,101511,20/2/2025,25/2/2025
501011,101496,20/2/2025,15/5/2025
501012,101494,20/2/2025,5/3/2025
501013,101493,20/2/2025,18/7/2025
501014,101491,20/2/2025,24/5/2025
501015,101490,20/2/2025,14/3/2025
501016,101489,20/2/2025,28/5/2025
501017,101487,20/2/2025,10/3/2025
501018,101486,20/2/2025,11/3/2025
501019,101497,20/2/2025,23/2/2025
501020,101530,21/2/2025,15/3/2025
501021,101529,21/2/2025,17/8/2025
501022,101528,21/2/2025,5/3/2025
501023,101527,21/2/2025,24/2/2025
501024,101525,21/2/2025,27/2/2025
501025,101524,21/2/2025,29/3/2025
501026,101522,21/2/2025,31/3/2025
501027,101519,21/2/2025,27/2/2025
501028,101517,21/2/2025,25/2/2025
501029,101516,21/2/2025,20/3/2025
501030,101514,21/2/2025,10/12/2025
501031,101512,21/2/2025,16/7/2025
501032,101521,21/2/2025,18/4/2025
501033,101547,22/2/2025,23/2/2025
501034,101560,22/2/2025,27/2/2025
501035,101558,22/2/2025,18/3/2025
501036,101556,22/2/2025,26/2/2025
501037,101554,22/2/2025,18/2/2026
501038,101552,22/2/2025,13/3/2025
501039,101551,22/2/2025,29/1/2026
501040,101561,22/2/2025,26/2/2025
501041,101549,22/2/2025,17/3/2025
501042,101546,22/2/2025,16/3/2025
501043,101540,22/2/2025,11/3/2025
501044,101543,22/2/2025,16/7/2026
501045,101542,22/2/2025,22/3/2025
501046,101539,22/2/2025,24/8/2025
501047,101538,22/2/2025,16/5/2025
501048,101537,22/2/2025,25/2/2025
501049,101535,22/2/2025,23/3/2025
501050,101533,22/2/2025,24/8/2025
501051,101531,22/2/2025,20/8/2025
501052,101545,22/2/2025,23/2/2025
501053,101582,23/2/2025,1/4/2025
501054,101584,23/2/2025,6/10/2025
501055,101586,23/2/2025,3/5/2025
501056,101588,23/2/2025,23/2/2026
501057,101590,23/2/2025,24/3/2025
501058,101598,23/2/2025,24/8/2025
501059,101594,23/2/2025,13/5/2025
501060,101596,23/2/2025,
501061,101581,23/2/2025,25/2/2025
501062,101600,23/2/2025,27/2/2025
501063,101592,23/2/2025,6/9/2025
501064,101579,23/2/2025,23/4/2025
501065,101578,23/2/2025,25/3/2025
501066,101564,23/2/2025,25/2/2025
501067,101562,23/2/2025,21/8/2025
501068,101576,23/2/2025,13/9/2025
501069,101565,23/2/2025,1/3/2025
501070,101566,23/2/2025,6/3/2025
501071,101569,23/2/2025,10/5/2026
501072,101568,23/2/2025,1/3/2025
501073,101571,23/2/2025,10/3/2025
501074,101572,23/2/2025,14/3/2025
501075,101573,23/2/2025,17/4/2025
501076,101574,23/2/2025,23/3/2025
501077,101575,23/2/2025,1/3/2025
501078,101570,23/2/2025,18/10/2025
501079,101624,24/2/2025,
501080,101621,24/2/2025,30/4/2026
501081,101622,24/2/2025,14/9/2025
501082,101626,24/2/2025,21/3/2025
501083,101619,24/2/2025,3/3/2025
501084,101630,24/2/2025,
501085,101632,24/2/2025,26/5/2025
501086,101633,24/2/2025,21/3/2025
501087,101628,24/2/2025,6/3/2025
501088,101617,24/2/2025,26/2/2025
501089,101602,24/2/2025,25/2/2025
501090,101614,24/2/2025,27/2/2025
501091,101613,24/2/2025,3/7/2025
501092,101612,24/2/2025,
501093,101611,24/2/2025,25/2/2025
501094,101610,24/2/2025,18/3/2025
501095,101609,24/2/2025,27/8/2025
501096,101607,24/2/2025,17/5/2025
501097,101606,24/2/2025,26/3/2025
501098,101604,24/2/2025,11/3/2025
501099,101615,24/2/2025,28/3/2026
501100,101656,25/2/2025,16/2/2026
501101,101657,25/2/2025,11/4/2025
501102,101658,25/2/2025,28/2/2025
501103,101660,25/2/2025,27/12/2025
501104,101661,25/2/2025,26/6/2025
501105,101662,25/2/2025,26/2/2025
501106,101669,25/2/2025,3/3/2025
501107,101666,25/2/2025,1/3/2025
501108,101667,25/2/2025,5/6/2025
501109,101668,25/2/2025,18/3/2025
501110,101671,25/2/2025,2/3/2025
501111,101673,25/2/2025,19/6/2025
501112,101674,25/2/2025,5/6/2025
501113,101664,25/2/2025,30/3/2025
501114,101653,25/2/2025,
501115,101655,25/2/2025,31/10/2025
501116,101651,25/2/2025,20/3/2025
501117,101652,25/2/2025,26/2/2025
501118,101634,25/2/2025,
501119,101636,25/2/2025,19/3/2025
501120,101638,25/2/2025,24/3/2025
501121,101639,25/2/2025,12/3/2025
501122,101640,25/2/2025,22/11/2025
501123,101635,25/2/2025,9/8/2025
501124,101643,25/2/2025,8/3/2025
501125,101642,25/2/2025,26/4/2025
501126,101648,25/2/2025,12/3/2025
501127,101650,25/2/2025,28/2/2025
501128,101645,25/2/2025,8/9/2025
501129,101644,25/2/2025,2/3/2025
501130,101647,25/2/2025,16/3/2025
501131,101696,26/2/2025,12/3/2025
501132,101712,26/2/2025,2/3/2025
501133,101711,26/2/2025,27/5/2025
501134,101708,26/2/2025,6/3/2025
501135,101706,26/2/2025,19/6/2025
501136,101704,26/2/2025,19/3/2025
501137,101702,26/2/2025,31/5/2025
501138,101701,26/2/2025,2/6/2025
501139,101700,26/2/2025,22/6/2025
501140,101698,26/2/2025,22/7/2025
501141,101695,26/2/2025,2/5/2025
501142,101709,26/2/2025,14/5/2025
501143,101692,26/2/2025,4/3/2025
501144,101677,26/2/2025,18/6/2026
501145,101679,26/2/2025,17/4/2025
501146,101680,26/2/2025,2/5/2025
501147,101681,26/2/2025,13/3/2025
501148,101676,26/2/2025,27/2/2025
501149,101685,26/2/2025,4/3/2025
501150,101687,26/2/2025,11/3/2025
501151,101689,26/2/2025,10/3/2025
501152,101691,26/2/2025,8/3/2025
501153,101683,26/2/2025,28/2/2025
501154,101694,26/2/2025,2/5/2025
501155,101733,27/2/2025,19/3/2025
501156,101746,27/2/2025,13/4/2025
501157,101745,27/2/2025,7/3/2025
501158,101744,27/2/2025,28/9/2025
501159,101742,27/2/2025,28/2/2025
501160,101740,27/2/2025,3/3/2025
501161,101739,27/2/2025,12/3/2025
501162,101737,27/2/2025,27/4/2025
501163,101735,27/2/2025,18/6/2025
501164,101731,27/2/2025,25/3/2025
501165,101728,27/2/2025,30/3/2025
501166,101726,27/2/2025,24/4/2025
501167,101724,27/2/2025,7/5/2025
501168,101723,27/2/2025,26/5/2025
501169,101721,27/2/2025,18/8/2025
501170,101719,27/2/2025,29/6/2025
501171,101717,27/2/2025,14/5/2025
501172,101715,27/2/2025,12/6/2025
501173,101713,27/2/2025,30/4/2025
501174,101729,27/2/2025,27/4/2025
501175,101770,28/2/2025,14/3/2025
501176,101773,28/2/2025,14/3/2025
501177,101774,28/2/2025,8/4/2025
501178,101776,28/2/2025,3/8/2025
501179,101777,28/2/2025,
501180,101779,28/2/2025,28/3/2025
501181,101785,28/2/2025,
501182,101781,28/2/2025,16/3/2025
501183,101782,28/2/2025,22/7/2025
501184,101783,28/2/2025,16/4/2025
501185,101787,28/2/2025,30/7/2025
501186,101769,28/2/2025,1/3/2025
501187,101780,28/2/2025,1/3/2025
501188,101768,28/2/2025,21/3/2025
501189,101772,28/2/2025,18/3/2025
501190,101764,28/2/2025,2/6/2025
501191,101747,28/2/2025,15/3/2025
501192,101749,28/2/2025,5/3/2025
501193,101751,28/2/2025,14/3/2025
501194,101752,28/2/2025,27/4/2025
501195,101753,28/2/2025,29/3/2025
501196,101754,28/2/2025,21/3/2025
501197,101748,28/2/2025,21/1/2026
501198,101757,28/2/2025,5/4/2025
501199,101758,28/2/2025,30/5/2025
501200,101760,28/2/2025,22/10/2025
501201,101766,28/2/2025,11/3/2025
501202,101762,28/2/2025,5/4/2025
501203,101756,28/2/2025,28/3/2025
501204,101811,1/3/2025,16/6/2025
501205,101813,1/3/2025,22/9/2025
501206,101815,1/3/2025,8/3/2025
501207,101817,1/3/2025,1/4/2026
501208,101819,1/3/2025,6/2/2026
501209,101825,1/3/2025,8/3/2025
501210,101822,1/3/2025,30/12/2025
501211,101827,1/3/2025,1/6/2025
501212,101828,1/3/2025,3/3/2025
501213,101809,1/3/2025,8/3/2025
501214,101821,1/3/2025,23/3/2025
501215,101807,1/3/2025,5/6/2025
501216,101823,1/3/2025,16/4/2026
501217,101804,1/3/2025,8/4/2025
501218,101789,1/3/2025,27/2/2026
501219,101791,1/3/2025,4/3/2025
501220,101792,1/3/2025,13/3/2025
501221,101794,1/3/2025,2/1/2026
501222,101788,1/3/2025,29/9/2025
501223,101797,1/3/2025,2/3/2025
501224,101795,1/3/2025,2/3/2025
501225,101802,1/3/2025,20/7/2025
501226,101806,1/3/2025,6/4/2025
501227,101798,1/3/2025,27/11/2025
501228,101800,1/3/2025,6/9/2025
501229,101868,2/3/2025,30/9/2025
501230,101854,2/3/2025,7/3/2025
501231,101867,2/3/2025,17/3/2025
501232,101865,2/3/2025,23/3/2025
501233,101862,2/3/2025,24/3/2025
501234,101861,2/3/2025,3/3/2025
501235,101860,2/3/2025,15/2/2026
501236,101858,2/3/2025,8/3/2025
501237,101857,2/3/2025,13/3/2025
501238,101856,2/3/2025,8/3/2025
501239,101863,2/3/2025,25/3/2025
501240,101850,2/3/2025,4/3/2025
501241,101848,2/3/2025,26/3/2025
501242,101846,2/3/2025,3/4/2025
501243,101844,2/3/2025,10/3/2025
501244,101842,2/3/2025,3/3/2025
501245,101840,2/3/2025,30/7/2025
501246,101838,2/3/2025,29/3/2025
501247,101836,2/3/2025,11/3/2025
501248,101834,2/3/2025,21/6/2026
501249,101832,2/3/2025,31/3/2025
501250,101830,2/3/2025,27/3/2025
501251,101852,2/3/2025,12/4/2025
501252,101888,3/3/2025,16/4/2025
501253,101890,3/3/2025,10/3/2025
501254,101891,3/3/2025,4/4/2025
501255,101892,3/3/2025,4/3/2025
501256,101886,3/3/2025,8/3/2025
501257,101895,3/3/2025,8/8/2025
501258,101896,3/3/2025,19/6/2025
501259,101898,3/3/2025,28/3/2026
501260,101894,3/3/2025,7/3/2025
501261,101885,3/3/2025,28/7/2025
501262,101880,3/3/2025,9/3/2025
501263,101882,3/3/2025,21/3/2025
501264,101884,3/3/2025,
501265,101879,3/3/2025,12/5/2025
501266,101877,3/3/2025,29/3/2025
501267,101876,3/3/2025,5/3/2025
501268,101875,3/3/2025,
501269,101874,3/3/2025,6/3/2025
501270,101872,3/3/2025,2/4/2025
501271,101870,3/3/2025,22/3/2025
501272,101921,4/3/2025,5/3/2025
501273,101920,4/3/2025,21/4/2025
501274,101918,4/3/2025,
501275,101917,4/3/2025,11/7/2026
501276,101915,4/3/2025,20/3/2025
501277,101913,4/3/2025,1/6/2025
501278,101912,4/3/2025,1/3/2026
501279,101908,4/3/2025,6/5/2025
501280,101910,4/3/2025,15/10/2025
501281,101906,4/3/2025,30/12/2025
501282,101905,4/3/2025,26/6/2025
501283,101904,4/3/2025,5/8/2025
501284,101902,4/3/2025,29/4/2025
501285,101900,4/3/2025,18/3/2025
501286,101911,4/3/2025,21/3/2025
501287,101933,5/3/2025,19/4/2025
501288,101938,5/3/2025,18/8/2025
501289,101937,5/3/2025,26/3/2025
501290,101936,5/3/2025,1/4/2025
501291,101940,5/3/2025,20/3/2025
501292,101932,5/3/2025,6/3/2025
501293,101935,5/3/2025,28/3/2025
501294,101930,5/3/2025,4/5/2025
501295,101929,5/3/2025,5/5/2025
501296,101927,5/3/2025,
501297,101925,5/3/2025,30/3/2025
501298,101923,5/3/2025,15/4/2025
501299,101922,5/3/2025,2/6/2025
501300,101931,5/3/2025,30/3/2025
501301,101964,6/3/2025,14/3/2025
501302,101963,6/3/2025,19/3/2025
501303,101962,6/3/2025,1/8/2025
501304,101961,6/3/2025,12/3/2025
501305,101959,6/3/2025,14/3/2025
501306,101958,6/3/2025,6/8/2025
501307,101956,6/3/2025,25/8/2025
501308,101954,6/3/2025,26/3/2025
501309,101957,6/3/2025,26/3/2025
501310,101951,6/3/2025,5/3/2026
501311,101949,6/3/2025,20/3/2025
501312,101947,6/3/2025,12/7/2025
501313,101946,6/3/2025,22/3/2025
501314,101944,6/3/2025,17/3/2025
501315,101943,6/3/2025,
501316,101941,6/3/2025,8/3/2025
501317,101952,6/3/2025,17/6/2025
501318,101987,7/3/2025,18/3/2025
501319,101989,7/3/2025,11/3/2025
501320,101992,7/3/2025,24/3/2025
501321,101994,7/3/2025,10/3/2025
501322,101995,7/3/2025,9/3/2025
501323,102001,7/3/2025,10/3/2025
501324,101998,7/3/2025,13/3/2025
501325,102000,7/3/2025,25/6/2025
501326,102002,7/3/2025,13/3/2025
501327,101985,7/3/2025,7/6/2025
501328,101996,7/3/2025,16/3/2025
501329,101983,7/3/2025,1/7/2026
501330,101990,7/3/2025,5/9/2025
501331,101979,7/3/2025,28/7/2025
501332,101967,7/3/2025,
501333,101968,7/3/2025,
501334,101969,7/3/2025,31/3/2025
501335,101970,7/3/2025,8/3/2025
501336,101965,7/3/2025,
501337,101973,7/3/2025,2/6/2025
501338,101981,7/3/2025,31/3/2025
501339,101975,7/3/2025,23/3/2025
501340,101977,7/3/2025,6/5/2025
501341,101972,7/3/2025,12/11/2025
501342,102019,8/3/2025,30/3/2025
501343,102034,8/3/2025,7/6/2025
501344,102032,8/3/2025,
501345,102030,8/3/2025,29/6/2025
501346,102028,8/3/2025,27/6/2025
501347,102026,8/3/2025,25/3/2025
501348,102024,8/3/2025,17/3/2025
501349,102022,8/3/2025,15/7/2026
501350,102021,8/3/2025,15/3/2025
501351,102018,8/3/2025,17/3/2025
501352,102017,8/3/2025,19/3/2025
501353,102013,8/3/2025,29/4/2025
501354,102011,8/3/2025,13/5/2025
501355,102009,8/3/2025,25/8/2025
501356,102008,8/3/2025,31/3/2025
501357,102007,8/3/2025,22/3/2025
501358,102006,8/3/2025,7/6/2025
501359,102005,8/3/2025,14/3/2025
501360,102004,8/3/2025,21/4/2025
501361,102003,8/3/2025,17/4/2025
501362,102015,8/3/2025,26/3/2025
501363,102058,9/3/2025,4/4/2026
501364,102060,9/3/2025,23/3/2025
501365,102061,9/3/2025,9/4/2025
501366,102062,9/3/2025,15/3/2025
501367,102064,9/3/2025,28/3/2025
501368,102065,9/3/2025,4/9/2025
501369,102074,9/3/2025,16/3/2025
501370,102068,9/3/2025,7/10/2025
501371,102070,9/3/2025,
501372,102071,9/3/2025,6/4/2025
501373,102072,9/3/2025,15/3/2025
501374,102076,9/3/2025,24/3/2025
501375,102066,9/3/2025,18/3/2025
501376,102056,9/3/2025,17/4/2025
501377,102035,9/3/2025,28/4/2025
501378,102053,9/3/2025,15/5/2025
501379,102055,9/3/2025,7/4/2025
501380,102038,9/3/2025,30/5/2025
501381,102039,9/3/2025,12/4/2025
501382,102041,9/3/2025,27/4/2025
501383,102043,9/3/2025,13/3/2025
501384,102037,9/3/2025,28/3/2026
501385,102047,9/3/2025,12/5/2025
501386,102049,9/3/2025,15/4/2025
501387,102050,9/3/2025,8/11/2025
501388,102051,9/3/2025,22/3/2025
501389,102045,9/3/2025,21/4/2025
501390,102088,10/3/2025,15/3/2025
501391,102099,10/3/2025,22/3/2025
501392,102097,10/3/2025,3/4/2026
501393,102100,10/3/2025,9/5/2025
501394,102095,10/3/2025,31/1/2026
501395,102093,10/3/2025,4/4/2025
501396,102091,10/3/2025,13/8/2025
501397,102090,10/3/2025,14/4/2025
501398,102087,10/3/2025,16/3/2025
501399,102096,10/3/2025,2/2/2026
501400,102085,10/3/2025,8/4/2026
501401,102084,10/3/2025,25/3/2025
501402,102083,10/3/2025,26/6/2025
501403,102082,10/3/2025,30/4/2025
501404,102080,10/3/2025,8/4/2025
501405,102079,10/3/2025,15/3/2025
501406,102077,10/3/2025,17/7/2025
501407,100181,10/3/2025,19/3/2025
501408,102086,10/3/2025,17/5/2025
501409,102125,11/3/2025,18/3/2025
501410,102124,11/3/2025,19/4/2025
501411,102123,11/3/2025,26/3/2025
501412,102121,11/3/2025,14/5/2025
501413,102119,11/3/2025,28/3/2025
501414,102118,11/3/2025,16/3/2025
501415,102116,11/3/2025,30/3/2025
501416,102115,11/3/2025,20/3/2025
501417,102111,11/3/2025,26/6/2025
501418,102109,11/3/2025,7/4/2025
501419,102107,11/3/2025,16/3/2025
501420,102105,11/3/2025,22/6/2025
501421,102104,11/3/2025,10/12/2025
501422,102103,11/3/2025,17/3/2025
501423,102101,11/3/2025,15/3/2025
501424,102113,11/3/2025,
501425,102143,12/3/2025,23/3/2025
501426,102144,12/3/2025,30/3/2025
501427,102145,12/3/2025,17/3/2025
501428,102156,12/3/2025,13/3/2025
501429,102154,12/3/2025,3/5/2025
501430,102150,12/3/2025,9/4/2025
501431,102151,12/3/2025,29/5/2025
501432,102152,12/3/2025,16/12/2025
501433,102148,12/3/2025,14/4/2025
501434,102141,12/3/2025,12/5/2025
501435,102146,12/3/2025,31/3/2025
501436,102138,12/3/2025,12/4/2025
501437,102126,12/3/2025,3/4/2025
501438,102127,12/3/2025,20/3/2025
501439,102128,12/3/2025,23/3/2025
501440,102129,12/3/2025,7/7/2025
501441,102140,12/3/2025,6/9/2025
501442,102132,12/3/2025,19/3/2025
501443,102134,12/3/2025,7/4/2025
501444,102136,12/3/2025,26/7/2025
501445,102131,12/3/2025,28/3/2025
501446,102191,13/3/2025,9/6/2025
501447,102176,13/3/2025,30/3/2025
501448,102188,13/3/2025,19/4/2025
501449,102186,13/3/2025,20/4/2025
501450,102185,13/3/2025,12/9/2025
501451,102184,13/3/2025,11/7/2025
501452,102182,13/3/2025,30/3/2025
501453,102180,13/3/2025,
501454,102179,13/3/2025,28/3/2025
501455,102178,13/3/2025,11/4/2025
501456,102177,13/3/2025,21/3/2025
501457,102190,13/3/2025,15/4/2025
501458,102172,13/3/2025,1/2/2026
501459,102171,13/3/2025,15/3/2025
501460,102174,13/3/2025,9/6/2025
501461,102160,13/3/2025,25/5/2025
501462,102162,13/3/2025,16/3/2025
501463,102163,13/3/2025,14/3/2025
501464,102165,13/3/2025,29/3/2025
501465,102158,13/3/2025,3/4/2025
501466,102167,13/3/2025,31/7/2025
501467,102168,13/3/2025,5/4/2025
501468,102169,13/3/2025,12/8/2025
501469,102170,13/3/2025,10/7/2025
501470,102166,13/3/2025,10/5/2025
501471,102209,14/3/2025,1/5/2025
501472,102218,14/3/2025,5/11/2025
501473,102217,14/3/2025,22/3/2025
501474,102215,14/3/2025,4/9/2025
501475,102214,14/3/2025,16/3/2025
501476,102213,14/3/2025,20/3/2025
501477,102212,14/3/2025,26/6/2025
501478,102210,14/3/2025,9/12/2025
501479,102207,14/3/2025,21/3/2025
501480,102219,14/3/2025,12/4/2025
501481,102203,14/3/2025,13/4/2025
501482,102202,14/3/2025,18/6/2026
501483,102201,14/3/2025,22/3/2025
501484,102200,14/3/2025,3/4/2025
501485,102198,14/3/2025,19/3/2025
501486,102196,14/3/2025,24/3/2025
501487,102194,14/3/2025,26/2/2026
501488,102192,14/3/2025,21/3/2025
501489,102205,14/3/2025,20/3/2025
501490,102242,15/3/2025,21/12/2025
501491,102244,15/3/2025,13/1/2026
501492,102247,15/3/2025,9/4/2025
501493,102248,15/3/2025,22/3/2025
501494,102249,15/3/2025,31/5/2026
501495,102251,15/3/2025,17/3/2025
501496,102258,15/3/2025,18/8/2025
501497,102255,15/3/2025,31/3/2025
501498,102257,15/3/2025,17/3/2025
501499,102241,15/3/2025,23/8/2025
501500,102260,15/3/2025,20/6/2025
501501,102262,15/3/2025,27/3/2025
501502,102253,15/3/2025,4/5/2025
501503,102239,15/3/2025,17/6/2025
501504,102246,15/3/2025,18/3/2025
501505,102236,15/3/2025,14/6/2025
501506,102237,15/3/2025,10/5/2025
501507,102220,15/3/2025,18/3/2025
501508,102221,15/3/2025,7/6/2025
501509,102222,15/3/2025,30/12/2025
501510,102224,15/3/2025,16/3/2025
501511,102225,15/3/2025,
501512,102227,15/3/2025,20/4/2025
501513,102223,15/3/2025,8/4/2025
501514,102229,15/3/2025,28/4/2025
501515,102231,15/3/2025,21/4/2025
501516,102232,15/3/2025,28/9/2025
501517,102233,15/3/2025,19/3/2025
501518,102234,15/3/2025,13/8/2025
501519,102228,15/3/2025,1/6/2025
501520,102299,16/3/2025,13/5/2025
501521,102291,16/3/2025,30/4/2025
501522,102293,16/3/2025,18/3/2025
501523,102294,16/3/2025,30/6/2025
501524,102295,16/3/2025,6/5/2025
501525,102296,16/3/2025,10/9/2025
501526,102298,16/3/2025,24/8/2025
501527,102301,16/3/2025,8/3/2026
501528,102313,16/3/2025,18/3/2025
501529,102307,16/3/2025,17/4/2025
501530,102308,16/3/2025,6/4/2025
501531,102309,16/3/2025,14/4/2025
501532,102311,16/3/2025,11/7/2025
501533,102312,16/3/2025,21/3/2025
501534,102315,16/3/2025,29/7/2026
501535,102290,16/3/2025,12/5/2025
501536,102303,16/3/2025,14/9/2025
501537,102288,16/3/2025,31/5/2025
501538,102305,16/3/2025,11/10/2025
501539,102285,16/3/2025,31/7/2025
501540,100346,16/3/2025,16/10/2025
501541,102263,16/3/2025,10/4/2025
501542,102264,16/3/2025,25/4/2025
501543,102265,16/3/2025,14/4/2025
501544,102266,16/3/2025,30/3/2025
501545,102269,16/3/2025,8/4/2025
501546,102287,16/3/2025,22/10/2025
501547,102270,16/3/2025,25/3/2025
501548,102268,16/3/2025,30/3/2025
501549,102273,16/3/2025,6/7/2025
501550,102275,16/3/2025,3/4/2025
501551,102277,16/3/2025,24/4/2025
501552,102279,16/3/2025,18/3/2025
501553,102280,16/3/2025,1/4/2025
501554,102282,16/3/2025,3/4/2025
501555,102284,16/3/2025,11/4/2025
501556,102271,16/3/2025,26/3/2025
501557,102332,17/3/2025,21/3/2025
501558,102341,17/3/2025,29/6/2026
501559,102339,17/3/2025,3/4/2025
501560,102337,17/3/2025,22/3/2025
501561,102336,17/3/2025,30/4/2025
501562,102335,17/3/2025,28/4/2025
501563,102333,17/3/2025,14/6/2025
501564,102330,17/3/2025,7/4/2025
501565,102316,17/3/2025,18/3/2025
501566,102326,17/3/2025,7/4/2025
501567,102324,17/3/2025,27/4/2025
501568,102322,17/3/2025,
501569,102320,17/3/2025,2/1/2026
501570,102318,17/3/2025,12/7/2025
501571,100228,17/3/2025,19/4/2025
501572,102328,17/3/2025,22/3/2025
501573,102353,18/3/2025,5/6/2025
501574,102362,18/3/2025,28/11/2025
501575,102360,18/3/2025,25/3/2025
501576,102358,18/3/2025,13/10/2025
501577,102356,18/3/2025,21/10/2025
501578,102354,18/3/2025,3/4/2025
501579,102364,18/3/2025,13/4/2025
501580,102351,18/3/2025,19/4/2025
501581,102346,18/3/2025,20/3/2025
501582,102349,18/3/2025,16/8/2025
501583,102348,18/3/2025,19/3/2025
501584,102345,18/3/2025,26/3/2025
501585,102344,18/3/2025,29/3/2025
501586,102343,18/3/2025,16/5/2025
501587,102342,18/3/2025,28/3/2025
501588,102350,18/3/2025,16/6/2025
501589,102389,19/3/2025,6/4/2025
501590,102387,19/3/2025,17/7/2025
501591,102386,19/3/2025,
501592,102384,19/3/2025,29/1/2026
501593,102383,19/3/2025,23/2/2026
501594,102382,19/3/2025,20/10/2025
501595,102380,19/3/2025,30/3/2025
501596,102379,19/3/2025,15/9/2025
501597,102376,19/3/2025,14/4/2025
501598,102377,19/3/2025,7/6/2025
501599,102372,19/3/2025,20/3/2025
501600,102371,19/3/2025,19/4/2025
501601,102369,19/3/2025,20/9/2025
501602,102367,19/3/2025,30/3/2025
501603,102366,19/3/2025,12/10/2025
501604,102365,19/3/2025,12/4/2025
501605,100396,19/3/2025,1/4/2025
501606,102374,19/3/2025,23/4/2025
501607,102410,20/3/2025,12/4/2025
501608,102412,20/3/2025,28/3/2025
501609,102414,20/3/2025,
501610,102416,20/3/2025,31/3/2025
501611,102421,20/3/2025,3/4/2025
501612,102419,20/3/2025,5/4/2025
501613,102420,20/3/2025,12/4/2025
501614,102422,20/3/2025,24/3/2025
501615,102408,20/3/2025,19/4/2025
501616,102418,20/3/2025,26/3/2025
501617,102406,20/3/2025,10/4/2025
501618,100267,20/3/2025,7/5/2025
501619,102402,20/3/2025,26/6/2025
501620,102404,20/3/2025,31/7/2025
501621,102392,20/3/2025,24/6/2025
501622,102393,20/3/2025,22/3/2025
501623,102395,20/3/2025,
501624,102390,20/3/2025,
501625,102398,20/3/2025,8/1/2026
501626,102400,20/3/2025,20/4/2026
501627,102401,20/3/2025,13/4/2025
501628,102397,20/3/2025,22/3/2025
501629,102445,21/3/2025,23/3/2025
501630,102444,21/3/2025,10/4/2025
501631,102442,21/3/2025,26/8/2025
501632,102440,21/3/2025,11/7/2025
501633,102439,21/3/2025,24/3/2025
501634,102437,21/3/2025,3/8/2025
501635,102436,21/3/2025,2/4/2025
501636,102430,21/3/2025,31/3/2025
501637,102432,21/3/2025,23/9/2025
501638,102429,21/3/2025,27/11/2025
501639,102427,21/3/2025,17/4/2025
501640,102426,21/3/2025,15/4/2025
501641,102425,21/3/2025,2/11/2025
501642,102423,21/3/2025,23/8/2025
501643,102434,21/3/2025,15/5/2026
501644,102470,22/3/2025,26/5/2025
501645,102469,22/3/2025,16/6/2025
501646,102467,22/3/2025,7/6/2026
501647,102466,22/3/2025,23/3/2025
501648,102465,22/3/2025,24/3/2025
501649,102464,22/3/2025,8/4/2025
501650,102461,22/3/2025,4/7/2025
501651,102460,22/3/2025,24/4/2025
501652,102458,22/3/2025,11/4/2025
501653,102462,22/3/2025,9/4/2025
501654,102456,22/3/2025,7/4/2025
501655,102455,22/3/2025,29/4/2025
501656,102454,22/3/2025,2/6/2025
501657,102452,22/3/2025,27/3/2025
501658,102450,22/3/2025,25/3/2025
501659,102449,22/3/2025,29/8/2025
501660,102448,22/3/2025,28/4/2025
501661,102447,22/3/2025,8/6/2025
501662,102446,22/3/2025,7/4/2025
501663,102457,22/3/2025,3/10/2025
501664,102497,23/3/2025,5/4/2025
501665,102499,23/3/2025,9/4/2026
501666,102501,23/3/2025,12/4/2025
501667,102502,23/3/2025,29/3/2025
501668,102503,23/3/2025,26/5/2025
501669,102505,23/3/2025,27/3/2025
501670,102512,23/3/2025,9/4/2025
501671,102507,23/3/2025,19/4/2025
501672,102509,23/3/2025,4/9/2025
501673,102511,23/3/2025,10/4/2025
501674,102514,23/3/2025,7/4/2025
501675,102495,23/3/2025,25/6/2025
501676,102506,23/3/2025,6/6/2025
501677,102494,23/3/2025,29/3/2025
501678,102493,23/3/2025,28/3/2025
501679,102478,23/3/2025,18/9/2025
501680,102472,23/3/2025,26/6/2025
501681,102474,23/3/2025,7/4/2025
501682,102476,23/3/2025,30/5/2025
501683,102492,23/3/2025,13/7/2025
501684,102479,23/3/2025,9/5/2025
501685,102480,23/3/2025,5/5/2025
501686,102481,23/3/2025,28/3/2025
501687,102484,23/3/2025,29/3/2025
501688,102485,23/3/2025,
501689,102486,23/3/2025,7/4/2025
501690,102487,23/3/2025,30/5/2025
501691,102489,23/3/2025,17/3/2026
501692,102490,23/3/2025,27/5/2025
501693,102482,23/3/2025,24/3/2025
501694,102535,24/3/2025,25/5/2025
501695,102534,24/3/2025,2/5/2025
501696,102536,24/3/2025,14/10/2025
501697,102525,24/3/2025,9/4/2025
501698,102539,24/3/2025,30/3/2025
501699,102541,24/3/2025,19/8/2025
501700,102532,24/3/2025,3/11/2025
501701,102538,24/3/2025,26/3/2025
501702,102530,24/3/2025,6/4/2025
501703,102521,24/3/2025,6/11/2025
501704,102526,24/3/2025,25/6/2025
501705,102524,24/3/2025,25/3/2025
501706,102522,24/3/2025,30/1/2026
501707,102519,24/3/2025,9/5/2025
501708,102518,24/3/2025,11/4/2025
501709,102516,24/3/2025,1/4/2025
501710,102528,24/3/2025,7/4/2025
501711,102568,25/3/2025,29/4/2025
501712,102563,25/3/2025,22/4/2025
501713,102565,25/3/2025,29/3/2025
501714,102567,25/3/2025,
501715,102569,25/3/2025,
501716,102562,25/3/2025,4/4/2025
501717,102573,25/3/2025,10/5/2025
501718,102574,25/3/2025,22/1/2026
501719,102576,25/3/2025,26/5/2025
501720,102575,25/3/2025,23/5/2025
501721,102571,25/3/2025,26/6/2025
501722,102560,25/3/2025,28/3/2025
501723,102545,25/3/2025,10/7/2025
501724,102557,25/3/2025,16/4/2025
501725,102558,25/3/2025,3/2/2026
501726,102543,25/3/2025,27/3/2025
501727,102547,25/3/2025,25/4/2025
501728,102549,25/3/2025,4/6/2025
501729,102546,25/3/2025,24/6/2025
501730,102551,25/3/2025,5/10/2025
501731,102553,25/3/2025,20/4/2025
501732,102555,25/3/2025,5/7/2026
501733,102556,25/3/2025,29/4/2025
501734,102550,25/3/2025,26/3/2025
501735,102590,26/3/2025,11/8/2025
501736,102599,26/3/2025,6/5/2025
501737,102598,26/3/2025,18/6/2025
501738,102596,26/3/2025,31/3/2025
501739,102594,26/3/2025,
501740,102593,26/3/2025,31/3/2025
501741,102589,26/3/2025,23/8/2025
501742,102591,26/3/2025,21/5/2025
501743,102586,26/3/2025,27/3/2025
501744,102584,26/3/2025,30/7/2025
501745,102582,26/3/2025,7/4/2025
501746,102581,26/3/2025,31/3/2025
501747,102580,26/3/2025,2/3/2026
501748,102578,26/3/2025,17/4/2025
501749,102588,26/3/2025,10/8/2025
501750,102622,27/3/2025,26/4/2025
501751,102623,27/3/2025,3/4/2025
501752,102625,27/3/2025,6/4/2025
501753,102627,27/3/2025,
501754,102628,27/3/2025,6/9/2025
501755,102630,27/3/2025,29/9/2025
501756,102635,27/3/2025,8/4/2025
501757,102632,27/3/2025,14/4/2025
501758,102634,27/3/2025,15/5/2025
501759,102636,27/3/2025,29/3/2025
501760,102637,27/3/2025,21/7/2025
501761,102638,27/3/2025,1/4/2025
501762,102621,27/3/2025,3/4/2025
501763,102640,27/3/2025,14/9/2025
501764,102620,27/3/2025,14/7/2025
501765,102607,27/3/2025,13/4/2025
501766,102617,27/3/2025,24/12/2025
501767,102600,27/3/2025,4/4/2025
501768,102619,27/3/2025,8/4/2025
501769,102602,27/3/2025,30/4/2025
501770,102603,27/3/2025,13/3/2026
501771,102605,27/3/2025,2/4/2025
501772,102606,27/3/2025,23/4/2025
501773,102601,27/3/2025,27/1/2026
501774,102609,27/3/2025,5/4/2025
501775,102610,27/3/2025,14/6/2025
501776,102612,27/3/2025,1/4/2025
501777,102614,27/3/2025,13/9/2025
501778,102616,27/3/2025,30/3/2025
501779,102608,27/3/2025,9/4/2025
501780,102670,28/3/2025,13/6/2025
501781,102669,28/3/2025,21/5/2025
501782,102668,28/3/2025,7/4/2025
501783,102666,28/3/2025,24/5/2025
501784,102665,28/3/2025,11/4/2025
501785,102663,28/3/2025,2/5/2025
501786,102661,28/3/2025,24/12/2025
501787,102659,28/3/2025,16/4/2025
501788,102657,28/3/2025,23/5/2025
501789,102653,28/3/2025,25/4/2026
501790,102654,28/3/2025,24/4/2025
501791,102651,28/3/2025,25/7/2026
501792,102650,28/3/2025,1/7/2025
501793,102648,28/3/2025,24/6/2025
501794,102646,28/3/2025,25/7/2025
501795,102645,28/3/2025,14/4/2025
501796,102643,28/3/2025,29/6/2025
501797,102641,28/3/2025,10/4/2025
501798,102656,28/3/2025,6/4/2025
501799,102692,29/3/2025,12/5/2025
501800,102694,29/3/2025,4/5/2025
501801,102695,29/3/2025,16/7/2025
501802,102697,29/3/2025,12/9/2025
501803,102705,29/3/2025,6/4/2025
501804,102701,29/3/2025,5/6/2026
501805,102703,29/3/2025,2/9/2025
501806,102704,29/3/2025,20/7/2025
501807,102689,29/3/2025,18/7/2025
501808,102699,29/3/2025,4/4/2025
501809,102688,29/3/2025,12/4/2025
501810,102691,29/3/2025,12/4/2025
501811,102686,29/3/2025,28/9/2025
501812,102687,29/3/2025,11/5/2025
501813,102672,29/3/2025,2/4/2025
501814,102673,29/3/2025,31/3/2025
501815,102674,29/3/2025,4/6/2025
501816,102677,29/3/2025,26/4/2025
501817,102676,29/3/2025,9/4/2025
501818,102680,29/3/2025,4/9/2025
501819,102682,29/3/2025,9/9/2025
501820,102684,29/3/2025,31/3/2025
501821,102685,29/3/2025,31/3/2025
501822,102678,29/3/2025,1/4/2025
501823,102737,30/3/2025,31/3/2025
501824,102731,30/3/2025,15/2/2026
501825,102733,30/3/2025,11/5/2025
501826,102735,30/3/2025,11/4/2025
501827,102736,30/3/2025,4/5/2025
501828,102739,30/3/2025,16/10/2025
501829,102749,30/3/2025,5/12/2025
501830,102742,30/3/2025,30/4/2025
501831,102743,30/3/2025,23/6/2025
501832,102745,30/3/2025,14/4/2025
501833,102747,30/3/2025,27/4/2025
501834,102729,30/3/2025,27/4/2025
501835,102740,30/3/2025,23/5/2025
501836,102727,30/3/2025,
501837,102708,30/3/2025,5/4/2025
501838,102724,30/3/2025,3/1/2026
501839,102707,30/3/2025,8/4/2025
501840,102710,30/3/2025,4/5/2025
501841,102726,30/3/2025,10/7/2025
501842,102712,30/3/2025,31/3/2026
501843,102713,30/3/2025,30/5/2025
501844,102714,30/3/2025,8/8/2025
501845,102711,30/3/2025,18/5/2025
501846,102717,30/3/2025,30/4/2025
501847,102718,30/3/2025,11/4/2025
501848,102720,30/3/2025,14/8/2025
501849,102722,30/3/2025,10/4/2025
501850,102723,30/3/2025,1/4/2025
501851,102715,30/3/2025,8/5/2025
501852,102764,31/3/2025,30/5/2025
501853,102771,31/3/2025,15/4/2025
501854,102770,31/3/2025,1/5/2025
501855,102768,31/3/2025,2/4/2025
501856,102767,31/3/2025,9/8/2025
501857,102765,31/3/2025,1/4/2025
501858,102763,31/3/2025,6/8/2025
501859,102769,31/3/2025,6/4/2025
501860,102759,31/3/2025,30/12/2025
501861,102757,31/3/2025,26/5/2025
501862,102756,31/3/2025,22/4/2025
501863,102755,31/3/2025,28/7/2025
501864,102753,31/3/2025,5/4/2025
501865,102761,31/3/2025,19/5/2025
501866,102752,31/3/2025,8/6/2025
501867,102750,31/3/2025,7/5/2025
501868,102788,1/4/2025,7/4/2025
501869,102790,1/4/2025,22/4/2025
501870,102791,1/4/2025,6/4/2025
501871,102792,1/4/2025,7/6/2025
501872,102798,1/4/2025,11/4/2025
501873,102795,1/4/2025,28/5/2025
501874,102796,1/4/2025,10/7/2025
501875,102787,1/4/2025,6/7/2025
501876,102794,1/4/2025,25/5/2025
501877,102786,1/4/2025,11/5/2025
501878,102785,1/4/2025,27/4/2025
501879,102783,1/4/2025,24/4/2025
501880,102772,1/4/2025,3/7/2025
501881,102774,1/4/2025,25/4/2025
501882,102775,1/4/2025,19/4/2025
501883,102776,1/4/2025,7/4/2025
501884,102773,1/4/2025,2/4/2025
501885,102779,1/4/2025,12/10/2025
501886,102781,1/4/2025,5/4/2025
501887,102782,1/4/2025,1/5/2025
501888,102777,1/4/2025,5/4/2025
501889,102817,2/4/2025,18/4/2025
501890,102826,2/4/2025,23/9/2025
501891,102825,2/4/2025,22/4/2025
501892,102823,2/4/2025,3/6/2025
501893,102822,2/4/2025,3/5/2025
501894,102821,2/4/2025,12/4/2025
501895,102827,2/4/2025,30/4/2025
501896,102816,2/4/2025,4/5/2025
501897,102819,2/4/2025,3/4/2025
501898,102813,2/4/2025,7/4/2025
501899,102811,2/4/2025,7/4/2025
501900,102809,2/4/2025,13/6/2025
501901,102807,2/4/2025,19/5/2025
501902,102805,2/4/2025,6/5/2025
501903,102804,2/4/2025,22/7/2025
501904,102802,2/4/2025,5/7/2025
501905,102800,2/4/2025,7/4/2025
501906,102814,2/4/2025,
501907,102848,3/4/2025,27/4/2025
501908,102849,3/4/2025,9/5/2025
501909,102851,3/4/2025,21/9/2025
501910,102852,3/4/2025,22/6/2025
501911,102860,3/4/2025,12/4/2025
501912,102855,3/4/2025,2/5/2025
501913,102857,3/4/2025,20/1/2026
501914,102858,3/4/2025,23/6/2025
501915,102861,3/4/2025,21/4/2025
501916,102853,3/4/2025,4/4/2025
501917,102844,3/4/2025,
501918,102846,3/4/2025,2/7/2025
501919,102842,3/4/2025,
501920,102840,3/4/2025,29/5/2025
501921,102839,3/4/2025,7/5/2025
501922,102837,3/4/2025,8/4/2025
501923,102836,3/4/2025,6/6/2025
501924,102835,3/4/2025,14/4/2025
501925,102833,3/4/2025,20/10/2025
501926,102831,3/4/2025,10/7/2025
501927,102829,3/4/2025,26/5/2025
501928,102828,3/4/2025,10/5/2025
501929,102843,3/4/2025,11/4/2025
501930,102885,4/4/2025,9/2/2026
501931,102886,4/4/2025,22/4/2025
501932,102888,4/4/2025,19/3/2026
501933,102889,4/4/2025,27/7/2025
501934,102883,4/4/2025,25/2/2026
501935,102892,4/4/2025,20/5/2025
501936,102893,4/4/2025,4/10/2025
501937,102895,4/4/2025,30/6/2025
501938,102896,4/4/2025,5/4/2025
501939,102890,4/4/2025,9/4/2025
501940,102882,4/4/2025,14/5/2025
501941,102871,4/4/2025,
501942,102879,4/4/2025,21/4/2025
501943,102877,4/4/2025,11/6/2025
501944,102876,4/4/2025,21/4/2025
501945,102874,4/4/2025,22/5/2025
501946,102872,4/4/2025,21/4/2025
501947,102880,4/4/2025,30/7/2025
501948,102869,4/4/2025,6/4/2025
501949,102867,4/4/2025,19/8/2025
501950,102865,4/4/2025,7/4/2025
501951,102864,4/4/2025,26/12/2025
501952,102862,4/4/2025,20/4/2025
501953,102921,5/4/2025,24/3/2026
501954,102923,5/4/2025,2/5/2025
501955,102925,5/4/2025,6/4/2025
501956,102927,5/4/2025,1/5/2025
501957,102929,5/4/2025,8/4/2025
501958,102937,5/4/2025,14/8/2025
501959,102932,5/4/2025,20/11/2025
501960,102933,5/4/2025,29/1/2026
501961,102935,5/4/2025,7/6/2025
501962,102918,5/4/2025,6/4/2025
501963,102931,5/4/2025,14/5/2025
501964,102916,5/4/2025,4/5/2025
501965,102919,5/4/2025,21/7/2025
501966,102913,5/4/2025,15/6/2025
501967,102914,5/4/2025,11/7/2025
501968,102898,5/4/2025,25/6/2025
501969,102900,5/4/2025,11/5/2025
501970,102901,5/4/2025,13/4/2025
501971,102905,5/4/2025,15/4/2025
501972,102903,5/4/2025,30/4/2025
501973,102908,5/4/2025,24/11/2025
501974,102909,5/4/2025,
501975,102910,5/4/2025,9/4/2025
501976,102912,5/4/2025,22/8/2025
501977,102907,5/4/2025,19/2/2026
501978,102969,6/4/2025,19/4/2025
501979,102965,6/4/2025,9/4/2025
501980,102963,6/4/2025,7/4/2025
501981,102966,6/4/2025,6/5/2025
501982,102967,6/4/2025,22/1/2026
501983,102971,6/4/2025,3/2/2026
501984,102979,6/4/2025,3/12/2025
501985,102974,6/4/2025,12/5/2025
501986,102975,6/4/2025,19/4/2025
501987,102976,6/4/2025,2/5/2025
501988,102977,6/4/2025,13/8/2025
501989,102980,6/4/2025,18/4/2025
501990,102962,6/4/2025,
501991,102972,6/4/2025,14/3/2026
501992,102960,6/4/2025,12/5/2025
501993,102939,6/4/2025,29/4/2025
501994,102957,6/4/2025,29/7/2025
501995,102938,6/4/2025,24/5/2025
501996,102958,6/4/2025,17/10/2025
501997,102941,6/4/2025,26/9/2025
501998,102943,6/4/2025,19/5/2025
501999,102944,6/4/2025,26/5/2025
502000,102947,6/4/2025,17/10/2025
502001,102946,6/4/2025,7/6/2025
502002,102950,6/4/2025,10/5/2025
502003,102952,6/4/2025,14/7/2026
502004,102953,6/4/2025,18/4/2025
502005,102955,6/4/2025,20/5/2025
502006,102956,6/4/2025,22/4/2025
502007,102949,6/4/2025,30/5/2025
502008,103002,7/4/2025,8/4/2025
502009,102998,7/4/2025,12/4/2025
502010,103000,7/4/2025,29/5/2025
502011,103003,7/4/2025,18/5/2025
502012,102996,7/4/2025,20/4/2025
502013,103010,7/4/2025,11/4/2025
502014,103006,7/4/2025,27/4/2025
502015,103008,7/4/2025,7/6/2025
502016,103009,7/4/2025,26/4/2025
502017,103004,7/4/2025,11/4/2025
502018,102995,7/4/2025,15/7/2025
502019,102984,7/4/2025,11/5/2025
502020,102992,7/4/2025,16/4/2025
502021,102981,7/4/2025,8/4/2025
502022,102982,7/4/2025,7/5/2025
502023,102985,7/4/2025,9/4/2025
502024,102994,7/4/2025,13/4/2025
502025,102988,7/4/2025,20/4/2025
502026,102989,7/4/2025,10/2/2026
502027,102991,7/4/2025,30/7/2025
502028,102987,7/4/2025,29/10/2025
502029,103025,8/4/2025,9/4/2025
502030,103036,8/4/2025,17/4/2025
502031,103035,8/4/2025,9/4/2025
502032,103034,8/4/2025,6/6/2025
502033,103033,8/4/2025,21/4/2025
502034,103031,8/4/2025,13/4/2025
502035,103030,8/4/2025,9/4/2025
502036,103028,8/4/2025,17/4/2025
502037,103023,8/4/2025,9/4/2025
502038,103027,8/4/2025,11/4/2025
502039,103020,8/4/2025,7/6/2025
502040,103019,8/4/2025,12/4/2025
502041,103017,8/4/2025,12/4/2025
502042,103016,8/4/2025,12/6/2025
502043,103014,8/4/2025,20/5/2025
502044,103012,8/4/2025,1/5/2025
502045,103011,8/4/2025,30/4/2025
502046,103022,8/4/2025,16/5/2025
502047,100832,8/4/2025,11/4/2025
502048,103064,9/4/2025,
502049,103065,9/4/2025,24/5/2025
502050,103067,9/4/2025,8/5/2025
502051,103069,9/4/2025,17/5/2025
502052,103071,9/4/2025,7/11/2025
502053,103077,9/4/2025,25/6/2025
502054,103074,9/4/2025,22/4/2025
502055,103075,9/4/2025,22/4/2025
502056,103078,9/4/2025,18/1/2026
502057,103080,9/4/2025,15/7/2026
502058,103062,9/4/2025,8/5/2026
502059,103073,9/4/2025,1/12/2025
502060,103061,9/4/2025,26/4/2025
502061,103041,9/4/2025,6/5/2025
502062,103057,9/4/2025,26/4/2025
502063,103037,9/4/2025,17/12/2025
502064,103039,9/4/2025,23/4/2025
502065,103059,9/4/2025,
502066,103044,9/4/2025,13/8/2025
502067,103046,9/4/2025,30/4/2025
502068,103042,9/4/2025,8/11/2025
502069,103050,9/4/2025,
502070,103052,9/4/2025,8/12/2025
502071,103054,9/4/2025,2/6/2025
502072,103055,9/4/2025,13/4/2025
502073,103056,9/4/2025,3/5/2025
502074,103048,9/4/2025,17/4/2025
502075,103094,10/4/2025,11/5/2025
502076,103099,10/4/2025,19/6/2025
502077,103098,10/4/2025,3/7/2025
502078,103096,10/4/2025,7/1/2026
502079,103095,10/4/2025,23/4/2025
502080,103092,10/4/2025,3/5/2025
502081,103100,10/4/2025,1/8/2025
502082,103088,10/4/2025,23/4/2025
502083,103086,10/4/2025,30/7/2025
502084,103085,10/4/2025,30/5/2025
502085,103084,10/4/2025,
502086,103082,10/4/2025,7/5/2025
502087,103090,10/4/2025,16/4/2025
502088,103128,11/4/2025,7/6/2025
502089,103127,11/4/2025,25/6/2025
502090,103125,11/4/2025,4/5/2025
502091,103122,11/4/2025,22/4/2025
502092,103120,11/4/2025,7/6/2025
502093,103118,11/4/2025,5/6/2025
502094,103117,11/4/2025,19/4/2025
502095,103116,11/4/2025,16/4/2025
502096,103114,11/4/2025,17/10/2025
502097,103123,11/4/2025,4/6/2025
502098,103110,11/4/2025,12/4/2025
502099,103112,11/4/2025,15/5/2025
502100,103102,11/4/2025,12/4/2025
502101,103103,11/4/2025,15/4/2025
502102,103101,11/4/2025,20/4/2025
502103,103106,11/4/2025,19/4/2025
502104,103107,11/4/2025,25/4/2025
502105,103109,11/4/2025,20/3/2026
502106,103104,11/4/2025,26/5/2025
502107,103161,12/4/2025,13/4/2025
502108,103169,12/4/2025,28/7/2026
502109,103162,12/4/2025,16/4/2025
502110,103164,12/4/2025,27/5/2025
502111,103165,12/4/2025,25/9/2025
502112,103166,12/4/2025,19/6/2025
502113,103168,12/4/2025,28/5/2025
502114,103171,12/4/2025,14/7/2025
502115,103177,12/4/2025,22/4/2025
502116,103174,12/4/2025,14/5/2025
502117,103176,12/4/2025,18/4/2025
502118,103178,12/4/2025,3/6/2025
502119,103179,12/4/2025,28/6/2025
502120,103180,12/4/2025,14/11/2025
502121,103182,12/4/2025,17/4/2025
502122,103160,12/4/2025,24/6/2025
502123,103172,12/4/2025,3/2/2026
502124,103158,12/4/2025,5/4/2026
502125,103147,12/4/2025,5/8/2025
502126,103155,12/4/2025,20/6/2025
502127,103130,12/4/2025,31/5/2025
502128,103132,12/4/2025,19/4/2025
502129,103134,12/4/2025,17/6/2025
502130,103156,12/4/2025,24/4/2025
502131,103137,12/4/2025,3/5/2025
502132,103138,12/4/2025,23/4/2025
502133,103140,12/4/2025,16/4/2025
502134,103141,12/4/2025,1/6/2026
502135,103136,12/4/2025,3/8/2025
502136,103144,12/4/2025,19/4/2025
502137,103145,12/4/2025,22/5/2025
502138,103148,12/4/2025,11/7/2025
502139,103149,12/4/2025,13/4/2025
502140,103150,12/4/2025,29/3/2026
502141,103152,12/4/2025,24/1/2026
502142,103154,12/4/2025,17/11/2025
502143,103142,12/4/2025,16/6/2025
502144,103204,13/4/2025,28/9/2025
502145,103206,13/4/2025,10/6/2025
502146,103207,13/4/2025,21/10/2025
502147,103209,13/4/2025,29/1/2026
502148,103211,13/4/2025,9/7/2025
502149,103216,13/4/2025,26/4/2025
502150,103214,13/4/2025,31/7/2025
502151,103215,13/4/2025,25/4/2025
502152,103217,13/4/2025,26/4/2025
502153,103203,13/4/2025,20/9/2025
502154,103212,13/4/2025,3/6/2025
502155,103202,13/4/2025,24/9/2025
502156,103200,13/4/2025,8/8/2025
502157,103199,13/4/2025,30/4/2025
502158,103184,13/4/2025,19/5/2025
502159,103188,13/4/2025,24/5/2025
502160,103190,13/4/2025,2/9/2025
502161,103192,13/4/2025,
502162,103186,13/4/2025,28/4/2025
502163,103195,13/4/2025,14/4/2025
502164,103196,13/4/2025,29/4/2025
502165,103197,13/4/2025,12/7/2025
502166,103198,13/4/2025,22/4/2025
502167,103193,13/4/2025,18/4/2025
502168,103233,14/4/2025,8/5/2025
502169,103243,14/4/2025,6/6/2025
502170,103241,14/4/2025,18/4/2025
502171,103239,14/4/2025,24/4/2025
502172,103237,14/4/2025,3/10/2025
502173,103235,14/4/2025,9/1/2026
502174,103234,14/4/2025,
502175,103232,14/4/2025,7/8/2025
502176,103226,14/4/2025,8/9/2025
502177,103229,14/4/2025,17/4/2025
502178,103227,14/4/2025,19/4/2025
502179,103225,14/4/2025,23/5/2025
502180,103223,14/4/2025,12/11/2025
502181,103221,14/4/2025,17/4/2025
502182,103219,14/4/2025,20/5/2025
502183,103231,14/4/2025,22/4/2025
502184,103254,15/4/2025,21/4/2025
502185,103259,15/4/2025,2/8/2025
502186,103258,15/4/2025,18/4/2025
502187,103256,15/4/2025,20/4/2025
502188,103253,15/4/2025,3/5/2025
502189,103257,15/4/2025,23/3/2026
502190,103250,15/4/2025,7/11/2025
502191,103249,15/4/2025,21/4/2025
502192,103248,15/4/2025,5/10/2025
502193,103246,15/4/2025,6/5/2025
502194,103244,15/4/2025,16/4/2025
502195,103251,15/4/2025,23/5/2025
502196,103278,16/4/2025,18/1/2026
502197,103279,16/4/2025,23/6/2025
502198,103281,16/4/2025,4/5/2025
502199,103283,16/4/2025,19/6/2025
502200,103285,16/4/2025,7/5/2025
502201,103289,16/4/2025,27/4/2025
502202,103288,16/4/2025,7/5/2025
502203,103291,16/4/2025,10/5/2025
502204,103293,16/4/2025,19/7/2025
502205,103295,16/4/2025,8/8/2025
502206,103286,16/4/2025,5/6/2025
502207,103275,16/4/2025,29/7/2025
502208,103276,16/4/2025,19/4/2025
502209,103273,16/4/2025,28/5/2025
502210,103274,16/4/2025,27/1/2026
502211,103262,16/4/2025,12/5/2025
502212,103263,16/4/2025,16/5/2025
502213,103265,16/4/2025,3/6/2025
502214,103266,16/4/2025,20/7/2026
502215,103261,16/4/2025,15/8/2025
502216,103268,16/4/2025,7/5/2025
502217,103270,16/4/2025,4/9/2025
502218,103271,16/4/2025,6/6/2025
502219,103272,16/4/2025,12/1/2026
502220,103267,16/4/2025,27/7/2025
502221,103312,17/4/2025,22/4/2025
502222,103323,17/4/2025,15/5/2025
502223,103321,17/4/2025,18/5/2026
502224,103319,17/4/2025,11/6/2026
502225,103318,17/4/2025,2/8/2026
502226,103316,17/4/2025,18/4/2025
502227,103315,17/4/2025,7/5/2025
502228,103325,17/4/2025,13/8/2025
502229,103311,17/4/2025,12/6/2026
502230,103314,17/4/2025,6/6/2025
502231,103307,17/4/2025,28/5/2025
502232,103306,17/4/2025,9/8/2025
502233,103304,17/4/2025,28/4/2025
502234,103303,17/4/2025,3/9/2025
502235,103301,17/4/2025,7/7/2025
502236,103300,17/4/2025,6/5/2026
502237,103299,17/4/2025,21/4/2025
502238,103298,17/4/2025,18/4/2025
502239,103296,17/4/2025,20/5/2025
502240,103309,17/4/2025,16/10/2025
502241,103343,18/4/2025,17/6/2025
502242,103341,18/4/2025,
502243,103340,18/4/2025,21/11/2025
502244,103339,18/4/2025,9/10/2025
502245,103337,18/4/2025,12/5/2025
502246,103336,18/4/2025,4/5/2025
502247,103334,18/4/2025,22/4/2025
502248,103332,18/4/2025,5/5/2025
502249,103330,18/4/2025,14/6/2025
502250,103328,18/4/2025,29/4/2025
502251,103326,18/4/2025,25/7/2025
502252,103382,19/4/2025,26/4/2025
502253,103381,19/4/2025,22/4/2025
502254,103379,19/4/2025,29/4/2025
502255,103377,19/4/2025,5/3/2026
502256,103375,19/4/2025,23/5/2025
502257,103372,19/4/2025,12/5/2025
502258,103370,19/4/2025,28/4/2025
502259,103368,19/4/2025,2/6/2025
502260,103367,19/4/2025,20/4/2025
502261,103365,19/4/2025,
502262,103363,19/4/2025,3/7/2025
502263,103373,19/4/2025,30/4/2025
502264,103361,19/4/2025,25/10/2025
502265,103344,19/4/2025,17/5/2025
502266,103346,19/4/2025,7/5/2025
502267,103347,19/4/2025,4/5/2025
502268,103350,19/4/2025,24/4/2025
502269,103362,19/4/2025,6/5/2025
502270,103349,19/4/2025,26/4/2025
502271,103354,19/4/2025,24/5/2025
502272,103356,19/4/2025,20/4/2025
502273,103358,19/4/2025,3/9/2025
502274,103359,19/4/2025,23/5/2025
502275,103352,19/4/2025,26/6/2025
502276,103412,20/4/2025,6/5/2025
502277,103408,20/4/2025,27/5/2025
502278,103409,20/4/2025,3/7/2025
502279,103411,20/4/2025,10/8/2025
502280,103414,20/4/2025,22/5/2025
502281,103423,20/4/2025,29/7/2025
502282,103417,20/4/2025,30/1/2026
502283,103418,20/4/2025,21/4/2025
502284,103419,20/4/2025,1/6/2025
502285,103421,20/4/2025,5/1/2026
502286,103407,20/4/2025,31/7/2025
502287,103424,20/4/2025,
502288,103415,20/4/2025,6/11/2025
502289,103406,20/4/2025,5/9/2025
502290,103401,20/4/2025,17/5/2025
502291,103403,20/4/2025,24/5/2025
502292,103383,20/4/2025,5/5/2025
502293,103384,20/4/2025,4/10/2025
502294,103385,20/4/2025,12/5/2025
502295,103405,20/4/2025,13/5/2025
502296,103388,20/4/2025,5/5/2025
502297,103390,20/4/2025,9/11/2025
502298,103387,20/4/2025,17/1/2026
502299,103394,20/4/2025,21/4/2025
502300,103395,20/4/2025,21/7/2025
502301,103397,20/4/2025,21/4/2025
502302,103399,20/4/2025,26/4/2025
502303,103402,20/4/2025,20/6/2025
502304,103392,20/4/2025,6/5/2025
502305,103434,21/4/2025,12/5/2025
502306,103438,21/4/2025,5/5/2026
502307,103437,21/4/2025,23/6/2026
502308,103440,21/4/2025,29/4/2025
502309,103436,21/4/2025,17/5/2025
502310,103432,21/4/2025,23/4/2025
502311,103427,21/4/2025,26/4/2025
502312,103430,21/4/2025,7/8/2025
502313,103429,21/4/2025,11/5/2025
502314,103428,21/4/2025,14/5/2025
502315,103425,21/4/2025,3/5/2025
502316,103431,21/4/2025,2/7/2025
502317,103460,22/4/2025,12/9/2025
502318,103464,22/4/2025,1/5/2025
502319,103466,22/4/2025,26/5/2025
502320,103467,22/4/2025,11/10/2025
502321,103469,22/4/2025,13/2/2026
502322,103472,22/4/2025,28/4/2025
502323,103459,22/4/2025,18/5/2025
502324,103474,22/4/2025,28/4/2025
502325,103476,22/4/2025,2/5/2025
502326,103478,22/4/2025,10/7/2025
502327,103471,22/4/2025,4/5/2026
502328,103457,22/4/2025,10/5/2025
502329,103462,22/4/2025,29/6/2025
502330,103454,22/4/2025,18/5/2025
502331,103452,22/4/2025,12/8/2025
502332,103450,22/4/2025,24/2/2026
502333,103448,22/4/2025,11/5/2025
502334,103447,22/4/2025,13/5/2025
502335,103446,22/4/2025,12/5/2025
502336,103445,22/4/2025,20/5/2025
502337,103443,22/4/2025,8/6/2025
502338,103441,22/4/2025,19/5/2025
502339,103455,22/4/2025,26/4/2025
502340,103502,23/4/2025,
502341,103504,23/4/2025,29/6/2025
502342,103505,23/4/2025,
502343,103506,23/4/2025,22/5/2025
502344,103517,23/4/2025,13/7/2025
502345,103507,23/4/2025,
502346,103516,23/4/2025,21/5/2025
502347,103509,23/4/2025,
502348,103510,23/4/2025,18/5/2025
502349,103512,23/4/2025,30/4/2025
502350,103515,23/4/2025,5/9/2025
502351,103514,23/4/2025,3/5/2025
502352,103501,23/4/2025,24/4/2025
502353,103508,23/4/2025,28/4/2025
502354,103499,23/4/2025,1/5/2025
502355,103486,23/4/2025,7/5/2025
502356,103495,23/4/2025,31/7/2025
502357,103497,23/4/2025,17/12/2025
502358,100575,23/4/2025,26/5/2025
502359,103479,23/4/2025,5/8/2025
502360,103482,23/4/2025,4/7/2025
502361,103483,23/4/2025,9/6/2025
502362,103481,23/4/2025,12/8/2025
502363,103488,23/4/2025,7/6/2025
502364,103490,23/4/2025,24/4/2025
502365,103491,23/4/2025,24/4/2025
502366,103493,23/4/2025,2/5/2025
502367,103494,23/4/2025,28/2/2026
502368,103485,23/4/2025,16/6/2025
502369,103552,24/4/2025,1/9/2025
502370,103545,24/4/2025,15/5/2025
502371,103546,24/4/2025,27/4/2025
502372,103547,24/4/2025,12/5/2025
502373,103549,24/4/2025,9/5/2025
502374,103551,24/4/2025,14/6/2025
502375,103554,24/4/2025,4/5/2025
502376,103564,24/4/2025,27/5/2025
502377,103558,24/4/2025,10/7/2026
502378,103559,24/4/2025,11/12/2025
502379,103560,24/4/2025,23/5/2025
502380,103561,24/4/2025,2/5/2025
502381,103544,24/4/2025,26/12/2025
502382,103563,24/4/2025,28/4/2025
502383,103556,24/4/2025,31/5/2025
502384,103542,24/4/2025,22/6/2025
502385,103550,24/4/2025,2/5/2025
502386,103538,24/4/2025,21/10/2025
502387,101915,24/4/2025,9/8/2025
502388,103519,24/4/2025,20/5/2025
502389,103521,24/4/2025,8/5/2025
502390,103522,24/4/2025,18/5/2025
502391,103525,24/4/2025,23/9/2025
502392,103526,24/4/2025,27/4/2025
502393,103523,24/4/2025,28/4/2025
502394,103528,24/4/2025,25/5/2025
502395,103540,24/4/2025,18/8/2025
502396,103530,24/4/2025,28/6/2025
502397,103532,24/4/2025,20/10/2025
502398,103534,24/4/2025,2/6/2026
502399,103536,24/4/2025,17/5/2025
502400,103527,24/4/2025,7/5/2025
502401,103594,25/4/2025,10/12/2025
502402,103586,25/4/2025,5/5/2025
502403,103588,25/4/2025,
502404,103590,25/4/2025,31/5/2025
502405,103592,25/4/2025,26/4/2025
502406,103596,25/4/2025,8/6/2025
502407,103604,25/4/2025,28/12/2025
502408,103599,25/4/2025,4/6/2025
502409,103601,25/4/2025,18/6/2025
502410,103602,25/4/2025,5/10/2025
502411,103603,25/4/2025,31/5/2025
502412,103584,25/4/2025,26/4/2025
502413,103597,25/4/2025,26/4/2025
502414,103583,25/4/2025,29/4/2025
502415,103582,25/4/2025,30/4/2025
502416,103580,25/4/2025,27/4/2025
502417,100750,25/4/2025,29/4/2025
502418,103565,25/4/2025,4/5/2025
502419,103566,25/4/2025,2/5/2025
502420,103569,25/4/2025,7/7/2026
502421,103571,25/4/2025,31/5/2025
502422,103567,25/4/2025,29/5/2025
502423,103573,25/4/2025,3/5/2025
502424,103574,25/4/2025,
502425,103576,25/4/2025,26/4/2025
502426,103577,25/4/2025,5/6/2025
502427,103579,25/4/2025,
502428,103572,25/4/2025,3/5/2025
502429,103636,26/4/2025,1/5/2025
502430,103629,26/4/2025,18/5/2025
502431,103631,26/4/2025,15/10/2025
502432,103632,26/4/2025,28/10/2025
502433,103634,26/4/2025,3/5/2025
502434,103635,26/4/2025,28/7/2025
502435,103637,26/4/2025,15/9/2025
502436,103646,26/4/2025,28/4/2025
502437,103639,26/4/2025,1/5/2025
502438,103640,26/4/2025,27/10/2025
502439,103642,26/4/2025,27/4/2025
502440,103643,26/4/2025,8/7/2025
502441,103644,26/4/2025,
502442,103627,26/4/2025,12/6/2025
502443,103647,26/4/2025,17/5/2025
502444,103638,26/4/2025,25/5/2025
502445,103626,26/4/2025,20/6/2025
502446,103641,26/4/2025,16/5/2025
502447,103624,26/4/2025,28/4/2025
502448,103625,26/4/2025,28/4/2025
502449,103608,26/4/2025,9/7/2025
502450,103609,26/4/2025,2/5/2025
502451,103610,26/4/2025,3/10/2025
502452,103612,26/4/2025,5/5/2025
502453,103614,26/4/2025,6/5/2025
502454,103606,26/4/2025,19/5/2025
502455,103617,26/4/2025,2/6/2025
502456,103618,26/4/2025,27/1/2026
502457,103619,26/4/2025,15/5/2025
502458,103620,26/4/2025,14/5/2025
502459,103622,26/4/2025,29/4/2025
502460,103623,26/4/2025,30/4/2026
502461,103615,26/4/2025,12/5/2025
502462,103672,27/4/2025,11/9/2025
502463,103673,27/4/2025,9/5/2025
502464,103675,27/4/2025,19/2/2026
502465,103677,27/4/2025,21/9/2025
502466,103678,27/4/2025,14/6/2025
502467,103680,27/4/2025,29/5/2025
502468,103685,27/4/2025,2/5/2025
502469,103683,27/4/2025,30/6/2025
502470,103684,27/4/2025,
502471,103688,27/4/2025,11/11/2025
502472,103690,27/4/2025,4/5/2025
502473,103671,27/4/2025,5/5/2025
502474,103691,27/4/2025,3/5/2025
502475,103682,27/4/2025,10/6/2025
502476,103669,27/4/2025,12/5/2025
502477,103686,27/4/2025,30/4/2025
502478,103665,27/4/2025,29/4/2025
502479,103667,27/4/2025,7/5/2025
502480,100977,27/4/2025,28/6/2025
502481,103649,27/4/2025,30/7/2025
502482,103650,27/4/2025,28/4/2025
502483,103652,27/4/2025,13/9/2025
502484,103654,27/4/2025,7/1/2026
502485,103651,27/4/2025,18/12/2025
502486,103657,27/4/2025,28/4/2025
502487,103658,27/4/2025,3/10/2025
502488,103660,27/4/2025,13/5/2025
502489,103661,27/4/2025,27/2/2026
502490,103663,27/4/2025,18/4/2026
502491,103655,27/4/2025,30/4/2025
502492,103721,28/4/2025,25/5/2025
502493,103716,28/4/2025,6/12/2025
502494,103717,28/4/2025,28/7/2025
502495,103718,28/4/2025,11/12/2025
502496,103719,28/4/2025,22/4/2026
502497,103723,28/4/2025,26/10/2025
502498,103732,28/4/2025,30/4/2025
502499,103725,28/4/2025,20/6/2025
502500,103727,28/4/2025,16/5/2025
502501,103728,28/4/2025,2/5/2025
502502,103730,28/4/2025,17/6/2025
502503,103715,28/4/2025,27/1/2026
502504,103734,28/4/2025,15/5/2026
502505,103724,28/4/2025,27/7/2025
502506,103714,28/4/2025,3/5/2025
502507,103708,28/4/2025,29/4/2025
502508,103710,28/4/2025,
502509,101179,28/4/2025,10/7/2025
502510,103712,28/4/2025,28/5/2025
502511,103695,28/4/2025,4/10/2025
502512,103696,28/4/2025,21/9/2025
502513,103697,28/4/2025,3/6/2025
502514,103699,28/4/2025,5/8/2025
502515,103693,28/4/2025,28/6/2026
502516,103702,28/4/2025,2/10/2025
502517,103703,28/4/2025,26/6/2025
502518,103705,28/4/2025,15/5/2025
502519,103706,28/4/2025,3/5/2025
502520,103707,28/4/2025,8/7/2025
502521,103700,28/4/2025,29/4/2025
502522,103754,29/4/2025,17/5/2025
502523,103767,29/4/2025,23/5/2025
502524,103765,29/4/2025,3/5/2025
502525,103763,29/4/2025,4/5/2025
502526,103762,29/4/2025,2/8/2025
502527,103761,29/4/2025,1/6/2025
502528,103759,29/4/2025,30/4/2025
502529,103757,29/4/2025,2/7/2025
502530,103756,29/4/2025,10/7/2025
502531,103752,29/4/2025,15/5/2025
502532,103750,29/4/2025,14/5/2025
502533,103736,29/4/2025,1/5/2025
502534,103749,29/4/2025,1/6/2025
502535,103747,29/4/2025,11/5/2025
502536,103746,29/4/2025,12/11/2025
502537,103745,29/4/2025,1/5/2025
502538,103743,29/4/2025,21/5/2025
502539,103742,29/4/2025,1/5/2025
502540,103740,29/4/2025,3/5/2025
502541,103738,29/4/2025,
502542,103751,29/4/2025,30/4/2025
502543,103784,30/4/2025,1/5/2025
502544,103786,30/4/2025,9/6/2025
502545,103787,30/4/2025,26/6/2025
502546,103795,30/4/2025,25/5/2025
502547,103790,30/4/2025,6/5/2025
502548,103791,30/4/2025,12/7/2025
502549,103783,30/4/2025,2/10/2025
502550,103788,30/4/2025,7/11/2025
502551,103781,30/4/2025,10/5/2025
502552,103793,30/4/2025,13/5/2025
502553,103777,30/4/2025,16/7/2025
502554,103776,30/4/2025,13/5/2025
502555,103774,30/4/2025,18/5/2025
502556,103773,30/4/2025,27/12/2025
502557,103772,30/4/2025,3/5/2025
502558,103771,30/4/2025,11/5/2025
502559,103770,30/4/2025,21/6/2025
502560,103769,30/4/2025,2/5/2025
502561,103779,30/4/2025,9/6/2025
502562,103815,1/5/2025,24/7/2025
502563,103817,1/5/2025,9/6/2025
502564,103819,1/5/2025,8/6/2025
502565,103821,1/5/2025,7/5/2025
502566,103827,1/5/2025,6/5/2025
502567,103823,1/5/2025,14/5/2025
502568,103825,1/5/2025,
502569,103813,1/5/2025,30/5/2025
502570,103829,1/5/2025,16/5/2025
502571,103830,1/5/2025,
502572,103822,1/5/2025,26/12/2025
502573,103812,1/5/2025,10/5/2025
502574,103805,1/5/2025,13/5/2025
502575,103808,1/5/2025,31/5/2025
502576,103807,1/5/2025,9/7/2025
502577,103803,1/5/2025,2/5/2025
502578,103802,1/5/2025,6/5/2025
502579,103800,1/5/2025,7/5/2025
502580,103799,1/5/2025,8/6/2025
502581,103797,1/5/2025,21/7/2025
502582,101327,1/5/2025,
502583,100274,1/5/2025,17/7/2025
502584,103831,1/5/2025,17/5/2026
502585,103810,1/5/2025,10/11/2025
502586,103833,1/5/2025,19/7/2025
502587,103859,2/5/2025,16/8/2025
502588,103863,2/5/2025,
502589,103855,2/5/2025,11/5/2025
502590,103860,2/5/2025,15/1/2026
502591,103867,2/5/2025,
502592,103865,2/5/2025,11/8/2025
502593,103854,2/5/2025,
502594,103861,2/5/2025,26/5/2025
502595,103852,2/5/2025,21/6/2025
502596,103857,2/5/2025,16/5/2025
502597,103849,2/5/2025,29/6/2025
502598,103847,2/5/2025,6/8/2025
502599,103845,2/5/2025,8/5/2025
502600,103843,2/5/2025,8/1/2026
502601,103841,2/5/2025,16/9/2025
502602,103839,2/5/2025,13/6/2025
502603,103837,2/5/2025,8/5/2025
502604,103835,2/5/2025,3/5/2025
502605,103851,2/5/2025,20/5/2025
502606,103892,3/5/2025,25/5/2025
502607,103894,3/5/2025,
502608,103895,3/5/2025,23/10/2025
502609,103896,3/5/2025,16/5/2025
502610,103898,3/5/2025,21/6/2025
502611,103905,3/5/2025,6/6/2025
502612,103901,3/5/2025,3/2/2026
502613,103902,3/5/2025,18/6/2025
502614,103904,3/5/2025,16/8/2025
502615,103890,3/5/2025,22/8/2025
502616,103907,3/5/2025,5/6/2025
502617,103899,3/5/2025,9/6/2025
502618,103888,3/5/2025,21/5/2025
502619,103906,3/5/2025,25/6/2025
502620,103884,3/5/2025,
502621,103886,3/5/2025,8/5/2025
502622,101937,3/5/2025,17/5/2025
502623,103868,3/5/2025,25/9/2025
502624,103870,3/5/2025,19/5/2025
502625,103872,3/5/2025,23/5/2025
502626,103874,3/5/2025,10/5/2025
502627,103871,3/5/2025,18/8/2025
502628,103878,3/5/2025,8/6/2025
502629,103879,3/5/2025,11/9/2025
502630,103881,3/5/2025,10/5/2025
502631,103882,3/5/2025,8/5/2025
502632,103883,3/5/2025,
502633,103876,3/5/2025,26/6/2025
502634,103934,4/5/2025,4/6/2025
502635,103929,4/5/2025,16/5/2025
502636,103930,4/5/2025,10/12/2025
502637,103932,4/5/2025,17/6/2025
502638,103935,4/5/2025,5/9/2025
502639,103945,4/5/2025,
502640,103938,4/5/2025,18/5/2025
502641,103939,4/5/2025,5/5/2025
502642,103941,4/5/2025,20/5/2025
502643,103943,4/5/2025,11/5/2025
502644,103944,4/5/2025,22/5/2025
502645,103928,4/5/2025,
502646,103936,4/5/2025,20/6/2025
502647,103926,4/5/2025,18/5/2025
502648,103918,4/5/2025,5/5/2025
502649,103924,4/5/2025,10/5/2025
502650,103909,4/5/2025,28/2/2026
502651,103925,4/5/2025,17/7/2025
502652,103912,4/5/2025,5/2/2026
502653,103913,4/5/2025,6/5/2025
502654,103914,4/5/2025,8/6/2025
502655,103910,4/5/2025,19/7/2025
502656,103917,4/5/2025,16/7/2025
502657,103919,4/5/2025,6/5/2025
502658,103921,4/5/2025,7/5/2025
502659,103923,4/5/2025,8/7/2025
502660,103915,4/5/2025,27/5/2025
502661,103971,5/5/2025,15/5/2025
502662,103970,5/5/2025,16/1/2026
502663,103978,5/5/2025,5/6/2026
502664,103972,5/5/2025,26/9/2025
502665,103974,5/5/2025,21/11/2025
502666,103976,5/5/2025,3/10/2025
502667,103980,5/5/2025,26/11/2025
502668,103967,5/5/2025,
502669,103982,5/5/2025,21/6/2025
502670,103984,5/5/2025,18/5/2025
502671,103985,5/5/2025,14/6/2025
502672,103987,5/5/2025,17/7/2025
502673,103988,5/5/2025,2/10/2025
502674,103990,5/5/2025,22/8/2025
502675,103981,5/5/2025,13/10/2025
502676,103966,5/5/2025,15/7/2025
502677,103968,5/5/2025,21/5/2025
502678,103962,5/5/2025,2/6/2025
502679,103946,5/5/2025,2/6/2025
502680,103949,5/5/2025,29/11/2025
502681,103950,5/5/2025,13/5/2026
502682,103951,5/5/2025,11/5/2025
502683,103952,5/5/2025,26/9/2025
502684,103953,5/5/2025,28/5/2025
502685,103948,5/5/2025,10/5/2025
502686,103955,5/5/2025,18/11/2025
502687,103957,5/5/2025,6/5/2025
502688,103959,5/5/2025,2/10/2025
502689,103961,5/5/2025,22/6/2025
502690,103964,5/5/2025,6/8/2025
502691,103954,5/5/2025,27/5/2025
502692,104011,6/5/2025,29/7/2025
502693,104013,6/5/2025,14/7/2025
502694,104015,6/5/2025,7/6/2025
502695,104017,6/5/2025,8/5/2025
502696,104018,6/5/2025,20/10/2025
502697,104021,6/5/2025,12/5/2025
502698,104020,6/5/2025,25/5/2025
502699,104023,6/5/2025,23/5/2025
502700,104024,6/5/2025,21/5/2025
502701,104010,6/5/2025,28/5/2025
502702,104019,6/5/2025,1/6/2025
502703,104008,6/5/2025,12/6/2025
502704,104006,6/5/2025,25/5/2026
502705,104004,6/5/2025,4/6/2025
502706,101989,6/5/2025,31/5/2025
502707,100766,6/5/2025,8/5/2025
502708,103992,6/5/2025,6/6/2025
502709,103994,6/5/2025,5/6/2025
502710,100722,6/5/2025,28/9/2025
502711,103998,6/5/2025,9/6/2025
502712,104000,6/5/2025,24/6/2025
502713,104001,6/5/2025,22/1/2026
502714,104002,6/5/2025,10/12/2025
502715,103996,6/5/2025,12/7/2025
502716,104060,7/5/2025,17/9/2025
502717,104053,7/5/2025,9/6/2025
502718,104054,7/5/2025,
502719,104056,7/5/2025,15/1/2026
502720,104058,7/5/2025,5/6/2025
502721,104061,7/5/2025,28/5/2025
502722,104068,7/5/2025,9/5/2025
502723,104063,7/5/2025,
502724,104064,7/5/2025,15/5/2025
502725,104065,7/5/2025,29/5/2025
502726,104067,7/5/2025,8/5/2025
502727,104052,7/5/2025,15/5/2025
502728,104070,7/5/2025,13/1/2026
502729,104062,7/5/2025,17/5/2025
502730,104051,7/5/2025,8/12/2025
502731,104028,7/5/2025,10/6/2025
502732,104047,7/5/2025,10/5/2025
502733,104049,7/5/2025,26/7/2025
502734,104026,7/5/2025,13/5/2025
502735,104030,7/5/2025,24/5/2025
502736,104034,7/5/2025,6/9/2025
502737,104036,7/5/2025,4/11/2025
502738,104032,7/5/2025,18/8/2025
502739,104040,7/5/2025,30/7/2025
502740,104041,7/5/2025,14/12/2025
502741,104042,7/5/2025,20/5/2025
502742,104044,7/5/2025,30/5/2025
502743,104046,7/5/2025,12/3/2026
502744,104038,7/5/2025,28/5/2025
502745,104101,8/5/2025,20/5/2025
502746,104094,8/5/2025,29/5/2025
502747,104095,8/5/2025,22/7/2025
502748,104097,8/5/2025,27/5/2025
502749,104099,8/5/2025,29/8/2025
502750,104103,8/5/2025,3/7/2025
502751,104114,8/5/2025,27/6/2025
502752,104106,8/5/2025,10/8/2025
502753,104108,8/5/2025,
502754,104110,8/5/2025,14/5/2025
502755,104112,8/5/2025,22/6/2025
502756,104092,8/5/2025,29/7/2025
502757,104105,8/5/2025,18/5/2025
502758,104091,8/5/2025,21/5/2025
502759,104071,8/5/2025,7/6/2025
502760,104088,8/5/2025,
502761,104073,8/5/2025,28/8/2025
502762,104075,8/5/2025,4/6/2025
502763,104076,8/5/2025,20/5/2025
502764,104078,8/5/2025,15/5/2025
502765,104079,8/5/2025,7/6/2025
502766,100586,8/5/2025,
502767,104081,8/5/2025,8/6/2025
502768,104080,8/5/2025,12/5/2025
502769,104087,8/5/2025,26/5/2025
502770,104090,8/5/2025,2/6/2025
502771,104083,8/5/2025,24/5/2025
502772,104082,8/5/2025,19/5/2025
502773,104085,8/5/2025,17/5/2025
502774,104148,9/5/2025,15/9/2025
502775,104134,9/5/2025,19/5/2025
502776,104147,9/5/2025,15/5/2025
502777,104146,9/5/2025,30/8/2025
502778,104143,9/5/2025,10/6/2025
502779,104141,9/5/2025,26/5/2025
502780,104140,9/5/2025,16/9/2025
502781,104139,9/5/2025,24/5/2025
502782,104138,9/5/2025,25/8/2025
502783,104137,9/5/2025,12/5/2025
502784,104136,9/5/2025,19/9/2025
502785,104135,9/5/2025,14/9/2025
502786,104144,9/5/2025,5/8/2025
502787,104133,9/5/2025,24/8/2025
502788,104130,9/5/2025,10/5/2025
502789,104131,9/5/2025,12/5/2025
502790,100719,9/5/2025,18/5/2025
502791,104117,9/5/2025,27/11/2025
502792,104119,9/5/2025,30/5/2025
502793,104120,9/5/2025,31/5/2025
502794,104115,9/5/2025,12/5/2025
502795,104124,9/5/2025,7/8/2025
502796,104126,9/5/2025,26/6/2025
502797,104128,9/5/2025,17/5/2025
502798,104129,9/5/2025,7/6/2025
502799,104122,9/5/2025,4/6/2026
502800,104187,10/5/2025,19/12/2025
502801,104178,10/5/2025,8/1/2026
502802,104180,10/5/2025,8/6/2025
502803,104182,10/5/2025,14/6/2025
502804,104184,10/5/2025,20/5/2025
502805,104186,10/5/2025,19/5/2025
502806,104201,10/5/2025,27/10/2025
502807,104199,10/5/2025,16/5/2025
502808,104192,10/5/2025,18/8/2025
502809,104194,10/5/2025,13/7/2025
502810,104196,10/5/2025,2/11/2025
502811,104198,10/5/2025,13/5/2025
502812,104177,10/5/2025,9/6/2025
502813,104200,10/5/2025,12/4/2026
502814,104191,10/5/2025,15/5/2025
502815,104176,10/5/2025,25/10/2025
502816,104189,10/5/2025,21/5/2025
502817,104173,10/5/2025,22/9/2025
502818,104149,10/5/2025,20/5/2025
502819,104150,10/5/2025,12/5/2025
502820,104152,10/5/2025,25/10/2025
502821,104153,10/5/2025,16/5/2025
502822,104155,10/5/2025,3/6/2025
502823,104157,10/5/2025,11/5/2025
502824,104159,10/5/2025,14/7/2025
502825,104175,10/5/2025,26/5/2025
502826,104163,10/5/2025,4/6/2025
502827,104165,10/5/2025,14/5/2025
502828,104167,10/5/2025,13/8/2025
502829,104168,10/5/2025,12/5/2025
502830,104170,10/5/2025,
502831,104171,10/5/2025,23/10/2025
502832,104161,10/5/2025,20/8/2025
502833,104230,11/5/2025,12/2/2026
502834,104231,11/5/2025,3/11/2025
502835,104234,11/5/2025,6/8/2025
502836,104235,11/5/2025,21/6/2025
502837,104236,11/5/2025,27/8/2025
502838,104237,11/5/2025,22/8/2025
502839,104239,11/5/2025,21/5/2025
502840,104243,11/5/2025,3/11/2025
502841,104242,11/5/2025,5/7/2025
502842,104245,11/5/2025,16/5/2025
502843,104246,11/5/2025,17/9/2025
502844,104248,11/5/2025,28/5/2025
502845,104250,11/5/2025,14/6/2025
502846,104229,11/5/2025,16/6/2025
502847,104240,11/5/2025,23/8/2025
502848,104227,11/5/2025,23/7/2025
502849,104232,11/5/2025,19/4/2026
502850,104224,11/5/2025,
502851,104225,11/5/2025,28/6/2025
502852,100657,11/5/2025,
502853,104202,11/5/2025,12/5/2025
502854,104204,11/5/2025,23/3/2026
502855,104207,11/5/2025,30/5/2025
502856,104209,11/5/2025,16/7/2025
502857,104211,11/5/2025,25/5/2025
502858,104205,11/5/2025,8/7/2025
502859,104215,11/5/2025,29/11/2025
502860,104216,11/5/2025,22/6/2025
502861,104218,11/5/2025,25/6/2025
502862,101485,11/5/2025,21/5/2025
502863,104220,11/5/2025,7/7/2025
502864,104221,11/5/2025,14/5/2025
502865,104223,11/5/2025,16/5/2025
502866,104213,11/5/2025,16/5/2025
502867,104264,12/5/2025,12/6/2026
502868,104273,12/5/2025,16/1/2026
502869,104272,12/5/2025,11/8/2025
502870,104270,12/5/2025,4/6/2025
502871,104268,12/5/2025,6/7/2025
502872,104267,12/5/2025,4/6/2025
502873,104266,12/5/2025,13/6/2025
502874,104263,12/5/2025,4/9/2025
502875,104255,12/5/2025,9/11/2025
502876,104260,12/5/2025,26/5/2025
502877,104258,12/5/2025,22/5/2025
502878,104257,12/5/2025,3/9/2025
502879,104256,12/5/2025,8/6/2025
502880,104254,12/5/2025,3/9/2025
502881,104252,12/5/2025,16/5/2025
502882,104251,12/5/2025,17/7/2025
502883,104261,12/5/2025,16/5/2025
502884,104297,13/5/2025,23/5/2025
502885,104295,13/5/2025,13/6/2025
502886,104293,13/5/2025,26/10/2025
502887,104291,13/5/2025,15/5/2025
502888,104290,13/5/2025,28/6/2025
502889,104285,13/5/2025,27/5/2025
502890,104287,13/5/2025,12/8/2025
502891,104284,13/5/2025,29/8/2025
502892,104288,13/5/2025,19/5/2025
502893,104281,13/5/2025,7/6/2025
502894,104279,13/5/2025,14/7/2025
502895,104278,13/5/2025,19/8/2025
502896,104276,13/5/2025,15/7/2025
502897,104275,13/5/2025,10/8/2025
502898,104274,13/5/2025,11/5/2026
502899,104282,13/5/2025,30/5/2025
502900,104321,14/5/2025,19/6/2025
502901,104323,14/5/2025,6/7/2025
502902,104325,14/5/2025,11/6/2025
502903,104327,14/5/2025,27/5/2025
502904,104329,14/5/2025,22/5/2025
502905,104330,14/5/2025,17/2/2026
502906,104335,14/5/2025,24/9/2025
502907,104333,14/5/2025,9/7/2025
502908,104320,14/5/2025,15/5/2025
502909,104336,14/5/2025,18/5/2025
502910,104338,14/5/2025,22/5/2025
502911,104339,14/5/2025,30/8/2025
502912,104331,14/5/2025,8/7/2025
502913,104319,14/5/2025,2/6/2025
502914,104324,14/5/2025,3/8/2025
502915,104316,14/5/2025,30/6/2025
502916,104317,14/5/2025,20/5/2025
502917,104299,14/5/2025,
502918,104300,14/5/2025,15/6/2025
502919,104301,14/5/2025,24/5/2025
502920,104305,14/5/2025,19/3/2026
502921,104306,14/5/2025,25/6/2025
502922,104303,14/5/2025,
502923,104309,14/5/2025,20/1/2026
502924,104311,14/5/2025,20/8/2025
502925,104313,14/5/2025,6/9/2025
502926,104314,14/5/2025,30/6/2025
502927,104307,14/5/2025,18/5/2025
502928,104376,15/5/2025,30/1/2026
502929,104369,15/5/2025,18/5/2025
502930,104371,15/5/2025,9/8/2025
502931,104372,15/5/2025,16/7/2025
502932,104374,15/5/2025,
502933,104375,15/5/2025,25/7/2025
502934,104378,15/5/2025,19/4/2026
502935,104389,15/5/2025,17/10/2025
502936,104382,15/5/2025,23/9/2025
502937,104393,15/5/2025,22/5/2025
502938,104384,15/5/2025,26/5/2025
502939,104386,15/5/2025,20/10/2025
502940,104387,15/5/2025,25/5/2025
502941,104391,15/5/2025,2/11/2025
502942,104368,15/5/2025,19/7/2025
502943,104380,15/5/2025,
502944,104367,15/5/2025,18/5/2025
502945,104347,15/5/2025,25/5/2025
502946,104363,15/5/2025,21/12/2025
502947,104340,15/5/2025,19/9/2025
502948,104365,15/5/2025,17/11/2025
502949,104343,15/5/2025,1/8/2025
502950,104345,15/5/2025,21/8/2025
502951,104348,15/5/2025,20/6/2025
502952,104349,15/5/2025,17/5/2025
502953,104350,15/5/2025,29/8/2025
502954,104342,15/5/2025,17/5/2025
502955,104352,15/5/2025,2/9/2025
502956,104354,15/5/2025,
502957,104356,15/5/2025,17/5/2025
502958,104357,15/5/2025,17/5/2025
502959,104359,15/5/2025,16/5/2025
502960,104361,15/5/2025,3/7/2025
502961,104351,15/5/2025,28/5/2025
502962,104413,16/5/2025,25/5/2025
502963,104414,16/5/2025,14/9/2025
502964,104416,16/5/2025,24/5/2025
502965,104417,16/5/2025,10/6/2025
502966,104418,16/5/2025,6/7/2025
502967,104425,16/5/2025,31/5/2025
502968,104423,16/5/2025,5/6/2025
502969,104427,16/5/2025,21/8/2025
502970,104428,16/5/2025,15/7/2025
502971,104412,16/5/2025,5/7/2025
502972,104421,16/5/2025,14/10/2025
502973,104410,16/5/2025,
502974,104419,16/5/2025,22/5/2025
502975,104407,16/5/2025,2/6/2025
502976,102901,16/5/2025,8/11/2025
502977,104394,16/5/2025,6/6/2025
502978,104395,16/5/2025,14/8/2025
502979,104397,16/5/2025,12/9/2025
502980,104398,16/5/2025,12/7/2025
502981,104408,16/5/2025,31/5/2025
502982,104400,16/5/2025,23/5/2025
502983,104402,16/5/2025,24/6/2025
502984,104403,16/5/2025,19/5/2025
502985,104405,16/5/2025,22/5/2025
502986,104406,16/5/2025,
502987,104399,16/5/2025,17/5/2025
502988,104455,17/5/2025,30/5/2025
502989,104453,17/5/2025,22/5/2025
502990,104456,17/5/2025,12/6/2025
502991,104457,17/5/2025,23/5/2025
502992,104458,17/5/2025,26/6/2025
502993,104459,17/5/2025,13/6/2025
502994,104460,17/5/2025,6/5/2026
502995,104467,17/5/2025,24/12/2025
502996,104464,17/5/2025,2/7/2025
502997,104465,17/5/2025,30/5/2025
502998,104452,17/5/2025,1/6/2025
502999,104468,17/5/2025,23/6/2025
503000,104470,17/5/2025,1/8/2025
503001,104472,17/5/2025,23/5/2025
503002,104462,17/5/2025,7/1/2026
503003,104451,17/5/2025,1/8/2025
503004,104450,17/5/2025,28/5/2025
503005,104449,17/5/2025,6/6/2026
503006,104430,17/5/2025,22/5/2025
503007,104432,17/5/2025,6/7/2025
503008,104433,17/5/2025,6/6/2025
503009,104435,17/5/2025,15/3/2026
503010,104436,17/5/2025,2/8/2025
503011,104438,17/5/2025,3/6/2025
503012,104437,17/5/2025,27/8/2025
503013,104442,17/5/2025,10/6/2025
503014,104443,17/5/2025,18/6/2025
503015,104445,17/5/2025,26/9/2025
503016,104446,17/5/2025,25/5/2025
503017,104447,17/5/2025,16/8/2025
503018,104440,17/5/2025,18/9/2025
503019,104504,18/5/2025,21/5/2025
503020,104498,18/5/2025,24/5/2025
503021,104499,18/5/2025,14/6/2025
503022,104500,18/5/2025,8/8/2025
503023,104502,18/5/2025,27/9/2025
503024,104505,18/5/2025,14/1/2026
503025,104514,18/5/2025,3/8/2025
503026,104509,18/5/2025,17/6/2025
503027,104510,18/5/2025,25/5/2025
503028,104512,18/5/2025,29/7/2025
503029,104516,18/5/2025,6/6/2025
503030,104517,18/5/2025,22/3/2026
503031,104496,18/5/2025,12/8/2025
503032,104508,18/5/2025,20/8/2025
503033,104495,18/5/2025,1/8/2025
503034,104506,18/5/2025,5/8/2025
503035,104491,18/5/2025,19/5/2025
503036,104473,18/5/2025,2/6/2025
503037,104475,18/5/2025,
503038,104477,18/5/2025,21/5/2025
503039,104479,18/5/2025,5/6/2025
503040,104481,18/5/2025,1/6/2025
503041,104483,18/5/2025,14/6/2025
503042,104482,18/5/2025,26/8/2025
503043,104486,18/5/2025,25/2/2026
503044,104487,18/5/2025,27/7/2026
503045,104488,18/5/2025,3/7/2025
503046,104489,18/5/2025,22/5/2025
503047,104490,18/5/2025,21/5/2025
503048,104484,18/5/2025,14/8/2025
503049,104493,18/5/2025,
503050,104536,19/5/2025,30/5/2025
503051,104544,19/5/2025,31/5/2025
503052,104538,19/5/2025,4/6/2025
503053,104540,19/5/2025,16/3/2026
503054,104542,19/5/2025,21/5/2025
503055,104552,19/5/2025,9/6/2025
503056,104548,19/5/2025,23/5/2025
503057,104550,19/5/2025,27/7/2025
503058,104535,19/5/2025,11/11/2025
503059,101911,19/5/2025,4/3/2026
503060,104546,19/5/2025,11/1/2026
503061,104534,19/5/2025,14/6/2026
503062,104545,19/5/2025,30/5/2025
503063,104530,19/5/2025,2/1/2026
503064,104529,19/5/2025,7/6/2025
503065,104527,19/5/2025,30/11/2025
503066,104526,19/5/2025,18/7/2025
503067,104525,19/5/2025,26/11/2025
503068,104523,19/5/2025,19/6/2025
503069,104522,19/5/2025,7/9/2025
503070,104521,19/5/2025,24/7/2025
503071,104520,19/5/2025,26/6/2025
503072,104519,19/5/2025,6/6/2025
503073,104532,19/5/2025,27/6/2025
503074,104571,20/5/2025,14/9/2025
503075,104572,20/5/2025,13/6/2025
503076,104574,20/5/2025,22/7/2025
503077,104575,20/5/2025,27/6/2025
503078,104577,20/5/2025,23/5/2025
503079,104587,20/5/2025,31/5/2025
503080,104581,20/5/2025,
503081,104583,20/5/2025,6/12/2025
503082,104585,20/5/2025,25/5/2025
503083,104589,20/5/2025,8/9/2025
503084,104579,20/5/2025,24/7/2025
503085,104569,20/5/2025,29/6/2026
503086,104565,20/5/2025,18/6/2025
503087,104566,20/5/2025,11/10/2025
503088,101766,20/5/2025,14/9/2025
503089,104568,20/5/2025,30/6/2025
503090,104555,20/5/2025,31/5/2025
503091,104556,20/5/2025,8/6/2025
503092,104557,20/5/2025,8/9/2025
503093,104554,20/5/2025,23/5/2025
503094,104560,20/5/2025,10/11/2025
503095,104561,20/5/2025,4/6/2025
503096,104563,20/5/2025,29/7/2025
503097,104564,20/5/2025,29/5/2025
503098,104558,20/5/2025,23/5/2025
503099,104617,21/5/2025,31/5/2026
503100,104619,21/5/2025,13/6/2025
503101,104620,21/5/2025,23/6/2025
503102,104621,21/5/2025,
503103,104623,21/5/2025,27/5/2025
503104,104622,21/5/2025,27/6/2026
503105,104624,21/5/2025,15/6/2025
503106,104633,21/5/2025,13/6/2025
503107,104630,21/5/2025,26/5/2025
503108,104632,21/5/2025,15/6/2025
503109,104634,21/5/2025,3/9/2025
503110,104635,21/5/2025,9/8/2025
503111,104637,21/5/2025,9/11/2025
503112,104616,21/5/2025,16/5/2026
503113,104626,21/5/2025,16/6/2025
503114,104614,21/5/2025,6/8/2025
503115,104628,21/5/2025,10/6/2025
503116,104610,21/5/2025,24/5/2025
503117,104591,21/5/2025,8/6/2025
503118,104592,21/5/2025,22/5/2025
503119,104594,21/5/2025,23/11/2025
503120,104595,21/5/2025,23/5/2025
503121,104598,21/5/2025,4/6/2025
503122,104612,21/5/2025,11/8/2025
503123,104599,21/5/2025,10/9/2025
503124,104596,21/5/2025,5/4/2026
503125,104601,21/5/2025,10/12/2025
503126,104603,21/5/2025,21/11/2025
503127,104604,21/5/2025,30/5/2025
503128,104605,21/5/2025,24/5/2025
503129,104607,21/5/2025,6/7/2025
503130,104609,21/5/2025,
503131,104600,21/5/2025,14/9/2025
503132,104653,22/5/2025,30/11/2025
503133,104661,22/5/2025,2/6/2025
503134,104660,22/5/2025,3/6/2026
503135,104658,22/5/2025,31/10/2025
503136,104656,22/5/2025,6/7/2025
503137,104655,22/5/2025,25/6/2025
503138,104654,22/5/2025,28/5/2025
503139,104652,22/5/2025,30/5/2025
503140,104647,22/5/2025,20/7/2025
503141,104649,22/5/2025,6/7/2025
503142,104646,22/5/2025,26/5/2025
503143,104644,22/5/2025,5/9/2025
503144,104643,22/5/2025,29/5/2025
503145,104642,22/5/2025,29/8/2025
503146,104640,22/5/2025,27/6/2025
503147,104639,22/5/2025,26/5/2025
503148,104651,22/5/2025,28/6/2025
503149,104689,23/5/2025,22/6/2025
503150,104691,23/5/2025,19/8/2025
503151,104693,23/5/2025,17/6/2025
503152,104694,23/5/2025,17/8/2025
503153,104695,23/5/2025,3/6/2025
503154,104701,23/5/2025,11/7/2025
503155,104698,23/5/2025,2/10/2025
503156,104700,23/5/2025,31/5/2025
503157,104702,23/5/2025,7/7/2026
503158,104703,23/5/2025,14/11/2025
503159,104688,23/5/2025,25/7/2025
503160,104696,23/5/2025,7/6/2025
503161,104686,23/5/2025,27/5/2025
503162,104673,23/5/2025,11/6/2025
503163,104683,23/5/2025,31/8/2025
503164,104684,23/5/2025,30/5/2025
503165,104663,23/5/2025,12/5/2026
503166,104665,23/5/2025,23/8/2025
503167,104669,23/5/2025,20/6/2025
503168,104671,23/5/2025,
503169,104667,23/5/2025,18/6/2025
503170,104674,23/5/2025,28/5/2025
503171,104676,23/5/2025,31/8/2025
503172,104678,23/5/2025,3/6/2025
503173,104680,23/5/2025,23/9/2025
503174,104682,23/5/2025,1/9/2025
503175,104742,24/5/2025,22/6/2025
503176,104734,24/5/2025,1/6/2025
503177,104735,24/5/2025,29/5/2025
503178,104737,24/5/2025,8/4/2026
503179,104738,24/5/2025,19/6/2025
503180,104740,24/5/2025,7/6/2025
503181,104758,24/5/2025,7/9/2025
503182,104743,24/5/2025,15/7/2025
503183,104754,24/5/2025,17/10/2025
503184,104747,24/5/2025,8/6/2025
503185,104748,24/5/2025,
503186,104750,24/5/2025,5/8/2025
503187,104752,24/5/2025,26/5/2025
503188,104755,24/5/2025,7/6/2025
503189,104757,24/5/2025,7/7/2025
503190,104732,24/5/2025,25/9/2025
503191,104745,24/5/2025,24/9/2025
503192,104731,24/5/2025,11/7/2025
503193,104733,24/5/2025,3/6/2025
503194,104728,24/5/2025,31/5/2025
503195,104730,24/5/2025,16/1/2026
503196,104706,24/5/2025,15/6/2025
503197,104708,24/5/2025,16/6/2025
503198,104710,24/5/2025,11/11/2025
503199,104712,24/5/2025,1/6/2025
503200,104714,24/5/2025,26/5/2025
503201,104716,24/5/2025,6/8/2025
503202,104704,24/5/2025,25/5/2025
503203,104719,24/5/2025,12/2/2026
503204,104717,24/5/2025,27/5/2025
503205,104724,24/5/2025,19/6/2025
503206,104726,24/5/2025,20/7/2025
503207,104721,24/5/2025,10/6/2025
503208,104720,24/5/2025,14/7/2026
503209,104723,24/5/2025,11/9/2025
503210,104781,25/5/2025,27/5/2025
503211,104782,25/5/2025,
503212,104783,25/5/2025,30/12/2025
503213,104785,25/5/2025,15/6/2025
503214,104787,25/5/2025,29/5/2025
503215,104789,25/5/2025,4/6/2025
503216,104791,25/5/2025,10/6/2025
503217,104795,25/5/2025,14/6/2025
503218,104796,25/5/2025,25/6/2025
503219,104797,25/5/2025,30/8/2025
503220,104799,25/5/2025,6/7/2025
503221,104780,25/5/2025,7/10/2025
503222,104792,25/5/2025,16/8/2025
503223,104779,25/5/2025,13/6/2025
503224,104794,25/5/2025,
503225,104777,25/5/2025,6/8/2025
503226,104778,25/5/2025,28/5/2025
503227,104760,25/5/2025,2/7/2025
503228,104761,25/5/2025,26/5/2025
503229,104764,25/5/2025,3/10/2025
503230,104766,25/5/2025,4/6/2025
503231,104762,25/5/2025,17/11/2025
503232,104769,25/5/2025,18/8/2025
503233,104771,25/5/2025,1/6/2025
503234,104773,25/5/2025,28/6/2026
503235,104775,25/5/2025,28/5/2025
503236,104767,25/5/2025,3/6/2025
503237,104827,26/5/2025,23/10/2025
503238,104821,26/5/2025,29/6/2025
503239,104822,26/5/2025,27/5/2025
503240,104824,26/5/2025,2/6/2025
503241,104825,26/5/2025,16/6/2025
503242,104828,26/5/2025,10/6/2025
503243,104838,26/5/2025,15/9/2025
503244,104831,26/5/2025,22/7/2025
503245,104832,26/5/2025,3/6/2025
503246,104834,26/5/2025,27/8/2025
503247,104836,26/5/2025,16/7/2025
503248,104839,26/5/2025,28/5/2025
503249,104841,26/5/2025,30/6/2025
503250,104830,26/5/2025,30/6/2025
503251,104819,26/5/2025,29/5/2025
503252,104816,26/5/2025,10/6/2025
503253,104815,26/5/2025,
503254,104814,26/5/2025,29/9/2025
503255,104813,26/5/2025,30/5/2025
503256,104811,26/5/2025,10/6/2025
503257,104809,26/5/2025,1/7/2025
503258,104808,26/5/2025,28/5/2026
503259,104807,26/5/2025,
503260,104806,26/5/2025,1/3/2026
503261,104804,26/5/2025,26/8/2025
503262,104802,26/5/2025,27/5/2025
503263,104801,26/5/2025,14/6/2025
503264,104817,26/5/2025,20/6/2025
503265,104861,27/5/2025,6/10/2025
503266,104862,27/5/2025,6/10/2025
503267,104863,27/5/2025,1/8/2025
503268,104865,27/5/2025,28/5/2025
503269,104871,27/5/2025,18/6/2025
503270,104867,27/5/2025,24/6/2025
503271,104869,27/5/2025,10/6/2025
503272,104860,27/5/2025,10/7/2025
503273,104873,27/5/2025,24/12/2025
503274,104866,27/5/2025,3/5/2026
503275,104874,27/5/2025,13/7/2025
503276,104858,27/5/2025,29/5/2025
503277,104855,27/5/2025,20/6/2025
503278,104856,27/5/2025,5/6/2025
503279,102581,27/5/2025,6/7/2026
503280,104843,27/5/2025,14/8/2025
503281,104845,27/5/2025,28/5/2025
503282,104846,27/5/2025,12/6/2025
503283,102018,27/5/2025,6/7/2025
503284,104848,27/5/2025,2/6/2025
503285,104850,27/5/2025,15/6/2025
503286,104852,27/5/2025,30/5/2025
503287,104853,27/5/2025,
503288,104847,27/5/2025,4/6/2025
503289,104890,28/5/2025,31/7/2025
503290,104902,28/5/2025,6/6/2025
503291,104901,28/5/2025,29/5/2025
503292,104899,28/5/2025,17/7/2025
503293,104898,28/5/2025,14/8/2025
503294,104896,28/5/2025,7/6/2025
503295,104894,28/5/2025,15/6/2025
503296,104893,28/5/2025,30/6/2025
503297,104889,28/5/2025,19/12/2025
503298,104891,28/5/2025,16/7/2025
503299,104885,28/5/2025,6/8/2025
503300,104884,28/5/2025,25/6/2025
503301,104882,28/5/2025,14/6/2025
503302,104881,28/5/2025,29/5/2025
503303,104879,28/5/2025,2/6/2025
503304,104877,28/5/2025,3/2/2026
503305,104875,28/5/2025,8/9/2025
503306,100758,28/5/2025,8/8/2025
503307,104887,28/5/2025,27/6/2025
503308,104932,29/5/2025,29/10/2025
503309,104934,29/5/2025,14/6/2025
503310,104935,29/5/2025,8/6/2025
503311,104936,29/5/2025,9/6/2025
503312,104937,29/5/2025,18/6/2025
503313,104939,29/5/2025,1/6/2025
503314,104940,29/5/2025,3/6/2025
503315,104946,29/5/2025,25/7/2025
503316,104942,29/5/2025,2/6/2025
503317,104943,29/5/2025,14/6/2025
503318,104945,29/5/2025,16/9/2025
503319,104947,29/5/2025,20/7/2025
503320,104949,29/5/2025,6/7/2025
503321,104950,29/5/2025,8/2/2026
503322,104930,29/5/2025,1/2/2026
503323,104941,29/5/2025,13/6/2025
503324,104929,29/5/2025,25/6/2025
503325,104913,29/5/2025,2/6/2025
503326,104926,29/5/2025,28/7/2025
503327,104904,29/5/2025,4/6/2025
503328,104906,29/5/2025,1/7/2025
503329,104928,29/5/2025,18/8/2025
503330,104908,29/5/2025,11/7/2025
503331,104910,29/5/2025,15/7/2025
503332,104912,29/5/2025,13/7/2025
503333,104915,29/5/2025,3/9/2025
503334,104907,29/5/2025,4/6/2025
503335,104917,29/5/2025,5/6/2025
503336,104919,29/5/2025,4/6/2025
503337,104921,29/5/2025,20/7/2025
503338,104922,29/5/2025,4/10/2025
503339,104924,29/5/2025,4/6/2025
503340,104925,29/5/2025,19/7/2025
503341,104916,29/5/2025,10/6/2025
503342,104970,30/5/2025,31/5/2025
503343,104972,30/5/2025,11/7/2025
503344,104973,30/5/2025,16/6/2025
503345,104974,30/5/2025,1/6/2025
503346,104976,30/5/2025,1/6/2025
503347,104984,30/5/2025,7/6/2025
503348,104980,30/5/2025,13/1/2026
503349,104982,30/5/2025,
503350,104985,30/5/2025,4/6/2025
503351,104978,30/5/2025,11/7/2025
503352,104968,30/5/2025,22/1/2026
503353,104955,30/5/2025,26/7/2025
503354,104966,30/5/2025,30/6/2025
503355,104964,30/5/2025,12/6/2025
503356,104962,30/5/2025,13/8/2025
503357,104960,30/5/2025,2/6/2025
503358,104959,30/5/2025,7/2/2026
503359,104957,30/5/2025,3/2/2026
503360,104956,30/5/2025,27/6/2025
503361,104953,30/5/2025,30/6/2026
503362,104951,30/5/2025,4/11/2025
503363,104967,30/5/2025,17/6/2025
503364,105012,31/5/2025,20/6/2025
503365,105015,31/5/2025,17/5/2026
503366,105016,31/5/2025,21/6/2025
503367,105017,31/5/2025,18/6/2025
503368,105018,31/5/2025,10/7/2025
503369,105019,31/5/2025,23/11/2025
503370,105023,31/5/2025,20/9/2025
503371,105021,31/5/2025,11/7/2025
503372,105022,31/5/2025,19/6/2025
503373,105010,31/5/2025,14/6/2025
503374,105024,31/5/2025,27/6/2025
503375,105026,31/5/2025,26/7/2025
503376,105027,31/5/2025,26/7/2025
503377,105020,31/5/2025,6/8/2025
503378,105009,31/5/2025,2/7/2025
503379,105014,31/5/2025,4/9/2025
503380,105005,31/5/2025,8/6/2025
503381,105007,31/5/2025,15/6/2025
503382,104986,31/5/2025,7/9/2025
503383,104987,31/5/2025,25/6/2025
503384,104989,31/5/2025,17/6/2025
503385,104993,31/5/2025,6/6/2025
503386,104994,31/5/2025,28/6/2025
503387,104991,31/5/2025,
503388,104998,31/5/2025,27/12/2025
503389,104999,31/5/2025,4/1/2026
503390,105001,31/5/2025,20/6/2025
503391,105002,31/5/2025,25/9/2025
503392,105003,31/5/2025,2/7/2025
503393,105004,31/5/2025,9/6/2025
503394,104996,31/5/2025,8/6/2025
503395,105067,1/6/2025,3/6/2025
503396,105060,1/6/2025,21/8/2025
503397,105061,1/6/2025,17/8/2025
503398,105062,1/6/2025,16/6/2025
503399,105064,1/6/2025,6/7/2025
503400,105065,1/6/2025,17/6/2025
503401,105069,1/6/2025,17/10/2025
503402,105084,1/6/2025,16/7/2025
503403,105072,1/6/2025,3/8/2025
503404,105074,1/6/2025,22/8/2025
503405,105076,1/6/2025,6/10/2025
503406,105078,1/6/2025,5/1/2026
503407,105079,1/6/2025,27/6/2025
503408,105080,1/6/2025,14/7/2025
503409,105058,1/6/2025,11/6/2025
503410,105070,1/6/2025,24/6/2025
503411,105056,1/6/2025,8/7/2025
503412,105082,1/6/2025,21/2/2026
503413,105052,1/6/2025,6/6/2025
503414,105054,1/6/2025,20/6/2025
503415,105029,1/6/2025,30/6/2025
503416,105032,1/6/2025,17/9/2025
503417,105034,1/6/2025,18/6/2025
503418,105036,1/6/2025,18/7/2025
503419,105037,1/6/2025,17/9/2025
503420,105038,1/6/2025,26/7/2025
503421,105031,1/6/2025,5/7/2025
503422,105041,1/6/2025,23/2/2026
503423,105042,1/6/2025,26/6/2025
503424,105043,1/6/2025,6/6/2025
503425,105045,1/6/2025,2/8/2025
503426,105046,1/6/2025,27/6/2025
503427,105048,1/6/2025,23/6/2025
503428,105050,1/6/2025,19/9/2025
503429,105040,1/6/2025,5/6/2025
503430,105103,2/6/2025,12/6/2025
503431,105104,2/6/2025,11/6/2025
503432,105105,2/6/2025,13/7/2025
503433,105107,2/6/2025,14/6/2025
503434,105109,2/6/2025,15/8/2025
503435,105115,2/6/2025,3/9/2025
503436,105112,2/6/2025,
503437,105113,2/6/2025,5/6/2025
503438,105116,2/6/2025,17/6/2025
503439,105120,2/6/2025,17/7/2025
503440,105102,2/6/2025,26/10/2025
503441,105111,2/6/2025,22/7/2025
503442,105101,2/6/2025,28/6/2026
503443,105118,2/6/2025,7/6/2025
503444,105099,2/6/2025,12/1/2026
503445,105100,2/6/2025,12/6/2025
503446,105085,2/6/2025,4/9/2025
503447,105087,2/6/2025,14/6/2025
503448,105088,2/6/2025,8/6/2025
503449,105089,2/6/2025,7/7/2025
503450,101288,2/6/2025,12/1/2026
503451,105091,2/6/2025,5/6/2025
503452,105092,2/6/2025,4/10/2025
503453,105093,2/6/2025,12/10/2025
503454,105095,2/6/2025,22/6/2025
503455,105097,2/6/2025,21/6/2025
503456,105090,2/6/2025,6/1/2026
503457,105141,3/6/2025,29/8/2025
503458,105143,3/6/2025,27/7/2025
503459,105145,3/6/2025,30/6/2025
503460,105147,3/6/2025,15/6/2025
503461,105149,3/6/2025,8/6/2025
503462,105153,3/6/2025,2/9/2025
503463,105152,3/6/2025,
503464,105155,3/6/2025,14/11/2025
503465,105156,3/6/2025,1/8/2025
503466,105157,3/6/2025,25/6/2025
503467,105158,3/6/2025,1/10/2025
503468,105151,3/6/2025,5/9/2025
503469,105137,3/6/2025,26/7/2025
503470,105139,3/6/2025,22/8/2025
503471,105135,3/6/2025,23/12/2025
503472,105136,3/6/2025,12/11/2025
503473,102965,3/6/2025,4/6/2025
503474,105121,3/6/2025,4/6/2025
503475,105123,3/6/2025,27/7/2025
503476,105124,3/6/2025,21/6/2025
503477,105122,3/6/2025,5/6/2025
503478,105126,3/6/2025,5/6/2025
503479,105128,3/6/2025,16/6/2025
503480,105129,3/6/2025,14/6/2025
503481,105131,3/6/2025,21/7/2025
503482,105133,3/6/2025,
503483,105125,3/6/2025,28/7/2025
503484,105192,4/6/2025,24/6/2025
503485,105206,4/6/2025,11/7/2025
503486,105188,4/6/2025,12/8/2025
503487,105189,4/6/2025,28/8/2025
503488,105191,4/6/2025,7/8/2025
503489,105194,4/6/2025,16/6/2025
503490,105204,4/6/2025,10/7/2025
503491,105196,4/6/2025,16/7/2025
503492,105197,4/6/2025,30/10/2025
503493,105199,4/6/2025,2/7/2025
503494,105201,4/6/2025,27/7/2025
503495,105203,4/6/2025,28/6/2025
503496,105186,4/6/2025,23/8/2025
503497,105195,4/6/2025,10/8/2025
503498,105184,4/6/2025,
503499,105179,4/6/2025,6/7/2025
503500,105181,4/6/2025,5/6/2025
503501,105183,4/6/2025,11/6/2025
503502,105161,4/6/2025,9/6/2025
503503,105163,4/6/2025,28/11/2025
503504,105164,4/6/2025,28/6/2025
503505,105165,4/6/2025,27/6/2025
503506,105167,4/6/2025,8/7/2025
503507,105160,4/6/2025,28/4/2026
503508,105170,4/6/2025,12/7/2025
503509,105172,4/6/2025,
503510,105174,4/6/2025,
503511,105176,4/6/2025,1/7/2025
503512,105177,4/6/2025,19/7/2025
503513,105169,4/6/2025,5/6/2025
503514,105230,5/6/2025,25/11/2025
503515,105231,5/6/2025,19/6/2025
503516,105233,5/6/2025,22/7/2025
503517,105235,5/6/2025,
503518,105237,5/6/2025,25/6/2025
503519,105242,5/6/2025,22/7/2025
503520,105240,5/6/2025,19/8/2025
503521,105244,5/6/2025,24/2/2026
503522,105245,5/6/2025,18/6/2025
503523,105229,5/6/2025,16/6/2026
503524,105238,5/6/2025,14/6/2025
503525,105227,5/6/2025,30/8/2025
503526,105225,5/6/2025,6/9/2025
503527,105224,5/6/2025,19/11/2025
503528,105207,5/6/2025,8/1/2026
503529,105209,5/6/2025,
503530,105212,5/6/2025,12/6/2025
503531,105213,5/6/2025,6/3/2026
503532,105211,5/6/2025,7/6/2025
503533,105217,5/6/2025,15/9/2025
503534,105219,5/6/2025,8/6/2025
503535,105221,5/6/2025,30/3/2026
503536,105222,5/6/2025,27/8/2025
503537,105215,5/6/2025,9/6/2025
503538,105280,6/6/2025,16/4/2026
503539,105273,6/6/2025,10/3/2026
503540,105275,6/6/2025,2/9/2025
503541,105277,6/6/2025,
503542,105279,6/6/2025,13/6/2025
503543,105281,6/6/2025,6/7/2025
503544,105289,6/6/2025,8/6/2025
503545,105284,6/6/2025,13/9/2025
503546,105285,6/6/2025,10/8/2025
503547,105286,6/6/2025,12/6/2026
503548,105271,6/6/2025,4/7/2025
503549,105288,6/6/2025,29/6/2025
503550,105282,6/6/2025,10/6/2025
503551,105269,6/6/2025,12/12/2025
503552,105247,6/6/2025,17/6/2025
503553,105266,6/6/2025,14/7/2026
503554,105267,6/6/2025,9/8/2025
503555,105246,6/6/2025,15/7/2025
503556,105249,6/6/2025,14/4/2026
503557,105250,6/6/2025,16/7/2026
503558,105253,6/6/2025,20/6/2025
503559,105254,6/6/2025,12/7/2025
503560,105251,6/6/2025,7/6/2025
503561,105257,6/6/2025,12/6/2025
503562,105259,6/6/2025,28/2/2026
503563,105261,6/6/2025,1/8/2025
503564,105263,6/6/2025,13/8/2025
503565,105265,6/6/2025,26/6/2025
503566,105255,6/6/2025,18/11/2025
503567,105317,7/6/2025,30/9/2025
503568,105313,7/6/2025,6/11/2025
503569,105315,7/6/2025,1/8/2025
503570,105332,7/6/2025,
503571,105319,7/6/2025,23/8/2025
503572,105312,7/6/2025,12/10/2025
503573,105322,7/6/2025,9/6/2025
503574,105324,7/6/2025,14/6/2026
503575,105326,7/6/2025,13/1/2026
503576,105328,7/6/2025,7/9/2025
503577,105330,7/6/2025,
503578,105321,7/6/2025,7/2/2026
503579,105310,7/6/2025,4/8/2025
503580,105316,7/6/2025,4/9/2025
503581,105308,7/6/2025,24/7/2025
503582,105309,7/6/2025,25/6/2025
503583,105290,7/6/2025,8/8/2025
503584,105292,7/6/2025,27/6/2025
503585,105294,7/6/2025,10/7/2025
503586,105295,7/6/2025,8/6/2025
503587,105293,7/6/2025,8/6/2025
503588,105298,7/6/2025,8/6/2025
503589,105300,7/6/2025,10/7/2025
503590,105302,7/6/2025,17/6/2025
503591,105304,7/6/2025,4/8/2025
503592,105306,7/6/2025,10/6/2025
503593,105296,7/6/2025,13/7/2025
503594,105372,8/6/2025,6/9/2025
503595,105361,8/6/2025,15/6/2025
503596,105363,8/6/2025,31/12/2025
503597,105365,8/6/2025,9/6/2025
503598,105366,8/6/2025,20/6/2025
503599,105368,8/6/2025,9/6/2025
503600,105374,8/6/2025,21/9/2025
503601,105384,8/6/2025,6/7/2025
503602,105376,8/6/2025,27/8/2025
503603,105378,8/6/2025,13/9/2025
503604,105380,8/6/2025,
503605,105382,8/6/2025,23/8/2025
503606,105360,8/6/2025,6/7/2025
503607,105386,8/6/2025,
503608,105375,8/6/2025,20/6/2025
503609,105358,8/6/2025,21/6/2025
503610,105370,8/6/2025,19/9/2025
503611,105354,8/6/2025,14/6/2025
503612,105356,8/6/2025,13/1/2026
503613,105333,8/6/2025,16/8/2025
503614,105334,8/6/2025,3/10/2025
503615,105336,8/6/2025,13/6/2025
503616,105339,8/6/2025,6/7/2025
503617,105340,8/6/2025,13/7/2025
503618,105341,8/6/2025,10/2/2026
503619,105337,8/6/2025,29/6/2025
503620,105344,8/6/2025,9/8/2025
503621,105346,8/6/2025,
503622,105347,8/6/2025,
503623,105348,8/6/2025,10/6/2025
503624,105350,8/6/2025,9/6/2025
503625,105352,8/6/2025,20/9/2025
503626,105343,8/6/2025,18/6/2025
503627,105409,9/6/2025,10/6/2025
503628,105400,9/6/2025,18/7/2025
503629,105408,9/6/2025,7/7/2025
503630,105406,9/6/2025,25/6/2025
503631,105405,9/6/2025,16/6/2025
503632,105403,9/6/2025,13/6/2025
503633,105402,9/6/2025,17/7/2025
503634,105401,9/6/2025,11/11/2025
503635,105398,9/6/2025,19/11/2025
503636,105392,9/6/2025,19/6/2025
503637,105396,9/6/2025,13/6/2025
503638,105394,9/6/2025,30/6/2025
503639,105391,9/6/2025,23/8/2025
503640,105389,9/6/2025,22/6/2025
503641,105388,9/6/2025,4/7/2025
503642,105387,9/6/2025,23/8/2025
503643,105397,9/6/2025,6/10/2025
503644,105432,10/6/2025,5/7/2025
503645,105434,10/6/2025,13/6/2025
503646,105436,10/6/2025,1/7/2025
503647,105438,10/6/2025,
503648,105442,10/6/2025,11/6/2025
503649,105441,10/6/2025,15/8/2025
503650,105430,10/6/2025,11/7/2025
503651,105444,10/6/2025,17/6/2025
503652,105439,10/6/2025,
503653,105429,10/6/2025,22/6/2025
503654,105427,10/6/2025,18/6/2025
503655,105426,10/6/2025,9/10/2025
503656,105424,10/6/2025,17/6/2025
503657,105422,10/6/2025,1/7/2025
503658,105420,10/6/2025,15/6/2026
503659,105418,10/6/2025,14/8/2025
503660,105417,10/6/2025,13/6/2025
503661,105415,10/6/2025,2/7/2025
503662,105413,10/6/2025,13/6/2025
503663,105411,10/6/2025,11/6/2025
503664,105469,11/6/2025,12/6/2025
503665,105471,11/6/2025,23/6/2025
503666,105473,11/6/2025,27/6/2025
503667,105474,11/6/2025,5/6/2026
503668,105476,11/6/2025,12/8/2025
503669,105484,11/6/2025,10/7/2025
503670,105479,11/6/2025,
503671,105481,11/6/2025,13/9/2025
503672,105482,11/6/2025,15/6/2025
503673,105467,11/6/2025,17/6/2025
503674,105486,11/6/2025,4/7/2025
503675,105477,11/6/2025,7/4/2026
503676,105465,11/6/2025,15/7/2025
503677,105488,11/6/2025,25/6/2025
503678,105462,11/6/2025,20/6/2025
503679,105463,11/6/2025,11/10/2025
503680,105446,11/6/2025,6/3/2026
503681,105447,11/6/2025,17/9/2025
503682,105450,11/6/2025,27/7/2025
503683,105451,11/6/2025,16/6/2026
503684,105449,11/6/2025,18/6/2025
503685,105453,11/6/2025,26/10/2025
503686,105455,11/6/2025,12/6/2025
503687,105457,11/6/2025,1/7/2025
503688,105458,11/6/2025,27/7/2025
503689,105460,11/6/2025,17/6/2025
503690,105452,11/6/2025,26/12/2025
503691,105513,12/6/2025,28/6/2025
503692,105507,12/6/2025,6/5/2026
503693,105508,12/6/2025,
503694,105509,12/6/2025,26/7/2025
503695,105511,12/6/2025,26/5/2026
503696,105514,12/6/2025,14/6/2025
503697,105523,12/6/2025,16/6/2025
503698,105517,12/6/2025,
503699,105518,12/6/2025,6/11/2025
503700,105519,12/6/2025,10/10/2025
503701,105521,12/6/2025,30/7/2025
503702,105525,12/6/2025,19/1/2026
503703,105516,12/6/2025,28/9/2025
503704,105505,12/6/2025,21/6/2025
503705,105503,12/6/2025,18/6/2025
503706,105502,12/6/2025,19/7/2025
503707,105501,12/6/2025,22/7/2025
503708,105499,12/6/2025,
503709,105497,12/6/2025,9/8/2025
503710,105496,12/6/2025,11/7/2025
503711,105495,12/6/2025,13/6/2025
503712,105493,12/6/2025,3/1/2026
503713,105492,12/6/2025,5/8/2025
503714,105491,12/6/2025,13/7/2025
503715,105490,12/6/2025,12/8/2025
503716,105504,12/6/2025,1/10/2025
503717,101447,12/6/2025,20/6/2025
503718,105545,13/6/2025,
503719,105546,13/6/2025,20/12/2025
503720,105548,13/6/2025,16/7/2025
503721,105549,13/6/2025,25/1/2026
503722,105544,13/6/2025,18/6/2025
503723,105552,13/6/2025,15/6/2025
503724,105553,13/6/2025,22/7/2025
503725,105554,13/6/2025,16/6/2025
503726,105555,13/6/2025,4/7/2025
503727,105551,13/6/2025,4/7/2025
503728,105542,13/6/2025,21/9/2025
503729,105530,13/6/2025,18/6/2025
503730,105539,13/6/2025,13/7/2025
503731,105527,13/6/2025,27/9/2025
503732,105529,13/6/2025,27/10/2025
503733,105541,13/6/2025,26/11/2025
503734,105532,13/6/2025,29/7/2025
503735,102837,13/6/2025,16/8/2025
503736,105534,13/6/2025,1/3/2026
503737,105536,13/6/2025,1/7/2025
503738,105537,13/6/2025,28/6/2025
503739,105533,13/6/2025,7/10/2025
503740,105605,14/6/2025,30/10/2025
503741,105594,14/6/2025,10/7/2025
503742,105595,14/6/2025,24/7/2025
503743,105598,14/6/2025,1/7/2025
503744,105599,14/6/2025,20/6/2025
503745,105600,14/6/2025,18/7/2025
503746,105601,14/6/2025,2/9/2025
503747,105603,14/6/2025,6/8/2025
503748,105606,14/6/2025,10/7/2025
503749,105613,14/6/2025,15/6/2025
503750,105609,14/6/2025,22/8/2025
503751,105610,14/6/2025,18/6/2025
503752,105612,14/6/2025,23/6/2025
503753,105592,14/6/2025,26/1/2026
503754,105615,14/6/2025,12/7/2025
503755,105617,14/6/2025,15/6/2025
503756,105619,14/6/2025,22/11/2025
503757,105620,14/6/2025,20/6/2025
503758,105607,14/6/2025,13/1/2026
503759,105590,14/6/2025,20/8/2025
503760,105596,14/6/2025,17/6/2025
503761,105587,14/6/2025,12/4/2026
503762,105556,14/6/2025,20/9/2025
503763,105589,14/6/2025,2/9/2025
503764,105560,14/6/2025,26/11/2025
503765,105562,14/6/2025,4/6/2026
503766,105564,14/6/2025,10/7/2025
503767,105566,14/6/2025,12/7/2025
503768,105568,14/6/2025,7/8/2025
503769,105569,14/6/2025,15/6/2025
503770,105571,14/6/2025,20/6/2025
503771,105558,14/6/2025,14/3/2026
503772,105574,14/6/2025,17/7/2025
503773,105572,14/6/2025,31/7/2025
503774,105584,14/6/2025,29/6/2025
503775,105583,14/6/2025,18/6/2025
503776,105586,14/6/2025,23/4/2026
503777,105579,14/6/2025,24/6/2025
503778,105578,14/6/2025,22/7/2025
503779,105576,14/6/2025,15/8/2025
503780,105581,14/6/2025,17/6/2025
503781,105667,15/6/2025,1/9/2025
503782,105655,15/6/2025,24/7/2025
503783,105649,15/6/2025,8/8/2025
503784,105650,15/6/2025,1/7/2025
503785,105652,15/6/2025,19/6/2025
503786,105653,15/6/2025,17/8/2025
503787,105654,15/6/2025,12/7/2025
503788,105656,15/6/2025,2/3/2026
503789,105661,15/6/2025,3/7/2025
503790,105659,15/6/2025,17/6/2025
503791,105660,15/6/2025,2/6/2026
503792,105662,15/6/2025,28/7/2025
503793,105663,15/6/2025,8/7/2025
503794,105664,15/6/2025,
503795,105666,15/6/2025,27/7/2025
503796,105647,15/6/2025,2/8/2025
503797,105658,15/6/2025,25/8/2025
503798,105645,15/6/2025,
503799,105640,15/6/2025,1/11/2025
503800,105642,15/6/2025,6/7/2025
503801,105644,15/6/2025,26/6/2025
503802,105622,15/6/2025,25/7/2025
503803,105623,15/6/2025,1/1/2026
503804,105624,15/6/2025,4/8/2025
503805,105627,15/6/2025,16/6/2025
503806,105628,15/6/2025,17/6/2025
503807,105625,15/6/2025,12/7/2025
503808,105631,15/6/2025,27/8/2025
503809,105633,15/6/2025,20/8/2025
503810,105634,15/6/2025,2/7/2025
503811,105636,15/6/2025,16/6/2025
503812,105637,15/6/2025,30/10/2025
503813,105638,15/6/2025,7/7/2025
503814,105629,15/6/2025,22/11/2025
503815,105674,16/6/2025,6/9/2025
503816,105682,16/6/2025,5/11/2025
503817,105680,16/6/2025,5/10/2025
503818,105679,16/6/2025,23/10/2025
503819,105677,16/6/2025,5/11/2025
503820,105676,16/6/2025,18/6/2025
503821,105673,16/6/2025,15/7/2025
503822,105669,16/6/2025,19/12/2025
503823,105671,16/6/2025,27/6/2025
503824,105670,16/6/2025,18/6/2025
503825,105668,16/6/2025,21/10/2025
503826,101537,16/6/2025,5/11/2025
503827,101970,16/6/2025,21/1/2026
503828,105672,16/6/2025,3/9/2025
503829,105700,17/6/2025,19/6/2025
503830,105709,17/6/2025,3/9/2025
503831,105708,17/6/2025,29/11/2025
503832,105711,17/6/2025,31/7/2025
503833,105706,17/6/2025,15/11/2025
503834,105704,17/6/2025,26/6/2025
503835,105703,17/6/2025,21/6/2025
503836,105702,17/6/2025,16/10/2025
503837,105701,17/6/2025,26/6/2025
503838,105698,17/6/2025,14/8/2025
503839,105684,17/6/2025,29/6/2025
503840,105694,17/6/2025,28/3/2026
503841,105692,17/6/2025,17/7/2025
503842,105691,17/6/2025,29/8/2025
503843,105690,17/6/2025,12/1/2026
503844,105688,17/6/2025,29/10/2025
503845,105686,17/6/2025,3/7/2025
503846,100562,17/6/2025,22/6/2025
503847,105696,17/6/2025,14/12/2025
503848,105737,18/6/2025,15/3/2026
503849,105738,18/6/2025,20/6/2025
503850,105740,18/6/2025,8/7/2025
503851,105742,18/6/2025,29/8/2025
503852,105744,18/6/2025,22/1/2026
503853,105745,18/6/2025,25/7/2025
503854,105751,18/6/2025,26/7/2025
503855,105747,18/6/2025,7/12/2025
503856,105749,18/6/2025,18/8/2025
503857,105753,18/6/2025,1/7/2025
503858,105754,18/6/2025,18/7/2025
503859,105756,18/6/2025,22/6/2025
503860,105736,18/6/2025,27/6/2025
503861,105746,18/6/2025,27/6/2025
503862,105735,18/6/2025,28/6/2025
503863,105757,18/6/2025,10/8/2025
503864,105731,18/6/2025,25/7/2025
503865,105733,18/6/2025,25/6/2025
503866,101925,18/6/2025,29/6/2025
503867,105713,18/6/2025,19/9/2025
503868,105714,18/6/2025,23/7/2025
503869,105716,18/6/2025,11/7/2025
503870,105718,18/6/2025,22/6/2025
503871,102882,18/6/2025,25/6/2025
503872,105721,18/6/2025,1/7/2025
503873,105722,18/6/2025,16/7/2025
503874,105724,18/6/2025,17/5/2026
503875,105726,18/6/2025,29/6/2025
503876,105728,18/6/2025,6/7/2025
503877,105729,18/6/2025,15/7/2025
503878,105720,18/6/2025,27/6/2025
503879,105787,19/6/2025,21/6/2025
503880,105788,19/6/2025,
503881,105789,19/6/2025,14/8/2025
503882,105791,19/6/2025,17/7/2025
503883,105792,19/6/2025,8/8/2025
503884,105794,19/6/2025,12/7/2025
503885,105801,19/6/2025,24/6/2025
503886,105798,19/6/2025,10/8/2025
503887,105800,19/6/2025,10/8/2025
503888,105802,19/6/2025,20/6/2025
503889,105805,19/6/2025,2/9/2025
503890,105806,19/6/2025,18/12/2025
503891,105786,19/6/2025,
503892,105796,19/6/2025,20/6/2025
503893,105785,19/6/2025,11/8/2025
503894,105804,19/6/2025,26/6/2025
503895,105781,19/6/2025,21/6/2025
503896,105783,19/6/2025,11/8/2025
503897,105761,19/6/2025,5/7/2025
503898,105762,19/6/2025,11/8/2025
503899,105764,19/6/2025,18/10/2025
503900,105766,19/6/2025,24/6/2025
503901,105768,19/6/2025,30/7/2025
503902,105759,19/6/2025,4/7/2025
503903,105772,19/6/2025,23/6/2025
503904,105774,19/6/2025,21/3/2026
503905,105775,19/6/2025,7/7/2026
503906,105777,19/6/2025,28/4/2026
503907,105778,19/6/2025,13/7/2025
503908,105779,19/6/2025,27/8/2025
503909,105770,19/6/2025,3/1/2026
503910,105832,20/6/2025,23/6/2025
503911,105833,20/6/2025,
503912,105834,20/6/2025,1/4/2026
503913,105835,20/6/2025,17/9/2025
503914,105836,20/6/2025,13/7/2025
503915,105837,20/6/2025,22/8/2025
503916,105842,20/6/2025,14/3/2026
503917,105839,20/6/2025,23/5/2026
503918,105841,20/6/2025,
503919,105844,20/6/2025,24/6/2025
503920,105846,20/6/2025,30/6/2025
503921,105848,20/6/2025,26/11/2025
503922,105849,20/6/2025,17/1/2026
503923,105838,20/6/2025,21/6/2025
503924,105831,20/6/2025,21/6/2025
503925,105828,20/6/2025,21/6/2026
503926,105826,20/6/2025,31/7/2025
503927,105830,20/6/2025,21/8/2025
503928,105808,20/6/2025,16/10/2025
503929,105810,20/6/2025,17/8/2025
503930,105813,20/6/2025,27/9/2025
503931,105815,20/6/2025,29/6/2025
503932,105811,20/6/2025,23/7/2025
503933,105818,20/6/2025,23/6/2025
503934,105820,20/6/2025,20/10/2025
503935,105821,20/6/2025,7/10/2025
503936,105822,20/6/2025,25/11/2025
503937,105824,20/6/2025,25/6/2025
503938,105816,20/6/2025,27/6/2025
503939,105880,21/6/2025,23/12/2025
503940,105873,21/6/2025,28/7/2025
503941,105875,21/6/2025,29/9/2025
503942,105877,21/6/2025,26/8/2025
503943,105879,21/6/2025,18/7/2025
503944,105882,21/6/2025,4/10/2025
503945,105871,21/6/2025,
503946,105884,21/6/2025,1/11/2025
503947,105885,21/6/2025,16/9/2025
503948,105886,21/6/2025,13/7/2025
503949,105887,21/6/2025,28/6/2025
503950,105888,21/6/2025,16/3/2026
503951,105883,21/6/2025,10/7/2025
503952,105869,21/6/2025,5/7/2025
503953,105863,21/6/2025,21/7/2026
503954,105867,21/6/2025,14/8/2025
503955,105850,21/6/2025,13/5/2026
503956,105852,21/6/2025,22/6/2025
503957,105855,21/6/2025,15/7/2025
503958,105857,21/6/2025,30/7/2025
503959,105859,21/6/2025,5/7/2025
503960,105854,21/6/2025,11/7/2025
503961,105862,21/6/2025,28/6/2025
503962,100445,21/6/2025,14/8/2025
503963,105864,21/6/2025,26/6/2025
503964,105866,21/6/2025,
503965,105860,21/6/2025,11/9/2025
503966,105868,21/6/2025,24/6/2025
503967,105930,22/6/2025,14/9/2025
503968,105919,22/6/2025,22/4/2026
503969,105921,22/6/2025,25/10/2025
503970,105922,22/6/2025,22/8/2025
503971,105924,22/6/2025,31/10/2025
503972,105926,22/6/2025,15/7/2025
503973,105928,22/6/2025,4/3/2026
503974,105940,22/6/2025,23/6/2025
503975,105935,22/6/2025,1/7/2025
503976,105936,22/6/2025,1/7/2025
503977,105937,22/6/2025,27/6/2025
503978,105939,22/6/2025,23/6/2025
503979,105918,22/6/2025,30/6/2025
503980,105941,22/6/2025,30/6/2025
503981,105943,22/6/2025,
503982,105934,22/6/2025,14/1/2026
503983,105916,22/6/2025,6/7/2025
503984,105932,22/6/2025,24/6/2025
503985,105912,22/6/2025,2/2/2026
503986,105889,22/6/2025,6/11/2025
503987,105891,22/6/2025,3/7/2025
503988,105892,22/6/2025,23/6/2025
503989,105895,22/6/2025,27/6/2025
503990,105897,22/6/2025,27/7/2025
503991,105898,22/6/2025,9/7/2025
503992,105900,22/6/2025,27/3/2026
503993,105894,22/6/2025,29/6/2025
503994,105903,22/6/2025,6/8/2025
503995,105905,22/6/2025,16/7/2025
503996,105906,22/6/2025,27/11/2025
503997,105908,22/6/2025,6/7/2025
503998,105910,22/6/2025,28/6/2025
503999,105911,22/6/2025,8/11/2025
504000,105901,22/6/2025,21/7/2025
504001,105914,22/6/2025,13/8/2025
504002,105960,23/6/2025,1/7/2025
504003,105971,23/6/2025,4/7/2025
504004,105969,23/6/2025,30/6/2025
504005,105967,23/6/2025,25/7/2025
504006,105966,23/6/2025,12/8/2025
504007,105965,23/6/2025,24/6/2025
504008,105964,23/6/2025,11/7/2025
504009,105962,23/6/2025,8/12/2025
504010,105956,23/6/2025,27/6/2025
504011,105954,23/6/2025,4/7/2025
504012,105953,23/6/2025,26/6/2025
504013,105951,23/6/2025,
504014,105949,23/6/2025,19/8/2025
504015,105947,23/6/2025,4/7/2025
504016,105946,23/6/2025,29/8/2025
504017,105944,23/6/2025,27/6/2025
504018,105958,23/6/2025,24/4/2026
504019,105999,24/6/2025,28/6/2025
504020,106001,24/6/2025,23/11/2025
504021,106003,24/6/2025,
504022,106004,24/6/2025,12/7/2025
504023,106006,24/6/2025,16/3/2026
504024,106008,24/6/2025,19/7/2025
504025,106014,24/6/2025,19/11/2025
504026,106011,24/6/2025,26/6/2025
504027,106013,24/6/2025,13/10/2025
504028,106015,24/6/2025,29/7/2025
504029,105998,24/6/2025,14/4/2026
504030,106017,24/6/2025,18/8/2025
504031,106018,24/6/2025,28/9/2025
504032,106009,24/6/2025,14/7/2025
504033,105997,24/6/2025,6/9/2025
504034,105975,24/6/2025,8/7/2025
504035,105994,24/6/2025,17/7/2025
504036,105973,24/6/2025,21/12/2025
504037,105976,24/6/2025,10/8/2025
504038,105978,24/6/2025,3/7/2025
504039,105979,24/6/2025,25/6/2025
504040,105981,24/6/2025,9/7/2025
504041,105982,24/6/2025,25/6/2025
504042,105996,24/6/2025,29/6/2025
504043,105986,24/6/2025,10/7/2025
504044,105987,24/6/2025,28/6/2025
504045,105989,24/6/2025,
504046,105991,24/6/2025,5/7/2025
504047,105992,24/6/2025,20/8/2025
504048,105984,24/6/2025,5/7/2025
504049,106044,25/6/2025,3/9/2025
504050,106046,25/6/2025,13/11/2025
504051,106048,25/6/2025,19/8/2025
504052,106050,25/6/2025,7/4/2026
504053,106051,25/6/2025,12/9/2025
504054,106056,25/6/2025,1/8/2025
504055,106054,25/6/2025,7/7/2025
504056,106057,25/6/2025,17/12/2025
504057,106059,25/6/2025,19/1/2026
504058,106060,25/6/2025,25/7/2025
504059,106043,25/6/2025,28/6/2025
504060,106052,25/6/2025,22/4/2026
504061,106039,25/6/2025,19/8/2025
504062,106041,25/6/2025,6/7/2025
504063,106022,25/6/2025,11/8/2025
504064,106036,25/6/2025,
504065,106034,25/6/2025,19/5/2026
504066,106032,25/6/2025,2/7/2025
504067,106030,25/6/2025,30/6/2025
504068,106028,25/6/2025,23/7/2026
504069,106027,25/6/2025,26/7/2025
504070,106025,25/6/2025,10/7/2025
504071,106023,25/6/2025,27/6/2025
504072,106021,25/6/2025,12/8/2025
504073,106019,25/6/2025,16/10/2025
504074,106038,25/6/2025,1/7/2025
504075,106094,26/6/2025,30/6/2025
504076,106093,26/6/2025,7/8/2025
504077,106091,26/6/2025,10/8/2025
504078,106087,26/6/2025,
504079,106088,26/6/2025,17/9/2025
504080,106095,26/6/2025,12/7/2025
504081,106089,26/6/2025,6/10/2025
504082,106096,26/6/2025,20/8/2025
504083,106104,26/6/2025,23/7/2025
504084,106098,26/6/2025,2/7/2025
504085,106099,26/6/2025,28/8/2025
504086,106107,26/6/2025,8/7/2025
504087,106101,26/6/2025,23/7/2025
504088,106103,26/6/2025,12/1/2026
504089,106105,26/6/2025,1/7/2025
504090,106106,26/6/2025,1/7/2025
504091,106097,26/6/2025,13/4/2026
504092,106085,26/6/2025,11/9/2025
504093,106100,26/6/2025,22/7/2025
504094,106082,26/6/2025,4/7/2025
504095,106084,26/6/2025,1/8/2025
504096,106061,26/6/2025,19/11/2025
504097,106063,26/6/2025,26/9/2025
504098,106065,26/6/2025,2/2/2026
504099,106067,26/6/2025,22/11/2025
504100,106069,26/6/2025,10/11/2025
504101,106070,26/6/2025,23/11/2025
504102,106062,26/6/2025,2/7/2025
504103,106074,26/6/2025,18/9/2025
504104,106072,26/6/2025,28/6/2025
504105,106079,26/6/2025,3/1/2026
504106,106078,26/6/2025,9/8/2025
504107,106081,26/6/2025,28/9/2025
504108,106076,26/6/2025,14/7/2025
504109,106075,26/6/2025,27/6/2025
504110,106077,26/6/2025,
504111,106128,27/6/2025,30/6/2025
504112,106146,27/6/2025,31/1/2026
504113,106145,27/6/2025,
504114,106143,27/6/2025,4/8/2025
504115,106141,27/6/2025,4/7/2025
504116,106140,27/6/2025,16/7/2025
504117,106138,27/6/2025,18/9/2025
504118,106136,27/6/2025,28/8/2025
504119,106134,27/6/2025,19/1/2026
504120,106132,27/6/2025,24/9/2025
504121,106130,27/6/2025,19/12/2025
504122,106129,27/6/2025,22/8/2025
504123,106126,27/6/2025,1/7/2025
504124,106142,27/6/2025,31/7/2025
504125,106124,27/6/2025,3/8/2025
504126,106109,27/6/2025,27/9/2025
504127,106110,27/6/2025,6/8/2025
504128,106112,27/6/2025,
504129,106113,27/6/2025,11/4/2026
504130,106115,27/6/2025,6/7/2025
504131,103566,27/6/2025,28/6/2025
504132,106118,27/6/2025,25/8/2025
504133,106116,27/6/2025,19/7/2025
504134,106122,27/6/2025,25/11/2025
504135,106125,27/6/2025,26/9/2025
504136,106119,27/6/2025,30/7/2025
504137,106121,27/6/2025,3/9/2025
504138,106182,28/6/2025,
504139,106166,28/6/2025,9/12/2025
504140,106181,28/6/2025,6/8/2025
504141,106180,28/6/2025,19/7/2025
504142,106177,28/6/2025,23/10/2025
504143,106176,28/6/2025,13/7/2025
504144,106174,28/6/2025,1/7/2025
504145,106172,28/6/2025,30/6/2025
504146,106170,28/6/2025,14/7/2025
504147,106169,28/6/2025,10/7/2025
504148,106167,28/6/2025,13/11/2025
504149,106178,28/6/2025,5/7/2025
504150,106165,28/6/2025,3/10/2025
504151,106162,28/6/2025,28/11/2025
504152,106164,28/6/2025,24/7/2025
504153,106147,28/6/2025,21/7/2025
504154,106148,28/6/2025,28/7/2025
504155,106151,28/6/2025,5/7/2025
504156,106153,28/6/2025,8/7/2025
504157,106150,28/6/2025,24/7/2025
504158,106156,28/6/2025,
504159,106158,28/6/2025,19/11/2025
504160,106159,28/6/2025,11/7/2025
504161,106161,28/6/2025,
504162,106155,28/6/2025,25/7/2025
504163,106214,29/6/2025,6/7/2025
504164,106228,29/6/2025,23/7/2025
504165,106211,29/6/2025,27/7/2025
504166,106212,29/6/2025,17/8/2025
504167,106213,29/6/2025,9/4/2026
504168,106215,29/6/2025,2/10/2025
504169,106226,29/6/2025,28/7/2025
504170,106219,29/6/2025,24/7/2025
504171,106221,29/6/2025,7/7/2025
504172,106223,29/6/2025,11/8/2025
504173,106225,29/6/2025,27/8/2025
504174,106208,29/6/2025,13/1/2026
504175,106227,29/6/2025,2/7/2025
504176,106217,29/6/2025,13/7/2025
504177,106206,29/6/2025,25/3/2026
504178,106209,29/6/2025,26/12/2025
504179,106202,29/6/2025,23/11/2025
504180,106204,29/6/2025,5/8/2025
504181,101243,29/6/2025,6/11/2025
504182,106183,29/6/2025,
504183,106186,29/6/2025,
504184,106188,29/6/2025,1/7/2025
504185,106189,29/6/2025,
504186,106184,29/6/2025,11/8/2025
504187,106191,29/6/2025,21/6/2026
504188,106192,29/6/2025,3/7/2025
504189,106194,29/6/2025,8/7/2025
504190,106196,29/6/2025,24/7/2025
504191,106198,29/6/2025,2/9/2025
504192,106200,29/6/2025,26/8/2025
504193,106190,29/6/2025,30/6/2025
504194,106243,30/6/2025,8/8/2025
504195,106253,30/6/2025,25/7/2025
504196,106251,30/6/2025,
504197,106249,30/6/2025,23/12/2025
504198,106248,30/6/2025,4/7/2025
504199,106247,30/6/2025,27/8/2025
504200,106246,30/6/2025,29/7/2025
504201,106245,30/6/2025,
504202,106241,30/6/2025,15/8/2025
504203,106252,30/6/2025,14/7/2025
504204,106238,30/6/2025,9/9/2025
504205,106237,30/6/2025,6/1/2026
504206,106235,30/6/2025,5/7/2025
504207,106234,30/6/2025,26/7/2025
504208,106232,30/6/2025,5/7/2025
504209,106231,30/6/2025,22/8/2025
504210,106230,30/6/2025,6/12/2025
504211,106239,30/6/2025,12/3/2026
504212,106272,1/7/2025,12/4/2026
504213,106273,1/7/2025,12/7/2025
504214,106274,1/7/2025,23/8/2025
504215,106276,1/7/2025,19/4/2026
504216,106282,1/7/2025,28/3/2026
504217,106279,1/7/2025,3/8/2025
504218,106281,1/7/2025,
504219,106284,1/7/2025,14/7/2025
504220,106286,1/7/2025,29/8/2025
504221,106277,1/7/2025,8/7/2025
504222,106269,1/7/2025,15/8/2025
504223,106271,1/7/2025,5/11/2025
504224,106266,1/7/2025,12/7/2025
504225,106267,1/7/2025,11/12/2025
504226,106254,1/7/2025,16/7/2025
504227,106255,1/7/2025,10/8/2025
504228,106257,1/7/2025,30/8/2025
504229,103036,1/7/2025,20/7/2025
504230,106259,1/7/2025,26/7/2025
504231,106261,1/7/2025,26/7/2025
504232,106262,1/7/2025,3/8/2025
504233,106264,1/7/2025,19/8/2025
504234,106258,1/7/2025,29/8/2025
504235,106306,2/7/2025,5/10/2025
504236,106308,2/7/2025,29/7/2025
504237,106310,2/7/2025,
504238,106312,2/7/2025,10/7/2025
504239,106313,2/7/2025,9/12/2025
504240,106319,2/7/2025,3/12/2025
504241,106321,2/7/2025,21/7/2025
504242,106322,2/7/2025,8/1/2026
504243,106305,2/7/2025,20/10/2025
504244,106324,2/7/2025,6/7/2025
504245,106317,2/7/2025,11/7/2025
504246,106303,2/7/2025,4/12/2025
504247,106315,2/7/2025,6/7/2025
504248,106301,2/7/2025,16/7/2025
504249,100322,2/7/2025,10/7/2025
504250,106302,2/7/2025,11/7/2025
504251,106287,2/7/2025,28/7/2025
504252,106288,2/7/2025,20/8/2025
504253,106292,2/7/2025,5/11/2025
504254,106290,2/7/2025,21/9/2025
504255,106295,2/7/2025,6/7/2025
504256,106296,2/7/2025,
504257,106298,2/7/2025,14/7/2025
504258,106299,2/7/2025,24/2/2026
504259,106293,2/7/2025,13/2/2026
504260,106349,3/7/2025,9/7/2025
504261,106355,3/7/2025,6/7/2025
504262,106351,3/7/2025,12/8/2025
504263,106353,3/7/2025,5/7/2025
504264,106354,3/7/2025,25/7/2025
504265,106357,3/7/2025,12/2/2026
504266,106365,3/7/2025,8/8/2025
504267,106359,3/7/2025,28/7/2025
504268,106361,3/7/2025,17/9/2025
504269,106363,3/7/2025,8/7/2025
504270,106364,3/7/2025,25/7/2025
504271,106347,3/7/2025,31/7/2025
504272,106367,3/7/2025,19/2/2026
504273,106358,3/7/2025,1/5/2026
504274,106346,3/7/2025,14/7/2025
504275,106366,3/7/2025,15/7/2025
504276,106343,3/7/2025,3/8/2025
504277,106344,3/7/2025,4/7/2025
504278,106325,3/7/2025,23/11/2025
504279,106327,3/7/2025,17/7/2025
504280,106331,3/7/2025,6/8/2025
504281,106333,3/7/2025,24/7/2025
504282,106329,3/7/2025,9/7/2025
504283,106337,3/7/2025,2/8/2025
504284,106338,3/7/2025,15/10/2025
504285,106340,3/7/2025,21/7/2025
504286,106341,3/7/2025,
504287,106335,3/7/2025,24/7/2025
504288,106392,4/7/2025,8/3/2026
504289,106389,4/7/2025,27/7/2025
504290,106390,4/7/2025,18/8/2025
504291,106391,4/7/2025,12/7/2025
504292,106394,4/7/2025,25/9/2025
504293,106403,4/7/2025,11/7/2025
504294,106397,4/7/2025,11/9/2025
504295,106399,4/7/2025,16/7/2025
504296,106401,4/7/2025,2/8/2025
504297,106385,4/7/2025,26/7/2025
504298,106404,4/7/2025,6/7/2025
504299,106396,4/7/2025,30/7/2025
504300,106384,4/7/2025,12/5/2026
504301,106387,4/7/2025,14/7/2025
504302,106381,4/7/2025,21/11/2025
504303,106379,4/7/2025,19/7/2025
504304,106378,4/7/2025,12/10/2025
504305,106376,4/7/2025,2/9/2025
504306,106375,4/7/2025,18/9/2025
504307,106373,4/7/2025,12/7/2025
504308,106372,4/7/2025,15/7/2025
504309,106370,4/7/2025,9/7/2025
504310,106369,4/7/2025,26/7/2025
504311,101010,4/7/2025,11/7/2025
504312,106382,4/7/2025,13/2/2026
504313,106439,5/7/2025,13/7/2025
504314,106438,5/7/2025,4/10/2025
504315,106433,5/7/2025,11/7/2025
504316,106436,5/7/2025,13/7/2025
504317,106434,5/7/2025,9/1/2026
504318,106441,5/7/2025,16/8/2025
504319,106437,5/7/2025,9/8/2025
504320,106443,5/7/2025,4/8/2025
504321,106453,5/7/2025,16/8/2025
504322,106446,5/7/2025,17/12/2025
504323,106448,5/7/2025,20/8/2025
504324,106450,5/7/2025,24/10/2025
504325,106452,5/7/2025,10/11/2025
504326,106454,5/7/2025,16/7/2025
504327,106456,5/7/2025,20/10/2025
504328,106458,5/7/2025,28/11/2025
504329,106431,5/7/2025,11/11/2025
504330,106445,5/7/2025,18/7/2025
504331,106429,5/7/2025,2/8/2025
504332,106427,5/7/2025,5/9/2025
504333,106426,5/7/2025,29/10/2025
504334,100155,5/7/2025,19/1/2026
504335,106405,5/7/2025,6/9/2025
504336,106406,5/7/2025,6/7/2025
504337,106408,5/7/2025,16/7/2025
504338,106409,5/7/2025,6/12/2025
504339,106411,5/7/2025,21/11/2025
504340,106413,5/7/2025,
504341,103104,5/7/2025,17/7/2025
504342,106416,5/7/2025,20/8/2025
504343,106417,5/7/2025,
504344,106419,5/7/2025,27/6/2026
504345,106421,5/7/2025,11/7/2025
504346,106423,5/7/2025,9/4/2026
504347,106425,5/7/2025,27/7/2025
504348,106415,5/7/2025,20/7/2025
504349,106483,6/7/2025,9/12/2025
504350,106484,6/7/2025,13/7/2025
504351,106485,6/7/2025,11/7/2025
504352,106487,6/7/2025,8/8/2025
504353,106489,6/7/2025,20/8/2025
504354,106491,6/7/2025,6/8/2025
504355,106493,6/7/2025,9/7/2025
504356,106500,6/7/2025,10/7/2025
504357,106497,6/7/2025,
504358,106499,6/7/2025,10/7/2025
504359,106501,6/7/2025,5/9/2025
504360,106503,6/7/2025,5/8/2025
504361,106482,6/7/2025,27/8/2025
504362,106504,6/7/2025,25/7/2025
504363,106506,6/7/2025,
504364,106495,6/7/2025,7/1/2026
504365,106480,6/7/2025,21/7/2025
504366,106477,6/7/2025,22/7/2025
504367,106463,6/7/2025,9/7/2025
504368,106476,6/7/2025,23/7/2025
504369,106475,6/7/2025,10/8/2025
504370,106473,6/7/2025,10/11/2025
504371,106471,6/7/2025,11/7/2025
504372,106470,6/7/2025,7/4/2026
504373,106468,6/7/2025,7/9/2025
504374,106466,6/7/2025,21/7/2025
504375,106465,6/7/2025,25/9/2025
504376,106464,6/7/2025,29/7/2025
504377,106462,6/7/2025,
504378,106460,6/7/2025,1/9/2025
504379,106459,6/7/2025,19/9/2025
504380,106478,6/7/2025,13/7/2025
504381,106530,7/7/2025,12/8/2025
504382,106528,7/7/2025,15/7/2025
504383,106525,7/7/2025,9/7/2025
504384,106526,7/7/2025,14/7/2025
504385,106532,7/7/2025,6/1/2026
504386,106527,7/7/2025,18/7/2025
504387,106533,7/7/2025,9/1/2026
504388,106544,7/7/2025,26/10/2025
504389,106536,7/7/2025,16/7/2025
504390,106538,7/7/2025,8/8/2025
504391,106540,7/7/2025,14/1/2026
504392,106542,7/7/2025,26/7/2025
504393,106545,7/7/2025,19/7/2025
504394,106534,7/7/2025,18/7/2025
504395,106524,7/7/2025,6/8/2025
504396,106541,7/7/2025,15/7/2025
504397,106520,7/7/2025,9/3/2026
504398,102420,7/7/2025,28/7/2025
504399,106522,7/7/2025,
504400,106508,7/7/2025,2/1/2026
504401,106510,7/7/2025,15/9/2025
504402,106512,7/7/2025,22/7/2025
504403,106507,7/7/2025,12/12/2025
504404,106514,7/7/2025,8/7/2025
504405,106516,7/7/2025,5/12/2025
504406,106517,7/7/2025,11/7/2025
504407,106518,7/7/2025,15/7/2025
504408,106513,7/7/2025,1/8/2026
504409,106574,8/7/2025,23/7/2025
504410,106565,8/7/2025,20/8/2025
504411,106567,8/7/2025,9/7/2025
504412,106568,8/7/2025,11/11/2025
504413,106570,8/7/2025,16/7/2025
504414,106572,8/7/2025,10/8/2025
504415,106575,8/7/2025,23/7/2025
504416,106582,8/7/2025,24/7/2025
504417,106577,8/7/2025,19/7/2025
504418,106578,8/7/2025,4/10/2025
504419,106580,8/7/2025,6/8/2025
504420,106564,8/7/2025,6/9/2025
504421,106583,8/7/2025,18/8/2025
504422,106586,8/7/2025,26/1/2026
504423,106576,8/7/2025,17/7/2025
504424,106562,8/7/2025,5/10/2025
504425,106585,8/7/2025,31/7/2025
504426,106559,8/7/2025,15/8/2025
504427,100267,8/7/2025,24/11/2025
504428,100796,8/7/2025,12/7/2025
504429,100025,8/7/2025,12/10/2025
504430,106546,8/7/2025,
504431,106547,8/7/2025,19/7/2025
504432,106549,8/7/2025,
504433,106561,8/7/2025,12/7/2025
504434,106551,8/7/2025,11/7/2025
504435,106552,8/7/2025,9/7/2025
504436,106554,8/7/2025,11/7/2025
504437,106555,8/7/2025,4/1/2026
504438,106556,8/7/2025,1/4/2026
504439,106557,8/7/2025,2/9/2025
504440,106550,8/7/2025,26/3/2026
504441,106609,9/7/2025,
504442,106611,9/7/2025,19/9/2025
504443,106613,9/7/2025,4/4/2026
504444,106614,9/7/2025,10/12/2025
504445,106615,9/7/2025,17/7/2025
504446,106616,9/7/2025,21/8/2025
504447,106621,9/7/2025,9/8/2025
504448,106619,9/7/2025,11/7/2025
504449,106622,9/7/2025,12/7/2025
504450,106624,9/7/2025,17/7/2025
504451,106607,9/7/2025,2/8/2025
504452,106627,9/7/2025,23/9/2025
504453,106617,9/7/2025,2/8/2025
504454,106626,9/7/2025,7/9/2025
504455,106606,9/7/2025,13/7/2025
504456,106603,9/7/2025,14/7/2025
504457,106604,9/7/2025,21/4/2026
504458,104479,9/7/2025,28/6/2026
504459,106587,9/7/2025,
504460,106588,9/7/2025,31/1/2026
504461,106592,9/7/2025,4/8/2025
504462,106593,9/7/2025,1/2/2026
504463,106590,9/7/2025,30/7/2025
504464,106595,9/7/2025,
504465,106597,9/7/2025,24/9/2025
504466,106598,9/7/2025,16/7/2025
504467,106600,9/7/2025,19/7/2025
504468,106601,9/7/2025,5/8/2025
504469,106594,9/7/2025,28/9/2025
504470,106659,10/7/2025,11/7/2025
504471,106654,10/7/2025,21/7/2025
504472,106656,10/7/2025,21/1/2026
504473,106673,10/7/2025,24/8/2025
504474,106657,10/7/2025,14/7/2025
504475,106661,10/7/2025,20/8/2025
504476,106671,10/7/2025,
504477,106664,10/7/2025,25/8/2025
504478,106665,10/7/2025,26/7/2025
504479,106667,10/7/2025,15/7/2025
504480,106668,10/7/2025,11/7/2025
504481,106669,10/7/2025,11/10/2025
504482,106652,10/7/2025,
504483,106663,10/7/2025,
504484,106651,10/7/2025,11/7/2025
504485,106643,10/7/2025,25/7/2025
504486,106648,10/7/2025,20/2/2026
504487,106629,10/7/2025,25/7/2025
504488,106631,10/7/2025,
504489,106632,10/7/2025,31/7/2025
504490,106633,10/7/2025,11/7/2025
504491,106635,10/7/2025,20/10/2025
504492,106636,10/7/2025,16/8/2025
504493,106649,10/7/2025,22/6/2026
504494,106639,10/7/2025,11/7/2025
504495,106640,10/7/2025,29/7/2025
504496,106642,10/7/2025,26/8/2025
504497,106645,10/7/2025,11/7/2025
504498,106646,10/7/2025,27/7/2025
504499,106647,10/7/2025,20/8/2025
504500,106637,10/7/2025,14/12/2025
504501,106695,11/7/2025,
504502,106697,11/7/2025,12/7/2025
504503,106700,11/7/2025,22/7/2025
504504,106702,11/7/2025,14/7/2025
504505,106703,11/7/2025,26/7/2025
504506,106707,11/7/2025,22/7/2025
504507,106706,11/7/2025,22/8/2025
504508,106693,11/7/2025,22/7/2025
504509,106709,11/7/2025,14/7/2025
504510,106710,11/7/2025,
504511,106704,11/7/2025,12/7/2025
504512,106692,11/7/2025,21/7/2025
504513,106698,11/7/2025,18/8/2025
504514,106689,11/7/2025,13/8/2025
504515,106691,11/7/2025,31/7/2025
504516,106675,11/7/2025,12/7/2025
504517,106677,11/7/2025,3/8/2025
504518,106678,11/7/2025,23/7/2025
504519,106681,11/7/2025,18/9/2025
504520,106679,11/7/2025,10/9/2025
504521,106683,11/7/2025,10/12/2025
504522,106684,11/7/2025,25/7/2025
504523,106685,11/7/2025,28/2/2026
504524,106687,11/7/2025,18/7/2025
504525,106682,11/7/2025,23/9/2025
504526,106739,12/7/2025,29/11/2025
504527,106735,12/7/2025,14/9/2025
504528,106736,12/7/2025,20/7/2025
504529,106737,12/7/2025,21/7/2025
504530,106738,12/7/2025,27/7/2025
504531,106740,12/7/2025,10/8/2025
504532,106748,12/7/2025,7/9/2025
504533,106743,12/7/2025,30/8/2025
504534,106744,12/7/2025,15/7/2025
504535,106745,12/7/2025,10/9/2025
504536,106746,12/7/2025,21/8/2025
504537,106750,12/7/2025,3/6/2026
504538,106734,12/7/2025,11/9/2025
504539,106742,12/7/2025,12/11/2025
504540,106732,12/7/2025,31/8/2025
504541,106725,12/7/2025,28/9/2025
504542,106730,12/7/2025,
504543,106731,12/7/2025,13/8/2025
504544,106711,12/7/2025,28/7/2025
504545,106712,12/7/2025,16/7/2025
504546,106715,12/7/2025,2/10/2025
504547,106717,12/7/2025,19/7/2025
504548,106719,12/7/2025,28/11/2025
504549,106714,12/7/2025,25/9/2025
504550,106722,12/7/2025,27/12/2025
504551,106724,12/7/2025,
504552,106727,12/7/2025,17/7/2025
504553,106728,12/7/2025,15/7/2025
504554,106729,12/7/2025,23/8/2025
504555,106721,12/7/2025,24/11/2025
504556,106785,13/7/2025,4/8/2025
504557,106797,13/7/2025,30/7/2025
504558,106786,13/7/2025,15/7/2025
504559,106788,13/7/2025,9/10/2025
504560,106789,13/7/2025,29/11/2025
504561,106791,13/7/2025,25/8/2025
504562,106793,13/7/2025,25/7/2025
504563,106795,13/7/2025,10/10/2025
504564,106799,13/7/2025,19/7/2025
504565,106808,13/7/2025,1/10/2025
504566,106813,13/7/2025,24/7/2025
504567,106802,13/7/2025,15/10/2025
504568,106803,13/7/2025,21/7/2025
504569,106805,13/7/2025,4/10/2025
504570,106807,13/7/2025,10/9/2025
504571,106809,13/7/2025,1/8/2025
504572,106810,13/7/2025,14/7/2025
504573,106811,13/7/2025,11/9/2025
504574,106783,13/7/2025,21/4/2026
504575,106800,13/7/2025,16/7/2025
504576,106782,13/7/2025,8/4/2026
504577,106762,13/7/2025,19/8/2025
504578,106779,13/7/2025,14/7/2025
504579,106780,13/7/2025,
504580,106751,13/7/2025,26/7/2025
504581,106753,13/7/2025,14/7/2025
504582,106754,13/7/2025,14/7/2025
504583,106756,13/7/2025,22/1/2026
504584,106758,13/7/2025,17/7/2025
504585,106759,13/7/2025,4/8/2025
504586,106761,13/7/2025,2/12/2025
504587,106764,13/7/2025,3/9/2025
504588,106757,13/7/2025,8/8/2025
504589,106768,13/7/2025,17/7/2025
504590,106777,13/7/2025,9/9/2025
504591,106776,13/7/2025,31/7/2025
504592,106774,13/7/2025,19/7/2025
504593,106773,13/7/2025,14/7/2025
504594,106766,13/7/2025,4/8/2025
504595,106770,13/7/2025,16/8/2025
504596,106769,13/7/2025,10/2/2026
504597,106772,13/7/2025,16/8/2025
504598,106851,14/7/2025,24/8/2025
504599,106849,14/7/2025,20/7/2025
504600,106848,14/7/2025,14/8/2025
504601,106836,14/7/2025,12/8/2025
504602,106845,14/7/2025,14/8/2025
504603,106843,14/7/2025,20/10/2025
504604,106842,14/7/2025,29/8/2025
504605,106841,14/7/2025,29/7/2025
504606,106839,14/7/2025,15/7/2025
504607,106838,14/7/2025,31/10/2025
504608,106837,14/7/2025,4/3/2026
504609,106847,14/7/2025,28/7/2025
504610,106834,14/7/2025,11/8/2025
504611,106831,14/7/2025,11/6/2026
504612,106832,14/7/2025,24/7/2025
504613,106815,14/7/2025,
504614,106816,14/7/2025,15/7/2025
504615,106818,14/7/2025,21/7/2025
504616,106819,14/7/2025,
504617,106828,14/7/2025,31/7/2025
504618,106822,14/7/2025,3/12/2025
504619,106824,14/7/2025,3/10/2025
504620,106826,14/7/2025,10/8/2025
504621,106829,14/7/2025,3/8/2025
504622,106830,14/7/2025,4/8/2025
504623,106821,14/7/2025,4/5/2026
504624,106872,15/7/2025,18/7/2025
504625,106874,15/7/2025,6/8/2025
504626,106876,15/7/2025,1/11/2025
504627,106877,15/7/2025,21/7/2025
504628,106882,15/7/2025,28/7/2025
504629,106881,15/7/2025,6/11/2025
504630,106883,15/7/2025,16/7/2025
504631,106885,15/7/2025,23/4/2026
504632,106870,15/7/2025,30/7/2025
504633,106879,15/7/2025,12/10/2025
504634,106886,15/7/2025,7/11/2025
504635,106867,15/7/2025,29/7/2025
504636,106866,15/7/2025,6/9/2025
504637,106865,15/7/2025,23/9/2025
504638,106863,15/7/2025,31/7/2025
504639,106861,15/7/2025,26/7/2025
504640,106859,15/7/2025,26/7/2025
504641,106858,15/7/2025,15/10/2025
504642,106857,15/7/2025,29/10/2025
504643,106856,15/7/2025,30/7/2025
504644,106855,15/7/2025,27/1/2026
504645,106853,15/7/2025,20/7/2025
504646,106869,15/7/2025,18/9/2025
504647,106908,16/7/2025,18/3/2026
504648,106909,16/7/2025,21/5/2026
504649,106910,16/7/2025,7/8/2025
504650,106911,16/7/2025,25/7/2025
504651,106913,16/7/2025,1/9/2025
504652,106922,16/7/2025,
504653,106917,16/7/2025,
504654,106918,16/7/2025,28/7/2025
504655,106919,16/7/2025,
504656,106921,16/7/2025,26/12/2025
504657,106907,16/7/2025,2/8/2025
504658,106915,16/7/2025,17/7/2025
504659,106906,16/7/2025,9/9/2025
504660,106903,16/7/2025,9/3/2026
504661,106889,16/7/2025,24/7/2025
504662,106901,16/7/2025,
504663,106900,16/7/2025,20/7/2025
504664,106899,16/7/2025,16/8/2025
504665,106897,16/7/2025,28/1/2026
504666,106896,16/7/2025,6/11/2025
504667,106894,16/7/2025,24/7/2025
504668,106892,16/7/2025,26/10/2025
504669,106891,16/7/2025,17/7/2025
504670,106905,16/7/2025,3/8/2025
504671,106888,16/7/2025,24/7/2025
504672,106887,16/7/2025,21/2/2026
504673,106944,17/7/2025,19/7/2025
504674,106946,17/7/2025,19/8/2025
504675,106948,17/7/2025,10/11/2025
504676,106943,17/7/2025,29/7/2025
504677,106952,17/7/2025,29/7/2025
504678,106953,17/7/2025,19/7/2025
504679,106950,17/7/2025,7/1/2026
504680,106941,17/7/2025,
504681,106932,17/7/2025,
504682,106937,17/7/2025,26/9/2025
504683,106935,17/7/2025,26/7/2025
504684,106933,17/7/2025,
504685,106930,17/7/2025,25/7/2025
504686,106928,17/7/2025,23/8/2025
504687,106926,17/7/2025,2/9/2025
504688,106924,17/7/2025,8/9/2025
504689,106939,17/7/2025,21/7/2025
504690,106976,18/7/2025,21/11/2025
504691,106975,18/7/2025,4/9/2025
504692,106973,18/7/2025,
504693,106971,18/7/2025,21/7/2025
504694,106967,18/7/2025,17/10/2025
504695,106966,18/7/2025,4/9/2025
504696,106965,18/7/2025,5/8/2025
504697,106969,18/7/2025,28/7/2025
504698,106962,18/7/2025,4/9/2025
504699,106961,18/7/2025,20/1/2026
504700,106959,18/7/2025,6/8/2025
504701,106958,18/7/2025,
504702,106956,18/7/2025,29/12/2025
504703,106954,18/7/2025,8/3/2026
504704,106963,18/7/2025,1/9/2025
504705,107003,19/7/2025,23/7/2025
504706,107005,19/7/2025,28/8/2025
504707,107006,19/7/2025,1/10/2025
504708,107008,19/7/2025,30/9/2025
504709,107009,19/7/2025,6/11/2025
504710,107011,19/7/2025,19/9/2025
504711,107015,19/7/2025,
504712,107013,19/7/2025,
504713,107022,19/7/2025,5/1/2026
504714,107016,19/7/2025,14/7/2026
504715,107018,19/7/2025,25/4/2026
504716,107020,19/7/2025,
504717,107002,19/7/2025,21/8/2025
504718,107012,19/7/2025,13/10/2025
504719,107001,19/7/2025,13/10/2025
504720,106983,19/7/2025,22/12/2025
504721,106999,19/7/2025,28/7/2025
504722,107000,19/7/2025,31/1/2026
504723,106978,19/7/2025,11/8/2025
504724,106980,19/7/2025,
504725,106982,19/7/2025,22/8/2025
504726,106986,19/7/2025,19/8/2025
504727,106987,19/7/2025,21/10/2025
504728,106984,19/7/2025,28/7/2025
504729,106990,19/7/2025,28/8/2025
504730,106992,19/7/2025,28/7/2025
504731,106994,19/7/2025,30/7/2025
504732,106996,19/7/2025,16/6/2026
504733,106997,19/7/2025,24/7/2025
504734,106989,19/7/2025,26/7/2025
504735,107053,20/7/2025,16/9/2025
504736,107047,20/7/2025,20/6/2026
504737,107049,20/7/2025,23/2/2026
504738,107051,20/7/2025,31/7/2025
504739,107052,20/7/2025,14/8/2025
504740,107055,20/7/2025,21/7/2025
504741,107067,20/7/2025,31/7/2025
504742,107058,20/7/2025,20/9/2025
504743,107060,20/7/2025,18/9/2025
504744,107062,20/7/2025,6/10/2025
504745,107064,20/7/2025,22/8/2025
504746,107065,20/7/2025,25/9/2025
504747,107068,20/7/2025,26/7/2025
504748,107057,20/7/2025,29/10/2025
504749,107044,20/7/2025,9/8/2025
504750,107046,20/7/2025,28/8/2025
504751,107041,20/7/2025,
504752,107043,20/7/2025,
504753,107023,20/7/2025,12/9/2025
504754,107024,20/7/2025,6/9/2025
504755,107027,20/7/2025,21/8/2025
504756,107029,20/7/2025,24/7/2025
504757,107031,20/7/2025,24/10/2025
504758,107025,20/7/2025,8/9/2025
504759,107034,20/7/2025,30/7/2025
504760,107036,20/7/2025,27/3/2026
504761,107037,20/7/2025,31/8/2025
504762,107038,20/7/2025,31/7/2025
504763,107039,20/7/2025,25/7/2025
504764,107032,20/7/2025,24/8/2025
504765,107100,21/7/2025,
504766,107092,21/7/2025,22/7/2025
504767,107093,21/7/2025,28/7/2025
504768,107094,21/7/2025,18/8/2025
504769,107096,21/7/2025,26/9/2025
504770,107097,21/7/2025,18/9/2025
504771,107098,21/7/2025,19/11/2025
504772,107102,21/7/2025,10/10/2025
504773,107112,21/7/2025,30/7/2025
504774,107106,21/7/2025,19/9/2025
504775,107107,21/7/2025,19/8/2025
504776,107108,21/7/2025,9/3/2026
504777,107109,21/7/2025,30/8/2025
504778,107111,21/7/2025,15/3/2026
504779,107114,21/7/2025,28/7/2025
504780,107091,21/7/2025,7/12/2025
504781,107104,21/7/2025,15/8/2025
504782,107090,21/7/2025,16/9/2025
504783,107074,21/7/2025,9/10/2025
504784,107087,21/7/2025,25/12/2025
504785,100002,21/7/2025,17/8/2025
504786,107071,21/7/2025,27/7/2025
504787,107073,21/7/2025,24/7/2025
504788,107088,21/7/2025,31/7/2025
504789,107075,21/7/2025,15/8/2025
504790,107077,21/7/2025,28/7/2025
504791,107069,21/7/2025,22/10/2025
504792,107079,21/7/2025,18/9/2025
504793,107078,21/7/2025,23/7/2025
504794,107085,21/7/2025,26/10/2025
504795,107086,21/7/2025,31/7/2025
504796,107082,21/7/2025,15/8/2025
504797,107080,21/7/2025,16/8/2025
504798,107083,21/7/2025,26/7/2025
504799,107128,22/7/2025,2/8/2025
504800,107145,22/7/2025,26/7/2025
504801,107143,22/7/2025,17/11/2025
504802,107142,22/7/2025,14/8/2025
504803,107139,22/7/2025,11/8/2025
504804,107138,22/7/2025,
504805,107136,22/7/2025,14/8/2025
504806,107134,22/7/2025,12/8/2025
504807,107133,22/7/2025,20/11/2025
504808,107131,22/7/2025,24/4/2026
504809,107129,22/7/2025,3/2/2026
504810,107127,22/7/2025,16/8/2025
504811,107141,22/7/2025,11/2/2026
504812,107125,22/7/2025,26/7/2025
504813,107126,22/7/2025,27/7/2025
504814,101981,22/7/2025,15/8/2025
504815,100899,22/7/2025,24/7/2025
504816,101957,22/7/2025,
504817,101931,22/7/2025,17/10/2025
504818,107117,22/7/2025,30/7/2025
504819,107119,22/7/2025,1/9/2025
504820,107121,22/7/2025,15/9/2025
504821,107123,22/7/2025,1/8/2025
504822,107115,22/7/2025,28/7/2025
504823,107176,23/7/2025,
504824,107174,23/7/2025,9/3/2026
504825,107163,23/7/2025,12/9/2025
504826,107173,23/7/2025,8/10/2025
504827,107171,23/7/2025,
504828,107169,23/7/2025,
504829,107168,23/7/2025,12/1/2026
504830,107167,23/7/2025,3/8/2025
504831,107166,23/7/2025,15/8/2025
504832,107161,23/7/2025,25/7/2025
504833,107164,23/7/2025,9/9/2025
504834,107158,23/7/2025,30/7/2025
504835,107156,23/7/2025,13/9/2025
504836,107154,23/7/2025,5/10/2025
504837,107152,23/7/2025,14/8/2025
504838,107150,23/7/2025,31/7/2025
504839,107148,23/7/2025,29/7/2025
504840,107147,23/7/2025,5/9/2025
504841,100633,23/7/2025,
504842,107159,23/7/2025,18/2/2026
504843,107203,24/7/2025,4/9/2025
504844,107204,24/7/2025,9/8/2025
504845,107206,24/7/2025,27/9/2025
504846,107208,24/7/2025,3/8/2025
504847,107210,24/7/2025,
504848,107211,24/7/2025,20/8/2025
504849,107212,24/7/2025,20/8/2025
504850,107217,24/7/2025,31/7/2025
504851,107215,24/7/2025,15/10/2025
504852,107216,24/7/2025,2/8/2025
504853,107219,24/7/2025,2/8/2025
504854,107220,24/7/2025,5/8/2025
504855,107202,24/7/2025,27/12/2025
504856,107222,24/7/2025,29/1/2026
504857,107214,24/7/2025,29/11/2025
504858,107200,24/7/2025,14/5/2026
504859,107190,24/7/2025,31/8/2025
504860,107196,24/7/2025,18/3/2026
504861,107178,24/7/2025,8/8/2025
504862,107179,24/7/2025,3/12/2025
504863,107181,24/7/2025,7/8/2025
504864,107183,24/7/2025,24/8/2025
504865,107185,24/7/2025,10/5/2026
504866,107187,24/7/2025,18/8/2025
504867,103231,24/7/2025,25/1/2026
504868,107198,24/7/2025,
504869,107191,24/7/2025,21/9/2025
504870,107192,24/7/2025,25/7/2025
504871,107193,24/7/2025,15/8/2025
504872,107194,24/7/2025,27/7/2025
504873,107195,24/7/2025,6/11/2025
504874,107189,24/7/2025,7/8/2025
504875,107247,25/7/2025,21/8/2025
504876,107249,25/7/2025,5/9/2025
504877,107250,25/7/2025,18/9/2025
504878,107252,25/7/2025,4/2/2026
504879,107253,25/7/2025,18/6/2026
504880,107255,25/7/2025,12/8/2025
504881,107265,25/7/2025,8/2/2026
504882,107258,25/7/2025,10/8/2025
504883,107260,25/7/2025,
504884,107262,25/7/2025,26/9/2025
504885,107263,25/7/2025,28/7/2025
504886,107264,25/7/2025,13/10/2025
504887,107246,25/7/2025,1/9/2025
504888,107257,25/7/2025,
504889,107261,25/7/2025,27/7/2025
504890,107244,25/7/2025,30/7/2025
504891,107241,25/7/2025,7/3/2026
504892,107243,25/7/2025,5/8/2025
504893,107223,25/7/2025,30/6/2026
504894,107225,25/7/2025,3/8/2025
504895,107229,25/7/2025,29/7/2025
504896,107231,25/7/2025,7/12/2025
504897,107227,25/7/2025,1/8/2025
504898,107234,25/7/2025,20/10/2025
504899,107236,25/7/2025,26/9/2025
504900,107237,25/7/2025,19/9/2025
504901,107238,25/7/2025,27/11/2025
504902,107240,25/7/2025,19/8/2025
504903,107232,25/7/2025,29/7/2025
504904,107298,26/7/2025,30/11/2025
504905,107291,26/7/2025,3/8/2025
504906,107292,26/7/2025,4/8/2025
504907,107294,26/7/2025,16/8/2025
504908,107295,26/7/2025,21/10/2025
504909,107296,26/7/2025,11/9/2025
504910,107299,26/7/2025,16/10/2025
504911,107308,26/7/2025,24/11/2025
504912,107302,26/7/2025,14/3/2026
504913,107303,26/7/2025,20/8/2025
504914,107306,26/7/2025,19/8/2025
504915,107307,26/7/2025,3/8/2025
504916,107290,26/7/2025,
504917,107310,26/7/2025,21/9/2025
504918,107301,26/7/2025,30/10/2025
504919,107289,26/7/2025,3/3/2026
504920,107304,26/7/2025,5/8/2025
504921,107286,26/7/2025,22/8/2025
504922,107266,26/7/2025,3/8/2025
504923,107268,26/7/2025,27/7/2025
504924,107272,26/7/2025,16/9/2025
504925,107274,26/7/2025,26/9/2025
504926,107276,26/7/2025,5/8/2025
504927,107270,26/7/2025,25/8/2025
504928,107279,26/7/2025,30/9/2025
504929,107281,26/7/2025,10/8/2025
504930,107283,26/7/2025,2/5/2026
504931,107284,26/7/2025,13/9/2025
504932,107285,26/7/2025,6/8/2025
504933,107278,26/7/2025,30/7/2025
504934,107287,26/7/2025,29/7/2025
504935,107347,27/7/2025,19/10/2025
504936,107340,27/7/2025,
504937,107341,27/7/2025,2/8/2025
504938,107342,27/7/2025,
504939,107343,27/7/2025,10/3/2026
504940,107344,27/7/2025,7/8/2025
504941,107346,27/7/2025,
504942,107362,27/7/2025,18/8/2025
504943,107352,27/7/2025,3/8/2025
504944,107354,27/7/2025,29/7/2025
504945,107356,27/7/2025,31/7/2025
504946,107358,27/7/2025,1/8/2025
504947,107360,27/7/2025,18/10/2025
504948,107338,27/7/2025,18/9/2025
504949,107364,27/7/2025,28/7/2025
504950,107366,27/7/2025,3/12/2025
504951,107350,27/7/2025,6/8/2025
504952,107336,27/7/2025,11/9/2025
504953,107349,27/7/2025,29/7/2025
504954,107333,27/7/2025,11/10/2025
504955,107334,27/7/2025,29/8/2025
504956,104321,27/7/2025,15/11/2025
504957,104177,27/7/2025,21/8/2025
504958,107312,27/7/2025,9/8/2025
504959,107314,27/7/2025,30/7/2025
504960,107315,27/7/2025,15/10/2025
504961,107319,27/7/2025,21/9/2025
504962,107317,27/7/2025,28/10/2025
504963,107322,27/7/2025,5/8/2025
504964,107324,27/7/2025,5/11/2025
504965,107326,27/7/2025,15/10/2025
504966,107327,27/7/2025,12/8/2025
504967,107329,27/7/2025,31/7/2025
504968,107330,27/7/2025,5/10/2025
504969,107331,27/7/2025,14/12/2025
504970,107320,27/7/2025,28/7/2025
504971,107386,28/7/2025,19/9/2025
504972,107382,28/7/2025,22/8/2025
504973,107384,28/7/2025,20/8/2025
504974,107387,28/7/2025,27/8/2025
504975,107398,28/7/2025,2/8/2025
504976,107390,28/7/2025,14/10/2025
504977,107392,28/7/2025,29/7/2025
504978,107394,28/7/2025,18/8/2025
504979,107396,28/7/2025,13/8/2025
504980,107381,28/7/2025,16/9/2025
504981,107388,28/7/2025,27/10/2025
504982,107380,28/7/2025,1/2/2026
504983,107374,28/7/2025,9/8/2025
504984,107378,28/7/2025,18/10/2025
504985,107376,28/7/2025,17/8/2025
504986,107375,28/7/2025,9/3/2026
504987,107372,28/7/2025,28/4/2026
504988,107370,28/7/2025,1/9/2025
504989,107369,28/7/2025,5/8/2025
504990,107367,28/7/2025,2/8/2025
504991,107379,28/7/2025,10/5/2026
504992,100231,28/7/2025,
504993,107414,29/7/2025,25/10/2025
504994,107415,29/7/2025,30/7/2025
504995,107417,29/7/2025,15/8/2025
504996,107419,29/7/2025,
504997,107428,29/7/2025,
504998,107422,29/7/2025,14/8/2025
504999,107423,29/7/2025,
505000,107426,29/7/2025,17/8/2025
505001,107425,29/7/2025,2/8/2025
505002,107421,29/7/2025,12/3/2026
505003,107412,29/7/2025,21/8/2025
505004,107409,29/7/2025,30/7/2025
505005,107407,29/7/2025,4/8/2025
505006,107405,29/7/2025,12/10/2025
505007,107404,29/7/2025,25/9/2025
505008,107403,29/7/2025,12/8/2025
505009,107401,29/7/2025,22/8/2025
505010,107400,29/7/2025,19/8/2025
505011,107399,29/7/2025,20/8/2025
505012,107410,29/7/2025,27/9/2025
505013,107453,30/7/2025,24/8/2025
505014,107456,30/7/2025,25/9/2025
505015,107457,30/7/2025,30/9/2025
505016,107459,30/7/2025,30/4/2026
505017,107460,30/7/2025,31/7/2025
505018,107465,30/7/2025,
505019,107462,30/7/2025,28/8/2025
505020,107463,30/7/2025,
505021,107451,30/7/2025,22/8/2025
505022,107467,30/7/2025,7/8/2025
505023,107469,30/7/2025,21/9/2025
505024,107461,30/7/2025,28/9/2025
505025,107450,30/7/2025,21/8/2025
505026,107454,30/7/2025,17/8/2025
505027,107446,30/7/2025,2/11/2025
505028,107448,30/7/2025,26/9/2025
505029,107430,30/7/2025,13/8/2025
505030,104128,30/7/2025,15/8/2025
505031,107434,30/7/2025,15/9/2025
505032,107436,30/7/2025,5/10/2025
505033,107432,30/7/2025,12/10/2025
505034,107439,30/7/2025,4/8/2025
505035,107441,30/7/2025,14/8/2025
505036,107443,30/7/2025,5/8/2025
505037,107444,30/7/2025,
505038,107437,30/7/2025,15/8/2025
505039,107493,31/7/2025,
505040,107495,31/7/2025,29/12/2025
505041,107497,31/7/2025,21/10/2025
505042,107498,31/7/2025,15/5/2026
505043,107499,31/7/2025,5/8/2025
505044,107500,31/7/2025,15/9/2025
505045,107502,31/7/2025,2/10/2025
505046,107509,31/7/2025,9/4/2026
505047,107504,31/7/2025,9/2/2026
505048,107505,31/7/2025,22/5/2026
505049,107507,31/7/2025,14/5/2026
505050,107512,31/7/2025,19/8/2025
505051,107511,31/7/2025,28/10/2025
505052,107491,31/7/2025,
505053,107503,31/7/2025,13/8/2025
505054,107490,31/7/2025,9/8/2025
505055,107475,31/7/2025,14/1/2026
505056,107487,31/7/2025,1/8/2025
505057,100921,31/7/2025,18/11/2025
505058,107488,31/7/2025,7/8/2025
505059,107470,31/7/2025,12/3/2026
505060,107471,31/7/2025,11/8/2025
505061,107472,31/7/2025,8/8/2025
505062,107476,31/7/2025,19/10/2025
505063,107473,31/7/2025,5/8/2025
505064,107479,31/7/2025,2/12/2025
505065,107480,31/7/2025,19/8/2025
505066,107482,31/7/2025,1/8/2025
505067,107483,31/7/2025,1/12/2025
505068,107484,31/7/2025,18/1/2026
505069,107485,31/7/2025,8/3/2026
505070,107478,31/7/2025,10/8/2025
505071,107542,1/8/2025,25/8/2025
505072,107537,1/8/2025,17/10/2025
505073,107539,1/8/2025,16/8/2025
505074,107541,1/8/2025,19/8/2025
505075,107544,1/8/2025,6/12/2025
505076,107535,1/8/2025,
505077,107547,1/8/2025,4/3/2026
505078,107549,1/8/2025,23/11/2025
505079,107551,1/8/2025,3/4/2026
505080,107552,1/8/2025,12/3/2026
505081,107553,1/8/2025,16/8/2025
505082,107545,1/8/2025,
505083,107533,1/8/2025,5/8/2025
505084,107522,1/8/2025,17/8/2025
505085,107531,1/8/2025,4/8/2025
505086,107514,1/8/2025,3/8/2025
505087,107517,1/8/2025,
505088,107519,1/8/2025,3/8/2025
505089,107520,1/8/2025,4/3/2026
505090,107521,1/8/2025,18/10/2025
505091,107515,1/8/2025,10/8/2025
505092,107524,1/8/2025,
505093,107525,1/8/2025,3/9/2025
505094,107527,1/8/2025,4/9/2025
505095,107529,1/8/2025,24/9/2025
505096,107532,1/8/2025,6/11/2025
505097,107568,2/8/2025,22/9/2025
505098,107581,2/8/2025,16/8/2025
505099,107579,2/8/2025,23/9/2025
505100,107577,2/8/2025,17/8/2025
505101,107576,2/8/2025,14/8/2025
505102,107575,2/8/2025,10/9/2025
505103,107573,2/8/2025,7/4/2026
505104,107572,2/8/2025,28/3/2026
505105,107570,2/8/2025,21/8/2025
505106,107566,2/8/2025,
505107,107567,2/8/2025,24/8/2025
505108,107563,2/8/2025,3/9/2025
505109,107562,2/8/2025,20/1/2026
505110,107561,2/8/2025,2/4/2026
505111,107560,2/8/2025,21/11/2025
505112,107558,2/8/2025,26/8/2025
505113,107557,2/8/2025,
505114,107556,2/8/2025,7/8/2025
505115,107555,2/8/2025,12/8/2025
505116,107564,2/8/2025,6/2/2026
505117,107608,3/8/2025,5/12/2025
505118,107610,3/8/2025,
505119,107612,3/8/2025,19/11/2025
505120,107613,3/8/2025,13/8/2025
505121,107615,3/8/2025,11/8/2025
505122,107617,3/8/2025,26/1/2026
505123,107618,3/8/2025,5/8/2025
505124,107627,3/8/2025,10/8/2025
505125,107620,3/8/2025,7/12/2025
505126,107622,3/8/2025,1/10/2025
505127,107625,3/8/2025,14/11/2025
505128,107629,3/8/2025,6/8/2025
505129,107630,3/8/2025,29/8/2025
505130,107619,3/8/2025,16/9/2025
505131,107606,3/8/2025,18/8/2025
505132,107623,3/8/2025,5/8/2025
505133,107602,3/8/2025,5/8/2025
505134,107604,3/8/2025,25/8/2025
505135,107582,3/8/2025,15/8/2025
505136,107583,3/8/2025,4/8/2025
505137,107584,3/8/2025,30/6/2026
505138,107588,3/8/2025,1/2/2026
505139,107590,3/8/2025,25/10/2025
505140,107586,3/8/2025,20/8/2025
505141,107594,3/8/2025,24/8/2025
505142,107595,3/8/2025,31/8/2025
505143,107597,3/8/2025,14/8/2025
505144,107598,3/8/2025,27/10/2025
505145,107600,3/8/2025,3/9/2025
505146,107592,3/8/2025,25/10/2025
505147,107661,4/8/2025,2/2/2026
505148,107654,4/8/2025,14/11/2025
505149,107656,4/8/2025,5/9/2025
505150,107657,4/8/2025,9/8/2025
505151,107659,4/8/2025,21/2/2026
505152,107663,4/8/2025,19/8/2025
505153,107673,4/8/2025,28/10/2025
505154,107665,4/8/2025,22/2/2026
505155,107667,4/8/2025,16/12/2025
505156,107669,4/8/2025,9/8/2025
505157,107671,4/8/2025,
505158,107652,4/8/2025,27/8/2025
505159,107674,4/8/2025,26/8/2025
505160,107664,4/8/2025,20/8/2025
505161,107651,4/8/2025,8/8/2025
505162,107658,4/8/2025,17/8/2025
505163,107648,4/8/2025,12/8/2025
505164,107646,4/8/2025,5/8/2025
505165,107644,4/8/2025,21/9/2025
505166,107642,4/8/2025,
505167,107641,4/8/2025,29/8/2025
505168,107639,4/8/2025,12/11/2025
505169,107637,4/8/2025,8/8/2025
505170,107636,4/8/2025,11/9/2025
505171,107635,4/8/2025,27/10/2025
505172,107633,4/8/2025,19/8/2025
505173,107631,4/8/2025,7/10/2025
505174,107649,4/8/2025,7/11/2025
505175,101485,4/8/2025,5/8/2025
505176,107691,5/8/2025,10/9/2025
505177,107693,5/8/2025,7/8/2025
505178,107695,5/8/2025,6/8/2025
505179,107703,5/8/2025,21/8/2025
505180,107699,5/8/2025,
505181,107700,5/8/2025,8/8/2025
505182,107702,5/8/2025,4/10/2025
505183,107690,5/8/2025,8/1/2026
505184,107697,5/8/2025,27/9/2025
505185,107688,5/8/2025,27/9/2025
505186,107681,5/8/2025,30/9/2025
505187,107685,5/8/2025,8/8/2025
505188,107683,5/8/2025,14/8/2025
505189,107682,5/8/2025,23/8/2025
505190,107679,5/8/2025,20/3/2026
505191,107677,5/8/2025,20/10/2025
505192,107676,5/8/2025,24/8/2025
505193,103195,5/8/2025,28/8/2025
505194,107687,5/8/2025,24/8/2025
505195,107731,6/8/2025,21/10/2025
505196,107735,6/8/2025,18/12/2025
505197,107730,6/8/2025,7/7/2026
505198,107728,6/8/2025,7/8/2025
505199,107732,6/8/2025,29/3/2026
505200,107733,6/8/2025,20/10/2025
505201,107734,6/8/2025,7/10/2025
505202,107736,6/8/2025,14/9/2025
505203,107747,6/8/2025,15/5/2026
505204,107739,6/8/2025,19/8/2025
505205,107741,6/8/2025,19/8/2025
505206,107742,6/8/2025,21/10/2025
505207,107743,6/8/2025,
505208,107746,6/8/2025,15/3/2026
505209,107726,6/8/2025,16/11/2025
505210,107749,6/8/2025,10/8/2025
505211,107738,6/8/2025,8/8/2025
505212,107724,6/8/2025,30/10/2025
505213,107745,6/8/2025,27/8/2025
505214,107721,6/8/2025,
505215,107722,6/8/2025,22/9/2025
505216,104357,6/8/2025,23/8/2025
505217,107705,6/8/2025,7/9/2025
505218,107706,6/8/2025,9/9/2025
505219,107708,6/8/2025,4/10/2025
505220,107709,6/8/2025,
505221,107711,6/8/2025,20/10/2025
505222,101733,6/8/2025,4/9/2025
505223,107713,6/8/2025,8/8/2025
505224,107715,6/8/2025,24/10/2025
505225,107716,6/8/2025,1/9/2025
505226,107717,6/8/2025,2/10/2025
505227,107718,6/8/2025,
505228,107720,6/8/2025,13/8/2025
505229,107712,6/8/2025,30/10/2025
505230,107774,7/8/2025,21/9/2025
505231,107776,7/8/2025,24/1/2026
505232,107777,7/8/2025,16/8/2025
505233,107779,7/8/2025,21/11/2025
505234,107781,7/8/2025,17/1/2026
505235,107783,7/8/2025,8/8/2025
505236,107784,7/8/2025,23/8/2025
505237,107789,7/8/2025,17/8/2025
505238,107787,7/8/2025,25/9/2025
505239,107790,7/8/2025,8/9/2025
505240,107791,7/8/2025,26/8/2025
505241,107792,7/8/2025,9/8/2025
505242,107773,7/8/2025,23/10/2025
505243,107794,7/8/2025,23/9/2025
505244,107785,7/8/2025,
505245,107772,7/8/2025,17/8/2025
505246,107768,7/8/2025,8/8/2025
505247,107753,7/8/2025,15/8/2025
505248,102616,7/8/2025,24/7/2026
505249,104520,7/8/2025,25/9/2025
505250,107751,7/8/2025,23/9/2025
505251,107754,7/8/2025,28/9/2025
505252,107770,7/8/2025,14/8/2025
505253,107757,7/8/2025,17/8/2025
505254,107756,7/8/2025,
505255,107760,7/8/2025,4/4/2026
505256,107761,7/8/2025,9/8/2025
505257,107763,7/8/2025,20/8/2025
505258,107765,7/8/2025,24/9/2025
505259,107766,7/8/2025,8/4/2026
505260,107758,7/8/2025,23/8/2025
505261,107824,8/8/2025,22/9/2025
505262,107822,8/8/2025,11/8/2025
505263,107821,8/8/2025,17/8/2025
505264,107816,8/8/2025,9/8/2025
505265,107818,8/8/2025,2/9/2025
505266,107826,8/8/2025,23/8/2025
505267,107819,8/8/2025,14/1/2026
505268,107827,8/8/2025,10/10/2025
505269,107840,8/8/2025,24/9/2025
505270,107830,8/8/2025,25/9/2025
505271,107832,8/8/2025,26/8/2025
505272,107833,8/8/2025,24/8/2025
505273,107834,8/8/2025,3/11/2025
505274,107835,8/8/2025,
505275,107839,8/8/2025,24/11/2025
505276,107828,8/8/2025,6/9/2025
505277,107814,8/8/2025,28/8/2025
505278,107837,8/8/2025,9/9/2025
505279,107812,8/8/2025,11/9/2025
505280,107795,8/8/2025,15/9/2025
505281,107797,8/8/2025,17/9/2025
505282,107798,8/8/2025,10/11/2025
505283,107800,8/8/2025,13/8/2025
505284,107801,8/8/2025,25/8/2025
505285,107813,8/8/2025,29/8/2025
505286,107804,8/8/2025,22/8/2025
505287,107806,8/8/2025,23/8/2025
505288,107808,8/8/2025,17/8/2025
505289,107809,8/8/2025,18/10/2025
505290,107811,8/8/2025,27/8/2025
505291,107803,8/8/2025,20/9/2025
505292,107865,9/8/2025,
505293,107866,9/8/2025,16/10/2025
505294,107867,9/8/2025,28/3/2026
505295,107869,9/8/2025,
505296,107871,9/8/2025,
505297,107873,9/8/2025,6/9/2025
505298,107875,9/8/2025,1/9/2025
505299,107881,9/8/2025,22/8/2025
505300,107879,9/8/2025,
505301,107882,9/8/2025,4/12/2025
505302,107884,9/8/2025,8/7/2026
505303,107886,9/8/2025,2/4/2026
505304,107863,9/8/2025,15/11/2025
505305,107888,9/8/2025,10/10/2025
505306,107890,9/8/2025,12/8/2025
505307,107877,9/8/2025,9/7/2026
505308,107861,9/8/2025,8/10/2025
505309,107887,9/8/2025,18/8/2025
505310,107857,9/8/2025,21/8/2025
505311,102129,9/8/2025,3/12/2025
505312,107859,9/8/2025,21/5/2026
505313,105503,9/8/2025,12/12/2025
505314,107841,9/8/2025,12/8/2025
505315,107842,9/8/2025,10/8/2025
505316,107843,9/8/2025,9/9/2025
505317,107845,9/8/2025,13/8/2025
505318,101890,9/8/2025,
505319,107847,9/8/2025,
505320,107849,9/8/2025,2/11/2025
505321,107850,9/8/2025,15/8/2025
505322,107851,9/8/2025,6/11/2025
505323,107852,9/8/2025,5/10/2025
505324,107853,9/8/2025,2/5/2026
505325,107855,9/8/2025,8/11/2025
505326,107846,9/8/2025,7/9/2025
505327,107915,10/8/2025,19/8/2025
505328,107917,10/8/2025,11/8/2025
505329,107919,10/8/2025,14/6/2026
505330,107920,10/8/2025,23/5/2026
505331,107921,10/8/2025,27/8/2025
505332,107922,10/8/2025,25/11/2025
505333,107923,10/8/2025,20/12/2025
505334,107927,10/8/2025,27/6/2026
505335,107925,10/8/2025,24/8/2025
505336,107926,10/8/2025,20/8/2025
505337,107928,10/8/2025,21/1/2026
505338,107930,10/8/2025,11/8/2025
505339,107932,10/8/2025,12/8/2025
505340,107934,10/8/2025,28/8/2025
505341,107924,10/8/2025,12/8/2025
505342,107913,10/8/2025,4/12/2025
505343,107909,10/8/2025,12/1/2026
505344,107910,10/8/2025,11/8/2025
505345,107912,10/8/2025,10/1/2026
505346,103127,10/8/2025,21/8/2025
505347,107892,10/8/2025,18/8/2025
505348,107894,10/8/2025,20/8/2025
505349,107895,10/8/2025,23/2/2026
505350,107896,10/8/2025,29/1/2026
505351,107897,10/8/2025,6/9/2025
505352,103597,10/8/2025,18/9/2025
505353,107900,10/8/2025,
505354,107901,10/8/2025,22/8/2025
505355,107902,10/8/2025,17/8/2025
505356,107903,10/8/2025,1/9/2025
505357,107905,10/8/2025,27/8/2025
505358,107907,10/8/2025,14/3/2026
505359,107898,10/8/2025,3/9/2025
505360,107957,11/8/2025,17/9/2025
505361,107958,11/8/2025,27/1/2026
505362,107959,11/8/2025,27/1/2026
505363,107960,11/8/2025,
505364,107962,11/8/2025,16/8/2025
505365,107969,11/8/2025,16/8/2025
505366,107966,11/8/2025,25/10/2025
505367,107967,11/8/2025,20/8/2025
505368,107970,11/8/2025,26/9/2025
505369,107972,11/8/2025,14/8/2025
505370,107956,11/8/2025,3/10/2025
505371,107964,11/8/2025,28/9/2025
505372,107955,11/8/2025,6/4/2026
505373,107968,11/8/2025,9/10/2025
505374,107953,11/8/2025,16/8/2025
505375,100039,11/8/2025,12/8/2025
505376,107936,11/8/2025,18/8/2025
505377,107938,11/8/2025,12/8/2025
505378,107939,11/8/2025,21/10/2025
505379,107940,11/8/2025,12/9/2025
505380,107942,11/8/2025,
505381,107954,11/8/2025,29/11/2025
505382,107946,11/8/2025,16/10/2025
505383,107947,11/8/2025,1/9/2025
505384,107948,11/8/2025,21/12/2025
505385,107950,11/8/2025,16/10/2025
505386,107952,11/8/2025,26/10/2025
505387,107944,11/8/2025,24/8/2025
505388,108017,12/8/2025,
505389,108009,12/8/2025,14/8/2025
505390,108011,12/8/2025,
505391,108012,12/8/2025,4/9/2025
505392,108013,12/8/2025,14/10/2025
505393,108015,12/8/2025,13/8/2025
505394,108019,12/8/2025,26/10/2025
505395,108031,12/8/2025,19/8/2025
505396,108022,12/8/2025,13/8/2025
505397,108024,12/8/2025,31/8/2025
505398,108026,12/8/2025,18/6/2026
505399,108027,12/8/2025,9/1/2026
505400,108029,12/8/2025,26/11/2025
505401,108007,12/8/2025,18/8/2025
505402,108033,12/8/2025,15/8/2025
505403,108020,12/8/2025,8/2/2026
505404,108003,12/8/2025,16/8/2025
505405,108005,12/8/2025,12/2/2026
505406,102170,12/8/2025,22/7/2026
505407,108002,12/8/2025,8/1/2026
505408,107974,12/8/2025,9/12/2025
505409,107976,12/8/2025,23/8/2025
505410,107978,12/8/2025,15/9/2025
505411,107980,12/8/2025,11/5/2026
505412,107983,12/8/2025,8/12/2025
505413,107985,12/8/2025,15/8/2025
505414,107982,12/8/2025,5/12/2025
505415,107989,12/8/2025,10/10/2025
505416,107990,12/8/2025,14/10/2025
505417,107992,12/8/2025,
505418,107994,12/8/2025,15/8/2025
505419,107996,12/8/2025,15/8/2025
505420,107998,12/8/2025,27/8/2025
505421,108000,12/8/2025,15/10/2025
505422,107987,12/8/2025,25/6/2026
505423,108072,13/8/2025,3/6/2026
505424,108063,13/8/2025,21/8/2025
505425,108065,13/8/2025,
505426,108067,13/8/2025,16/9/2025
505427,108069,13/8/2025,23/8/2025
505428,108071,13/8/2025,9/9/2025
505429,108074,13/8/2025,2/10/2025
505430,108062,13/8/2025,3/9/2025
505431,108078,13/8/2025,3/10/2025
505432,108080,13/8/2025,23/10/2025
505433,108081,13/8/2025,25/8/2025
505434,108084,13/8/2025,5/9/2025
505435,108086,13/8/2025,
505436,108088,13/8/2025,10/11/2025
505437,108090,13/8/2025,
505438,108076,13/8/2025,20/8/2025
505439,108060,13/8/2025,24/11/2025
505440,108082,13/8/2025,4/11/2025
505441,108057,13/8/2025,8/1/2026
505442,108058,13/8/2025,16/8/2025
505443,108036,13/8/2025,22/8/2025
505444,108037,13/8/2025,6/9/2025
505445,108039,13/8/2025,14/8/2025
505446,108041,13/8/2025,5/1/2026
505447,108043,13/8/2025,28/12/2025
505448,108044,13/8/2025,17/11/2025
505449,108045,13/8/2025,18/8/2025
505450,108035,13/8/2025,9/10/2025
505451,108049,13/8/2025,1/12/2025
505452,108050,13/8/2025,23/8/2025
505453,108051,13/8/2025,15/11/2025
505454,108052,13/8/2025,19/9/2025
505455,108053,13/8/2025,16/10/2025
505456,108055,13/8/2025,
505457,108047,13/8/2025,27/10/2025
505458,108056,13/8/2025,6/9/2025
505459,108116,14/8/2025,
505460,108118,14/8/2025,12/3/2026
505461,108120,14/8/2025,18/11/2025
505462,108121,14/8/2025,
505463,108123,14/8/2025,1/11/2025
505464,108124,14/8/2025,18/10/2025
505465,108125,14/8/2025,29/9/2025
505466,108130,14/8/2025,9/7/2026
505467,108129,14/8/2025,
505468,108131,14/8/2025,16/8/2025
505469,108133,14/8/2025,19/8/2025
505470,108135,14/8/2025,16/6/2026
505471,108136,14/8/2025,
505472,108115,14/8/2025,28/8/2025
505473,108138,14/8/2025,24/8/2025
505474,108126,14/8/2025,24/11/2025
505475,108114,14/8/2025,20/3/2026
505476,108127,14/8/2025,20/10/2025
505477,108111,14/8/2025,15/8/2025
505478,108112,14/8/2025,23/8/2025
505479,108092,14/8/2025,12/10/2025
505480,108093,14/8/2025,17/4/2026
505481,108094,14/8/2025,25/12/2025
505482,108095,14/8/2025,29/8/2025
505483,108096,14/8/2025,29/8/2025
505484,108097,14/8/2025,26/1/2026
505485,100719,14/8/2025,4/9/2025
505486,108100,14/8/2025,15/8/2025
505487,108102,14/8/2025,5/1/2026
505488,108104,14/8/2025,19/8/2025
505489,108106,14/8/2025,8/9/2025
505490,108107,14/8/2025,26/4/2026
505491,108109,14/8/2025,18/8/2025
505492,108110,14/8/2025,
505493,108098,14/8/2025,19/10/2025
505494,108160,15/8/2025,
505495,108162,15/8/2025,14/10/2025
505496,108163,15/8/2025,21/8/2025
505497,108165,15/8/2025,3/9/2025
505498,108166,15/8/2025,22/8/2025
505499,108174,15/8/2025,24/8/2025
505500,108170,15/8/2025,16/8/2025
505501,108172,15/8/2025,18/8/2025
505502,108175,15/8/2025,17/8/2025
505503,108177,15/8/2025,29/12/2025
505504,108178,15/8/2025,18/9/2025
505505,108159,15/8/2025,24/9/2025
505506,108168,15/8/2025,24/9/2025
505507,108157,15/8/2025,1/9/2025
505508,108153,15/8/2025,11/11/2025
505509,108154,15/8/2025,20/8/2025
505510,108156,15/8/2025,24/8/2025
505511,108139,15/8/2025,31/8/2025
505512,108140,15/8/2025,9/9/2025
505513,108142,15/8/2025,22/5/2026
505514,108143,15/8/2025,6/2/2026
505515,108141,15/8/2025,17/8/2025
505516,108146,15/8/2025,13/5/2026
505517,108148,15/8/2025,5/1/2026
505518,108149,15/8/2025,13/10/2025
505519,108151,15/8/2025,17/8/2025
505520,108145,15/8/2025,22/8/2025
505521,108208,16/8/2025,26/12/2025
505522,108202,16/8/2025,9/10/2025
505523,108204,16/8/2025,14/3/2026
505524,108205,16/8/2025,6/11/2025
505525,108207,16/8/2025,
505526,108210,16/8/2025,22/8/2025
505527,108219,16/8/2025,25/10/2025
505528,108212,16/8/2025,24/9/2025
505529,108213,16/8/2025,26/3/2026
505530,108215,16/8/2025,15/5/2026
505531,108217,16/8/2025,20/8/2025
505532,108201,16/8/2025,16/9/2025
505533,108211,16/8/2025,3/10/2025
505534,108200,16/8/2025,16/9/2025
505535,108192,16/8/2025,26/8/2025
505536,108196,16/8/2025,3/9/2025
505537,100156,16/8/2025,17/9/2025
505538,108182,16/8/2025,28/9/2025
505539,108183,16/8/2025,
505540,108184,16/8/2025,28/10/2025
505541,108186,16/8/2025,23/8/2025
505542,108180,16/8/2025,1/9/2025
505543,108189,16/8/2025,
505544,108190,16/8/2025,30/11/2025
505545,108198,16/8/2025,9/9/2025
505546,108194,16/8/2025,23/8/2025
505547,108188,16/8/2025,22/1/2026
505548,108265,17/8/2025,24/9/2025
505549,108254,17/8/2025,17/9/2025
505550,108256,17/8/2025,1/3/2026
505551,108258,17/8/2025,24/8/2025
505552,108259,17/8/2025,12/9/2025
505553,108260,17/8/2025,20/8/2025
505554,108261,17/8/2025,26/12/2025
505555,108262,17/8/2025,23/8/2025
505556,108263,17/8/2025,24/8/2025
505557,108267,17/8/2025,
505558,108277,17/8/2025,23/8/2025
505559,108270,17/8/2025,14/10/2025
505560,108272,17/8/2025,26/9/2025
505561,108274,17/8/2025,6/10/2025
505562,108275,17/8/2025,3/1/2026
505563,108253,17/8/2025,14/3/2026
505564,108278,17/8/2025,22/11/2025
505565,108279,17/8/2025,2/9/2025
505566,108280,17/8/2025,
505567,108281,17/8/2025,23/8/2025
505568,108269,17/8/2025,9/9/2025
505569,108252,17/8/2025,27/12/2025
505570,108249,17/8/2025,1/12/2025
505571,108227,17/8/2025,16/1/2026
505572,106373,17/8/2025,7/10/2025
505573,108220,17/8/2025,30/11/2025
505574,108222,17/8/2025,28/9/2025
505575,108224,17/8/2025,20/11/2025
505576,108225,17/8/2025,27/8/2025
505577,108226,17/8/2025,
505578,108250,17/8/2025,21/1/2026
505579,108229,17/8/2025,31/8/2025
505580,108231,17/8/2025,29/8/2025
505581,108233,17/8/2025,5/9/2025
505582,108232,17/8/2025,23/10/2025
505583,108236,17/8/2025,9/9/2025
505584,108237,17/8/2025,20/8/2025
505585,108239,17/8/2025,27/11/2025
505586,108240,17/8/2025,29/10/2025
505587,108241,17/8/2025,7/10/2025
505588,108243,17/8/2025,21/8/2025
505589,108244,17/8/2025,31/8/2025
505590,108245,17/8/2025,19/8/2025
505591,108247,17/8/2025,18/10/2025
505592,108234,17/8/2025,21/8/2025
505593,108305,18/8/2025,5/10/2025
505594,108303,18/8/2025,28/8/2025
505595,108304,18/8/2025,19/8/2025
505596,108307,18/8/2025,27/8/2025
505597,108301,18/8/2025,17/9/2025
505598,108311,18/8/2025,9/10/2025
505599,108316,18/8/2025,10/9/2025
505600,108314,18/8/2025,12/9/2025
505601,108309,18/8/2025,31/8/2025
505602,108300,18/8/2025,23/9/2025
505603,108313,18/8/2025,23/8/2025
505604,108296,18/8/2025,21/8/2025
505605,108283,18/8/2025,25/8/2025
505606,108284,18/8/2025,
505607,108285,18/8/2025,26/9/2025
505608,108287,18/8/2025,26/8/2025
505609,108298,18/8/2025,22/10/2025
505610,108289,18/8/2025,21/8/2025
505611,108291,18/8/2025,15/12/2025
505612,108292,18/8/2025,27/9/2025
505613,108294,18/8/2025,18/2/2026
505614,108288,18/8/2025,24/8/2025
505615,108333,19/8/2025,7/10/2025
505616,108344,19/8/2025,22/12/2025
505617,108343,19/8/2025,2/10/2025
505618,108342,19/8/2025,
505619,108341,19/8/2025,
505620,108340,19/8/2025,6/12/2025
505621,108339,19/8/2025,16/9/2025
505622,108338,19/8/2025,5/11/2025
505623,108336,19/8/2025,10/9/2025
505624,108334,19/8/2025,8/2/2026
505625,108331,19/8/2025,27/8/2025
505626,108335,19/8/2025,31/12/2025
505627,108328,19/8/2025,5/9/2025
505628,108330,19/8/2025,22/10/2025
505629,108319,19/8/2025,30/10/2025
505630,108320,19/8/2025,9/9/2025
505631,108322,19/8/2025,22/8/2025
505632,108317,19/8/2025,28/9/2025
505633,108324,19/8/2025,17/4/2026
505634,108325,19/8/2025,2/9/2025
505635,108327,19/8/2025,11/7/2026
505636,108323,19/8/2025,21/8/2025
505637,108376,20/8/2025,24/8/2025
505638,108388,20/8/2025,23/1/2026
505639,108378,20/8/2025,29/8/2025
505640,108379,20/8/2025,10/9/2025
505641,108381,20/8/2025,21/8/2025
505642,108383,20/8/2025,26/12/2025
505643,108385,20/8/2025,3/7/2026
505644,108386,20/8/2025,9/5/2026
505645,108404,20/8/2025,26/3/2026
505646,108396,20/8/2025,29/5/2026
505647,108391,20/8/2025,1/10/2025
505648,108392,20/8/2025,13/9/2025
505649,108394,20/8/2025,25/9/2025
505650,108397,20/8/2025,25/8/2025
505651,108399,20/8/2025,12/9/2025
505652,108402,20/8/2025,6/9/2025
505653,108400,20/8/2025,24/9/2025
505654,108374,20/8/2025,31/8/2025
505655,108389,20/8/2025,4/9/2025
505656,108372,20/8/2025,9/9/2025
505657,108356,20/8/2025,17/12/2025
505658,108368,20/8/2025,3/10/2025
505659,102326,20/8/2025,24/9/2025
505660,106534,20/8/2025,24/9/2025
505661,108370,20/8/2025,22/8/2025
505662,108346,20/8/2025,
505663,108348,20/8/2025,14/12/2025
505664,108350,20/8/2025,5/3/2026
505665,108353,20/8/2025,14/11/2025
505666,108354,20/8/2025,8/10/2025
505667,108352,20/8/2025,6/12/2025
505668,108359,20/8/2025,22/8/2025
505669,108361,20/8/2025,25/9/2025
505670,108362,20/8/2025,11/4/2026
505671,108363,20/8/2025,24/9/2025
505672,108364,20/8/2025,23/1/2026
505673,108365,20/8/2025,6/12/2025
505674,108367,20/8/2025,17/10/2025
505675,108358,20/8/2025,16/9/2025
505676,108429,21/8/2025,4/10/2025
505677,108423,21/8/2025,
505678,108425,21/8/2025,3/12/2025
505679,108427,21/8/2025,7/10/2025
505680,108431,21/8/2025,13/1/2026
505681,108438,21/8/2025,22/8/2025
505682,108434,21/8/2025,28/2/2026
505683,108440,21/8/2025,23/8/2025
505684,108436,21/8/2025,10/4/2026
505685,108437,21/8/2025,2/9/2025
505686,108422,21/8/2025,6/9/2025
505687,108433,21/8/2025,9/5/2026
505688,108421,21/8/2025,19/4/2026
505689,108405,21/8/2025,6/9/2025
505690,108418,21/8/2025,10/9/2025
505691,108419,21/8/2025,21/9/2025
505692,108408,21/8/2025,2/7/2026
505693,108410,21/8/2025,4/9/2025
505694,108412,21/8/2025,30/10/2025
505695,108406,21/8/2025,27/8/2025
505696,108415,21/8/2025,17/12/2025
505697,108416,21/8/2025,6/10/2025
505698,108417,21/8/2025,
505699,108413,21/8/2025,24/8/2025
505700,108472,22/8/2025,28/2/2026
505701,108466,22/8/2025,30/6/2026
505702,108468,22/8/2025,17/9/2025
505703,108469,22/8/2025,8/9/2025
505704,108470,22/8/2025,8/10/2025
505705,108471,22/8/2025,25/4/2026
505706,108474,22/8/2025,25/8/2025
505707,108480,22/8/2025,7/9/2025
505708,108476,22/8/2025,13/4/2026
505709,108477,22/8/2025,5/9/2025
505710,108479,22/8/2025,10/9/2025
505711,108464,22/8/2025,9/9/2025
505712,108482,22/8/2025,13/9/2025
505713,108484,22/8/2025,29/8/2025
505714,108485,22/8/2025,20/12/2025
505715,108475,22/8/2025,13/12/2025
505716,108463,22/8/2025,15/10/2025
505717,108467,22/8/2025,6/10/2025
505718,108459,22/8/2025,18/10/2025
505719,108461,22/8/2025,27/8/2025
505720,108442,22/8/2025,9/12/2025
505721,108444,22/8/2025,18/9/2025
505722,108448,22/8/2025,30/8/2025
505723,108450,22/8/2025,13/1/2026
505724,108452,22/8/2025,15/12/2025
505725,108446,22/8/2025,30/9/2025
505726,108455,22/8/2025,12/11/2025
505727,108456,22/8/2025,21/12/2025
505728,108457,22/8/2025,1/9/2025
505729,108458,22/8/2025,9/9/2025
505730,108453,22/8/2025,16/10/2025
505731,108520,23/8/2025,23/9/2025
505732,108506,23/8/2025,31/8/2025
505733,108508,23/8/2025,8/2/2026
505734,108510,23/8/2025,7/11/2025
505735,108512,23/8/2025,26/8/2025
505736,108514,23/8/2025,19/10/2025
505737,108516,23/8/2025,6/11/2025
505738,108518,23/8/2025,5/3/2026
505739,108523,23/8/2025,26/8/2025
505740,108534,23/8/2025,27/11/2025
505741,108525,23/8/2025,30/9/2025
505742,108527,23/8/2025,20/11/2025
505743,108528,23/8/2025,16/10/2025
505744,108529,23/8/2025,24/8/2025
505745,108532,23/8/2025,22/9/2025
505746,108531,23/8/2025,8/9/2025
505747,108530,23/8/2025,21/4/2026
505748,108505,23/8/2025,22/10/2025
505749,108524,23/8/2025,8/9/2025
505750,108504,23/8/2025,15/10/2025
505751,108521,23/8/2025,
505752,108500,23/8/2025,16/1/2026
505753,103332,23/8/2025,10/4/2026
505754,102456,23/8/2025,31/8/2025
505755,104712,23/8/2025,16/9/2025
505756,108486,23/8/2025,28/8/2025
505757,108487,23/8/2025,24/3/2026
505758,108489,23/8/2025,10/9/2025
505759,103774,23/8/2025,24/8/2025
505760,108502,23/8/2025,14/12/2025
505761,108491,23/8/2025,29/9/2025
505762,108490,23/8/2025,6/10/2025
505763,108499,23/8/2025,
505764,108496,23/8/2025,2/10/2025
505765,108498,23/8/2025,15/9/2025
505766,108494,23/8/2025,25/11/2025
505767,108493,23/8/2025,11/1/2026
505768,108495,23/8/2025,21/9/2025
505769,108567,24/8/2025,
505770,108569,24/8/2025,11/10/2025
505771,108570,24/8/2025,21/9/2025
505772,108572,24/8/2025,
505773,108583,24/8/2025,16/10/2025
505774,108574,24/8/2025,
505775,108576,24/8/2025,30/9/2025
505776,108577,24/8/2025,4/11/2025
505777,108579,24/8/2025,30/8/2025
505778,108581,24/8/2025,19/9/2025
505779,108585,24/8/2025,29/12/2025
505780,108589,24/8/2025,11/9/2025
505781,108587,24/8/2025,2/9/2025
505782,108588,24/8/2025,5/11/2025
505783,108590,24/8/2025,26/8/2025
505784,108592,24/8/2025,29/8/2025
505785,108594,24/8/2025,8/9/2025
505786,108565,24/8/2025,8/12/2025
505787,108597,24/8/2025,3/9/2025
505788,108598,24/8/2025,21/9/2025
505789,108599,24/8/2025,6/10/2025
505790,108601,24/8/2025,
505791,108586,24/8/2025,3/9/2025
505792,108596,24/8/2025,6/11/2025
505793,108564,24/8/2025,8/9/2025
505794,108561,24/8/2025,30/9/2025
505795,100366,24/8/2025,25/2/2026
505796,100584,24/8/2025,1/12/2025
505797,108562,24/8/2025,7/11/2025
505798,108535,24/8/2025,5/10/2025
505799,108537,24/8/2025,27/12/2025
505800,108538,24/8/2025,26/8/2025
505801,108540,24/8/2025,26/9/2025
505802,108542,24/8/2025,22/11/2025
505803,108543,24/8/2025,20/11/2025
505804,108539,24/8/2025,31/10/2025
505805,108547,24/8/2025,25/8/2025
505806,108560,24/8/2025,4/10/2025
505807,108559,24/8/2025,3/10/2025
505808,108545,24/8/2025,15/9/2025
505809,108556,24/8/2025,17/9/2025
505810,108557,24/8/2025,26/8/2025
505811,108552,24/8/2025,10/9/2025
505812,108550,24/8/2025,25/9/2025
505813,108548,24/8/2025,4/9/2025
505814,108554,24/8/2025,
505815,108623,25/8/2025,30/8/2025
505816,108633,25/8/2025,17/10/2025
505817,108622,25/8/2025,6/10/2025
505818,108626,25/8/2025,
505819,108628,25/8/2025,10/9/2025
505820,108629,25/8/2025,9/10/2025
505821,108631,25/8/2025,11/3/2026
505822,108634,25/8/2025,
505823,108650,25/8/2025,12/9/2025
505824,108636,25/8/2025,2/9/2025
505825,108637,25/8/2025,
505826,108639,25/8/2025,18/10/2025
505827,108641,25/8/2025,21/9/2025
505828,108643,25/8/2025,
505829,108645,25/8/2025,7/9/2025
505830,108648,25/8/2025,26/8/2025
505831,108646,25/8/2025,17/2/2026
505832,108635,25/8/2025,28/8/2025
505833,108621,25/8/2025,6/11/2025
505834,108625,25/8/2025,26/8/2025
505835,108618,25/8/2025,4/9/2025
505836,101947,25/8/2025,15/9/2025
505837,108619,25/8/2025,29/10/2025
505838,108602,25/8/2025,27/10/2025
505839,108603,25/8/2025,28/10/2025
505840,108607,25/8/2025,21/9/2025
505841,108608,25/8/2025,30/8/2025
505842,108609,25/8/2025,10/9/2025
505843,108605,25/8/2025,26/8/2025
505844,108611,25/8/2025,22/9/2025
505845,108612,25/8/2025,6/10/2025
505846,108614,25/8/2025,3/9/2025
505847,108615,25/8/2025,28/8/2025
505848,108616,25/8/2025,9/5/2026
505849,108617,25/8/2025,17/12/2025
505850,108610,25/8/2025,26/8/2025
505851,108683,26/8/2025,1/9/2025
505852,108676,26/8/2025,4/9/2025
505853,108677,26/8/2025,23/10/2025
505854,108678,26/8/2025,22/10/2025
505855,108679,26/8/2025,25/9/2025
505856,108680,26/8/2025,28/8/2025
505857,108682,26/8/2025,11/3/2026
505858,108685,26/8/2025,20/9/2025
505859,108693,26/8/2025,1/9/2025
505860,108687,26/8/2025,17/9/2025
505861,108688,26/8/2025,21/4/2026
505862,108690,26/8/2025,1/9/2025
505863,108691,26/8/2025,7/9/2025
505864,108692,26/8/2025,30/9/2025
505865,108675,26/8/2025,27/6/2026
505866,108695,26/8/2025,8/9/2025
505867,108686,26/8/2025,17/9/2025
505868,108674,26/8/2025,28/8/2025
505869,108669,26/8/2025,29/8/2025
505870,108671,26/8/2025,2/11/2025
505871,101715,26/8/2025,12/10/2025
505872,108673,26/8/2025,16/10/2025
505873,108652,26/8/2025,
505874,108653,26/8/2025,3/10/2025
505875,108655,26/8/2025,16/9/2025
505876,108657,26/8/2025,25/4/2026
505877,108656,26/8/2025,20/9/2025
505878,108661,26/8/2025,19/9/2025
505879,108663,26/8/2025,16/2/2026
505880,108664,26/8/2025,27/4/2026
505881,108666,26/8/2025,
505882,108667,26/8/2025,5/9/2025
505883,108659,26/8/2025,7/9/2025
505884,108722,27/8/2025,28/8/2025
505885,108718,27/8/2025,3/11/2025
505886,108719,27/8/2025,
505887,108717,27/8/2025,31/8/2025
505888,108721,27/8/2025,
505889,108723,27/8/2025,
505890,108733,27/8/2025,17/2/2026
505891,108726,27/8/2025,13/9/2025
505892,108736,27/8/2025,22/10/2025
505893,108729,27/8/2025,4/9/2025
505894,108735,27/8/2025,17/9/2025
505895,108731,27/8/2025,9/9/2025
505896,108715,27/8/2025,7/9/2025
505897,108724,27/8/2025,18/4/2026
505898,108713,27/8/2025,2/9/2025
505899,108728,27/8/2025,2/9/2025
505900,108711,27/8/2025,1/12/2025
505901,103671,27/8/2025,12/12/2025
505902,104516,27/8/2025,2/2/2026
505903,108712,27/8/2025,9/12/2025
505904,108696,27/8/2025,1/9/2025
505905,108697,27/8/2025,31/8/2025
505906,108700,27/8/2025,11/9/2025
505907,108699,27/8/2025,18/12/2025
505908,108703,27/8/2025,23/10/2025
505909,108704,27/8/2025,6/9/2025
505910,108706,27/8/2025,28/9/2025
505911,108708,27/8/2025,2/9/2025
505912,108709,27/8/2025,30/8/2025
505913,108710,27/8/2025,20/9/2025
505914,108701,27/8/2025,28/1/2026
505915,108764,28/8/2025,24/6/2026
505916,108759,28/8/2025,15/9/2025
505917,108761,28/8/2025,20/3/2026
505918,108763,28/8/2025,10/10/2025
505919,108766,28/8/2025,12/9/2025
505920,108771,28/8/2025,3/11/2025
505921,108768,28/8/2025,29/8/2025
505922,108769,28/8/2025,5/10/2025
505923,108770,28/8/2025,21/9/2025
505924,108757,28/8/2025,19/9/2025
505925,108767,28/8/2025,25/10/2025
505926,108755,28/8/2025,6/12/2025
505927,108753,28/8/2025,16/12/2025
505928,108752,28/8/2025,17/9/2025
505929,108737,28/8/2025,2/9/2025
505930,108738,28/8/2025,30/3/2026
505931,108741,28/8/2025,21/2/2026
505932,108742,28/8/2025,9/1/2026
505933,108739,28/8/2025,9/1/2026
505934,108745,28/8/2025,28/10/2025
505935,108747,28/8/2025,2/2/2026
505936,108749,28/8/2025,27/10/2025
505937,108751,28/8/2025,8/1/2026
505938,108743,28/8/2025,
505939,108808,29/8/2025,18/9/2025
505940,108800,29/8/2025,20/9/2025
505941,108802,29/8/2025,19/9/2025
505942,108804,29/8/2025,30/8/2025
505943,108806,29/8/2025,7/10/2025
505944,108807,29/8/2025,23/9/2025
505945,108810,29/8/2025,30/8/2025
505946,108818,29/8/2025,3/9/2025
505947,108813,29/8/2025,4/2/2026
505948,108815,29/8/2025,12/9/2025
505949,108816,29/8/2025,2/11/2025
505950,108823,29/8/2025,
505951,108799,29/8/2025,21/6/2026
505952,108820,29/8/2025,
505953,108821,29/8/2025,16/9/2025
505954,108812,29/8/2025,9/9/2025
505955,108798,29/8/2025,30/8/2025
505956,108772,29/8/2025,17/9/2025
505957,108795,29/8/2025,23/10/2025
505958,101230,29/8/2025,16/12/2025
505959,108796,29/8/2025,17/9/2025
505960,108774,29/8/2025,19/9/2025
505961,108776,29/8/2025,12/10/2025
505962,108779,29/8/2025,24/11/2025
505963,108780,29/8/2025,7/10/2025
505964,108777,29/8/2025,
505965,108784,29/8/2025,28/12/2025
505966,108785,29/8/2025,21/9/2025
505967,108787,29/8/2025,30/8/2025
505968,108789,29/8/2025,10/10/2025
505969,108791,29/8/2025,
505970,108793,29/8/2025,11/10/2025
505971,108782,29/8/2025,17/2/2026
505972,108852,30/8/2025,15/11/2025
505973,108845,30/8/2025,4/9/2025
505974,108847,30/8/2025,8/11/2025
505975,108849,30/8/2025,10/9/2025
505976,108850,30/8/2025,25/4/2026
505977,108854,30/8/2025,1/9/2025
505978,108861,30/8/2025,28/9/2025
505979,108856,30/8/2025,13/9/2025
505980,108857,30/8/2025,
505981,108858,30/8/2025,2/9/2025
505982,108843,30/8/2025,7/9/2025
505983,108859,30/8/2025,7/9/2025
505984,108855,30/8/2025,17/9/2025
505985,108842,30/8/2025,30/3/2026
505986,108825,30/8/2025,15/9/2025
505987,108840,30/8/2025,3/9/2025
505988,108824,30/8/2025,
505989,108826,30/8/2025,
505990,108827,30/8/2025,5/7/2026
505991,108829,30/8/2025,27/2/2026
505992,108831,30/8/2025,26/10/2025
505993,108841,30/8/2025,6/12/2025
505994,108834,30/8/2025,3/9/2025
505995,108835,30/8/2025,6/10/2025
505996,108837,30/8/2025,
505997,108839,30/8/2025,7/9/2025
505998,108833,30/8/2025,13/10/2025
505999,108907,31/8/2025,
506000,108895,31/8/2025,19/3/2026
506001,108896,31/8/2025,13/11/2025
506002,108898,31/8/2025,9/9/2025
506003,108899,31/8/2025,16/9/2025
506004,108901,31/8/2025,16/9/2025
506005,108903,31/8/2025,27/12/2025
506006,108905,31/8/2025,2/9/2025
506007,108908,31/8/2025,1/11/2025
506008,108916,31/8/2025,27/12/2025
506009,108910,31/8/2025,23/9/2025
506010,108911,31/8/2025,14/2/2026
506011,108913,31/8/2025,4/9/2025
506012,108914,31/8/2025,8/10/2025
506013,108891,31/8/2025,
506014,108918,31/8/2025,15/9/2025
506015,108920,31/8/2025,14/9/2025
506016,108922,31/8/2025,27/9/2025
506017,108924,31/8/2025,11/10/2025
506018,108909,31/8/2025,1/9/2025
506019,108890,31/8/2025,17/9/2025
506020,108893,31/8/2025,15/11/2025
506021,108887,31/8/2025,5/9/2025
506022,104198,31/8/2025,
506023,103293,31/8/2025,13/9/2025
506024,108889,31/8/2025,19/4/2026
506025,108862,31/8/2025,8/9/2025
506026,108863,31/8/2025,3/10/2025
506027,108865,31/8/2025,24/11/2025
506028,108866,31/8/2025,15/10/2025
506029,108870,31/8/2025,7/9/2025
506030,108872,31/8/2025,24/2/2026
506031,108868,31/8/2025,5/9/2025
506032,108874,31/8/2025,1/9/2025
506033,108876,31/8/2025,4/9/2025
506034,108877,31/8/2025,4/2/2026
506035,108879,31/8/2025,28/1/2026
506036,108881,31/8/2025,10/11/2025
506037,108882,31/8/2025,10/10/2025
506038,108883,31/8/2025,28/10/2025
506039,108885,31/8/2025,8/3/2026
506040,108873,31/8/2025,20/10/2025
506041,108961,1/9/2025,14/1/2026
506042,108952,1/9/2025,26/10/2025
506043,108954,1/9/2025,8/9/2025
506044,108955,1/9/2025,19/9/2025
506045,108957,1/9/2025,19/1/2026
506046,108959,1/9/2025,26/9/2025
506047,108962,1/9/2025,29/12/2025
506048,108975,1/9/2025,
506049,108965,1/9/2025,2/9/2025
506050,108966,1/9/2025,3/10/2025
506051,108967,1/9/2025,20/12/2025
506052,108969,1/9/2025,3/9/2025
506053,108971,1/9/2025,
506054,108973,1/9/2025,26/2/2026
506055,108951,1/9/2025,2/9/2025
506056,108964,1/9/2025,
506057,108950,1/9/2025,12/9/2025
506058,108953,1/9/2025,6/10/2025
506059,108948,1/9/2025,7/9/2025
506060,104419,1/9/2025,2/9/2025
506061,108926,1/9/2025,28/9/2025
506062,108927,1/9/2025,
506063,108929,1/9/2025,24/10/2025
506064,108931,1/9/2025,16/9/2025
506065,108934,1/9/2025,14/3/2026
506066,108936,1/9/2025,
506067,108933,1/9/2025,4/11/2025
506068,108939,1/9/2025,30/6/2026
506069,108941,1/9/2025,12/4/2026
506070,108943,1/9/2025,16/9/2025
506071,108944,1/9/2025,21/6/2026
506072,108946,1/9/2025,2/9/2025
506073,108937,1/9/2025,30/1/2026
506074,108949,1/9/2025,9/11/2025
506075,109009,2/9/2025,22/9/2025
506076,109000,2/9/2025,16/5/2026
506077,109002,2/9/2025,24/9/2025
506078,109004,2/9/2025,8/10/2025
506079,109005,2/9/2025,22/10/2025
506080,109007,2/9/2025,3/9/2025
506081,109019,2/9/2025,20/9/2025
506082,109014,2/9/2025,
506083,109016,2/9/2025,25/9/2025
506084,109017,2/9/2025,29/9/2025
506085,109018,2/9/2025,12/9/2025
506086,108999,2/9/2025,8/9/2025
506087,109021,2/9/2025,
506088,109012,2/9/2025,31/10/2025
506089,108998,2/9/2025,11/9/2025
506090,109011,2/9/2025,13/11/2025
506091,108995,2/9/2025,29/12/2025
506092,108977,2/9/2025,25/1/2026
506093,108996,2/9/2025,3/10/2025
506094,108980,2/9/2025,20/10/2025
506095,108981,2/9/2025,30/6/2026
506096,108983,2/9/2025,25/1/2026
506097,108979,2/9/2025,18/9/2025
506098,108986,2/9/2025,31/10/2025
506099,108988,2/9/2025,10/1/2026
506100,108989,2/9/2025,25/10/2025
506101,108991,2/9/2025,13/9/2025
506102,108993,2/9/2025,3/9/2025
506103,108984,2/9/2025,21/2/2026
506104,109046,3/9/2025,4/9/2025
506105,109044,3/9/2025,13/9/2025
506106,109043,3/9/2025,7/10/2025
506107,109041,3/9/2025,9/10/2025
506108,109039,3/9/2025,9/11/2025
506109,109037,3/9/2025,4/9/2025
506110,109036,3/9/2025,6/6/2026
506111,109033,3/9/2025,11/9/2025
506112,109035,3/9/2025,17/10/2025
506113,109031,3/9/2025,7/9/2025
506114,109030,3/9/2025,20/11/2025
506115,109028,3/9/2025,6/9/2025
506116,109027,3/9/2025,23/9/2025
506117,109025,3/9/2025,22/10/2025
506118,109023,3/9/2025,
506119,104760,3/9/2025,19/9/2025
506120,109032,3/9/2025,10/9/2025
506121,109071,4/9/2025,28/10/2025
506122,109072,4/9/2025,
506123,109074,4/9/2025,23/9/2025
506124,109076,4/9/2025,5/9/2025
506125,109077,4/9/2025,30/12/2025
506126,109079,4/9/2025,16/9/2025
506127,109081,4/9/2025,9/9/2025
506128,109088,4/9/2025,9/9/2025
506129,109085,4/9/2025,30/9/2025
506130,109086,4/9/2025,4/1/2026
506131,109090,4/9/2025,5/10/2025
506132,109091,4/9/2025,26/9/2025
506133,109093,4/9/2025,12/9/2025
506134,109095,4/9/2025,26/1/2026
506135,109070,4/9/2025,10/2/2026
506136,109083,4/9/2025,28/12/2025
506137,109069,4/9/2025,6/1/2026
506138,109048,4/9/2025,4/11/2025
506139,109066,4/9/2025,7/10/2025
506140,105502,4/9/2025,5/9/2025
506141,109067,4/9/2025,17/5/2026
506142,109050,4/9/2025,18/9/2025
506143,109054,4/9/2025,20/9/2025
506144,109056,4/9/2025,12/9/2025
506145,109057,4/9/2025,18/9/2025
506146,109052,4/9/2025,19/9/2025
506147,109060,4/9/2025,19/9/2025
506148,109061,4/9/2025,17/9/2025
506149,109062,4/9/2025,18/12/2025
506150,109064,4/9/2025,
506151,109065,4/9/2025,19/12/2025
506152,109059,4/9/2025,30/9/2025
506153,109126,5/9/2025,18/3/2026
506154,109117,5/9/2025,1/10/2025
506155,109119,5/9/2025,17/6/2026
506156,109121,5/9/2025,2/10/2025
506157,109122,5/9/2025,18/9/2025
506158,109123,5/9/2025,
506159,109124,5/9/2025,24/12/2025
506160,109128,5/9/2025,
506161,109136,5/9/2025,9/9/2025
506162,109132,5/9/2025,23/10/2025
506163,109133,5/9/2025,
506164,109134,5/9/2025,24/9/2025
506165,109135,5/9/2025,7/9/2025
506166,109116,5/9/2025,8/9/2025
506167,109138,5/9/2025,27/9/2025
506168,109139,5/9/2025,23/9/2025
506169,109130,5/9/2025,30/10/2025
506170,109115,5/9/2025,
506171,109111,5/9/2025,6/9/2025
506172,109112,5/9/2025,2/10/2025
506173,105403,5/9/2025,17/9/2025
506174,109114,5/9/2025,7/10/2025
506175,109097,5/9/2025,6/9/2025
506176,109099,5/9/2025,25/3/2026
506177,109101,5/9/2025,30/12/2025
506178,109102,5/9/2025,14/9/2025
506179,109103,5/9/2025,22/9/2025
506180,100817,5/9/2025,23/11/2025
506181,109105,5/9/2025,8/9/2025
506182,109107,5/9/2025,9/12/2025
506183,109108,5/9/2025,11/9/2025
506184,109109,5/9/2025,10/9/2025
506185,109110,5/9/2025,2/10/2025
506186,109104,5/9/2025,8/3/2026
506187,109170,6/9/2025,23/9/2025
506188,109159,6/9/2025,4/10/2025
506189,109160,6/9/2025,29/10/2025
506190,109161,6/9/2025,10/9/2025
506191,109162,6/9/2025,17/2/2026
506192,109166,6/9/2025,24/11/2025
506193,109164,6/9/2025,18/9/2025
506194,109156,6/9/2025,5/5/2026
506195,109168,6/9/2025,
506196,109167,6/9/2025,10/9/2025
506197,109163,6/9/2025,14/9/2025
506198,109154,6/9/2025,7/9/2025
506199,109158,6/9/2025,13/3/2026
506200,109151,6/9/2025,27/9/2025
506201,102722,6/9/2025,13/12/2025
506202,109140,6/9/2025,14/10/2025
506203,109142,6/9/2025,29/9/2025
506204,109143,6/9/2025,28/12/2025
506205,109153,6/9/2025,27/11/2025
506206,109147,6/9/2025,
506207,109148,6/9/2025,
506208,109150,6/9/2025,
506209,109145,6/9/2025,8/9/2025
506210,109215,7/9/2025,
506211,109206,7/9/2025,2/10/2025
506212,109208,7/9/2025,8/3/2026
506213,109209,7/9/2025,25/9/2025
506214,109211,7/9/2025,29/9/2025
506215,109213,7/9/2025,18/9/2025
506216,109214,7/9/2025,11/10/2025
506217,109216,7/9/2025,29/6/2026
506218,109222,7/9/2025,4/12/2025
506219,109219,7/9/2025,11/9/2025
506220,109220,7/9/2025,2/11/2025
506221,109203,7/9/2025,12/11/2025
506222,109224,7/9/2025,15/9/2025
506223,109225,7/9/2025,20/11/2025
506224,109226,7/9/2025,15/9/2025
506225,109228,7/9/2025,22/10/2025
506226,109230,7/9/2025,5/11/2025
506227,109218,7/9/2025,4/12/2025
506228,109201,7/9/2025,11/1/2026
506229,109204,7/9/2025,8/9/2025
506230,109199,7/9/2025,22/12/2025
506231,103027,7/9/2025,9/9/2025
506232,109200,7/9/2025,29/9/2025
506233,109172,7/9/2025,9/3/2026
506234,109174,7/9/2025,23/9/2025
506235,109175,7/9/2025,8/9/2025
506236,109177,7/9/2025,12/9/2025
506237,109179,7/9/2025,
506238,109181,7/9/2025,9/9/2025
506239,109178,7/9/2025,8/10/2025
506240,109185,7/9/2025,4/10/2025
506241,109187,7/9/2025,24/9/2025
506242,109188,7/9/2025,11/9/2025
506243,109190,7/9/2025,12/9/2025
506244,109192,7/9/2025,20/9/2025
506245,109193,7/9/2025,10/10/2025
506246,109195,7/9/2025,
506247,109197,7/9/2025,
506248,109183,7/9/2025,14/10/2025
506249,109266,8/9/2025,20/11/2025
506250,109258,8/9/2025,24/12/2025
506251,109260,8/9/2025,26/1/2026
506252,109261,8/9/2025,20/9/2025
506253,109263,8/9/2025,13/9/2025
506254,109264,8/9/2025,27/9/2025
506255,109267,8/9/2025,15/11/2025
506256,109256,8/9/2025,9/9/2025
506257,109270,8/9/2025,15/9/2025
506258,109272,8/9/2025,
506259,109274,8/9/2025,11/3/2026
506260,109276,8/9/2025,14/11/2025
506261,109278,8/9/2025,5/1/2026
506262,109279,8/9/2025,26/10/2025
506263,109268,8/9/2025,22/3/2026
506264,109255,8/9/2025,16/10/2025
506265,109273,8/9/2025,
506266,109251,8/9/2025,11/9/2025
506267,109234,8/9/2025,12/9/2025
506268,109253,8/9/2025,10/9/2025
506269,109235,8/9/2025,14/2/2026
506270,109236,8/9/2025,17/3/2026
506271,109238,8/9/2025,28/2/2026
506272,109239,8/9/2025,14/12/2025
506273,109232,8/9/2025,19/6/2026
506274,109243,8/9/2025,22/10/2025
506275,109245,8/9/2025,12/9/2025
506276,109246,8/9/2025,10/10/2025
506277,109248,8/9/2025,10/11/2025
506278,109249,8/9/2025,14/11/2025
506279,109241,8/9/2025,28/9/2025
506280,109301,9/9/2025,1/6/2026
506281,109303,9/9/2025,15/2/2026
506282,109304,9/9/2025,18/9/2025
506283,109305,9/9/2025,4/12/2025
506284,109306,9/9/2025,11/9/2025
506285,109307,9/9/2025,17/1/2026
506286,109313,9/9/2025,16/9/2025
506287,109311,9/9/2025,23/9/2025
506288,109315,9/9/2025,24/9/2025
506289,109316,9/9/2025,10/9/2025
506290,109318,9/9/2025,21/9/2025
506291,109299,9/9/2025,1/3/2026
506292,109309,9/9/2025,14/1/2026
506293,109298,9/9/2025,12/11/2025
506294,109297,9/9/2025,13/1/2026
506295,109296,9/9/2025,12/11/2025
506296,101701,9/9/2025,27/9/2025
506297,104423,9/9/2025,27/3/2026
506298,109281,9/9/2025,22/9/2025
506299,109282,9/9/2025,17/9/2025
506300,109286,9/9/2025,7/10/2025
506301,109287,9/9/2025,19/9/2025
506302,109284,9/9/2025,10/9/2025
506303,109290,9/9/2025,10/10/2025
506304,109291,9/9/2025,26/9/2025
506305,109293,9/9/2025,18/10/2025
506306,109294,9/9/2025,31/10/2025
506307,109295,9/9/2025,12/11/2025
506308,109288,9/9/2025,27/10/2025
506309,109357,10/9/2025,30/9/2025
506310,109351,10/9/2025,5/2/2026
506311,109352,10/9/2025,3/4/2026
506312,109354,10/9/2025,18/1/2026
506313,109356,10/9/2025,14/9/2025
506314,109359,10/9/2025,5/7/2026
506315,109370,10/9/2025,
506316,109362,10/9/2025,26/9/2025
506317,109364,10/9/2025,5/7/2026
506318,109365,10/9/2025,4/2/2026
506319,109366,10/9/2025,30/11/2025
506320,109368,10/9/2025,25/9/2025
506321,109350,10/9/2025,26/3/2026
506322,109360,10/9/2025,16/9/2025
506323,109348,10/9/2025,27/1/2026
506324,109323,10/9/2025,11/9/2025
506325,109344,10/9/2025,13/9/2025
506326,109346,10/9/2025,15/9/2025
506327,109319,10/9/2025,20/2/2026
506328,109321,10/9/2025,
506329,109327,10/9/2025,21/10/2025
506330,109329,10/9/2025,
506331,109330,10/9/2025,24/7/2026
506332,109325,10/9/2025,
506333,109334,10/9/2025,9/12/2025
506334,109335,10/9/2025,30/9/2025
506335,109337,10/9/2025,24/11/2025
506336,109339,10/9/2025,27/9/2025
506337,109341,10/9/2025,25/2/2026
506338,109343,10/9/2025,23/9/2025
506339,109332,10/9/2025,19/9/2025
506340,109406,11/9/2025,14/9/2025
506341,109397,11/9/2025,13/9/2025
506342,109398,11/9/2025,12/10/2025
506343,109399,11/9/2025,28/9/2025
506344,109401,11/9/2025,6/10/2025
506345,109403,11/9/2025,17/9/2025
506346,109405,11/9/2025,27/9/2025
506347,109408,11/9/2025,16/12/2025
506348,109421,11/9/2025,15/9/2025
506349,109411,11/9/2025,
506350,109413,11/9/2025,6/10/2025
506351,109415,11/9/2025,9/10/2025
506352,109417,11/9/2025,17/11/2025
506353,109419,11/9/2025,26/1/2026
506354,109423,11/9/2025,19/9/2025
506355,109396,11/9/2025,16/9/2025
506356,109409,11/9/2025,20/9/2025
506357,109394,11/9/2025,7/1/2026
506358,109379,11/9/2025,28/9/2025
506359,109391,11/9/2025,15/2/2026
506360,109371,11/9/2025,22/4/2026
506361,109372,11/9/2025,17/11/2025
506362,109373,11/9/2025,24/9/2025
506363,109375,11/9/2025,15/9/2025
506364,109376,11/9/2025,13/1/2026
506365,109377,11/9/2025,10/5/2026
506366,109380,11/9/2025,3/10/2025
506367,109393,11/9/2025,17/9/2025
506368,109382,11/9/2025,16/9/2025
506369,109383,11/9/2025,25/9/2025
506370,109385,11/9/2025,15/10/2025
506371,109387,11/9/2025,30/9/2025
506372,109388,11/9/2025,22/9/2025
506373,109389,11/9/2025,27/10/2025
506374,109381,11/9/2025,
506375,109477,12/9/2025,15/9/2025
506376,109451,12/9/2025,
506377,109453,12/9/2025,20/2/2026
506378,109454,12/9/2025,1/11/2025
506379,109456,12/9/2025,21/10/2025
506380,109458,12/9/2025,1/10/2025
506381,109459,12/9/2025,15/10/2025
506382,109461,12/9/2025,
506383,109467,12/9/2025,21/9/2025
506384,109463,12/9/2025,9/1/2026
506385,109465,12/9/2025,
506386,109469,12/9/2025,11/1/2026
506387,109470,12/9/2025,18/9/2025
506388,109472,12/9/2025,18/9/2025
506389,109474,12/9/2025,25/12/2025
506390,109449,12/9/2025,17/9/2025
506391,109462,12/9/2025,14/10/2025
506392,109475,12/9/2025,10/10/2025
506393,109448,12/9/2025,1/12/2025
506394,109445,12/9/2025,20/9/2025
506395,109446,12/9/2025,28/12/2025
506396,109424,12/9/2025,
506397,109426,12/9/2025,14/9/2025
506398,109429,12/9/2025,1/11/2025
506399,109430,12/9/2025,16/4/2026
506400,109431,12/9/2025,20/3/2026
506401,109432,12/9/2025,15/9/2025
506402,109427,12/9/2025,24/9/2025
506403,109436,12/9/2025,19/1/2026
506404,109437,12/9/2025,22/12/2025
506405,109439,12/9/2025,31/1/2026
506406,109441,12/9/2025,19/10/2025
506407,109442,12/9/2025,4/10/2025
506408,109443,12/9/2025,13/9/2025
506409,109434,12/9/2025,20/9/2025
506410,109513,13/9/2025,29/9/2025
506411,109506,13/9/2025,17/9/2025
506412,109507,13/9/2025,
506413,109508,13/9/2025,26/12/2025
506414,109509,13/9/2025,
506415,109510,13/9/2025,26/11/2025
506416,109511,13/9/2025,9/3/2026
506417,109512,13/9/2025,25/9/2025
506418,109514,13/9/2025,23/9/2025
506419,109526,13/9/2025,22/11/2025
506420,109516,13/9/2025,28/9/2025
506421,109527,13/9/2025,30/10/2025
506422,109517,13/9/2025,6/10/2025
506423,109519,13/9/2025,14/10/2025
506424,109520,13/9/2025,12/11/2025
506425,109504,13/9/2025,27/10/2025
506426,109524,13/9/2025,
506427,109522,13/9/2025,28/9/2025
506428,109515,13/9/2025,29/4/2026
506429,109502,13/9/2025,19/9/2025
506430,109483,13/9/2025,19/12/2025
506431,109499,13/9/2025,14/11/2025
506432,100362,13/9/2025,27/9/2025
506433,102466,13/9/2025,24/9/2025
506434,109479,13/9/2025,23/3/2026
506435,109481,13/9/2025,22/9/2025
506436,109482,13/9/2025,22/9/2025
506437,109485,13/9/2025,20/9/2025
506438,109487,13/9/2025,18/12/2025
506439,109488,13/9/2025,27/10/2025
506440,109500,13/9/2025,9/12/2025
506441,109490,13/9/2025,15/9/2025
506442,109491,13/9/2025,10/11/2025
506443,109492,13/9/2025,15/9/2025
506444,109493,13/9/2025,4/11/2025
506445,109494,13/9/2025,18/5/2026
506446,109496,13/9/2025,18/9/2025
506447,109497,13/9/2025,15/10/2025
506448,109489,13/9/2025,27/10/2025
506449,109553,14/9/2025,18/6/2026
506450,109555,14/9/2025,15/9/2025
506451,109556,14/9/2025,8/10/2025
506452,109558,14/9/2025,2/7/2026
506453,109560,14/9/2025,30/9/2025
506454,109562,14/9/2025,24/9/2025
506455,109563,14/9/2025,10/11/2025
506456,109567,14/9/2025,14/1/2026
506457,109565,14/9/2025,24/9/2025
506458,109566,14/9/2025,19/9/2025
506459,109569,14/9/2025,3/2/2026
506460,109570,14/9/2025,25/10/2025
506461,109571,14/9/2025,3/12/2025
506462,109573,14/9/2025,5/5/2026
506463,109551,14/9/2025,15/3/2026
506464,109564,14/9/2025,29/12/2025
506465,109550,14/9/2025,25/10/2025
506466,109543,14/9/2025,
506467,109547,14/9/2025,18/9/2025
506468,103077,14/9/2025,25/9/2025
506469,109529,14/9/2025,3/1/2026
506470,109549,14/9/2025,31/10/2025
506471,109532,14/9/2025,27/9/2025
506472,109533,14/9/2025,30/10/2025
506473,109534,14/9/2025,2/2/2026
506474,109535,14/9/2025,10/11/2025
506475,109531,14/9/2025,20/2/2026
506476,109537,14/9/2025,
506477,109539,14/9/2025,14/3/2026
506478,109541,14/9/2025,15/9/2025
506479,109545,14/9/2025,2/10/2025
506480,109546,14/9/2025,7/6/2026
506481,109536,14/9/2025,23/9/2025
506482,109591,15/9/2025,9/4/2026
506483,109592,15/9/2025,19/10/2025
506484,109594,15/9/2025,19/9/2025
506485,109597,15/9/2025,21/9/2025
506486,109600,15/9/2025,24/9/2025
506487,109601,15/9/2025,4/12/2025
506488,109603,15/9/2025,18/9/2025
506489,109602,15/9/2025,16/9/2025
506490,109590,15/9/2025,23/2/2026
506491,109598,15/9/2025,10/10/2025
506492,109589,15/9/2025,18/9/2025
506493,109595,15/9/2025,24/9/2025
506494,109586,15/9/2025,5/11/2025
506495,109574,15/9/2025,12/10/2025
506496,109576,15/9/2025,8/11/2025
506497,109577,15/9/2025,18/9/2025
506498,109578,15/9/2025,4/1/2026
506499,109587,15/9/2025,25/11/2025
506500,109582,15/9/2025,5/11/2025
506501,109583,15/9/2025,13/11/2025
506502,109584,15/9/2025,26/10/2025
506503,109585,15/9/2025,11/11/2025
506504,109580,15/9/2025,16/9/2025
506505,109629,16/9/2025,
506506,109630,16/9/2025,19/9/2025
506507,109632,16/9/2025,21/9/2025
506508,109634,16/9/2025,16/11/2025
506509,109635,16/9/2025,16/1/2026
506510,109640,16/9/2025,5/2/2026
506511,109639,16/9/2025,23/11/2025
506512,109641,16/9/2025,9/10/2025
506513,109642,16/9/2025,7/11/2025
506514,109627,16/9/2025,1/10/2025
506515,109645,16/9/2025,8/10/2025
506516,109637,16/9/2025,10/12/2025
506517,109625,16/9/2025,22/9/2025
506518,109644,16/9/2025,23/9/2025
506519,109622,16/9/2025,6/12/2025
506520,109605,16/9/2025,16/11/2025
506521,109607,16/9/2025,5/10/2025
506522,109609,16/9/2025,21/11/2025
506523,109611,16/9/2025,1/11/2025
506524,109613,16/9/2025,11/1/2026
506525,102619,16/9/2025,
506526,109615,16/9/2025,20/9/2025
506527,109614,16/9/2025,21/9/2025
506528,109620,16/9/2025,25/9/2025
506529,109624,16/9/2025,31/12/2025
506530,109617,16/9/2025,4/10/2025
506531,109619,16/9/2025,18/9/2025
506532,109678,17/9/2025,6/10/2025
506533,109664,17/9/2025,4/12/2025
506534,109677,17/9/2025,28/1/2026
506535,109676,17/9/2025,
506536,109673,17/9/2025,24/9/2025
506537,109671,17/9/2025,8/1/2026
506538,109670,17/9/2025,24/11/2025
506539,109669,17/9/2025,28/9/2025
506540,109668,17/9/2025,1/11/2025
506541,109667,17/9/2025,11/10/2025
506542,109665,17/9/2025,31/3/2026
506543,109674,17/9/2025,
506544,109661,17/9/2025,3/11/2025
506545,109660,17/9/2025,11/11/2025
506546,109659,17/9/2025,30/12/2025
506547,109658,17/9/2025,24/9/2025
506548,109657,17/9/2025,29/9/2025
506549,109656,17/9/2025,
506550,109654,17/9/2025,10/11/2025
506551,109653,17/9/2025,29/9/2025
506552,109651,17/9/2025,27/11/2025
506553,109649,17/9/2025,
506554,109648,17/9/2025,23/12/2025
506555,109647,17/9/2025,27/9/2025
506556,109663,17/9/2025,18/5/2026
506557,109698,18/9/2025,2/11/2025
506558,109700,18/9/2025,20/9/2025
506559,109702,18/9/2025,8/1/2026
506560,109703,18/9/2025,9/10/2025
506561,109696,18/9/2025,24/1/2026
506562,109713,18/9/2025,29/11/2025
506563,109707,18/9/2025,24/1/2026
506564,109709,18/9/2025,
506565,109711,18/9/2025,13/11/2025
506566,109704,18/9/2025,5/11/2025
506567,109694,18/9/2025,1/11/2025
506568,109706,18/9/2025,8/12/2025
506569,109691,18/9/2025,16/10/2025
506570,109692,18/9/2025,28/9/2025
506571,100316,18/9/2025,3/7/2026
506572,109681,18/9/2025,7/4/2026
506573,109682,18/9/2025,16/10/2025
506574,109679,18/9/2025,15/1/2026
506575,109686,18/9/2025,26/9/2025
506576,109687,18/9/2025,9/2/2026
506577,109689,18/9/2025,18/10/2025
506578,109690,18/9/2025,
506579,109684,18/9/2025,27/9/2025
506580,109745,19/9/2025,29/12/2025
506581,109734,19/9/2025,3/10/2025
506582,109736,19/9/2025,7/1/2026
506583,109737,19/9/2025,
506584,109739,19/9/2025,24/10/2025
506585,109743,19/9/2025,26/3/2026
506586,109746,19/9/2025,23/9/2025
506587,109752,19/9/2025,5/10/2025
506588,109749,19/9/2025,20/9/2025
506589,109750,19/9/2025,20/9/2025
506590,109751,19/9/2025,10/10/2025
506591,109732,19/9/2025,23/9/2025
506592,109753,19/9/2025,9/10/2025
506593,109754,19/9/2025,4/11/2025
506594,109748,19/9/2025,4/1/2026
506595,109730,19/9/2025,2/5/2026
506596,109741,19/9/2025,25/10/2025
506597,109727,19/9/2025,
506598,109729,19/9/2025,12/10/2025
506599,100827,19/9/2025,22/10/2025
506600,109716,19/9/2025,16/2/2026
506601,109717,19/9/2025,7/10/2025
506602,109718,19/9/2025,27/9/2025
506603,109719,19/9/2025,29/11/2025
506604,109714,19/9/2025,20/9/2025
506605,109722,19/9/2025,21/12/2025
506606,109723,19/9/2025,28/9/2025
506607,109724,19/9/2025,22/9/2025
506608,109725,19/9/2025,22/11/2025
506609,109726,19/9/2025,13/10/2025
506610,109721,19/9/2025,
506611,109801,20/9/2025,22/9/2025
506612,109799,20/9/2025,20/10/2025
506613,109798,20/9/2025,9/5/2026
506614,109796,20/9/2025,2/10/2025
506615,109794,20/9/2025,22/9/2025
506616,109793,20/9/2025,15/12/2025
506617,109792,20/9/2025,11/10/2025
506618,109802,20/9/2025,24/10/2025
506619,109790,20/9/2025,14/3/2026
506620,109795,20/9/2025,17/10/2025
506621,109804,20/9/2025,8/10/2025
506622,109815,20/9/2025,23/9/2025
506623,109807,20/9/2025,2/10/2025
506624,109809,20/9/2025,2/12/2025
506625,109810,20/9/2025,17/3/2026
506626,109812,20/9/2025,10/10/2025
506627,109813,20/9/2025,13/11/2025
506628,109816,20/9/2025,4/11/2025
506629,109818,20/9/2025,30/10/2025
506630,109819,20/9/2025,27/12/2025
506631,109822,20/9/2025,15/10/2025
506632,109820,20/9/2025,
506633,109789,20/9/2025,22/9/2025
506634,109805,20/9/2025,18/1/2026
506635,109788,20/9/2025,6/10/2025
506636,109800,20/9/2025,23/10/2025
506637,109785,20/9/2025,28/7/2026
506638,109786,20/9/2025,
506639,109755,20/9/2025,30/9/2025
506640,109757,20/9/2025,3/2/2026
506641,109760,20/9/2025,21/9/2025
506642,109762,20/9/2025,5/10/2025
506643,109764,20/9/2025,13/10/2025
506644,109766,20/9/2025,30/10/2025
506645,109768,20/9/2025,22/9/2025
506646,109769,20/9/2025,19/11/2025
506647,109759,20/9/2025,23/10/2025
506648,109772,20/9/2025,4/10/2025
506649,109774,20/9/2025,19/10/2025
506650,109775,20/9/2025,23/9/2025
506651,109777,20/9/2025,23/9/2025
506652,109779,20/9/2025,29/9/2025
506653,109780,20/9/2025,25/12/2025
506654,109782,20/9/2025,23/9/2025
506655,109770,20/9/2025,30/9/2025
506656,109783,20/9/2025,7/10/2025
506657,109863,21/9/2025,12/1/2026
506658,109841,21/9/2025,27/5/2026
506659,109843,21/9/2025,
506660,109845,21/9/2025,
506661,109846,21/9/2025,22/9/2025
506662,109848,21/9/2025,8/10/2025
506663,109851,21/9/2025,12/10/2025
506664,109857,21/9/2025,
506665,109854,21/9/2025,26/9/2025
506666,109855,21/9/2025,3/10/2025
506667,109858,21/9/2025,22/10/2025
506668,109860,21/9/2025,7/11/2025
506669,109862,21/9/2025,22/10/2025
506670,109839,21/9/2025,10/2/2026
506671,109852,21/9/2025,29/9/2025
506672,109838,21/9/2025,17/10/2025
506673,109849,21/9/2025,23/9/2025
506674,109836,21/9/2025,23/9/2025
506675,100976,21/9/2025,1/2/2026
506676,104058,21/9/2025,10/10/2025
506677,109823,21/9/2025,22/9/2025
506678,109825,21/9/2025,9/1/2026
506679,109827,21/9/2025,23/9/2025
506680,102634,21/9/2025,29/9/2025
506681,109829,21/9/2025,14/10/2025
506682,109828,21/9/2025,4/1/2026
506683,109835,21/9/2025,11/11/2025
506684,109837,21/9/2025,24/9/2025
506685,109832,21/9/2025,23/9/2025
506686,109830,21/9/2025,
506687,109834,21/9/2025,26/10/2025
506688,109877,22/9/2025,12/1/2026
506689,109891,22/9/2025,23/9/2025
506690,109890,22/9/2025,31/12/2025
506691,109888,22/9/2025,27/9/2025
506692,109886,22/9/2025,23/9/2025
506693,109884,22/9/2025,29/9/2025
506694,109882,22/9/2025,17/10/2025
506695,109880,22/9/2025,4/1/2026
506696,109879,22/9/2025,31/12/2025
506697,109889,22/9/2025,29/1/2026
506698,109875,22/9/2025,5/10/2025
506699,109872,22/9/2025,29/9/2025
506700,109871,22/9/2025,16/10/2025
506701,109869,22/9/2025,27/12/2025
506702,109868,22/9/2025,15/12/2025
506703,109867,22/9/2025,10/11/2025
506704,109865,22/9/2025,24/9/2025
506705,109864,22/9/2025,22/10/2025
506706,106143,22/9/2025,26/9/2025
506707,106032,22/9/2025,12/1/2026
506708,109874,22/9/2025,23/9/2025
506709,109926,23/9/2025,6/1/2026
506710,109924,23/9/2025,24/12/2025
506711,109920,23/9/2025,20/1/2026
506712,109927,23/9/2025,
506713,109918,23/9/2025,27/9/2025
506714,109922,23/9/2025,25/9/2025
506715,109929,23/9/2025,24/7/2026
506716,109936,23/9/2025,29/10/2025
506717,109931,23/9/2025,22/12/2025
506718,109933,23/9/2025,8/10/2025
506719,109934,23/9/2025,11/10/2025
506720,109937,23/9/2025,
506721,109917,23/9/2025,2/10/2025
506722,109939,23/9/2025,1/4/2026
506723,109930,23/9/2025,21/11/2025
506724,109916,23/9/2025,18/12/2025
506725,109893,23/9/2025,
506726,109913,23/9/2025,
506727,109894,23/9/2025,5/10/2025
506728,109895,23/9/2025,12/10/2025
506729,109896,23/9/2025,1/10/2025
506730,109898,23/9/2025,19/11/2025
506731,109900,23/9/2025,13/10/2025
506732,109902,23/9/2025,7/10/2025
506733,109914,23/9/2025,1/12/2025
506734,109905,23/9/2025,25/9/2025
506735,109907,23/9/2025,27/9/2025
506736,109909,23/9/2025,13/12/2025
506737,109911,23/9/2025,16/12/2025
506738,109912,23/9/2025,26/9/2025
506739,109903,23/9/2025,26/3/2026
506740,109959,24/9/2025,1/11/2025
506741,109961,24/9/2025,21/10/2025
506742,109962,24/9/2025,16/11/2025
506743,109963,24/9/2025,
506744,109964,24/9/2025,10/11/2025
506745,109965,24/9/2025,6/10/2025
506746,109966,24/9/2025,
506747,109971,24/9/2025,25/9/2025
506748,109969,24/9/2025,7/12/2025
506749,109972,24/9/2025,7/10/2025
506750,109973,24/9/2025,10/6/2026
506751,109975,24/9/2025,
506752,109958,24/9/2025,20/10/2025
506753,109979,24/9/2025,4/1/2026
506754,109967,24/9/2025,3/11/2025
506755,109977,24/9/2025,28/5/2026
506756,109956,24/9/2025,28/9/2025
506757,109954,24/9/2025,28/5/2026
506758,109955,24/9/2025,25/9/2025
506759,101013,24/9/2025,7/10/2025
506760,109941,24/9/2025,26/9/2025
506761,109942,24/9/2025,1/10/2025
506762,109943,24/9/2025,14/10/2025
506763,105576,24/9/2025,9/10/2025
506764,109946,24/9/2025,8/4/2026
506765,109948,24/9/2025,11/12/2025
506766,109949,24/9/2025,22/10/2025
506767,109951,24/9/2025,7/10/2025
506768,109953,24/9/2025,10/12/2025
506769,109945,24/9/2025,25/9/2025
506770,110016,25/9/2025,2/11/2025
506771,110006,25/9/2025,20/4/2026
506772,110008,25/9/2025,3/10/2025
506773,110010,25/9/2025,29/10/2025
506774,110012,25/9/2025,29/9/2025
506775,110013,25/9/2025,29/10/2025
506776,110014,25/9/2025,31/1/2026
506777,110018,25/9/2025,20/10/2025
506778,110030,25/9/2025,
506779,110020,25/9/2025,12/11/2025
506780,110021,25/9/2025,25/1/2026
506781,110023,25/9/2025,1/10/2025
506782,110024,25/9/2025,7/10/2025
506783,110028,25/9/2025,7/1/2026
506784,110026,25/9/2025,1/10/2025
506785,110025,25/9/2025,30/3/2026
506786,110019,25/9/2025,14/11/2025
506787,110003,25/9/2025,2/11/2025
506788,110005,25/9/2025,
506789,109999,25/9/2025,9/11/2025
506790,106329,25/9/2025,18/10/2025
506791,110001,25/9/2025,13/10/2025
506792,109981,25/9/2025,
506793,109983,25/9/2025,19/11/2025
506794,109984,25/9/2025,12/1/2026
506795,109986,25/9/2025,9/3/2026
506796,109985,25/9/2025,2/11/2025
506797,109989,25/9/2025,9/2/2026
506798,109990,25/9/2025,27/9/2025
506799,109992,25/9/2025,
506800,109993,25/9/2025,
506801,109995,25/9/2025,5/10/2025
506802,109997,25/9/2025,8/11/2025
506803,109988,25/9/2025,7/10/2025
506804,110058,26/9/2025,9/10/2025
506805,110051,26/9/2025,31/10/2025
506806,110054,26/9/2025,16/10/2025
506807,110056,26/9/2025,21/4/2026
506808,110059,26/9/2025,27/9/2025
506809,110070,26/9/2025,13/2/2026
506810,110063,26/9/2025,13/10/2025
506811,110065,26/9/2025,7/10/2025
506812,110067,26/9/2025,10/10/2025
506813,110068,26/9/2025,21/10/2025
506814,110049,26/9/2025,27/9/2025
506815,110061,26/9/2025,5/11/2025
506816,110048,26/9/2025,1/10/2025
506817,110053,26/9/2025,5/11/2025
506818,110045,26/9/2025,2/4/2026
506819,110046,26/9/2025,5/10/2025
506820,103291,26/9/2025,16/2/2026
506821,102723,26/9/2025,24/12/2025
506822,110032,26/9/2025,1/6/2026
506823,110034,26/9/2025,10/10/2025
506824,110035,26/9/2025,1/10/2025
506825,104184,26/9/2025,20/10/2025
506826,110038,26/9/2025,15/10/2025
506827,110039,26/9/2025,
506828,110041,26/9/2025,25/3/2026
506829,110042,26/9/2025,8/2/2026
506830,110044,26/9/2025,12/12/2025
506831,110037,26/9/2025,13/10/2025
506832,110102,27/9/2025,29/9/2025
506833,110114,27/9/2025,15/1/2026
506834,110104,27/9/2025,12/10/2025
506835,110105,27/9/2025,9/10/2025
506836,110106,27/9/2025,
506837,110107,27/9/2025,
506838,110109,27/9/2025,18/10/2025
506839,110111,27/9/2025,31/10/2025
506840,110113,27/9/2025,4/10/2025
506841,110116,27/9/2025,1/10/2025
506842,110127,27/9/2025,28/9/2025
506843,110120,27/9/2025,4/10/2025
506844,110121,27/9/2025,1/1/2026
506845,110122,27/9/2025,19/7/2026
506846,110124,27/9/2025,29/5/2026
506847,110125,27/9/2025,22/2/2026
506848,110129,27/9/2025,1/10/2025
506849,110130,27/9/2025,29/5/2026
506850,110132,27/9/2025,13/10/2025
506851,110101,27/9/2025,14/11/2025
506852,110134,27/9/2025,17/7/2026
506853,110099,27/9/2025,30/9/2025
506854,110118,27/9/2025,
506855,110096,27/9/2025,2/10/2025
506856,110097,27/9/2025,
506857,110073,27/9/2025,29/9/2025
506858,110074,27/9/2025,21/10/2025
506859,110075,27/9/2025,6/12/2025
506860,110076,27/9/2025,28/9/2025
506861,110077,27/9/2025,15/1/2026
506862,110078,27/9/2025,
506863,110079,27/9/2025,15/2/2026
506864,110080,27/9/2025,24/1/2026
506865,110081,27/9/2025,24/6/2026
506866,110072,27/9/2025,7/10/2025
506867,110084,27/9/2025,11/12/2025
506868,110086,27/9/2025,9/10/2025
506869,110087,27/9/2025,29/9/2025
506870,110089,27/9/2025,28/9/2025
506871,110090,27/9/2025,30/9/2025
506872,110091,27/9/2025,10/10/2025
506873,110092,27/9/2025,16/12/2025
506874,110093,27/9/2025,26/10/2025
506875,110094,27/9/2025,30/11/2025
506876,110095,27/9/2025,10/10/2025
506877,110082,27/9/2025,4/10/2025
506878,110181,28/9/2025,2/10/2025
506879,110179,28/9/2025,3/12/2025
506880,110178,28/9/2025,2/12/2025
506881,110171,28/9/2025,2/12/2025
506882,110174,28/9/2025,1/11/2025
506883,110173,28/9/2025,2/10/2025
506884,110182,28/9/2025,12/10/2025
506885,110176,28/9/2025,21/2/2026
506886,110184,28/9/2025,20/3/2026
506887,110193,28/9/2025,19/2/2026
506888,110186,28/9/2025,29/11/2025
506889,110187,28/9/2025,4/10/2025
506890,110189,28/9/2025,11/10/2025
506891,110191,28/9/2025,3/10/2025
506892,110195,28/9/2025,12/3/2026
506893,110196,28/9/2025,22/1/2026
506894,110197,28/9/2025,10/10/2025
506895,110199,28/9/2025,30/9/2025
506896,110170,28/9/2025,27/10/2025
506897,110185,28/9/2025,14/10/2025
506898,110168,28/9/2025,29/5/2026
506899,110163,28/9/2025,9/10/2025
506900,110166,28/9/2025,26/11/2025
506901,107953,28/9/2025,30/9/2025
506902,110167,28/9/2025,24/10/2025
506903,110137,28/9/2025,23/12/2025
506904,110139,28/9/2025,8/10/2025
506905,110141,28/9/2025,15/3/2026
506906,110143,28/9/2025,
506907,110145,28/9/2025,9/10/2025
506908,110146,28/9/2025,16/10/2025
506909,110148,28/9/2025,
506910,110136,28/9/2025,27/2/2026
506911,110151,28/9/2025,13/10/2025
506912,110153,28/9/2025,15/10/2025
506913,110155,28/9/2025,8/3/2026
506914,110157,28/9/2025,5/10/2025
506915,110158,28/9/2025,2/10/2025
506916,110160,28/9/2025,9/6/2026
506917,110162,28/9/2025,6/10/2025
506918,110164,28/9/2025,6/1/2026
506919,110150,28/9/2025,12/5/2026
506920,110226,29/9/2025,18/10/2025
506921,110227,29/9/2025,
506922,110228,29/9/2025,31/10/2025
506923,110229,29/9/2025,5/6/2026
506924,110231,29/9/2025,23/12/2025
506925,110232,29/9/2025,11/1/2026
506926,110234,29/9/2025,19/10/2025
506927,110242,29/9/2025,24/2/2026
506928,110238,29/9/2025,19/11/2025
506929,110239,29/9/2025,1/10/2025
506930,110241,29/9/2025,17/11/2025
506931,110244,29/9/2025,9/10/2025
506932,110246,29/9/2025,15/12/2025
506933,110247,29/9/2025,29/10/2025
506934,110224,29/9/2025,24/10/2025
506935,110236,29/9/2025,3/10/2025
506936,110221,29/9/2025,22/2/2026
506937,110222,29/9/2025,8/10/2025
506938,110218,29/9/2025,2/12/2025
506939,103634,29/9/2025,1/4/2026
506940,110200,29/9/2025,2/1/2026
506941,110201,29/9/2025,
506942,110203,29/9/2025,22/10/2025
506943,110205,29/9/2025,3/1/2026
506944,110206,29/9/2025,15/11/2025
506945,110207,29/9/2025,8/2/2026
506946,110219,29/9/2025,16/1/2026
506947,110209,29/9/2025,28/11/2025
506948,110211,29/9/2025,6/10/2025
506949,110212,29/9/2025,
506950,110214,29/9/2025,16/10/2025
506951,110216,29/9/2025,19/11/2025
506952,110208,29/9/2025,28/10/2025
506953,110267,30/9/2025,27/11/2025
506954,110268,30/9/2025,31/10/2025
506955,110270,30/9/2025,
506956,110271,30/9/2025,14/10/2025
506957,110272,30/9/2025,5/10/2025
506958,110274,30/9/2025,1/10/2025
506959,110279,30/9/2025,29/11/2025
506960,110277,30/9/2025,16/12/2025
506961,110281,30/9/2025,4/10/2025
506962,110283,30/9/2025,11/10/2025
506963,110287,30/9/2025,19/10/2025
506964,110265,30/9/2025,
506965,110275,30/9/2025,12/10/2025
506966,110263,30/9/2025,1/10/2025
506967,110285,30/9/2025,6/10/2025
506968,110259,30/9/2025,9/10/2025
506969,110261,30/9/2025,17/1/2026
506970,101549,30/9/2025,
506971,110249,30/9/2025,15/10/2025
506972,110250,30/9/2025,25/10/2025
506973,110248,30/9/2025,19/11/2025
506974,110253,30/9/2025,4/10/2025
506975,110255,30/9/2025,4/10/2025
506976,110257,30/9/2025,9/2/2026
506977,110258,30/9/2025,15/5/2026
506978,110252,30/9/2025,27/12/2025
506979,110311,1/10/2025,31/10/2025
506980,110305,1/10/2025,8/11/2025
506981,110306,1/10/2025,6/10/2025
506982,110308,1/10/2025,19/10/2025
506983,110310,1/10/2025,11/1/2026
506984,110312,1/10/2025,14/10/2025
506985,110320,1/10/2025,17/10/2025
506986,110315,1/10/2025,4/11/2025
506987,110317,1/10/2025,4/10/2025
506988,110318,1/10/2025,27/10/2025
506989,110322,1/10/2025,15/10/2025
506990,110323,1/10/2025,21/10/2025
506991,110314,1/10/2025,9/10/2025
506992,110302,1/10/2025,22/3/2026
506993,110304,1/10/2025,26/10/2025
506994,110300,1/10/2025,18/10/2025
506995,110301,1/10/2025,13/10/2025
506996,110289,1/10/2025,18/12/2025
506997,110290,1/10/2025,4/5/2026
506998,110291,1/10/2025,7/2/2026
506999,110288,1/10/2025,6/11/2025
507000,110294,1/10/2025,25/12/2025
507001,110295,1/10/2025,15/10/2025
507002,110296,1/10/2025,9/10/2025
507003,110298,1/10/2025,1/2/2026
507004,110293,1/10/2025,2/1/2026
507005,110358,2/10/2025,
507006,110350,2/10/2025,21/10/2025
507007,110352,2/10/2025,6/1/2026
507008,110353,2/10/2025,20/1/2026
507009,110354,2/10/2025,17/12/2025
507010,110356,2/10/2025,
507011,110357,2/10/2025,23/6/2026
507012,110359,2/10/2025,3/12/2025
507013,110372,2/10/2025,15/12/2025
507014,110362,2/10/2025,30/1/2026
507015,110363,2/10/2025,13/10/2025
507016,110374,2/10/2025,20/12/2025
507017,110365,2/10/2025,19/11/2025
507018,110370,2/10/2025,30/11/2025
507019,110368,2/10/2025,13/10/2025
507020,110348,2/10/2025,1/12/2025
507021,110366,2/10/2025,9/12/2025
507022,110360,2/10/2025,22/10/2025
507023,110346,2/10/2025,18/12/2025
507024,110326,2/10/2025,3/10/2025
507025,110343,2/10/2025,4/10/2025
507026,100763,2/10/2025,
507027,106580,2/10/2025,1/1/2026
507028,110345,2/10/2025,24/10/2025
507029,110324,2/10/2025,11/2/2026
507030,110328,2/10/2025,22/10/2025
507031,110329,2/10/2025,1/11/2025
507032,110330,2/10/2025,2/11/2025
507033,102984,2/10/2025,
507034,110332,2/10/2025,15/10/2025
507035,110334,2/10/2025,14/4/2026
507036,110336,2/10/2025,10/1/2026
507037,110337,2/10/2025,3/10/2025
507038,110339,2/10/2025,21/4/2026
507039,110340,2/10/2025,14/11/2025
507040,110342,2/10/2025,3/4/2026
507041,110331,2/10/2025,18/2/2026
507042,110396,3/10/2025,
507043,110397,3/10/2025,12/11/2025
507044,110399,3/10/2025,12/10/2025
507045,110401,3/10/2025,17/11/2025
507046,110403,3/10/2025,29/11/2025
507047,110404,3/10/2025,12/10/2025
507048,110408,3/10/2025,23/10/2025
507049,110406,3/10/2025,25/6/2026
507050,110407,3/10/2025,8/10/2025
507051,110410,3/10/2025,24/10/2025
507052,110412,3/10/2025,25/10/2025
507053,110394,3/10/2025,26/2/2026
507054,110405,3/10/2025,
507055,110393,3/10/2025,14/11/2025
507056,110395,3/10/2025,5/4/2026
507057,110390,3/10/2025,12/10/2025
507058,110392,3/10/2025,12/1/2026
507059,107270,3/10/2025,14/10/2025
507060,110375,3/10/2025,29/5/2026
507061,110377,3/10/2025,19/11/2025
507062,110378,3/10/2025,4/10/2025
507063,110380,3/10/2025,13/10/2025
507064,110376,3/10/2025,29/10/2025
507065,110383,3/10/2025,25/12/2025
507066,110385,3/10/2025,2/8/2026
507067,110386,3/10/2025,18/12/2025
507068,110387,3/10/2025,4/10/2025
507069,110389,3/10/2025,20/10/2025
507070,110381,3/10/2025,11/10/2025
507071,110463,4/10/2025,11/11/2025
507072,110453,4/10/2025,22/10/2025
507073,110454,4/10/2025,17/11/2025
507074,110456,4/10/2025,28/11/2025
507075,110449,4/10/2025,
507076,110458,4/10/2025,1/5/2026
507077,110460,4/10/2025,26/10/2025
507078,110462,4/10/2025,7/10/2025
507079,110465,4/10/2025,28/11/2025
507080,110474,4/10/2025,26/1/2026
507081,110467,4/10/2025,5/10/2025
507082,110468,4/10/2025,9/10/2025
507083,110470,4/10/2025,12/10/2025
507084,110472,4/10/2025,
507085,110475,4/10/2025,6/10/2025
507086,110476,4/10/2025,17/1/2026
507087,110477,4/10/2025,
507088,110478,4/10/2025,10/10/2025
507089,110447,4/10/2025,15/12/2025
507090,110466,4/10/2025,2/12/2025
507091,110446,4/10/2025,
507092,110451,4/10/2025,25/4/2026
507093,110442,4/10/2025,4/3/2026
507094,110444,4/10/2025,9/6/2026
507095,110413,4/10/2025,7/10/2025
507096,110415,4/10/2025,10/10/2025
507097,110416,4/10/2025,30/10/2025
507098,110417,4/10/2025,3/5/2026
507099,110419,4/10/2025,15/4/2026
507100,110422,4/10/2025,
507101,110424,4/10/2025,9/12/2025
507102,110426,4/10/2025,6/10/2025
507103,110420,4/10/2025,5/12/2025
507104,110429,4/10/2025,26/11/2025
507105,110427,4/10/2025,15/10/2025
507106,110438,4/10/2025,8/12/2025
507107,110436,4/10/2025,25/4/2026
507108,110434,4/10/2025,19/10/2025
507109,110440,4/10/2025,10/10/2025
507110,110432,4/10/2025,23/11/2025
507111,110430,4/10/2025,8/1/2026
507112,110433,4/10/2025,5/11/2025
507113,110518,5/10/2025,19/2/2026
507114,110509,5/10/2025,23/10/2025
507115,110510,5/10/2025,21/11/2025
507116,110511,5/10/2025,16/10/2025
507117,110513,5/10/2025,26/10/2025
507118,110515,5/10/2025,3/12/2025
507119,110516,5/10/2025,8/1/2026
507120,110520,5/10/2025,18/1/2026
507121,110533,5/10/2025,
507122,110522,5/10/2025,28/1/2026
507123,110524,5/10/2025,18/7/2026
507124,110526,5/10/2025,13/10/2025
507125,110527,5/10/2025,
507126,110529,5/10/2025,30/10/2025
507127,110530,5/10/2025,12/10/2025
507128,110532,5/10/2025,31/1/2026
507129,110507,5/10/2025,20/10/2025
507130,110521,5/10/2025,3/11/2025
507131,110506,5/10/2025,19/11/2025
507132,110500,5/10/2025,19/5/2026
507133,110503,5/10/2025,29/10/2025
507134,100575,5/10/2025,
507135,110505,5/10/2025,10/1/2026
507136,110482,5/10/2025,4/12/2025
507137,110483,5/10/2025,3/1/2026
507138,110484,5/10/2025,6/5/2026
507139,110486,5/10/2025,3/3/2026
507140,110487,5/10/2025,10/10/2025
507141,110488,5/10/2025,12/10/2025
507142,110480,5/10/2025,6/10/2025
507143,110490,5/10/2025,
507144,110492,5/10/2025,21/11/2025
507145,110493,5/10/2025,9/5/2026
507146,110494,5/10/2025,3/1/2026
507147,110496,5/10/2025,24/10/2025
507148,110498,5/10/2025,5/3/2026
507149,110499,5/10/2025,8/6/2026
507150,110502,5/10/2025,12/10/2025
507151,110489,5/10/2025,8/10/2025
507152,110584,6/10/2025,31/1/2026
507153,110565,6/10/2025,21/11/2025
507154,110566,6/10/2025,29/11/2025
507155,110568,6/10/2025,
507156,110570,6/10/2025,17/10/2025
507157,110572,6/10/2025,19/7/2026
507158,110579,6/10/2025,25/10/2025
507159,110575,6/10/2025,5/2/2026
507160,110576,6/10/2025,19/11/2025
507161,110578,6/10/2025,27/5/2026
507162,110581,6/10/2025,20/10/2025
507163,110582,6/10/2025,11/3/2026
507164,110563,6/10/2025,25/1/2026
507165,110573,6/10/2025,
507166,110561,6/10/2025,6/4/2026
507167,110555,6/10/2025,20/3/2026
507168,110558,6/10/2025,25/5/2026
507169,110559,6/10/2025,20/10/2025
507170,110537,6/10/2025,10/12/2025
507171,110539,6/10/2025,9/10/2025
507172,110541,6/10/2025,24/3/2026
507173,110542,6/10/2025,28/11/2025
507174,110544,6/10/2025,7/10/2025
507175,110535,6/10/2025,23/12/2025
507176,110548,6/10/2025,27/10/2025
507177,110549,6/10/2025,10/10/2025
507178,110551,6/10/2025,20/10/2025
507179,110553,6/10/2025,3/12/2025
507180,110557,6/10/2025,7/2/2026
507181,110546,6/10/2025,8/10/2025
507182,110604,7/10/2025,21/11/2025
507183,110605,7/10/2025,12/11/2025
507184,110607,7/10/2025,16/11/2025
507185,110609,7/10/2025,24/10/2025
507186,110614,7/10/2025,
507187,110613,7/10/2025,
507188,110615,7/10/2025,26/10/2025
507189,110616,7/10/2025,16/10/2025
507190,110603,7/10/2025,17/10/2025
507191,110611,7/10/2025,8/11/2025
507192,110601,7/10/2025,10/10/2025
507193,110598,7/10/2025,
507194,110597,7/10/2025,6/12/2025
507195,110595,7/10/2025,14/10/2025
507196,110594,7/10/2025,8/1/2026
507197,110593,7/10/2025,16/11/2025
507198,110592,7/10/2025,
507199,110590,7/10/2025,7/11/2025
507200,110588,7/10/2025,
507201,110586,7/10/2025,8/2/2026
507202,110600,7/10/2025,13/11/2025
507203,110637,8/10/2025,1/3/2026
507204,110639,8/10/2025,4/12/2025
507205,110641,8/10/2025,9/10/2025
507206,110642,8/10/2025,1/11/2025
507207,110643,8/10/2025,7/5/2026
507208,110644,8/10/2025,25/10/2025
507209,110649,8/10/2025,13/12/2025
507210,110646,8/10/2025,18/11/2025
507211,110647,8/10/2025,13/10/2025
507212,110648,8/10/2025,20/6/2026
507213,110651,8/10/2025,29/7/2026
507214,110645,8/10/2025,1/2/2026
507215,110636,8/10/2025,6/3/2026
507216,110618,8/10/2025,18/2/2026
507217,110633,8/10/2025,12/10/2025
507218,110634,8/10/2025,6/12/2025
507219,103033,8/10/2025,
507220,110619,8/10/2025,25/11/2025
507221,110622,8/10/2025,22/11/2025
507222,110624,8/10/2025,9/10/2025
507223,110621,8/10/2025,13/1/2026
507224,110628,8/10/2025,11/10/2025
507225,110629,8/10/2025,9/10/2025
507226,110631,8/10/2025,27/3/2026
507227,110632,8/10/2025,9/10/2025
507228,110626,8/10/2025,
507229,110686,9/10/2025,11/1/2026
507230,110680,9/10/2025,3/1/2026
507231,110681,9/10/2025,7/11/2025
507232,110682,9/10/2025,25/1/2026
507233,110684,9/10/2025,24/10/2025
507234,110688,9/10/2025,18/10/2025
507235,110698,9/10/2025,10/10/2025
507236,110691,9/10/2025,
507237,110692,9/10/2025,
507238,110694,9/10/2025,13/11/2025
507239,110696,9/10/2025,15/6/2026
507240,110700,9/10/2025,
507241,110679,9/10/2025,30/10/2025
507242,110690,9/10/2025,29/10/2025
507243,110677,9/10/2025,17/10/2025
507244,110657,9/10/2025,2/11/2025
507245,110674,9/10/2025,20/10/2025
507246,105372,9/10/2025,1/11/2025
507247,110653,9/10/2025,19/10/2025
507248,110655,9/10/2025,23/10/2025
507249,110656,9/10/2025,22/11/2025
507250,110659,9/10/2025,3/3/2026
507251,110661,9/10/2025,12/10/2025
507252,104985,9/10/2025,10/10/2025
507253,110665,9/10/2025,22/3/2026
507254,110663,9/10/2025,30/11/2025
507255,110673,9/10/2025,15/11/2025
507256,110671,9/10/2025,2/6/2026
507257,110675,9/10/2025,13/12/2025
507258,110667,9/10/2025,10/10/2025
507259,110669,9/10/2025,5/12/2025
507260,110720,10/10/2025,7/12/2025
507261,110739,10/10/2025,6/11/2025
507262,110737,10/10/2025,7/7/2026
507263,110736,10/10/2025,11/10/2025
507264,110740,10/10/2025,
507265,110732,10/10/2025,5/2/2026
507266,110731,10/10/2025,25/4/2026
507267,110729,10/10/2025,26/11/2025
507268,110728,10/10/2025,10/11/2025
507269,110726,10/10/2025,15/11/2025
507270,110724,10/10/2025,21/7/2026
507271,110722,10/10/2025,15/10/2025
507272,110721,10/10/2025,
507273,110734,10/10/2025,28/1/2026
507274,110718,10/10/2025,
507275,110715,10/10/2025,12/10/2025
507276,110716,10/10/2025,3/2/2026
507277,110701,10/10/2025,16/12/2025
507278,110702,10/10/2025,27/10/2025
507279,110704,10/10/2025,5/11/2025
507280,110706,10/10/2025,
507281,110703,10/10/2025,11/10/2025
507282,110708,10/10/2025,30/10/2025
507283,110710,10/10/2025,21/11/2025
507284,110712,10/10/2025,11/10/2025
507285,110714,10/10/2025,13/4/2026
507286,110707,10/10/2025,
507287,110768,11/10/2025,14/12/2025
507288,110762,11/10/2025,25/10/2025
507289,110763,11/10/2025,15/11/2025
507290,110765,11/10/2025,20/10/2025
507291,110767,11/10/2025,30/1/2026
507292,110770,11/10/2025,12/11/2025
507293,110783,11/10/2025,4/11/2025
507294,110776,11/10/2025,6/11/2025
507295,110778,11/10/2025,17/10/2025
507296,110780,11/10/2025,22/10/2025
507297,110782,11/10/2025,13/10/2025
507298,110761,11/10/2025,20/12/2025
507299,110785,11/10/2025,15/10/2025
507300,110772,11/10/2025,25/3/2026
507301,110760,11/10/2025,28/6/2026
507302,110774,11/10/2025,21/12/2025
507303,110758,11/10/2025,21/6/2026
507304,110742,11/10/2025,8/11/2025
507305,110743,11/10/2025,14/10/2025
507306,110745,11/10/2025,16/10/2025
507307,110747,11/10/2025,6/11/2025
507308,110748,11/10/2025,
507309,110759,11/10/2025,28/11/2025
507310,110751,11/10/2025,6/12/2025
507311,110753,11/10/2025,26/10/2025
507312,110754,11/10/2025,11/3/2026
507313,110756,11/10/2025,2/11/2025
507314,110750,11/10/2025,22/11/2025
507315,110809,12/10/2025,27/10/2025
507316,110804,12/10/2025,16/10/2025
507317,110805,12/10/2025,21/10/2025
507318,110806,12/10/2025,26/11/2025
507319,110808,12/10/2025,18/10/2025
507320,110811,12/10/2025,15/11/2025
507321,110823,12/10/2025,16/11/2025
507322,110813,12/10/2025,
507323,110815,12/10/2025,22/11/2025
507324,110817,12/10/2025,19/2/2026
507325,110819,12/10/2025,29/10/2025
507326,110803,12/10/2025,30/11/2025
507327,110824,12/10/2025,22/10/2025
507328,110812,12/10/2025,26/10/2025
507329,110802,12/10/2025,
507330,110821,12/10/2025,18/12/2025
507331,110798,12/10/2025,8/4/2026
507332,110796,12/10/2025,29/10/2025
507333,110795,12/10/2025,18/1/2026
507334,110793,12/10/2025,24/1/2026
507335,110792,12/10/2025,20/12/2025
507336,110791,12/10/2025,15/12/2025
507337,110789,12/10/2025,15/10/2025
507338,110787,12/10/2025,20/10/2025
507339,101886,12/10/2025,15/10/2025
507340,104473,12/10/2025,15/1/2026
507341,110800,12/10/2025,14/2/2026
507342,110850,13/10/2025,3/11/2025
507343,110846,13/10/2025,28/10/2025
507344,110847,13/10/2025,12/12/2025
507345,110852,13/10/2025,19/11/2025
507346,110848,13/10/2025,29/12/2025
507347,110854,13/10/2025,15/11/2025
507348,110863,13/10/2025,14/12/2025
507349,110858,13/10/2025,5/12/2025
507350,110859,13/10/2025,19/6/2026
507351,110861,13/10/2025,29/7/2026
507352,110864,13/10/2025,
507353,110865,13/10/2025,13/11/2025
507354,110866,13/10/2025,24/4/2026
507355,110856,13/10/2025,5/11/2025
507356,110843,13/10/2025,15/10/2025
507357,110844,13/10/2025,
507358,110839,13/10/2025,18/10/2025
507359,110841,13/10/2025,14/10/2025
507360,103519,13/10/2025,24/10/2025
507361,101010,13/10/2025,30/10/2025
507362,110826,13/10/2025,18/11/2025
507363,110828,13/10/2025,3/11/2025
507364,102742,13/10/2025,
507365,110832,13/10/2025,26/10/2025
507366,110834,13/10/2025,19/10/2025
507367,110835,13/10/2025,21/11/2025
507368,110837,13/10/2025,14/7/2026
507369,110830,13/10/2025,17/12/2025
507370,110888,14/10/2025,17/10/2025
507371,110893,14/10/2025,2/12/2025
507372,110889,14/10/2025,15/3/2026
507373,110890,14/10/2025,18/10/2025
507374,110891,14/10/2025,18/12/2025
507375,110907,14/10/2025,22/10/2025
507376,110894,14/10/2025,23/12/2025
507377,110906,14/10/2025,22/10/2025
507378,110897,14/10/2025,14/11/2025
507379,110899,14/10/2025,17/10/2025
507380,110901,14/10/2025,27/1/2026
507381,110904,14/10/2025,24/11/2025
507382,110886,14/10/2025,4/11/2025
507383,110903,14/10/2025,30/12/2025
507384,110895,14/10/2025,7/6/2026
507385,110884,14/10/2025,24/6/2026
507386,110875,14/10/2025,
507387,110882,14/10/2025,3/11/2025
507388,104678,14/10/2025,
507389,107602,14/10/2025,
507390,101804,14/10/2025,25/10/2025
507391,107164,14/10/2025,16/12/2025
507392,110868,14/10/2025,8/6/2026
507393,110870,14/10/2025,
507394,110883,14/10/2025,1/3/2026
507395,110872,14/10/2025,25/4/2026
507396,110873,14/10/2025,21/5/2026
507397,110876,14/10/2025,28/10/2025
507398,110878,14/10/2025,18/10/2025
507399,110880,14/10/2025,15/2/2026
507400,110881,14/10/2025,25/10/2025
507401,110871,14/10/2025,3/11/2025
507402,110932,15/10/2025,20/10/2025
507403,110933,15/10/2025,25/10/2025
507404,110934,15/10/2025,3/12/2025
507405,110936,15/10/2025,9/11/2025
507406,110938,15/10/2025,18/11/2025
507407,110939,15/10/2025,13/12/2025
507408,110940,15/10/2025,21/11/2025
507409,110941,15/10/2025,23/10/2025
507410,110943,15/10/2025,26/5/2026
507411,110949,15/10/2025,19/2/2026
507412,110947,15/10/2025,20/10/2025
507413,110950,15/10/2025,16/11/2025
507414,110952,15/10/2025,19/10/2025
507415,110954,15/10/2025,10/2/2026
507416,110931,15/10/2025,16/10/2025
507417,110958,15/10/2025,22/10/2025
507418,110960,15/10/2025,16/10/2025
507419,110961,15/10/2025,22/10/2025
507420,110945,15/10/2025,20/12/2025
507421,110956,15/10/2025,6/4/2026
507422,110928,15/10/2025,5/11/2025
507423,110927,15/10/2025,25/10/2025
507424,110929,15/10/2025,29/11/2025
507425,110908,15/10/2025,24/3/2026
507426,110909,15/10/2025,18/11/2025
507427,110911,15/10/2025,24/10/2025
507428,110914,15/10/2025,
507429,110916,15/10/2025,18/10/2025
507430,110917,15/10/2025,13/3/2026
507431,110913,15/10/2025,11/11/2025
507432,110920,15/10/2025,22/3/2026
507433,110921,15/10/2025,18/10/2025
507434,110922,15/10/2025,10/2/2026
507435,110923,15/10/2025,5/11/2025
507436,110924,15/10/2025,
507437,110925,15/10/2025,24/10/2025
507438,110919,15/10/2025,
507439,110994,16/10/2025,11/1/2026
507440,110985,16/10/2025,
507441,110986,16/10/2025,18/11/2025
507442,110988,16/10/2025,20/10/2025
507443,110990,16/10/2025,1/3/2026
507444,110992,16/10/2025,20/10/2025
507445,110995,16/10/2025,10/1/2026
507446,111006,16/10/2025,15/12/2025
507447,110998,16/10/2025,12/1/2026
507448,111001,16/10/2025,1/1/2026
507449,111003,16/10/2025,1/12/2025
507450,110983,16/10/2025,1/12/2025
507451,111010,16/10/2025,21/10/2025
507452,111008,16/10/2025,28/10/2025
507453,111004,16/10/2025,2/11/2025
507454,110997,16/10/2025,23/1/2026
507455,110982,16/10/2025,4/2/2026
507456,111000,16/10/2025,
507457,110980,16/10/2025,11/4/2026
507458,110978,16/10/2025,15/12/2025
507459,110976,16/10/2025,12/6/2026
507460,110974,16/10/2025,1/5/2026
507461,110973,16/10/2025,
507462,110971,16/10/2025,17/10/2025
507463,110969,16/10/2025,
507464,110968,16/10/2025,12/11/2025
507465,110966,16/10/2025,20/11/2025
507466,110964,16/10/2025,25/10/2025
507467,110962,16/10/2025,10/11/2025
507468,101505,16/10/2025,25/10/2025
507469,108397,16/10/2025,
507470,110981,16/10/2025,19/11/2025
507471,101285,16/10/2025,1/11/2025
507472,111036,17/10/2025,22/2/2026
507473,111032,17/10/2025,23/10/2025
507474,111033,17/10/2025,7/11/2025
507475,111037,17/10/2025,2/11/2025
507476,111034,17/10/2025,8/11/2025
507477,111038,17/10/2025,
507478,111044,17/10/2025,15/1/2026
507479,111040,17/10/2025,10/11/2025
507480,111041,17/10/2025,30/12/2025
507481,111043,17/10/2025,
507482,111031,17/10/2025,14/12/2025
507483,111046,17/10/2025,25/10/2025
507484,111039,17/10/2025,19/10/2025
507485,111030,17/10/2025,18/10/2025
507486,111029,17/10/2025,14/12/2025
507487,111013,17/10/2025,11/11/2025
507488,111026,17/10/2025,4/2/2026
507489,111025,17/10/2025,13/1/2026
507490,111024,17/10/2025,21/10/2025
507491,111023,17/10/2025,11/4/2026
507492,111022,17/10/2025,17/12/2025
507493,111021,17/10/2025,
507494,111019,17/10/2025,23/1/2026
507495,111017,17/10/2025,29/12/2025
507496,111015,17/10/2025,8/11/2025
507497,111012,17/10/2025,7/3/2026
507498,102336,17/10/2025,2/11/2025
507499,111027,17/10/2025,6/5/2026
507500,111077,18/10/2025,27/11/2025
507501,111076,18/10/2025,15/12/2025
507502,111075,18/10/2025,1/1/2026
507503,111069,18/10/2025,24/10/2025
507504,111071,18/10/2025,26/12/2025
507505,111079,18/10/2025,11/3/2026
507506,111073,18/10/2025,18/11/2025
507507,111080,18/10/2025,21/4/2026
507508,111089,18/10/2025,23/10/2025
507509,111082,18/10/2025,14/2/2026
507510,111084,18/10/2025,18/11/2025
507511,111085,18/10/2025,15/11/2025
507512,111086,18/10/2025,25/11/2025
507513,111088,18/10/2025,24/10/2025
507514,111094,18/10/2025,16/11/2025
507515,111092,18/10/2025,24/11/2025
507516,111081,18/10/2025,8/11/2025
507517,111067,18/10/2025,1/11/2025
507518,111091,18/10/2025,5/5/2026
507519,111065,18/10/2025,23/11/2025
507520,111066,18/10/2025,27/10/2025
507521,100372,18/10/2025,9/12/2025
507522,111047,18/10/2025,13/11/2025
507523,111050,18/10/2025,4/11/2025
507524,111051,18/10/2025,23/10/2025
507525,111052,18/10/2025,27/12/2025
507526,111048,18/10/2025,24/5/2026
507527,111055,18/10/2025,18/7/2026
507528,111057,18/10/2025,31/10/2025
507529,111059,18/10/2025,21/10/2025
507530,111061,18/10/2025,5/1/2026
507531,111062,18/10/2025,26/10/2025
507532,111064,18/10/2025,31/1/2026
507533,111054,18/10/2025,
507534,111129,19/10/2025,21/10/2025
507535,111120,19/10/2025,29/7/2026
507536,111121,19/10/2025,2/1/2026
507537,111123,19/10/2025,6/11/2025
507538,111124,19/10/2025,26/11/2025
507539,111126,19/10/2025,23/10/2025
507540,111128,19/10/2025,
507541,111130,19/10/2025,6/11/2025
507542,111140,19/10/2025,27/10/2025
507543,111133,19/10/2025,16/1/2026
507544,111135,19/10/2025,24/12/2025
507545,111139,19/10/2025,5/11/2025
507546,111119,19/10/2025,
507547,111141,19/10/2025,20/10/2025
507548,111142,19/10/2025,30/11/2025
507549,111144,19/10/2025,17/12/2025
507550,111131,19/10/2025,20/11/2025
507551,111118,19/10/2025,28/10/2025
507552,111137,19/10/2025,13/11/2025
507553,111115,19/10/2025,21/12/2025
507554,111116,19/10/2025,
507555,106038,19/10/2025,25/10/2025
507556,111095,19/10/2025,16/11/2025
507557,111096,19/10/2025,17/3/2026
507558,111098,19/10/2025,16/11/2025
507559,111099,19/10/2025,26/10/2025
507560,111100,19/10/2025,16/11/2025
507561,101139,19/10/2025,30/10/2025
507562,111104,19/10/2025,23/10/2025
507563,111105,19/10/2025,25/10/2025
507564,111107,19/10/2025,2/12/2025
507565,111109,19/10/2025,27/2/2026
507566,111113,19/10/2025,12/12/2025
507567,111111,19/10/2025,17/1/2026
507568,111102,19/10/2025,28/10/2025
507569,111171,20/10/2025,25/10/2025
507570,111172,20/10/2025,
507571,111174,20/10/2025,29/10/2025
507572,111175,20/10/2025,18/11/2025
507573,111176,20/10/2025,29/12/2025
507574,111178,20/10/2025,3/12/2025
507575,111180,20/10/2025,25/10/2025
507576,111184,20/10/2025,30/10/2025
507577,111183,20/10/2025,12/12/2025
507578,111186,20/10/2025,26/10/2025
507579,111188,20/10/2025,29/10/2025
507580,111189,20/10/2025,18/5/2026
507581,111191,20/10/2025,28/11/2025
507582,111170,20/10/2025,25/10/2025
507583,111192,20/10/2025,2/12/2025
507584,111194,20/10/2025,21/10/2025
507585,111181,20/10/2025,2/12/2025
507586,111168,20/10/2025,21/10/2025
507587,111162,20/10/2025,17/1/2026
507588,111165,20/10/2025,8/2/2026
507589,102079,20/10/2025,
507590,107051,20/10/2025,20/11/2025
507591,111166,20/10/2025,24/10/2025
507592,111147,20/10/2025,19/1/2026
507593,111149,20/10/2025,30/11/2025
507594,111150,20/10/2025,12/11/2025
507595,111152,20/10/2025,23/4/2026
507596,111146,20/10/2025,27/10/2025
507597,111156,20/10/2025,12/3/2026
507598,111157,20/10/2025,23/10/2025
507599,111159,20/10/2025,31/10/2025
507600,111160,20/10/2025,10/12/2025
507601,111161,20/10/2025,26/10/2025
507602,111164,20/10/2025,29/10/2025
507603,111154,20/10/2025,29/12/2025
507604,111208,21/10/2025,2/11/2025
507605,111209,21/10/2025,6/2/2026
507606,111210,21/10/2025,12/2/2026
507607,111211,21/10/2025,7/11/2025
507608,111216,21/10/2025,2/2/2026
507609,111214,21/10/2025,22/11/2025
507610,111218,21/10/2025,27/11/2025
507611,111220,21/10/2025,9/12/2025
507612,111213,21/10/2025,8/1/2026
507613,111207,21/10/2025,
507614,111205,21/10/2025,27/10/2025
507615,111203,21/10/2025,23/4/2026
507616,111202,21/10/2025,7/11/2025
507617,111200,21/10/2025,
507618,111199,21/10/2025,2/3/2026
507619,111198,21/10/2025,17/11/2025
507620,111196,21/10/2025,9/11/2025
507621,111206,21/10/2025,11/4/2026
507622,111249,22/10/2025,1/11/2025
507623,111250,22/10/2025,2/11/2025
507624,111252,22/10/2025,22/12/2025
507625,111254,22/10/2025,20/2/2026
507626,111255,22/10/2025,10/11/2025
507627,111256,22/10/2025,6/1/2026
507628,111257,22/10/2025,16/11/2025
507629,111259,22/10/2025,5/1/2026
507630,111264,22/10/2025,10/11/2025
507631,111263,22/10/2025,
507632,111247,22/10/2025,24/1/2026
507633,111265,22/10/2025,23/10/2025
507634,111267,22/10/2025,25/11/2025
507635,111269,22/10/2025,7/11/2025
507636,111270,22/10/2025,3/11/2025
507637,111272,22/10/2025,29/7/2026
507638,111261,22/10/2025,3/1/2026
507639,111245,22/10/2025,27/10/2025
507640,111268,22/10/2025,6/4/2026
507641,111241,22/10/2025,9/1/2026
507642,104587,22/10/2025,30/10/2025
507643,106542,22/10/2025,26/12/2025
507644,111223,22/10/2025,2/11/2025
507645,111224,22/10/2025,13/3/2026
507646,111225,22/10/2025,11/12/2025
507647,111226,22/10/2025,23/11/2025
507648,111228,22/10/2025,25/10/2025
507649,111222,22/10/2025,28/10/2025
507650,111231,22/10/2025,3/8/2026
507651,111240,22/10/2025,23/10/2025
507652,111229,22/10/2025,12/11/2025
507653,111238,22/10/2025,27/1/2026
507654,111243,22/10/2025,
507655,111236,22/10/2025,24/10/2025
507656,111234,22/10/2025,25/10/2025
507657,111233,22/10/2025,
507658,111299,23/10/2025,4/11/2025
507659,111297,23/10/2025,9/11/2025
507660,111295,23/10/2025,4/2/2026
507661,111294,23/10/2025,5/12/2025
507662,111293,23/10/2025,2/11/2025
507663,111291,23/10/2025,21/6/2026
507664,111289,23/10/2025,
507665,111287,23/10/2025,15/4/2026
507666,111285,23/10/2025,3/1/2026
507667,111296,23/10/2025,13/1/2026
507668,111284,23/10/2025,
507669,111281,23/10/2025,16/2/2026
507670,111280,23/10/2025,26/12/2025
507671,111278,23/10/2025,1/1/2026
507672,111276,23/10/2025,
507673,111275,23/10/2025,20/5/2026
507674,111274,23/10/2025,21/1/2026
507675,103727,23/10/2025,29/4/2026
507676,111283,23/10/2025,
507677,111343,24/10/2025,1/12/2025
507678,111342,24/10/2025,30/10/2025
507679,111356,24/10/2025,12/11/2025
507680,111336,24/10/2025,31/10/2025
507681,111339,24/10/2025,18/12/2025
507682,111338,24/10/2025,21/1/2026
507683,111344,24/10/2025,30/1/2026
507684,111335,24/10/2025,26/11/2025
507685,111341,24/10/2025,29/10/2025
507686,111345,24/10/2025,1/12/2025
507687,111350,24/10/2025,7/11/2025
507688,111347,24/10/2025,14/12/2025
507689,111349,24/10/2025,11/12/2025
507690,111351,24/10/2025,31/10/2025
507691,111352,24/10/2025,
507692,111353,24/10/2025,21/12/2025
507693,111333,24/10/2025,30/10/2025
507694,111357,24/10/2025,30/10/2025
507695,111359,24/10/2025,1/12/2025
507696,111355,24/10/2025,28/11/2025
507697,111346,24/10/2025,29/10/2025
507698,111332,24/10/2025,5/6/2026
507699,111318,24/10/2025,16/3/2026
507700,111328,24/10/2025,3/11/2025
507701,111330,24/10/2025,27/1/2026
507702,102606,24/10/2025,7/12/2025
507703,111301,24/10/2025,28/12/2025
507704,111303,24/10/2025,
507705,111305,24/10/2025,23/11/2025
507706,111308,24/10/2025,1/12/2025
507707,111310,24/10/2025,28/10/2025
507708,111311,24/10/2025,8/2/2026
507709,111307,24/10/2025,25/10/2025
507710,111315,24/10/2025,9/1/2026
507711,111316,24/10/2025,31/10/2025
507712,111320,24/10/2025,8/11/2025
507713,111321,24/10/2025,17/11/2025
507714,111323,24/10/2025,31/10/2025
507715,111325,24/10/2025,7/11/2025
507716,111327,24/10/2025,5/11/2025
507717,111313,24/10/2025,27/10/2025
507718,111389,25/10/2025,
507719,111382,25/10/2025,26/11/2025
507720,111383,25/10/2025,12/1/2026
507721,111384,25/10/2025,15/12/2025
507722,111386,25/10/2025,26/10/2025
507723,111388,25/10/2025,7/11/2025
507724,111391,25/10/2025,1/12/2025
507725,111406,25/10/2025,6/11/2025
507726,111395,25/10/2025,8/11/2025
507727,111397,25/10/2025,15/12/2025
507728,111398,25/10/2025,12/7/2026
507729,111400,25/10/2025,3/3/2026
507730,111401,25/10/2025,14/11/2025
507731,111402,25/10/2025,25/11/2025
507732,111404,25/10/2025,
507733,111380,25/10/2025,28/10/2025
507734,111393,25/10/2025,6/12/2025
507735,111378,25/10/2025,14/6/2026
507736,111374,25/10/2025,10/1/2026
507737,111376,25/10/2025,2/3/2026
507738,107079,25/10/2025,26/11/2025
507739,105949,25/10/2025,6/4/2026
507740,111377,25/10/2025,17/11/2025
507741,111360,25/10/2025,1/11/2025
507742,111362,25/10/2025,7/1/2026
507743,111363,25/10/2025,5/6/2026
507744,111365,25/10/2025,24/2/2026
507745,101238,25/10/2025,11/11/2025
507746,111367,25/10/2025,31/10/2025
507747,111369,25/10/2025,20/12/2025
507748,111371,25/10/2025,4/12/2025
507749,111372,25/10/2025,6/5/2026
507750,111373,25/10/2025,26/10/2025
507751,111375,25/10/2025,28/11/2025
507752,111366,25/10/2025,27/10/2025
507753,111432,26/10/2025,
507754,111434,26/10/2025,9/11/2025
507755,111435,26/10/2025,23/11/2025
507756,111453,26/10/2025,29/10/2025
507757,111437,26/10/2025,13/5/2026
507758,111439,26/10/2025,20/11/2025
507759,111446,26/10/2025,5/11/2025
507760,111442,26/10/2025,23/11/2025
507761,111444,26/10/2025,27/10/2025
507762,111447,26/10/2025,16/11/2025
507763,111430,26/10/2025,17/11/2025
507764,111451,26/10/2025,17/12/2025
507765,111449,26/10/2025,30/10/2025
507766,111440,26/10/2025,12/12/2025
507767,111428,26/10/2025,29/12/2025
507768,111418,26/10/2025,16/11/2025
507769,111425,26/10/2025,30/10/2025
507770,111427,26/10/2025,31/10/2025
507771,111407,26/10/2025,23/2/2026
507772,111409,26/10/2025,10/11/2025
507773,111412,26/10/2025,15/11/2025
507774,111414,26/10/2025,29/10/2025
507775,111410,26/10/2025,23/2/2026
507776,111417,26/10/2025,4/12/2025
507777,111419,26/10/2025,6/11/2025
507778,111420,26/10/2025,6/5/2026
507779,111422,26/10/2025,9/11/2025
507780,111423,26/10/2025,12/11/2025
507781,111415,26/10/2025,10/1/2026
507782,111480,27/10/2025,
507783,111474,27/10/2025,17/2/2026
507784,111475,27/10/2025,5/11/2025
507785,111477,27/10/2025,22/1/2026
507786,111479,27/10/2025,29/10/2025
507787,111481,27/10/2025,15/11/2025
507788,111489,27/10/2025,29/11/2025
507789,111483,27/10/2025,22/4/2026
507790,111484,27/10/2025,19/12/2025
507791,111485,27/10/2025,13/12/2025
507792,111487,27/10/2025,28/10/2025
507793,111472,27/10/2025,23/12/2025
507794,111490,27/10/2025,
507795,111482,27/10/2025,25/7/2026
507796,111471,27/10/2025,3/11/2025
507797,111469,27/10/2025,21/6/2026
507798,111455,27/10/2025,19/11/2025
507799,111467,27/10/2025,6/3/2026
507800,111465,27/10/2025,12/11/2025
507801,111464,27/10/2025,18/11/2025
507802,111463,27/10/2025,2/12/2025
507803,111461,27/10/2025,26/6/2026
507804,111459,27/10/2025,
507805,111457,27/10/2025,5/11/2025
507806,111456,27/10/2025,
507807,106621,27/10/2025,20/11/2025
507808,111468,27/10/2025,30/11/2025
507809,100472,27/10/2025,8/4/2026
507810,111521,28/10/2025,9/4/2026
507811,111520,28/10/2025,7/12/2025
507812,111514,28/10/2025,24/11/2025
507813,111517,28/10/2025,2/11/2025
507814,111515,28/10/2025,12/4/2026
507815,111523,28/10/2025,
507816,111519,28/10/2025,10/7/2026
507817,111524,28/10/2025,2/11/2025
507818,111537,28/10/2025,16/12/2025
507819,111527,28/10/2025,10/2/2026
507820,111529,28/10/2025,5/11/2025
507821,111530,28/10/2025,1/11/2025
507822,111532,28/10/2025,4/11/2025
507823,111536,28/10/2025,
507824,111534,28/10/2025,6/11/2025
507825,111533,28/10/2025,7/4/2026
507826,111526,28/10/2025,4/4/2026
507827,111512,28/10/2025,
507828,111493,28/10/2025,20/1/2026
507829,111510,28/10/2025,28/1/2026
507830,111511,28/10/2025,6/11/2025
507831,103787,28/10/2025,7/11/2025
507832,107354,28/10/2025,30/10/2025
507833,111491,28/10/2025,18/11/2025
507834,111494,28/10/2025,29/10/2025
507835,111496,28/10/2025,30/10/2025
507836,111497,28/10/2025,1/11/2025
507837,102408,28/10/2025,19/11/2025
507838,111500,28/10/2025,19/11/2025
507839,111502,28/10/2025,
507840,111503,28/10/2025,29/10/2025
507841,111505,28/10/2025,
507842,111507,28/10/2025,1/11/2025
507843,111509,28/10/2025,20/2/2026
507844,111498,28/10/2025,7/11/2025
507845,111567,29/10/2025,11/11/2025
507846,111569,29/10/2025,10/12/2025
507847,111571,29/10/2025,
507848,111573,29/10/2025,9/11/2025
507849,111574,29/10/2025,
507850,111575,29/10/2025,24/11/2025
507851,111576,29/10/2025,4/11/2025
507852,111581,29/10/2025,23/2/2026
507853,111579,29/10/2025,12/3/2026
507854,111580,29/10/2025,19/2/2026
507855,111583,29/10/2025,6/12/2025
507856,111584,29/10/2025,4/11/2025
507857,111586,29/10/2025,24/11/2025
507858,111588,29/10/2025,26/11/2025
507859,111565,29/10/2025,10/2/2026
507860,111577,29/10/2025,3/11/2025
507861,111564,29/10/2025,28/11/2025
507862,111541,29/10/2025,9/11/2025
507863,111561,29/10/2025,1/11/2025
507864,111563,29/10/2025,1/11/2025
507865,111539,29/10/2025,19/5/2026
507866,111542,29/10/2025,
507867,111545,29/10/2025,6/1/2026
507868,111546,29/10/2025,26/1/2026
507869,111547,29/10/2025,2/1/2026
507870,111544,29/10/2025,22/11/2025
507871,111551,29/10/2025,9/12/2025
507872,111553,29/10/2025,9/5/2026
507873,111555,29/10/2025,
507874,111557,29/10/2025,31/10/2025
507875,111559,29/10/2025,12/7/2026
507876,111549,29/10/2025,2/11/2025
507877,111615,30/10/2025,24/11/2025
507878,111608,30/10/2025,9/12/2025
507879,111610,30/10/2025,21/12/2025
507880,111611,30/10/2025,21/11/2025
507881,111612,30/10/2025,27/5/2026
507882,111614,30/10/2025,5/6/2026
507883,111617,30/10/2025,3/11/2025
507884,111628,30/10/2025,10/2/2026
507885,111620,30/10/2025,19/11/2025
507886,111621,30/10/2025,17/11/2025
507887,111623,30/10/2025,14/12/2025
507888,111625,30/10/2025,
507889,111626,30/10/2025,1/1/2026
507890,111630,30/10/2025,11/11/2025
507891,111632,30/10/2025,13/11/2025
507892,111618,30/10/2025,1/11/2025
507893,111605,30/10/2025,31/1/2026
507894,111606,30/10/2025,24/11/2025
507895,111602,30/10/2025,9/11/2025
507896,111604,30/10/2025,6/11/2025
507897,104361,30/10/2025,3/11/2025
507898,111589,30/10/2025,
507899,111591,30/10/2025,20/2/2026
507900,111592,30/10/2025,1/2/2026
507901,111594,30/10/2025,15/12/2025
507902,107503,30/10/2025,30/11/2025
507903,111596,30/10/2025,31/10/2025
507904,111597,30/10/2025,11/11/2025
507905,111598,30/10/2025,22/3/2026
507906,111599,30/10/2025,1/11/2025
507907,111601,30/10/2025,6/12/2025
507908,111595,30/10/2025,27/1/2026
507909,111673,31/10/2025,21/3/2026
507910,111662,31/10/2025,2/11/2025
507911,111664,31/10/2025,7/11/2025
507912,111665,31/10/2025,15/11/2025
507913,111667,31/10/2025,17/3/2026
507914,111669,31/10/2025,
507915,111671,31/10/2025,20/12/2025
507916,111672,31/10/2025,28/7/2026
507917,111674,31/10/2025,1/4/2026
507918,111660,31/10/2025,1/11/2025
507919,111677,31/10/2025,20/3/2026
507920,111679,31/10/2025,19/2/2026
507921,111680,31/10/2025,26/1/2026
507922,111682,31/10/2025,8/11/2025
507923,111683,31/10/2025,8/11/2025
507924,111688,31/10/2025,
507925,111687,31/10/2025,
507926,111685,31/10/2025,
507927,111676,31/10/2025,1/11/2025
507928,111658,31/10/2025,27/11/2025
507929,111646,31/10/2025,31/12/2025
507930,111655,31/10/2025,10/1/2026
507931,109485,31/10/2025,1/12/2025
507932,111633,31/10/2025,15/12/2025
507933,111636,31/10/2025,4/11/2025
507934,111638,31/10/2025,12/1/2026
507935,111640,31/10/2025,3/12/2025
507936,111642,31/10/2025,2/11/2025
507937,111643,31/10/2025,14/11/2025
507938,111634,31/10/2025,
507939,111656,31/10/2025,27/11/2025
507940,111648,31/10/2025,10/12/2025
507941,111650,31/10/2025,3/11/2025
507942,111651,31/10/2025,17/12/2025
507943,111652,31/10/2025,
507944,111654,31/10/2025,5/11/2025
507945,111645,31/10/2025,5/12/2025
507946,111733,1/11/2025,7/11/2025
507947,111732,1/11/2025,11/6/2026
507948,111730,1/11/2025,21/11/2025
507949,111729,1/11/2025,9/12/2025
507950,111723,1/11/2025,2/11/2025
507951,111727,1/11/2025,11/11/2025
507952,111725,1/11/2025,9/11/2025
507953,111721,1/11/2025,
507954,111735,1/11/2025,19/11/2025
507955,111728,1/11/2025,11/12/2025
507956,111737,1/11/2025,
507957,111750,1/11/2025,20/11/2025
507958,111741,1/11/2025,18/11/2025
507959,111742,1/11/2025,9/11/2025
507960,111744,1/11/2025,3/11/2025
507961,111745,1/11/2025,21/2/2026
507962,111747,1/11/2025,16/11/2025
507963,111748,1/11/2025,7/11/2025
507964,111719,1/11/2025,
507965,111752,1/11/2025,2/11/2025
507966,111754,1/11/2025,18/11/2025
507967,111756,1/11/2025,24/11/2025
507968,111739,1/11/2025,6/11/2025
507969,111717,1/11/2025,2/11/2025
507970,111715,1/11/2025,2/2/2026
507971,111696,1/11/2025,5/11/2025
507972,101191,1/11/2025,13/11/2025
507973,111716,1/11/2025,11/11/2025
507974,111690,1/11/2025,17/11/2025
507975,111692,1/11/2025,25/2/2026
507976,111694,1/11/2025,17/1/2026
507977,111695,1/11/2025,24/11/2025
507978,111697,1/11/2025,4/2/2026
507979,111699,1/11/2025,
507980,101735,1/11/2025,12/11/2025
507981,111701,1/11/2025,18/1/2026
507982,111703,1/11/2025,13/3/2026
507983,111704,1/11/2025,22/2/2026
507984,111706,1/11/2025,27/3/2026
507985,111708,1/11/2025,15/12/2025
507986,111709,1/11/2025,10/1/2026
507987,111710,1/11/2025,22/11/2025
507988,111711,1/11/2025,
507989,111712,1/11/2025,14/12/2025
507990,111714,1/11/2025,
507991,111702,1/11/2025,
507992,111787,2/11/2025,3/11/2025
507993,111786,2/11/2025,7/11/2025
507994,111785,2/11/2025,31/1/2026
507995,111780,2/11/2025,11/7/2026
507996,111782,2/11/2025,8/4/2026
507997,111802,2/11/2025,11/12/2025
507998,111783,2/11/2025,22/11/2025
507999,111788,2/11/2025,2/1/2026
508000,111798,2/11/2025,24/11/2025
508001,111792,2/11/2025,30/11/2025
508002,111793,2/11/2025,3/11/2025
508003,111794,2/11/2025,3/11/2025
508004,111795,2/11/2025,27/12/2025
508005,111797,2/11/2025,11/11/2025
508006,111801,2/11/2025,6/11/2025
508007,111799,2/11/2025,6/12/2025
508008,111790,2/11/2025,6/11/2025
508009,111778,2/11/2025,
508010,111766,2/11/2025,19/11/2025
508011,111775,2/11/2025,1/5/2026
508012,103673,2/11/2025,18/3/2026
508013,111758,2/11/2025,7/11/2025
508014,111759,2/11/2025,29/1/2026
508015,111760,2/11/2025,7/11/2025
508016,111761,2/11/2025,29/11/2025
508017,111763,2/11/2025,
508018,100565,2/11/2025,10/11/2025
508019,111767,2/11/2025,25/5/2026
508020,111764,2/11/2025,9/11/2025
508021,111774,2/11/2025,26/12/2025
508022,111772,2/11/2025,20/4/2026
508023,111777,2/11/2025,21/11/2025
508024,111770,2/11/2025,4/12/2025
508025,111769,2/11/2025,8/12/2025
508026,111771,2/11/2025,22/11/2025
508027,111843,3/11/2025,17/1/2026
508028,111825,3/11/2025,22/11/2025
508029,111827,3/11/2025,9/2/2026
508030,111828,3/11/2025,
508031,111829,3/11/2025,
508032,111830,3/11/2025,25/4/2026
508033,111831,3/11/2025,10/11/2025
508034,111834,3/11/2025,7/11/2025
508035,111836,3/11/2025,5/11/2025
508036,111840,3/11/2025,9/2/2026
508037,111841,3/11/2025,23/11/2025
508038,111823,3/11/2025,24/11/2025
508039,111842,3/11/2025,10/12/2025
508040,111833,3/11/2025,28/1/2026
508041,111838,3/11/2025,9/3/2026
508042,111822,3/11/2025,4/11/2025
508043,111819,3/11/2025,18/11/2025
508044,111821,3/11/2025,1/3/2026
508045,100913,3/11/2025,30/12/2025
508046,105801,3/11/2025,11/11/2025
508047,111805,3/11/2025,12/12/2025
508048,111807,3/11/2025,11/2/2026
508049,111809,3/11/2025,9/11/2025
508050,111804,3/11/2025,18/1/2026
508051,111811,3/11/2025,13/3/2026
508052,111813,3/11/2025,8/12/2025
508053,111815,3/11/2025,20/4/2026
508054,111817,3/11/2025,19/6/2026
508055,111818,3/11/2025,5/11/2025
508056,111810,3/11/2025,4/11/2025
508057,111882,4/11/2025,31/12/2025
508058,111873,4/11/2025,26/11/2025
508059,111875,4/11/2025,16/11/2025
508060,111876,4/11/2025,5/11/2025
508061,111878,4/11/2025,24/1/2026
508062,111880,4/11/2025,6/3/2026
508063,111881,4/11/2025,13/12/2025
508064,111884,4/11/2025,21/1/2026
508065,111893,4/11/2025,1/3/2026
508066,111897,4/11/2025,1/1/2026
508067,111887,4/11/2025,5/11/2025
508068,111889,4/11/2025,4/7/2026
508069,111890,4/11/2025,17/6/2026
508070,111891,4/11/2025,5/11/2025
508071,111872,4/11/2025,16/11/2025
508072,111895,4/11/2025,20/11/2025
508073,111886,4/11/2025,24/2/2026
508074,111870,4/11/2025,7/12/2025
508075,111852,4/11/2025,25/12/2025
508076,111867,4/11/2025,27/6/2026
508077,111869,4/11/2025,18/11/2025
508078,102219,4/11/2025,24/12/2025
508079,102221,4/11/2025,13/11/2025
508080,111845,4/11/2025,10/12/2025
508081,111847,4/11/2025,18/2/2026
508082,111851,4/11/2025,26/11/2025
508083,111853,4/11/2025,8/11/2025
508084,111855,4/11/2025,16/11/2025
508085,111849,4/11/2025,27/11/2025
508086,111858,4/11/2025,5/11/2025
508087,111859,4/11/2025,21/1/2026
508088,111860,4/11/2025,19/3/2026
508089,111861,4/11/2025,28/11/2025
508090,111862,4/11/2025,3/2/2026
508091,111864,4/11/2025,7/2/2026
508092,111866,4/11/2025,27/1/2026
508093,111857,4/11/2025,19/2/2026
508094,111937,5/11/2025,19/12/2025
508095,111928,5/11/2025,17/11/2025
508096,111930,5/11/2025,24/4/2026
508097,111931,5/11/2025,21/11/2025
508098,111933,5/11/2025,16/11/2025
508099,111934,5/11/2025,
508100,111935,5/11/2025,20/11/2025
508101,111938,5/11/2025,10/11/2025
508102,111950,5/11/2025,13/11/2025
508103,111940,5/11/2025,19/11/2025
508104,111941,5/11/2025,7/11/2025
508105,111942,5/11/2025,15/12/2025
508106,111944,5/11/2025,6/12/2025
508107,111945,5/11/2025,18/1/2026
508108,111947,5/11/2025,12/11/2025
508109,111948,5/11/2025,18/11/2025
508110,111926,5/11/2025,8/11/2025
508111,111939,5/11/2025,6/11/2025
508112,111925,5/11/2025,
508113,111923,5/11/2025,13/11/2025
508114,111921,5/11/2025,4/3/2026
508115,106253,5/11/2025,14/11/2025
508116,111899,5/11/2025,3/7/2026
508117,111900,5/11/2025,2/2/2026
508118,111902,5/11/2025,
508119,111904,5/11/2025,16/12/2025
508120,111906,5/11/2025,7/11/2025
508121,111908,5/11/2025,12/11/2025
508122,111901,5/11/2025,21/1/2026
508123,111910,5/11/2025,2/12/2025
508124,111912,5/11/2025,21/12/2025
508125,111914,5/11/2025,3/2/2026
508126,111916,5/11/2025,19/1/2026
508127,111918,5/11/2025,27/5/2026
508128,111920,5/11/2025,20/12/2025
508129,111909,5/11/2025,13/11/2025
508130,111989,6/11/2025,
508131,111980,6/11/2025,8/12/2025
508132,111982,6/11/2025,16/11/2025
508133,112008,6/11/2025,
508134,111983,6/11/2025,3/3/2026
508135,111984,6/11/2025,10/1/2026
508136,111985,6/11/2025,8/11/2025
508137,111987,6/11/2025,1/1/2026
508138,111990,6/11/2025,9/4/2026
508139,112006,6/11/2025,
508140,111993,6/11/2025,7/11/2025
508141,111995,6/11/2025,7/11/2025
508142,111996,6/11/2025,1/8/2026
508143,111998,6/11/2025,27/11/2025
508144,111999,6/11/2025,29/11/2025
508145,112001,6/11/2025,2/6/2026
508146,111978,6/11/2025,17/11/2025
508147,112004,6/11/2025,17/2/2026
508148,112002,6/11/2025,30/1/2026
508149,111991,6/11/2025,8/5/2026
508150,111977,6/11/2025,
508151,111969,6/11/2025,23/11/2025
508152,111974,6/11/2025,7/11/2025
508153,111953,6/11/2025,4/12/2025
508154,111954,6/11/2025,11/2/2026
508155,111955,6/11/2025,16/11/2025
508156,111957,6/11/2025,
508157,111958,6/11/2025,
508158,111960,6/11/2025,18/11/2025
508159,111961,6/11/2025,
508160,111952,6/11/2025,22/11/2025
508161,111964,6/11/2025,29/11/2025
508162,111962,6/11/2025,15/11/2025
508163,111973,6/11/2025,29/3/2026
508164,111971,6/11/2025,12/2/2026
508165,111975,6/11/2025,12/11/2025
508166,111967,6/11/2025,13/2/2026
508167,111965,6/11/2025,24/11/2025
508168,111970,6/11/2025,22/12/2025
508169,112023,7/11/2025,25/3/2026
508170,112025,7/11/2025,17/5/2026
508171,112027,7/11/2025,7/12/2025
508172,112028,7/11/2025,9/12/2025
508173,112030,7/11/2025,19/11/2025
508174,112032,7/11/2025,
508175,112033,7/11/2025,13/11/2025
508176,112036,7/11/2025,27/3/2026
508177,112040,7/11/2025,24/11/2025
508178,112042,7/11/2025,9/1/2026
508179,112043,7/11/2025,28/12/2025
508180,112022,7/11/2025,10/5/2026
508181,112034,7/11/2025,22/1/2026
508182,112038,7/11/2025,22/2/2026
508183,112020,7/11/2025,21/11/2025
508184,112017,7/11/2025,13/12/2025
508185,112016,7/11/2025,24/11/2025
508186,112015,7/11/2025,5/3/2026
508187,112014,7/11/2025,15/11/2025
508188,112013,7/11/2025,
508189,112011,7/11/2025,19/11/2025
508190,112010,7/11/2025,28/12/2025
508191,102562,7/11/2025,18/11/2025
508192,112019,7/11/2025,9/11/2025
508193,104862,7/11/2025,2/5/2026
508194,112085,8/11/2025,
508195,112084,8/11/2025,10/11/2025
508196,112083,8/11/2025,8/3/2026
508197,112081,8/11/2025,7/2/2026
508198,112077,8/11/2025,15/11/2025
508199,112079,8/11/2025,5/12/2025
508200,112086,8/11/2025,21/11/2025
508201,112075,8/11/2025,10/11/2025
508202,112073,8/11/2025,18/3/2026
508203,112080,8/11/2025,26/3/2026
508204,112087,8/11/2025,16/11/2025
508205,112093,8/11/2025,8/1/2026
508206,112090,8/11/2025,25/3/2026
508207,112091,8/11/2025,
508208,112092,8/11/2025,14/12/2025
508209,112094,8/11/2025,20/12/2025
508210,112098,8/11/2025,
508211,112100,8/11/2025,30/12/2025
508212,112102,8/11/2025,13/11/2025
508213,112103,8/11/2025,8/12/2025
508214,112097,8/11/2025,21/11/2025
508215,112095,8/11/2025,26/3/2026
508216,112088,8/11/2025,9/11/2025
508217,112072,8/11/2025,8/2/2026
508218,112068,8/11/2025,11/11/2025
508219,112069,8/11/2025,10/11/2025
508220,105926,8/11/2025,11/11/2025
508221,112071,8/11/2025,8/6/2026
508222,104252,8/11/2025,10/11/2025
508223,112045,8/11/2025,17/2/2026
508224,112046,8/11/2025,17/11/2025
508225,112048,8/11/2025,21/11/2025
508226,112049,8/11/2025,1/1/2026
508227,112051,8/11/2025,30/11/2025
508228,112052,8/11/2025,14/5/2026
508229,104297,8/11/2025,22/11/2025
508230,112054,8/11/2025,22/1/2026
508231,112053,8/11/2025,10/11/2025
508232,112064,8/11/2025,13/12/2025
508233,112062,8/11/2025,25/11/2025
508234,112066,8/11/2025,10/2/2026
508235,112059,8/11/2025,17/11/2025
508236,112057,8/11/2025,8/1/2026
508237,112055,8/11/2025,14/12/2025
508238,112060,8/11/2025,11/11/2025
508239,112137,9/11/2025,11/11/2025
508240,112139,9/11/2025,20/12/2025
508241,112141,9/11/2025,
508242,112150,9/11/2025,14/1/2026
508243,112142,9/11/2025,1/4/2026
508244,112143,9/11/2025,30/12/2025
508245,112144,9/11/2025,
508246,112145,9/11/2025,21/2/2026
508247,112147,9/11/2025,17/11/2025
508248,112148,9/11/2025,22/11/2025
508249,112149,9/11/2025,6/1/2026
508250,112152,9/11/2025,2/1/2026
508251,112158,9/11/2025,15/5/2026
508252,112154,9/11/2025,12/12/2025
508253,112156,9/11/2025,17/5/2026
508254,112160,9/11/2025,11/11/2025
508255,112162,9/11/2025,21/2/2026
508256,112164,9/11/2025,
508257,112165,9/11/2025,14/11/2025
508258,112166,9/11/2025,10/5/2026
508259,112136,9/11/2025,21/12/2025
508260,112170,9/11/2025,13/11/2025
508261,112172,9/11/2025,10/11/2025
508262,112173,9/11/2025,21/11/2025
508263,112153,9/11/2025,29/12/2025
508264,112134,9/11/2025,2/1/2026
508265,112168,9/11/2025,3/1/2026
508266,112131,9/11/2025,21/6/2026
508267,112133,9/11/2025,27/11/2025
508268,107034,9/11/2025,10/11/2025
508269,104092,9/11/2025,29/11/2025
508270,103035,9/11/2025,24/12/2025
508271,103258,9/11/2025,1/4/2026
508272,112104,9/11/2025,3/4/2026
508273,112105,9/11/2025,22/1/2026
508274,112107,9/11/2025,12/11/2025
508275,112111,9/11/2025,17/11/2025
508276,112112,9/11/2025,12/2/2026
508277,112114,9/11/2025,11/12/2025
508278,112109,9/11/2025,3/1/2026
508279,112118,9/11/2025,14/1/2026
508280,112119,9/11/2025,29/1/2026
508281,112120,9/11/2025,12/3/2026
508282,112121,9/11/2025,21/12/2025
508283,112122,9/11/2025,25/11/2025
508284,112124,9/11/2025,28/11/2025
508285,112116,9/11/2025,
508286,112125,9/11/2025,16/3/2026
508287,112127,9/11/2025,22/7/2026
508288,112128,9/11/2025,3/12/2025
508289,112130,9/11/2025,22/1/2026
508290,112211,10/11/2025,11/11/2025
508291,112209,10/11/2025,18/12/2025
508292,112204,10/11/2025,
508293,112203,10/11/2025,14/12/2025
508294,112213,10/11/2025,25/1/2026
508295,112208,10/11/2025,12/11/2025
508296,112215,10/11/2025,17/1/2026
508297,112227,10/11/2025,3/12/2025
508298,112217,10/11/2025,17/11/2025
508299,112219,10/11/2025,5/12/2025
508300,112221,10/11/2025,10/4/2026
508301,112222,10/11/2025,25/11/2025
508302,112224,10/11/2025,4/12/2025
508303,112225,10/11/2025,
508304,112201,10/11/2025,9/2/2026
508305,112216,10/11/2025,12/1/2026
508306,112200,10/11/2025,20/11/2025
508307,112206,10/11/2025,28/12/2025
508308,112196,10/11/2025,22/11/2025
508309,101529,10/11/2025,3/1/2026
508310,112175,10/11/2025,5/12/2025
508311,112198,10/11/2025,4/3/2026
508312,112178,10/11/2025,11/11/2025
508313,112180,10/11/2025,24/1/2026
508314,112182,10/11/2025,14/2/2026
508315,112184,10/11/2025,9/3/2026
508316,112176,10/11/2025,12/2/2026
508317,112186,10/11/2025,2/12/2025
508318,112187,10/11/2025,21/11/2025
508319,112188,10/11/2025,18/1/2026
508320,112190,10/11/2025,19/4/2026
508321,112192,10/11/2025,24/12/2025
508322,112194,10/11/2025,16/11/2025
508323,112185,10/11/2025,5/12/2025
508324,112240,11/11/2025,25/12/2025
508325,112242,11/11/2025,12/11/2025
508326,112244,11/11/2025,7/1/2026
508327,112246,11/11/2025,13/11/2025
508328,112250,11/11/2025,18/11/2025
508329,112248,11/11/2025,21/12/2025
508330,112252,11/11/2025,1/12/2025
508331,112254,11/11/2025,14/12/2025
508332,112247,11/11/2025,4/12/2025
508333,112238,11/11/2025,2/12/2025
508334,112235,11/11/2025,12/2/2026
508335,112234,11/11/2025,14/11/2025
508336,112233,11/11/2025,21/11/2025
508337,112232,11/11/2025,25/6/2026
508338,112231,11/11/2025,14/11/2025
508339,112230,11/11/2025,26/6/2026
508340,112229,11/11/2025,12/11/2025
508341,112228,11/11/2025,16/12/2025
508342,101175,11/11/2025,21/11/2025
508343,112237,11/11/2025,20/11/2025
508344,112279,12/11/2025,4/12/2025
508345,112280,12/11/2025,28/1/2026
508346,112281,12/11/2025,15/2/2026
508347,112283,12/11/2025,13/12/2025
508348,112284,12/11/2025,
508349,112285,12/11/2025,7/12/2025
508350,112291,12/11/2025,14/12/2025
508351,112287,12/11/2025,26/11/2025
508352,112289,12/11/2025,23/4/2026
508353,112292,12/11/2025,3/1/2026
508354,112294,12/11/2025,13/12/2025
508355,112295,12/11/2025,
508356,112286,12/11/2025,13/11/2025
508357,112277,12/11/2025,
508358,112272,12/11/2025,13/5/2026
508359,112274,12/11/2025,25/11/2025
508360,112275,12/11/2025,15/2/2026
508361,102271,12/11/2025,31/12/2025
508362,112255,12/11/2025,24/11/2025
508363,112258,12/11/2025,27/2/2026
508364,112259,12/11/2025,20/11/2025
508365,112260,12/11/2025,
508366,112257,12/11/2025,13/11/2025
508367,112263,12/11/2025,18/11/2025
508368,112264,12/11/2025,15/11/2025
508369,112266,12/11/2025,28/11/2025
508370,112268,12/11/2025,27/12/2025
508371,112270,12/11/2025,24/12/2025
508372,112262,12/11/2025,15/11/2025
508373,112336,13/11/2025,
508374,112325,13/11/2025,20/2/2026
508375,112327,13/11/2025,24/11/2025
508376,112329,13/11/2025,23/11/2025
508377,112331,13/11/2025,9/12/2025
508378,112332,13/11/2025,24/11/2025
508379,112334,13/11/2025,30/1/2026
508380,112337,13/11/2025,30/3/2026
508381,112345,13/11/2025,16/11/2025
508382,112339,13/11/2025,20/5/2026
508383,112340,13/11/2025,12/5/2026
508384,112341,13/11/2025,20/2/2026
508385,112342,13/11/2025,
508386,112344,13/11/2025,26/12/2025
508387,112323,13/11/2025,7/12/2025
508388,112346,13/11/2025,26/11/2025
508389,112348,13/11/2025,26/2/2026
508390,112338,13/11/2025,4/2/2026
508391,112322,13/11/2025,13/2/2026
508392,112321,13/11/2025,14/12/2025
508393,112302,13/11/2025,22/2/2026
508394,112319,13/11/2025,
508395,112296,13/11/2025,17/12/2025
508396,112297,13/11/2025,19/11/2025
508397,112299,13/11/2025,30/11/2025
508398,112300,13/11/2025,14/12/2025
508399,112304,13/11/2025,6/12/2025
508400,109017,13/11/2025,
508401,112307,13/11/2025,10/1/2026
508402,112305,13/11/2025,19/11/2025
508403,112310,13/11/2025,26/11/2025
508404,112311,13/11/2025,22/11/2025
508405,112312,13/11/2025,5/4/2026
508406,112313,13/11/2025,
508407,112315,13/11/2025,21/11/2025
508408,112316,13/11/2025,29/12/2025
508409,112317,13/11/2025,17/11/2025
508410,112309,13/11/2025,31/5/2026
508411,112381,14/11/2025,23/11/2025
508412,112379,14/11/2025,16/2/2026
508413,112378,14/11/2025,25/3/2026
508414,112373,14/11/2025,
508415,112375,14/11/2025,
508416,112383,14/11/2025,26/4/2026
508417,112376,14/11/2025,22/11/2025
508418,112384,14/11/2025,6/12/2025
508419,112397,14/11/2025,26/12/2025
508420,112387,14/11/2025,7/1/2026
508421,112389,14/11/2025,9/2/2026
508422,112391,14/11/2025,11/12/2025
508423,112393,14/11/2025,
508424,112395,14/11/2025,25/11/2025
508425,112399,14/11/2025,16/11/2025
508426,112385,14/11/2025,4/2/2026
508427,112372,14/11/2025,14/3/2026
508428,112382,14/11/2025,
508429,112369,14/11/2025,20/11/2025
508430,112371,14/11/2025,16/11/2025
508431,110407,14/11/2025,4/12/2025
508432,109139,14/11/2025,19/2/2026
508433,112349,14/11/2025,21/11/2025
508434,112351,14/11/2025,
508435,112353,14/11/2025,28/2/2026
508436,112355,14/11/2025,
508437,112357,14/11/2025,
508438,112350,14/11/2025,23/11/2025
508439,112360,14/11/2025,16/11/2025
508440,112362,14/11/2025,14/12/2025
508441,112363,14/11/2025,
508442,112364,14/11/2025,1/12/2025
508443,112366,14/11/2025,29/5/2026
508444,112358,14/11/2025,17/11/2025
508445,112368,14/11/2025,13/4/2026
508446,112438,15/11/2025,21/2/2026
508447,112447,15/11/2025,14/1/2026
508448,112445,15/11/2025,15/12/2025
508449,112444,15/11/2025,1/3/2026
508450,112441,15/11/2025,11/5/2026
508451,112442,15/11/2025,17/11/2025
508452,112439,15/11/2025,4/3/2026
508453,112448,15/11/2025,20/11/2025
508454,112443,15/11/2025,2/12/2025
508455,112450,15/11/2025,16/11/2025
508456,112463,15/11/2025,
508457,112454,15/11/2025,27/5/2026
508458,112456,15/11/2025,22/11/2025
508459,112457,15/11/2025,17/12/2025
508460,112459,15/11/2025,21/12/2025
508461,112460,15/11/2025,16/12/2025
508462,112461,15/11/2025,4/12/2025
508463,112462,15/11/2025,30/11/2025
508464,112465,15/11/2025,9/3/2026
508465,112466,15/11/2025,2/12/2025
508466,112467,15/11/2025,26/2/2026
508467,112452,15/11/2025,
508468,112434,15/11/2025,20/2/2026
508469,112436,15/11/2025,17/1/2026
508470,112431,15/11/2025,
508471,112433,15/11/2025,9/5/2026
508472,112401,15/11/2025,5/1/2026
508473,112402,15/11/2025,
508474,112404,15/11/2025,13/3/2026
508475,112405,15/11/2025,24/12/2025
508476,112406,15/11/2025,18/11/2025
508477,112407,15/11/2025,24/12/2025
508478,112409,15/11/2025,17/11/2025
508479,112411,15/11/2025,
508480,112413,15/11/2025,27/11/2025
508481,112400,15/11/2025,16/6/2026
508482,112416,15/11/2025,17/11/2025
508483,112414,15/11/2025,16/11/2025
508484,112427,15/11/2025,16/12/2025
508485,112426,15/11/2025,4/5/2026
508486,112424,15/11/2025,19/11/2025
508487,112429,15/11/2025,23/3/2026
508488,112421,15/11/2025,12/12/2025
508489,112420,15/11/2025,18/11/2025
508490,112418,15/11/2025,20/11/2025
508491,112417,15/11/2025,25/12/2025
508492,112422,15/11/2025,28/6/2026
508493,112512,16/11/2025,29/11/2025
508494,112502,16/11/2025,22/11/2025
508495,112504,16/11/2025,20/12/2025
508496,112506,16/11/2025,30/5/2026
508497,112507,16/11/2025,19/11/2025
508498,112508,16/11/2025,23/11/2025
508499,112510,16/11/2025,28/11/2025
508500,112511,16/11/2025,5/12/2025
508501,112514,16/11/2025,23/1/2026
508502,112522,16/11/2025,24/11/2025
508503,112517,16/11/2025,18/3/2026
508504,112518,16/11/2025,25/6/2026
508505,112519,16/11/2025,15/2/2026
508506,112521,16/11/2025,16/12/2025
508507,112524,16/11/2025,14/12/2025
508508,112525,16/11/2025,9/2/2026
508509,112526,16/11/2025,21/12/2025
508510,112501,16/11/2025,30/11/2025
508511,112528,16/11/2025,17/11/2025
508512,112516,16/11/2025,24/11/2025
508513,112499,16/11/2025,
508514,112482,16/11/2025,
508515,112496,16/11/2025,5/1/2026
508516,110095,16/11/2025,12/12/2025
508517,112468,16/11/2025,14/12/2025
508518,112472,16/11/2025,9/12/2025
508519,112473,16/11/2025,21/12/2025
508520,112475,16/11/2025,25/11/2025
508521,112476,16/11/2025,23/4/2026
508522,112478,16/11/2025,15/2/2026
508523,112479,16/11/2025,4/12/2025
508524,112481,16/11/2025,23/11/2025
508525,112470,16/11/2025,
508526,112484,16/11/2025,19/11/2025
508527,112486,16/11/2025,18/2/2026
508528,112487,16/11/2025,7/12/2025
508529,112489,16/11/2025,5/1/2026
508530,112490,16/11/2025,
508531,112492,16/11/2025,27/2/2026
508532,112493,16/11/2025,
508533,112495,16/11/2025,14/12/2025
508534,112498,16/11/2025,17/11/2025
508535,112555,17/11/2025,21/11/2025
508536,112557,17/11/2025,14/5/2026
508537,112559,17/11/2025,9/1/2026
508538,112561,17/11/2025,
508539,112563,17/11/2025,6/5/2026
508540,112565,17/11/2025,
508541,112574,17/11/2025,6/1/2026
508542,112569,17/11/2025,7/1/2026
508543,112570,17/11/2025,16/2/2026
508544,112572,17/11/2025,9/12/2025
508545,112575,17/11/2025,25/12/2025
508546,112576,17/11/2025,30/12/2025
508547,112554,17/11/2025,3/12/2025
508548,112567,17/11/2025,5/12/2025
508549,112553,17/11/2025,4/7/2026
508550,112551,17/11/2025,22/11/2025
508551,112532,17/11/2025,
508552,101163,17/11/2025,17/1/2026
508553,112530,17/11/2025,18/11/2025
508554,112531,17/11/2025,2/12/2025
508555,112534,17/11/2025,21/6/2026
508556,112536,17/11/2025,9/12/2025
508557,112552,17/11/2025,13/2/2026
508558,112537,17/11/2025,5/4/2026
508559,112540,17/11/2025,
508560,112542,17/11/2025,4/12/2025
508561,112544,17/11/2025,27/11/2025
508562,112546,17/11/2025,10/1/2026
508563,112547,17/11/2025,8/2/2026
508564,112549,17/11/2025,30/12/2025
508565,112539,17/11/2025,12/12/2025
508566,112612,18/11/2025,24/11/2025
508567,112611,18/11/2025,2/12/2025
508568,112609,18/11/2025,3/12/2025
508569,112605,18/11/2025,31/12/2025
508570,112606,18/11/2025,25/11/2025
508571,112630,18/11/2025,
508572,112613,18/11/2025,29/1/2026
508573,112608,18/11/2025,25/12/2025
508574,112614,18/11/2025,20/11/2025
508575,112627,18/11/2025,7/7/2026
508576,112617,18/11/2025,22/11/2025
508577,112619,18/11/2025,22/3/2026
508578,112621,18/11/2025,27/11/2025
508579,112623,18/11/2025,13/1/2026
508580,112624,18/11/2025,19/12/2025
508581,112625,18/11/2025,1/5/2026
508582,112628,18/11/2025,3/12/2025
508583,112616,18/11/2025,27/12/2025
508584,112603,18/11/2025,27/12/2025
508585,112598,18/11/2025,28/11/2025
508586,112599,18/11/2025,3/12/2025
508587,108696,18/11/2025,19/12/2025
508588,112578,18/11/2025,31/12/2025
508589,112580,18/11/2025,19/2/2026
508590,112581,18/11/2025,1/1/2026
508591,112582,18/11/2025,24/11/2025
508592,112583,18/11/2025,4/12/2025
508593,112585,18/11/2025,4/12/2025
508594,112601,18/11/2025,28/11/2025
508595,112588,18/11/2025,14/2/2026
508596,112589,18/11/2025,29/3/2026
508597,112591,18/11/2025,10/1/2026
508598,112593,18/11/2025,
508599,112594,18/11/2025,23/11/2025
508600,112596,18/11/2025,20/11/2025
508601,112587,18/11/2025,13/4/2026
508602,112652,19/11/2025,10/12/2025
508603,112654,19/11/2025,13/12/2025
508604,112655,19/11/2025,20/11/2025
508605,112656,19/11/2025,11/5/2026
508606,112657,19/11/2025,
508607,112658,19/11/2025,3/2/2026
508608,112664,19/11/2025,30/12/2025
508609,112662,19/11/2025,24/11/2025
508610,112663,19/11/2025,22/11/2025
508611,112666,19/11/2025,29/11/2025
508612,112668,19/11/2025,
508613,112669,19/11/2025,7/5/2026
508614,112651,19/11/2025,8/12/2025
508615,112660,19/11/2025,22/11/2025
508616,112671,19/11/2025,23/11/2025
508617,112650,19/11/2025,12/12/2025
508618,112647,19/11/2025,30/11/2025
508619,112649,19/11/2025,7/12/2025
508620,105941,19/11/2025,1/3/2026
508621,104060,19/11/2025,15/12/2025
508622,112631,19/11/2025,11/7/2026
508623,112634,19/11/2025,22/11/2025
508624,112636,19/11/2025,24/11/2025
508625,112637,19/11/2025,3/12/2025
508626,112632,19/11/2025,20/11/2025
508627,112640,19/11/2025,30/12/2025
508628,112641,19/11/2025,25/11/2025
508629,112642,19/11/2025,3/2/2026
508630,112643,19/11/2025,20/11/2025
508631,112644,19/11/2025,1/2/2026
508632,112646,19/11/2025,6/2/2026
508633,112638,19/11/2025,
508634,112702,20/11/2025,25/11/2025
508635,112694,20/11/2025,23/11/2025
508636,112696,20/11/2025,23/4/2026
508637,112698,20/11/2025,5/12/2025
508638,112699,20/11/2025,23/3/2026
508639,112700,20/11/2025,5/12/2025
508640,112705,20/11/2025,1/12/2025
508641,112717,20/11/2025,7/4/2026
508642,112708,20/11/2025,15/12/2025
508643,112709,20/11/2025,24/11/2025
508644,112710,20/11/2025,27/11/2025
508645,112711,20/11/2025,
508646,112713,20/11/2025,26/12/2025
508647,112715,20/11/2025,22/11/2025
508648,112693,20/11/2025,20/1/2026
508649,112707,20/11/2025,22/11/2025
508650,112692,20/11/2025,21/12/2025
508651,112704,20/11/2025,
508652,112688,20/11/2025,5/4/2026
508653,102682,20/11/2025,17/1/2026
508654,112672,20/11/2025,25/11/2025
508655,112673,20/11/2025,2/1/2026
508656,112675,20/11/2025,29/11/2025
508657,112676,20/11/2025,21/7/2026
508658,112678,20/11/2025,24/3/2026
508659,112690,20/11/2025,22/11/2025
508660,110426,20/11/2025,31/3/2026
508661,112681,20/11/2025,22/5/2026
508662,112682,20/11/2025,28/7/2026
508663,112684,20/11/2025,18/6/2026
508664,112685,20/11/2025,11/4/2026
508665,112686,20/11/2025,18/12/2025
508666,112687,20/11/2025,24/4/2026
508667,112679,20/11/2025,6/12/2025
508668,112736,21/11/2025,5/12/2025
508669,112738,21/11/2025,19/12/2025
508670,112739,21/11/2025,11/12/2025
508671,112740,21/11/2025,24/2/2026
508672,112742,21/11/2025,23/11/2025
508673,112746,21/11/2025,8/1/2026
508674,112744,21/11/2025,26/3/2026
508675,112745,21/11/2025,25/12/2025
508676,112747,21/11/2025,
508677,112749,21/11/2025,7/6/2026
508678,112734,21/11/2025,2/12/2025
508679,112743,21/11/2025,15/12/2025
508680,112733,21/11/2025,2/12/2025
508681,112731,21/11/2025,25/3/2026
508682,112729,21/11/2025,2/3/2026
508683,112727,21/11/2025,
508684,112725,21/11/2025,24/11/2025
508685,112723,21/11/2025,22/11/2025
508686,112722,21/11/2025,16/3/2026
508687,112721,21/11/2025,20/5/2026
508688,112720,21/11/2025,22/11/2025
508689,112719,21/11/2025,25/1/2026
508690,112718,21/11/2025,25/1/2026
508691,104079,21/11/2025,17/12/2025
508692,112788,22/11/2025,9/12/2025
508693,112787,22/11/2025,26/3/2026
508694,112786,22/11/2025,25/11/2025
508695,112780,22/11/2025,17/12/2025
508696,112783,22/11/2025,2/2/2026
508697,112782,22/11/2025,10/12/2025
508698,112789,22/11/2025,28/11/2025
508699,112784,22/11/2025,
508700,112790,22/11/2025,4/12/2025
508701,112798,22/11/2025,9/12/2025
508702,112794,22/11/2025,28/11/2025
508703,112796,22/11/2025,
508704,112797,22/11/2025,12/12/2025
508705,112778,22/11/2025,27/11/2025
508706,112799,22/11/2025,5/1/2026
508707,112804,22/11/2025,6/3/2026
508708,112802,22/11/2025,11/12/2025
508709,112800,22/11/2025,17/12/2025
508710,112792,22/11/2025,24/11/2025
508711,112777,22/11/2025,23/11/2025
508712,112806,22/11/2025,5/12/2025
508713,112774,22/11/2025,
508714,112775,22/11/2025,
508715,104320,22/11/2025,
508716,112751,22/11/2025,
508717,112752,22/11/2025,7/2/2026
508718,112756,22/11/2025,11/12/2025
508719,112758,22/11/2025,7/3/2026
508720,112760,22/11/2025,7/12/2025
508721,112754,22/11/2025,23/1/2026
508722,112762,22/11/2025,4/12/2025
508723,112763,22/11/2025,8/6/2026
508724,112765,22/11/2025,10/12/2025
508725,112767,22/11/2025,2/12/2025
508726,112769,22/11/2025,3/1/2026
508727,112771,22/11/2025,30/11/2025
508728,112773,22/11/2025,5/12/2025
508729,112761,22/11/2025,5/1/2026
508730,112841,23/11/2025,30/12/2025
508731,112834,23/11/2025,4/12/2025
508732,112835,23/11/2025,30/12/2025
508733,112836,23/11/2025,12/2/2026
508734,112837,23/11/2025,3/1/2026
508735,112838,23/11/2025,19/12/2025
508736,112839,23/11/2025,24/11/2025
508737,112842,23/11/2025,26/5/2026
508738,112856,23/11/2025,17/2/2026
508739,112845,23/11/2025,
508740,112847,23/11/2025,15/12/2025
508741,112850,23/11/2025,18/2/2026
508742,112852,23/11/2025,17/1/2026
508743,112854,23/11/2025,26/11/2025
508744,112855,23/11/2025,
508745,112832,23/11/2025,26/11/2025
508746,112857,23/11/2025,23/6/2026
508747,112843,23/11/2025,25/4/2026
508748,112830,23/11/2025,12/12/2025
508749,112849,23/11/2025,13/3/2026
508750,112827,23/11/2025,2/2/2026
508751,103554,23/11/2025,16/6/2026
508752,101904,23/11/2025,12/12/2025
508753,105217,23/11/2025,5/1/2026
508754,110434,23/11/2025,11/12/2025
508755,112807,23/11/2025,26/11/2025
508756,112809,23/11/2025,24/11/2025
508757,112810,23/11/2025,31/3/2026
508758,112828,23/11/2025,
508759,112814,23/11/2025,
508760,112816,23/11/2025,29/12/2025
508761,112818,23/11/2025,26/12/2025
508762,112820,23/11/2025,25/11/2025
508763,112822,23/11/2025,27/12/2025
508764,112824,23/11/2025,5/12/2025
508765,112826,23/11/2025,10/2/2026
508766,112812,23/11/2025,1/5/2026
508767,112878,24/11/2025,1/1/2026
508768,112880,24/11/2025,
508769,112881,24/11/2025,
508770,112882,24/11/2025,
508771,112884,24/11/2025,30/12/2025
508772,112886,24/11/2025,29/11/2025
508773,112893,24/11/2025,25/11/2025
508774,112890,24/11/2025,26/11/2025
508775,112891,24/11/2025,30/11/2025
508776,112894,24/11/2025,30/12/2025
508777,112876,24/11/2025,25/11/2025
508778,112897,24/11/2025,20/1/2026
508779,112888,24/11/2025,20/12/2025
508780,112896,24/11/2025,2/12/2025
508781,112875,24/11/2025,10/12/2025
508782,112872,24/11/2025,11/12/2025
508783,112873,24/11/2025,3/1/2026
508784,104488,24/11/2025,2/12/2025
508785,103514,24/11/2025,
508786,112859,24/11/2025,25/11/2025
508787,112860,24/11/2025,29/11/2025
508788,112862,24/11/2025,29/11/2025
508789,107193,24/11/2025,20/12/2025
508790,112865,24/11/2025,26/11/2025
508791,112866,24/11/2025,25/11/2025
508792,112868,24/11/2025,25/11/2025
508793,112870,24/11/2025,30/12/2025
508794,112871,24/11/2025,30/1/2026
508795,112864,24/11/2025,25/12/2025
508796,112927,25/11/2025,13/4/2026
508797,112922,25/11/2025,6/12/2025
508798,112923,25/11/2025,11/12/2025
508799,112924,25/11/2025,
508800,112926,25/11/2025,21/1/2026
508801,112939,25/11/2025,31/3/2026
508802,112928,25/11/2025,3/12/2025
508803,112937,25/11/2025,
508804,112931,25/11/2025,26/12/2025
508805,112932,25/11/2025,
508806,112933,25/11/2025,26/12/2025
508807,112934,25/11/2025,21/12/2025
508808,112935,25/11/2025,10/2/2026
508809,112938,25/11/2025,27/11/2025
508810,112920,25/11/2025,12/12/2025
508811,112930,25/11/2025,9/2/2026
508812,112918,25/11/2025,28/11/2025
508813,112907,25/11/2025,
508814,112914,25/11/2025,13/12/2025
508815,112916,25/11/2025,29/11/2025
508816,106962,25/11/2025,12/1/2026
508817,109644,25/11/2025,6/12/2025
508818,112900,25/11/2025,21/6/2026
508819,112901,25/11/2025,2/12/2025
508820,112903,25/11/2025,7/1/2026
508821,112898,25/11/2025,29/11/2025
508822,112905,25/11/2025,15/12/2025
508823,112908,25/11/2025,
508824,112910,25/11/2025,7/4/2026
508825,112911,25/11/2025,4/12/2025
508826,112912,25/11/2025,5/2/2026
508827,112904,25/11/2025,26/11/2025
508828,112978,26/11/2025,
508829,112969,26/11/2025,17/3/2026
508830,112970,26/11/2025,29/3/2026
508831,112972,26/11/2025,11/6/2026
508832,112974,26/11/2025,
508833,112975,26/11/2025,6/2/2026
508834,112976,26/11/2025,26/3/2026
508835,112980,26/11/2025,3/12/2025
508836,112991,26/11/2025,
508837,112983,26/11/2025,9/12/2025
508838,112985,26/11/2025,18/12/2025
508839,112986,26/11/2025,
508840,112988,26/11/2025,21/12/2025
508841,112990,26/11/2025,9/12/2025
508842,112992,26/11/2025,16/5/2026
508843,112993,26/11/2025,28/11/2025
508844,112994,26/11/2025,2/12/2025
508845,112982,26/11/2025,28/11/2025
508846,112966,26/11/2025,29/1/2026
508847,112967,26/11/2025,17/12/2025
508848,112964,26/11/2025,
508849,112965,26/11/2025,13/12/2025
508850,108311,26/11/2025,30/11/2025
508851,112940,26/11/2025,
508852,112941,26/11/2025,16/1/2026
508853,112944,26/11/2025,8/12/2025
508854,112946,26/11/2025,10/12/2025
508855,112948,26/11/2025,10/1/2026
508856,112942,26/11/2025,28/11/2025
508857,112952,26/11/2025,13/1/2026
508858,112953,26/11/2025,21/12/2025
508859,112955,26/11/2025,
508860,112957,26/11/2025,23/6/2026
508861,112959,26/11/2025,2/12/2025
508862,112961,26/11/2025,3/12/2025
508863,112950,26/11/2025,6/3/2026
508864,112962,26/11/2025,7/12/2025
508865,113029,27/11/2025,3/12/2025
508866,113028,27/11/2025,26/3/2026
508867,113027,27/11/2025,25/12/2025
508868,113022,27/11/2025,16/12/2025
508869,113023,27/11/2025,30/11/2025
508870,113021,27/11/2025,4/12/2025
508871,113031,27/11/2025,28/6/2026
508872,113025,27/11/2025,29/11/2025
508873,113033,27/11/2025,17/12/2025
508874,113048,27/11/2025,30/12/2025
508875,113036,27/11/2025,15/12/2025
508876,113037,27/11/2025,2/12/2025
508877,113039,27/11/2025,11/12/2025
508878,113040,27/11/2025,25/12/2025
508879,113042,27/11/2025,29/12/2025
508880,113044,27/11/2025,6/12/2025
508881,113050,27/11/2025,
508882,113047,27/11/2025,
508883,113046,27/11/2025,1/4/2026
508884,113035,27/11/2025,2/12/2025
508885,113018,27/11/2025,6/2/2026
508886,113019,27/11/2025,
508887,113015,27/11/2025,15/3/2026
508888,113017,27/11/2025,17/12/2025
508889,102560,27/11/2025,9/6/2026
508890,102590,27/11/2025,29/11/2025
508891,112996,27/11/2025,22/12/2025
508892,112998,27/11/2025,10/12/2025
508893,113000,27/11/2025,28/1/2026
508894,113001,27/11/2025,8/5/2026
508895,113003,27/11/2025,13/12/2025
508896,102416,27/11/2025,7/2/2026
508897,113006,27/11/2025,22/1/2026
508898,113007,27/11/2025,
508899,113008,27/11/2025,6/12/2025
508900,113009,27/11/2025,5/12/2025
508901,113014,27/11/2025,28/11/2025
508902,113005,27/11/2025,5/12/2025
508903,113011,27/11/2025,7/1/2026
508904,113012,27/11/2025,3/12/2025
508905,113088,28/11/2025,22/3/2026
508906,113086,28/11/2025,27/12/2025
508907,113085,28/11/2025,1/12/2025
508908,113081,28/11/2025,10/1/2026
508909,113089,28/11/2025,14/12/2025
508910,113079,28/11/2025,5/12/2025
508911,113078,28/11/2025,8/6/2026
508912,113083,28/11/2025,1/3/2026
508913,113090,28/11/2025,12/7/2026
508914,113096,28/11/2025,26/12/2025
508915,113093,28/11/2025,5/12/2025
508916,113094,28/11/2025,7/12/2025
508917,113097,28/11/2025,8/12/2025
508918,113099,28/11/2025,
508919,113100,28/11/2025,24/1/2026
508920,113077,28/11/2025,10/2/2026
508921,113101,28/11/2025,28/2/2026
508922,113102,28/11/2025,2/12/2025
508923,113104,28/11/2025,4/3/2026
508924,113105,28/11/2025,27/12/2025
508925,113092,28/11/2025,15/1/2026
508926,113075,28/11/2025,12/12/2025
508927,113071,28/11/2025,6/12/2025
508928,113073,28/11/2025,30/11/2025
508929,101447,28/11/2025,2/2/2026
508930,113074,28/11/2025,13/6/2026
508931,113052,28/11/2025,13/1/2026
508932,113053,28/11/2025,
508933,113054,28/11/2025,23/2/2026
508934,113057,28/11/2025,6/12/2025
508935,113059,28/11/2025,
508936,113056,28/11/2025,8/7/2026
508937,113061,28/11/2025,10/1/2026
508938,113062,28/11/2025,15/12/2025
508939,113064,28/11/2025,9/12/2025
508940,113065,28/11/2025,1/3/2026
508941,113066,28/11/2025,8/4/2026
508942,113068,28/11/2025,11/12/2025
508943,113069,28/11/2025,6/12/2025
508944,113060,28/11/2025,19/1/2026
508945,113136,29/11/2025,
508946,113129,29/11/2025,2/12/2025
508947,113130,29/11/2025,7/12/2025
508948,113131,29/11/2025,5/12/2025
508949,113133,29/11/2025,24/12/2025
508950,113134,29/11/2025,20/1/2026
508951,113138,29/11/2025,30/12/2025
508952,113147,29/11/2025,27/12/2025
508953,113152,29/11/2025,3/12/2025
508954,113142,29/11/2025,
508955,113144,29/11/2025,
508956,113149,29/11/2025,25/5/2026
508957,113151,29/11/2025,13/12/2025
508958,113128,29/11/2025,11/1/2026
508959,113146,29/11/2025,6/12/2025
508960,113140,29/11/2025,
508961,113127,29/11/2025,20/12/2025
508962,113110,29/11/2025,2/12/2025
508963,113124,29/11/2025,7/2/2026
508964,104202,29/11/2025,2/12/2025
508965,113107,29/11/2025,12/12/2025
508966,113109,29/11/2025,7/3/2026
508967,113125,29/11/2025,17/12/2025
508968,113114,29/11/2025,20/6/2026
508969,113112,29/11/2025,11/12/2025
508970,113116,29/11/2025,1/12/2025
508971,113117,29/11/2025,
508972,113119,29/11/2025,28/2/2026
508973,113121,29/11/2025,
508974,113122,29/11/2025,
508975,113115,29/11/2025,
508976,113202,30/11/2025,14/12/2025
508977,113200,30/11/2025,21/12/2025
508978,113199,30/11/2025,
508979,113198,30/11/2025,6/12/2025
508980,113189,30/11/2025,16/12/2025
508981,113194,30/11/2025,26/2/2026
508982,113193,30/11/2025,31/5/2026
508983,113191,30/11/2025,
508984,113203,30/11/2025,17/1/2026
508985,113196,30/11/2025,4/12/2025
508986,113204,30/11/2025,26/1/2026
508987,113214,30/11/2025,28/1/2026
508988,113207,30/11/2025,1/12/2025
508989,113208,30/11/2025,
508990,113210,30/11/2025,17/4/2026
508991,113212,30/11/2025,24/12/2025
508992,113188,30/11/2025,30/5/2026
508993,113215,30/11/2025,19/12/2025
508994,113217,30/11/2025,26/12/2025
508995,113218,30/11/2025,2/12/2025
508996,113219,30/11/2025,18/6/2026
508997,113221,30/11/2025,3/1/2026
508998,113206,30/11/2025,20/1/2026
508999,113185,30/11/2025,2/1/2026
509000,113187,30/11/2025,27/1/2026
509001,113154,30/11/2025,1/3/2026
509002,106089,30/11/2025,30/4/2026
509003,105964,30/11/2025,5/12/2025
509004,113184,30/11/2025,25/4/2026
509005,113156,30/11/2025,17/5/2026
509006,113158,30/11/2025,21/2/2026
509007,113159,30/11/2025,27/1/2026
509008,113161,30/11/2025,17/4/2026
509009,113163,30/11/2025,
509010,113165,30/11/2025,10/12/2025
509011,113167,30/11/2025,23/12/2025
509012,113162,30/11/2025,19/1/2026
509013,113169,30/11/2025,22/12/2025
509014,113171,30/11/2025,18/1/2026
509015,113173,30/11/2025,1/12/2025
509016,113175,30/11/2025,17/1/2026
509017,113177,30/11/2025,8/12/2025
509018,113179,30/11/2025,24/1/2026
509019,113180,30/11/2025,6/12/2025
509020,113168,30/11/2025,7/12/2025
509021,113182,30/11/2025,4/12/2025
509022,113183,30/11/2025,21/1/2026
509023,113253,1/12/2025,3/12/2025
509024,113252,1/12/2025,18/12/2025
509025,113250,1/12/2025,8/12/2025
509026,113245,1/12/2025,29/12/2025
509027,113247,1/12/2025,4/12/2025
509028,113255,1/12/2025,21/12/2025
509029,113249,1/12/2025,17/4/2026
509030,113256,1/12/2025,2/12/2025
509031,113243,1/12/2025,24/12/2025
509032,113260,1/12/2025,19/12/2025
509033,113261,1/12/2025,20/3/2026
509034,113262,1/12/2025,9/12/2025
509035,113264,1/12/2025,9/12/2025
509036,113265,1/12/2025,27/12/2025
509037,113268,1/12/2025,
509038,113267,1/12/2025,5/4/2026
509039,113258,1/12/2025,19/4/2026
509040,113241,1/12/2025,27/1/2026
509041,113231,1/12/2025,21/2/2026
509042,113237,1/12/2025,7/12/2025
509043,104743,1/12/2025,16/12/2025
509044,107412,1/12/2025,14/12/2025
509045,113222,1/12/2025,20/7/2026
509046,113223,1/12/2025,7/12/2025
509047,113225,1/12/2025,25/4/2026
509048,113226,1/12/2025,29/12/2025
509049,101364,1/12/2025,12/12/2025
509050,113229,1/12/2025,12/4/2026
509051,113228,1/12/2025,7/3/2026
509052,113235,1/12/2025,30/1/2026
509053,113234,1/12/2025,3/12/2025
509054,113239,1/12/2025,22/1/2026
509055,113232,1/12/2025,25/4/2026
509056,113317,2/12/2025,27/7/2026
509057,113292,2/12/2025,5/2/2026
509058,113293,2/12/2025,20/12/2025
509059,113295,2/12/2025,24/4/2026
509060,113297,2/12/2025,30/12/2025
509061,113299,2/12/2025,19/1/2026
509062,113301,2/12/2025,
509063,113302,2/12/2025,20/12/2025
509064,113304,2/12/2025,21/2/2026
509065,113306,2/12/2025,7/7/2026
509066,113308,2/12/2025,
509067,113321,2/12/2025,22/4/2026
509068,113312,2/12/2025,24/1/2026
509069,113313,2/12/2025,15/12/2025
509070,113314,2/12/2025,23/3/2026
509071,113291,2/12/2025,23/12/2025
509072,113316,2/12/2025,18/5/2026
509073,113319,2/12/2025,13/12/2025
509074,113310,2/12/2025,4/2/2026
509075,113289,2/12/2025,8/7/2026
509076,113285,2/12/2025,20/12/2025
509077,113287,2/12/2025,
509078,106646,2/12/2025,5/1/2026
509079,109263,2/12/2025,
509080,113269,2/12/2025,1/1/2026
509081,113270,2/12/2025,4/12/2025
509082,113272,2/12/2025,10/1/2026
509083,113273,2/12/2025,
509084,105624,2/12/2025,3/12/2025
509085,113276,2/12/2025,6/2/2026
509086,113277,2/12/2025,24/12/2025
509087,113279,2/12/2025,29/12/2025
509088,113280,2/12/2025,15/12/2025
509089,113282,2/12/2025,29/5/2026
509090,113283,2/12/2025,12/12/2025
509091,113284,2/12/2025,27/12/2025
509092,113275,2/12/2025,13/1/2026
509093,113345,3/12/2025,
509094,113346,3/12/2025,10/12/2025
509095,113347,3/12/2025,8/2/2026
509096,113349,3/12/2025,13/7/2026
509097,113351,3/12/2025,29/1/2026
509098,113353,3/12/2025,22/3/2026
509099,113355,3/12/2025,7/1/2026
509100,113361,3/12/2025,13/5/2026
509101,113357,3/12/2025,16/4/2026
509102,113359,3/12/2025,
509103,113362,3/12/2025,3/2/2026
509104,113344,3/12/2025,27/12/2025
509105,113364,3/12/2025,16/12/2025
509106,113366,3/12/2025,23/1/2026
509107,113356,3/12/2025,23/12/2025
509108,113342,3/12/2025,4/12/2025
509109,113335,3/12/2025,23/12/2025
509110,113339,3/12/2025,4/4/2026
509111,102960,3/12/2025,27/12/2025
509112,113323,3/12/2025,23/12/2025
509113,113326,3/12/2025,
509114,113328,3/12/2025,17/12/2025
509115,113329,3/12/2025,14/2/2026
509116,113330,3/12/2025,
509117,113324,3/12/2025,
509118,113332,3/12/2025,25/12/2025
509119,113334,3/12/2025,30/12/2025
509120,113340,3/12/2025,12/12/2025
509121,113337,3/12/2025,19/2/2026
509122,113338,3/12/2025,25/7/2026
509123,113331,3/12/2025,4/1/2026
509124,113411,4/12/2025,7/12/2025
509125,113396,4/12/2025,23/12/2025
509126,113398,4/12/2025,22/12/2025
509127,113400,4/12/2025,12/12/2025
509128,113402,4/12/2025,20/7/2026
509129,113404,4/12/2025,5/1/2026
509130,113406,4/12/2025,30/1/2026
509131,113408,4/12/2025,1/2/2026
509132,113410,4/12/2025,
509133,113412,4/12/2025,13/1/2026
509134,113425,4/12/2025,23/5/2026
509135,113415,4/12/2025,
509136,113417,4/12/2025,30/4/2026
509137,113419,4/12/2025,16/1/2026
509138,113421,4/12/2025,18/12/2025
509139,113423,4/12/2025,16/12/2025
509140,113395,4/12/2025,2/1/2026
509141,113427,4/12/2025,7/12/2025
509142,113429,4/12/2025,19/6/2026
509143,113431,4/12/2025,7/2/2026
509144,113414,4/12/2025,
509145,113394,4/12/2025,1/1/2026
509146,113392,4/12/2025,22/12/2025
509147,113370,4/12/2025,10/2/2026
509148,108863,4/12/2025,17/12/2025
509149,110780,4/12/2025,4/2/2026
509150,113367,4/12/2025,6/12/2025
509151,113368,4/12/2025,19/12/2025
509152,113393,4/12/2025,3/1/2026
509153,113371,4/12/2025,9/1/2026
509154,113372,4/12/2025,1/7/2026
509155,113374,4/12/2025,11/1/2026
509156,113376,4/12/2025,11/3/2026
509157,113378,4/12/2025,5/1/2026
509158,113375,4/12/2025,3/1/2026
509159,113382,4/12/2025,18/12/2025
509160,113383,4/12/2025,13/12/2025
509161,113384,4/12/2025,11/12/2025
509162,113385,4/12/2025,13/2/2026
509163,113386,4/12/2025,
509164,113387,4/12/2025,10/12/2025
509165,113388,4/12/2025,14/2/2026
509166,113390,4/12/2025,2/2/2026
509167,113391,4/12/2025,2/3/2026
509168,113380,4/12/2025,16/1/2026
509169,113456,5/12/2025,20/12/2025
509170,113468,5/12/2025,
509171,113454,5/12/2025,25/12/2025
509172,113455,5/12/2025,22/12/2025
509173,113458,5/12/2025,20/12/2025
509174,113452,5/12/2025,6/5/2026
509175,113461,5/12/2025,10/1/2026
509176,113462,5/12/2025,15/12/2025
509177,113464,5/12/2025,18/12/2025
509178,113465,5/12/2025,18/12/2025
509179,113467,5/12/2025,19/12/2025
509180,113459,5/12/2025,
509181,113450,5/12/2025,1/4/2026
509182,113446,5/12/2025,25/12/2025
509183,113447,5/12/2025,18/1/2026
509184,113449,5/12/2025,
509185,113433,5/12/2025,19/12/2025
509186,113436,5/12/2025,7/12/2025
509187,113437,5/12/2025,
509188,113439,5/12/2025,30/12/2025
509189,113434,5/12/2025,16/1/2026
509190,113442,5/12/2025,26/4/2026
509191,113443,5/12/2025,21/1/2026
509192,113444,5/12/2025,8/2/2026
509193,113445,5/12/2025,28/2/2026
509194,113440,5/12/2025,20/12/2025
509195,113511,6/12/2025,20/12/2025
509196,113501,6/12/2025,
509197,113502,6/12/2025,
509198,113503,6/12/2025,27/1/2026
509199,113505,6/12/2025,23/12/2025
509200,113507,6/12/2025,13/7/2026
509201,113509,6/12/2025,8/1/2026
509202,113513,6/12/2025,13/2/2026
509203,113521,6/12/2025,11/12/2025
509204,113516,6/12/2025,8/1/2026
509205,113517,6/12/2025,19/12/2025
509206,113518,6/12/2025,11/12/2025
509207,113520,6/12/2025,16/12/2025
509208,113522,6/12/2025,14/12/2025
509209,113523,6/12/2025,13/12/2025
509210,113525,6/12/2025,
509211,113515,6/12/2025,9/12/2025
509212,113498,6/12/2025,
509213,113500,6/12/2025,25/12/2025
509214,113494,6/12/2025,25/12/2025
509215,113496,6/12/2025,
509216,113472,6/12/2025,18/12/2025
509217,113474,6/12/2025,20/3/2026
509218,113476,6/12/2025,
509219,113478,6/12/2025,
509220,113479,6/12/2025,28/2/2026
509221,113480,6/12/2025,16/12/2025
509222,113482,6/12/2025,17/1/2026
509223,113470,6/12/2025,24/12/2025
509224,113484,6/12/2025,24/1/2026
509225,113486,6/12/2025,22/12/2025
509226,113487,6/12/2025,29/7/2026
509227,113488,6/12/2025,30/3/2026
509228,113490,6/12/2025,11/12/2025
509229,113491,6/12/2025,27/12/2025
509230,113492,6/12/2025,12/12/2025
509231,113493,6/12/2025,30/7/2026
509232,113483,6/12/2025,
509233,113553,7/12/2025,7/3/2026
509234,113576,7/12/2025,16/12/2025
509235,113557,7/12/2025,20/5/2026
509236,113559,7/12/2025,18/12/2025
509237,113560,7/12/2025,28/3/2026
509238,113562,7/12/2025,13/1/2026
509239,113563,7/12/2025,9/12/2025
509240,113569,7/12/2025,28/1/2026
509241,113566,7/12/2025,31/3/2026
509242,113568,7/12/2025,17/1/2026
509243,113571,7/12/2025,1/5/2026
509244,113573,7/12/2025,19/1/2026
509245,113575,7/12/2025,15/1/2026
509246,113551,7/12/2025,9/12/2025
509247,113565,7/12/2025,21/1/2026
509248,113549,7/12/2025,8/12/2025
509249,113555,7/12/2025,19/1/2026
509250,113545,7/12/2025,12/12/2025
509251,113527,7/12/2025,
509252,113528,7/12/2025,6/5/2026
509253,113530,7/12/2025,
509254,113531,7/12/2025,2/1/2026
509255,113532,7/12/2025,9/12/2025
509256,113534,7/12/2025,8/12/2025
509257,113535,7/12/2025,
509258,113547,7/12/2025,11/12/2025
509259,113538,7/12/2025,8/2/2026
509260,113539,7/12/2025,
509261,113540,7/12/2025,10/12/2025
509262,113542,7/12/2025,29/12/2025
509263,113543,7/12/2025,17/12/2025
509264,113544,7/12/2025,
509265,113537,7/12/2025,19/1/2026
509266,113601,8/12/2025,28/5/2026
509267,113604,8/12/2025,3/2/2026
509268,113606,8/12/2025,28/5/2026
509269,113607,8/12/2025,12/7/2026
509270,113609,8/12/2025,26/1/2026
509271,113611,8/12/2025,29/12/2025
509272,113615,8/12/2025,21/12/2025
509273,113613,8/12/2025,11/12/2025
509274,113600,8/12/2025,10/1/2026
509275,113616,8/12/2025,20/1/2026
509276,113617,8/12/2025,12/12/2025
509277,113619,8/12/2025,26/12/2025
509278,113612,8/12/2025,15/12/2025
509279,113598,8/12/2025,8/1/2026
509280,113603,8/12/2025,21/12/2025
509281,113595,8/12/2025,16/12/2025
509282,113596,8/12/2025,
509283,113578,8/12/2025,
509284,113579,8/12/2025,16/5/2026
509285,113581,8/12/2025,
509286,113584,8/12/2025,18/12/2025
509287,113586,8/12/2025,15/2/2026
509288,113582,8/12/2025,1/3/2026
509289,113589,8/12/2025,9/12/2025
509290,113590,8/12/2025,
509291,113591,8/12/2025,20/12/2025
509292,113593,8/12/2025,
509293,113588,8/12/2025,
509294,113645,9/12/2025,20/12/2025
509295,113638,9/12/2025,
509296,113640,9/12/2025,20/12/2025
509297,113641,9/12/2025,22/2/2026
509298,113642,9/12/2025,26/12/2025
509299,113644,9/12/2025,10/12/2025
509300,113646,9/12/2025,20/12/2025
509301,113657,9/12/2025,26/12/2025
509302,113648,9/12/2025,24/1/2026
509303,113650,9/12/2025,10/12/2025
509304,113652,9/12/2025,17/12/2025
509305,113654,9/12/2025,24/2/2026
509306,113655,9/12/2025,20/1/2026
509307,113637,9/12/2025,11/12/2025
509308,113647,9/12/2025,10/12/2025
509309,113636,9/12/2025,5/1/2026
509310,113658,9/12/2025,20/12/2025
509311,113633,9/12/2025,7/1/2026
509312,113635,9/12/2025,14/1/2026
509313,104605,9/12/2025,20/12/2025
509314,108708,9/12/2025,13/12/2025
509315,113620,9/12/2025,5/1/2026
509316,113622,9/12/2025,10/12/2025
509317,113653,9/12/2025,2/3/2026
509318,113626,9/12/2025,23/5/2026
509319,113627,9/12/2025,13/12/2025
509320,113624,9/12/2025,25/1/2026
509321,113628,9/12/2025,14/1/2026
509322,113631,9/12/2025,3/2/2026
509323,113629,9/12/2025,15/12/2025
509324,113678,10/12/2025,14/4/2026
509325,113679,10/12/2025,1/1/2026
509326,113680,10/12/2025,14/12/2025
509327,113682,10/12/2025,12/12/2025
509328,113684,10/12/2025,12/7/2026
509329,113685,10/12/2025,24/12/2025
509330,113689,10/12/2025,9/2/2026
509331,113688,10/12/2025,22/6/2026
509332,113676,10/12/2025,6/1/2026
509333,113691,10/12/2025,7/1/2026
509334,113693,10/12/2025,10/3/2026
509335,113697,10/12/2025,24/1/2026
509336,113698,10/12/2025,20/12/2025
509337,113686,10/12/2025,27/12/2025
509338,113675,10/12/2025,8/2/2026
509339,113695,10/12/2025,4/4/2026
509340,113671,10/12/2025,15/1/2026
509341,113670,10/12/2025,18/1/2026
509342,113668,10/12/2025,11/12/2025
509343,113667,10/12/2025,14/2/2026
509344,113665,10/12/2025,2/2/2026
509345,113664,10/12/2025,8/2/2026
509346,113663,10/12/2025,17/3/2026
509347,113661,10/12/2025,20/12/2025
509348,113660,10/12/2025,20/4/2026
509349,107683,10/12/2025,27/12/2025
509350,104989,10/12/2025,31/12/2025
509351,113673,10/12/2025,6/4/2026
509352,113730,11/12/2025,4/1/2026
509353,113728,11/12/2025,24/12/2025
509354,113722,11/12/2025,1/1/2026
509355,113725,11/12/2025,25/3/2026
509356,113724,11/12/2025,12/12/2025
509357,113732,11/12/2025,4/3/2026
509358,113727,11/12/2025,21/1/2026
509359,113733,11/12/2025,7/1/2026
509360,113740,11/12/2025,5/1/2026
509361,113735,11/12/2025,28/4/2026
509362,113736,11/12/2025,
509363,113738,11/12/2025,6/3/2026
509364,113742,11/12/2025,20/12/2025
509365,113744,11/12/2025,13/1/2026
509366,113745,11/12/2025,21/4/2026
509367,113747,11/12/2025,
509368,113734,11/12/2025,2/1/2026
509369,113721,11/12/2025,6/1/2026
509370,113717,11/12/2025,18/5/2026
509371,113716,11/12/2025,25/3/2026
509372,104314,11/12/2025,26/1/2026
509373,103142,11/12/2025,28/12/2025
509374,113719,11/12/2025,14/1/2026
509375,113699,11/12/2025,
509376,110399,11/12/2025,8/1/2026
509377,113701,11/12/2025,29/1/2026
509378,113702,11/12/2025,21/12/2025
509379,113700,11/12/2025,17/12/2025
509380,113705,11/12/2025,13/1/2026
509381,113706,11/12/2025,22/2/2026
509382,113708,11/12/2025,24/1/2026
509383,113710,11/12/2025,27/12/2025
509384,113712,11/12/2025,10/3/2026
509385,113714,11/12/2025,23/12/2025
509386,113703,11/12/2025,12/12/2025
509387,113764,12/12/2025,17/12/2025
509388,113766,12/12/2025,18/3/2026
509389,113767,12/12/2025,9/1/2026
509390,113769,12/12/2025,15/12/2025
509391,113774,12/12/2025,14/12/2025
509392,113772,12/12/2025,
509393,113776,12/12/2025,
509394,113778,12/12/2025,23/2/2026
509395,113770,12/12/2025,
509396,113762,12/12/2025,26/12/2025
509397,113761,12/12/2025,15/1/2026
509398,113757,12/12/2025,21/12/2025
509399,113756,12/12/2025,
509400,113754,12/12/2025,13/1/2026
509401,113752,12/12/2025,30/1/2026
509402,113750,12/12/2025,3/2/2026
509403,113749,12/12/2025,6/1/2026
509404,113748,12/12/2025,30/12/2025
509405,113759,12/12/2025,13/12/2025
509406,106847,12/12/2025,
509407,113841,13/12/2025,
509408,113840,13/12/2025,12/1/2026
509409,113839,13/12/2025,23/2/2026
509410,113837,13/12/2025,9/1/2026
509411,113836,13/12/2025,25/3/2026
509412,113827,13/12/2025,
509413,113832,13/12/2025,15/12/2025
509414,113831,13/12/2025,18/12/2025
509415,113828,13/12/2025,
509416,113842,13/12/2025,14/12/2025
509417,113826,13/12/2025,24/12/2025
509418,113834,13/12/2025,
509419,113844,13/12/2025,29/12/2025
509420,113850,13/12/2025,17/5/2026
509421,113848,13/12/2025,6/1/2026
509422,113849,13/12/2025,24/12/2025
509423,113824,13/12/2025,25/12/2025
509424,113851,13/12/2025,20/2/2026
509425,113853,13/12/2025,25/12/2025
509426,113854,13/12/2025,1/6/2026
509427,113856,13/12/2025,4/3/2026
509428,113857,13/12/2025,26/12/2025
509429,113859,13/12/2025,18/12/2025
509430,113861,13/12/2025,16/12/2025
509431,113863,13/12/2025,13/1/2026
509432,113864,13/12/2025,22/12/2025
509433,113846,13/12/2025,21/12/2025
509434,113822,13/12/2025,
509435,113829,13/12/2025,1/1/2026
509436,113819,13/12/2025,15/1/2026
509437,104105,13/12/2025,7/2/2026
509438,113780,13/12/2025,25/2/2026
509439,113781,13/12/2025,19/1/2026
509440,113821,13/12/2025,29/3/2026
509441,113785,13/12/2025,3/4/2026
509442,113787,13/12/2025,26/12/2025
509443,113789,13/12/2025,21/12/2025
509444,113791,13/12/2025,24/3/2026
509445,113792,13/12/2025,24/2/2026
509446,113793,13/12/2025,25/2/2026
509447,113795,13/12/2025,17/12/2025
509448,113796,13/12/2025,16/12/2025
509449,113797,13/12/2025,
509450,113783,13/12/2025,19/1/2026
509451,113801,13/12/2025,29/4/2026
509452,113799,13/12/2025,12/4/2026
509453,113815,13/12/2025,22/12/2025
509454,113817,13/12/2025,31/12/2025
509455,113812,13/12/2025,25/12/2025
509456,113811,13/12/2025,13/2/2026
509457,113814,13/12/2025,11/1/2026
509458,113808,13/12/2025,14/12/2025
509459,113807,13/12/2025,18/2/2026
509460,113806,13/12/2025,30/7/2026
509461,113804,13/12/2025,27/12/2025
509462,113802,13/12/2025,15/12/2025
509463,113809,13/12/2025,31/12/2025
509464,113896,14/12/2025,25/6/2026
509465,113897,14/12/2025,8/2/2026
509466,113898,14/12/2025,28/12/2025
509467,113899,14/12/2025,11/1/2026
509468,113901,14/12/2025,15/12/2025
509469,113903,14/12/2025,7/5/2026
509470,113905,14/12/2025,19/3/2026
509471,113907,14/12/2025,14/2/2026
509472,113909,14/12/2025,16/12/2025
509473,113919,14/12/2025,15/5/2026
509474,113913,14/12/2025,15/12/2025
509475,113914,14/12/2025,7/1/2026
509476,113916,14/12/2025,
509477,113917,14/12/2025,12/1/2026
509478,113920,14/12/2025,7/6/2026
509479,113922,14/12/2025,6/2/2026
509480,113924,14/12/2025,26/7/2026
509481,113923,14/12/2025,11/4/2026
509482,113895,14/12/2025,10/2/2026
509483,113911,14/12/2025,11/2/2026
509484,113893,14/12/2025,8/3/2026
509485,113872,14/12/2025,6/2/2026
509486,113890,14/12/2025,11/6/2026
509487,113892,14/12/2025,29/12/2025
509488,113867,14/12/2025,7/1/2026
509489,113868,14/12/2025,
509490,113869,14/12/2025,24/12/2025
509491,113870,14/12/2025,
509492,113873,14/12/2025,2/7/2026
509493,113875,14/12/2025,18/12/2025
509494,113876,14/12/2025,23/12/2025
509495,113866,14/12/2025,12/1/2026
509496,113880,14/12/2025,29/12/2025
509497,113881,14/12/2025,
509498,113883,14/12/2025,6/1/2026
509499,113884,14/12/2025,24/2/2026
509500,113886,14/12/2025,27/12/2025
509501,113888,14/12/2025,6/3/2026
509502,113889,14/12/2025,26/12/2025
509503,113878,14/12/2025,20/5/2026
509504,113948,15/12/2025,30/12/2025
509505,113949,15/12/2025,28/4/2026
509506,113951,15/12/2025,16/12/2025
509507,113952,15/12/2025,23/12/2025
509508,113954,15/12/2025,17/1/2026
509509,113956,15/12/2025,22/12/2025
509510,113959,15/12/2025,18/12/2025
509511,113958,15/12/2025,
509512,113961,15/12/2025,20/12/2025
509513,113963,15/12/2025,
509514,113964,15/12/2025,18/2/2026
509515,113966,15/12/2025,8/1/2026
509516,113947,15/12/2025,3/2/2026
509517,113957,15/12/2025,21/12/2025
509518,113945,15/12/2025,
509519,113938,15/12/2025,4/2/2026
509520,113942,15/12/2025,18/4/2026
509521,113944,15/12/2025,22/12/2025
509522,113925,15/12/2025,20/12/2025
509523,113927,15/12/2025,27/1/2026
509524,113930,15/12/2025,1/4/2026
509525,113931,15/12/2025,
509526,113928,15/12/2025,8/4/2026
509527,113935,15/12/2025,
509528,113936,15/12/2025,
509529,113939,15/12/2025,4/3/2026
509530,113941,15/12/2025,14/5/2026
509531,113933,15/12/2025,10/3/2026
509532,113986,16/12/2025,28/12/2025
509533,113979,16/12/2025,29/12/2025
509534,113981,16/12/2025,31/1/2026
509535,113982,16/12/2025,24/12/2025
509536,113987,16/12/2025,25/12/2025
509537,113978,16/12/2025,18/12/2025
509538,113990,16/12/2025,
509539,113992,16/12/2025,29/1/2026
509540,113994,16/12/2025,31/12/2025
509541,113995,16/12/2025,22/5/2026
509542,113993,16/12/2025,28/3/2026
509543,113989,16/12/2025,23/4/2026
509544,113977,16/12/2025,15/2/2026
509545,113984,16/12/2025,8/7/2026
509546,113975,16/12/2025,9/1/2026
509547,104614,16/12/2025,21/12/2025
509548,100825,16/12/2025,18/12/2025
509549,101879,16/12/2025,27/12/2025
509550,113967,16/12/2025,17/12/2025
509551,113968,16/12/2025,12/1/2026
509552,104221,16/12/2025,24/2/2026
509553,113970,16/12/2025,
509554,113971,16/12/2025,22/1/2026
509555,113972,16/12/2025,1/5/2026
509556,113973,16/12/2025,
509557,113976,16/12/2025,
509558,114014,17/12/2025,28/12/2025
509559,114015,17/12/2025,11/3/2026
509560,114016,17/12/2025,16/1/2026
509561,114018,17/12/2025,23/12/2025
509562,114019,17/12/2025,20/4/2026
509563,114021,17/12/2025,31/1/2026
509564,114022,17/12/2025,18/12/2025
509565,114025,17/12/2025,
509566,114026,17/12/2025,12/3/2026
509567,114028,17/12/2025,19/1/2026
509568,114030,17/12/2025,18/12/2025
509569,114013,17/12/2025,1/1/2026
509570,114032,17/12/2025,
509571,114036,17/12/2025,12/1/2026
509572,114023,17/12/2025,17/7/2026
509573,114012,17/12/2025,
509574,114034,17/12/2025,9/2/2026
509575,114010,17/12/2025,16/4/2026
509576,114011,17/12/2025,
509577,113996,17/12/2025,21/2/2026
509578,113998,17/12/2025,19/12/2025
509579,114001,17/12/2025,28/12/2025
509580,114002,17/12/2025,27/12/2025
509581,113999,17/12/2025,12/1/2026
509582,114004,17/12/2025,
509583,114005,17/12/2025,21/12/2025
509584,114006,17/12/2025,29/12/2025
509585,114008,17/12/2025,
509586,114003,17/12/2025,13/1/2026
509587,114060,18/12/2025,6/2/2026
509588,114053,18/12/2025,21/2/2026
509589,114055,18/12/2025,5/2/2026
509590,114056,18/12/2025,25/1/2026
509591,114058,18/12/2025,15/2/2026
509592,114061,18/12/2025,22/12/2025
509593,114072,18/12/2025,6/2/2026
509594,114064,18/12/2025,24/12/2025
509595,114066,18/12/2025,3/1/2026
509596,114068,18/12/2025,23/12/2025
509597,114070,18/12/2025,
509598,114073,18/12/2025,10/1/2026
509599,114063,18/12/2025,23/2/2026
509600,114051,18/12/2025,22/5/2026
509601,114052,18/12/2025,29/12/2025
509602,114047,18/12/2025,31/12/2025
509603,114045,18/12/2025,2/1/2026
509604,114043,18/12/2025,14/3/2026
509605,114042,18/12/2025,29/12/2025
509606,114041,18/12/2025,25/12/2025
509607,114039,18/12/2025,23/12/2025
509608,114038,18/12/2025,19/12/2025
509609,114037,18/12/2025,
509610,105074,18/12/2025,30/12/2025
509611,114049,18/12/2025,14/4/2026
509612,101370,18/12/2025,30/12/2025
509613,108437,18/12/2025,3/1/2026
509614,114109,19/12/2025,30/1/2026
509615,114107,19/12/2025,25/12/2025
509616,114104,19/12/2025,23/12/2025
509617,114105,19/12/2025,
509618,114110,19/12/2025,
509619,114103,19/12/2025,1/5/2026
509620,114106,19/12/2025,
509621,114112,19/12/2025,25/12/2025
509622,114120,19/12/2025,
509623,114116,19/12/2025,22/12/2025
509624,114117,19/12/2025,28/2/2026
509625,114118,19/12/2025,29/1/2026
509626,114119,19/12/2025,20/12/2025
509627,114126,19/12/2025,3/3/2026
509628,114102,19/12/2025,8/1/2026
509629,114124,19/12/2025,31/1/2026
509630,114122,19/12/2025,11/5/2026
509631,114114,19/12/2025,14/1/2026
509632,114101,19/12/2025,
509633,114090,19/12/2025,29/12/2025
509634,114097,19/12/2025,21/12/2025
509635,109288,19/12/2025,4/4/2026
509636,109995,19/12/2025,
509637,114075,19/12/2025,28/12/2025
509638,114077,19/12/2025,3/2/2026
509639,114078,19/12/2025,16/5/2026
509640,114080,19/12/2025,6/3/2026
509641,114082,19/12/2025,15/2/2026
509642,114084,19/12/2025,
509643,103402,19/12/2025,21/5/2026
509644,114087,19/12/2025,28/2/2026
509645,114086,19/12/2025,
509646,114095,19/12/2025,15/5/2026
509647,114094,19/12/2025,12/6/2026
509648,114099,19/12/2025,
509649,114091,19/12/2025,24/7/2026
509650,114089,19/12/2025,
509651,114092,19/12/2025,20/12/2025
509652,114155,20/12/2025,
509653,114156,20/12/2025,10/1/2026
509654,114158,20/12/2025,31/12/2025
509655,114160,20/12/2025,8/1/2026
509656,114161,20/12/2025,4/4/2026
509657,114163,20/12/2025,22/12/2025
509658,114164,20/12/2025,28/1/2026
509659,114166,20/12/2025,11/4/2026
509660,114167,20/12/2025,23/12/2025
509661,114171,20/12/2025,23/12/2025
509662,114173,20/12/2025,28/2/2026
509663,114174,20/12/2025,25/12/2025
509664,114176,20/12/2025,14/7/2026
509665,114177,20/12/2025,
509666,114153,20/12/2025,3/3/2026
509667,114179,20/12/2025,25/5/2026
509668,114169,20/12/2025,25/12/2025
509669,114172,20/12/2025,28/12/2025
509670,114152,20/12/2025,3/1/2026
509671,114149,20/12/2025,25/12/2025
509672,114150,20/12/2025,26/1/2026
509673,106635,20/12/2025,31/1/2026
509674,111380,20/12/2025,17/2/2026
509675,114127,20/12/2025,16/3/2026
509676,114131,20/12/2025,21/2/2026
509677,114133,20/12/2025,30/12/2025
509678,114135,20/12/2025,22/12/2025
509679,114129,20/12/2025,14/4/2026
509680,114138,20/12/2025,3/8/2026
509681,114139,20/12/2025,3/4/2026
509682,114140,20/12/2025,
509683,114142,20/12/2025,18/5/2026
509684,114144,20/12/2025,6/6/2026
509685,114145,20/12/2025,13/1/2026
509686,114147,20/12/2025,26/12/2025
509687,114136,20/12/2025,20/2/2026
509688,114216,21/12/2025,3/1/2026
509689,114208,21/12/2025,25/6/2026
509690,114210,21/12/2025,14/4/2026
509691,114212,21/12/2025,11/5/2026
509692,114213,21/12/2025,15/3/2026
509693,114214,21/12/2025,23/12/2025
509694,114215,21/12/2025,6/1/2026
509695,114217,21/12/2025,9/1/2026
509696,114206,21/12/2025,22/12/2025
509697,114220,21/12/2025,27/12/2025
509698,114222,21/12/2025,8/1/2026
509699,114224,21/12/2025,5/1/2026
509700,114226,21/12/2025,1/1/2026
509701,114227,21/12/2025,28/12/2025
509702,114228,21/12/2025,4/3/2026
509703,114229,21/12/2025,31/1/2026
509704,114231,21/12/2025,27/12/2025
509705,114219,21/12/2025,23/12/2025
509706,114204,21/12/2025,9/1/2026
509707,114186,21/12/2025,3/1/2026
509708,114202,21/12/2025,30/4/2026
509709,114203,21/12/2025,
509710,105701,21/12/2025,22/12/2025
509711,101733,21/12/2025,
509712,111427,21/12/2025,13/2/2026
509713,114181,21/12/2025,28/12/2025
509714,114183,21/12/2025,6/2/2026
509715,114185,21/12/2025,10/1/2026
509716,114188,21/12/2025,29/12/2025
509717,107127,21/12/2025,3/2/2026
509718,114192,21/12/2025,22/12/2025
509719,114194,21/12/2025,28/12/2025
509720,114195,21/12/2025,
509721,114197,21/12/2025,16/1/2026
509722,114198,21/12/2025,
509723,114199,21/12/2025,2/1/2026
509724,114201,21/12/2025,25/12/2025
509725,114190,21/12/2025,11/4/2026
509726,114282,22/12/2025,
509727,114260,22/12/2025,23/12/2025
509728,114262,22/12/2025,
509729,114263,22/12/2025,
509730,114264,22/12/2025,26/4/2026
509731,114265,22/12/2025,
509732,114267,22/12/2025,19/6/2026
509733,114268,22/12/2025,23/12/2025
509734,114275,22/12/2025,30/12/2025
509735,114271,22/12/2025,11/1/2026
509736,114273,22/12/2025,2/3/2026
509737,114274,22/12/2025,27/12/2025
509738,114276,22/12/2025,
509739,114278,22/12/2025,23/5/2026
509740,114279,22/12/2025,5/2/2026
509741,114280,22/12/2025,19/1/2026
509742,114269,22/12/2025,
509743,114258,22/12/2025,31/3/2026
509744,114254,22/12/2025,27/1/2026
509745,114255,22/12/2025,8/2/2026
509746,114256,22/12/2025,
509747,111928,22/12/2025,23/12/2025
509748,114233,22/12/2025,8/1/2026
509749,114234,22/12/2025,15/1/2026
509750,114237,22/12/2025,
509751,114238,22/12/2025,6/1/2026
509752,114240,22/12/2025,
509753,114235,22/12/2025,9/1/2026
509754,114243,22/12/2025,31/1/2026
509755,114245,22/12/2025,19/4/2026
509756,114247,22/12/2025,5/1/2026
509757,114249,22/12/2025,19/1/2026
509758,114251,22/12/2025,16/1/2026
509759,114252,22/12/2025,21/6/2026
509760,114241,22/12/2025,
509761,114310,23/12/2025,24/12/2025
509762,114303,23/12/2025,26/4/2026
509763,114305,23/12/2025,12/1/2026
509764,114307,23/12/2025,8/3/2026
509765,114308,23/12/2025,17/2/2026
509766,114309,23/12/2025,17/1/2026
509767,114312,23/12/2025,30/12/2025
509768,114323,23/12/2025,
509769,114315,23/12/2025,28/1/2026
509770,114316,23/12/2025,26/2/2026
509771,114317,23/12/2025,10/1/2026
509772,114318,23/12/2025,25/1/2026
509773,114320,23/12/2025,26/1/2026
509774,114324,23/12/2025,11/2/2026
509775,114321,23/12/2025,5/1/2026
509776,114314,23/12/2025,25/12/2025
509777,114301,23/12/2025,8/1/2026
509778,114297,23/12/2025,11/1/2026
509779,114298,23/12/2025,29/12/2025
509780,106824,23/12/2025,
509781,109972,23/12/2025,
509782,114300,23/12/2025,3/1/2026
509783,114286,23/12/2025,22/4/2026
509784,114287,23/12/2025,27/2/2026
509785,114284,23/12/2025,31/12/2025
509786,114290,23/12/2025,3/4/2026
509787,114292,23/12/2025,
509788,114294,23/12/2025,25/3/2026
509789,114295,23/12/2025,1/1/2026
509790,114296,23/12/2025,30/12/2025
509791,114288,23/12/2025,16/2/2026
509792,114360,24/12/2025,29/4/2026
509793,114351,24/12/2025,7/2/2026
509794,114352,24/12/2025,29/12/2025
509795,114354,24/12/2025,2/1/2026
509796,114356,24/12/2025,30/12/2025
509797,114358,24/12/2025,5/1/2026
509798,114362,24/12/2025,
509799,114373,24/12/2025,9/2/2026
509800,114366,24/12/2025,12/3/2026
509801,114368,24/12/2025,9/4/2026
509802,114370,24/12/2025,
509803,114372,24/12/2025,8/6/2026
509804,114348,24/12/2025,2/1/2026
509805,114374,24/12/2025,25/12/2025
509806,114375,24/12/2025,3/1/2026
509807,114364,24/12/2025,23/1/2026
509808,114347,24/12/2025,30/12/2025
509809,114349,24/12/2025,
509810,114344,24/12/2025,27/1/2026
509811,114345,24/12/2025,30/6/2026
509812,103904,24/12/2025,
509813,102947,24/12/2025,24/1/2026
509814,114327,24/12/2025,8/4/2026
509815,114329,24/12/2025,
509816,114331,24/12/2025,5/3/2026
509817,114326,24/12/2025,23/2/2026
509818,114335,24/12/2025,21/1/2026
509819,114337,24/12/2025,6/1/2026
509820,114338,24/12/2025,11/1/2026
509821,114340,24/12/2025,5/3/2026
509822,114341,24/12/2025,
509823,114342,24/12/2025,9/1/2026
509824,114333,24/12/2025,12/1/2026
509825,114413,25/12/2025,
509826,114403,25/12/2025,31/12/2025
509827,114404,25/12/2025,9/4/2026
509828,114405,25/12/2025,3/1/2026
509829,114406,25/12/2025,30/4/2026
509830,114408,25/12/2025,12/1/2026
509831,114409,25/12/2025,14/5/2026
509832,114411,25/12/2025,27/12/2025
509833,114415,25/12/2025,9/1/2026
509834,114425,25/12/2025,3/4/2026
509835,114417,25/12/2025,
509836,114419,25/12/2025,17/4/2026
509837,114420,25/12/2025,2/1/2026
509838,114422,25/12/2025,19/1/2026
509839,114424,25/12/2025,1/2/2026
509840,114427,25/12/2025,12/1/2026
509841,114429,25/12/2025,7/1/2026
509842,114402,25/12/2025,28/12/2025
509843,114416,25/12/2025,3/1/2026
509844,114400,25/12/2025,3/3/2026
509845,114388,25/12/2025,
509846,114397,25/12/2025,8/1/2026
509847,114376,25/12/2025,23/6/2026
509848,114377,25/12/2025,16/1/2026
509849,114379,25/12/2025,10/1/2026
509850,114382,25/12/2025,18/1/2026
509851,114383,25/12/2025,29/3/2026
509852,114385,25/12/2025,26/2/2026
509853,114386,25/12/2025,26/12/2025
509854,114381,25/12/2025,20/2/2026
509855,114389,25/12/2025,13/1/2026
509856,114391,25/12/2025,30/1/2026
509857,114392,25/12/2025,6/1/2026
509858,114393,25/12/2025,
509859,114394,25/12/2025,6/4/2026
509860,114395,25/12/2025,
509861,114396,25/12/2025,22/1/2026
509862,114399,25/12/2025,
509863,114472,26/12/2025,1/1/2026
509864,114471,26/12/2025,19/4/2026
509865,114470,26/12/2025,31/12/2025
509866,114468,26/12/2025,3/1/2026
509867,114461,26/12/2025,5/2/2026
509868,114465,26/12/2025,19/1/2026
509869,114464,26/12/2025,12/1/2026
509870,114459,26/12/2025,3/1/2026
509871,114473,26/12/2025,28/2/2026
509872,114467,26/12/2025,3/1/2026
509873,114475,26/12/2025,18/2/2026
509874,114487,26/12/2025,24/1/2026
509875,114478,26/12/2025,16/1/2026
509876,114479,26/12/2025,
509877,114481,26/12/2025,1/1/2026
509878,114483,26/12/2025,26/3/2026
509879,114485,26/12/2025,19/7/2026
509880,114486,26/12/2025,
509881,114457,26/12/2025,12/6/2026
509882,114489,26/12/2025,22/3/2026
509883,114491,26/12/2025,13/1/2026
509884,114492,26/12/2025,10/1/2026
509885,114477,26/12/2025,2/5/2026
509886,114456,26/12/2025,1/1/2026
509887,114463,26/12/2025,9/2/2026
509888,114453,26/12/2025,8/1/2026
509889,114455,26/12/2025,11/1/2026
509890,110074,26/12/2025,
509891,109988,26/12/2025,1/1/2026
509892,106698,26/12/2025,29/6/2026
509893,114430,26/12/2025,28/12/2025
509894,114431,26/12/2025,27/2/2026
509895,114434,26/12/2025,13/2/2026
509896,114435,26/12/2025,8/1/2026
509897,114436,26/12/2025,
509898,114438,26/12/2025,
509899,114439,26/12/2025,23/2/2026
509900,114433,26/12/2025,27/12/2025
509901,114441,26/12/2025,26/1/2026
509902,114451,26/12/2025,16/3/2026
509903,114440,26/12/2025,7/1/2026
509904,114449,26/12/2025,9/5/2026
509905,114448,26/12/2025,26/3/2026
509906,114450,26/12/2025,
509907,114446,26/12/2025,14/1/2026
509908,114444,26/12/2025,30/12/2025
509909,114442,26/12/2025,28/1/2026
509910,114447,26/12/2025,1/2/2026
509911,114547,27/12/2025,28/1/2026
509912,114536,27/12/2025,19/1/2026
509913,114535,27/12/2025,20/2/2026
509914,114537,27/12/2025,3/5/2026
509915,114539,27/12/2025,
509916,114541,27/12/2025,9/1/2026
509917,114542,27/12/2025,25/1/2026
509918,114543,27/12/2025,28/12/2025
509919,114544,27/12/2025,2/1/2026
509920,114545,27/12/2025,2/3/2026
509921,114546,27/12/2025,30/1/2026
509922,114549,27/12/2025,30/12/2025
509923,114562,27/12/2025,6/1/2026
509924,114551,27/12/2025,24/6/2026
509925,114552,27/12/2025,30/12/2025
509926,114554,27/12/2025,5/1/2026
509927,114556,27/12/2025,2/1/2026
509928,114557,27/12/2025,28/12/2025
509929,114558,27/12/2025,16/1/2026
509930,114559,27/12/2025,2/1/2026
509931,114564,27/12/2025,28/12/2025
509932,114560,27/12/2025,
509933,114563,27/12/2025,12/1/2026
509934,114534,27/12/2025,2/1/2026
509935,114550,27/12/2025,7/1/2026
509936,114532,27/12/2025,12/4/2026
509937,114495,27/12/2025,13/1/2026
509938,114529,27/12/2025,6/1/2026
509939,110053,27/12/2025,
509940,114530,27/12/2025,20/1/2026
509941,114496,27/12/2025,7/1/2026
509942,114497,27/12/2025,16/7/2026
509943,114499,27/12/2025,2/8/2026
509944,114501,27/12/2025,14/5/2026
509945,114503,27/12/2025,28/12/2025
509946,114504,27/12/2025,
509947,114506,27/12/2025,
509948,114507,27/12/2025,1/1/2026
509949,114508,27/12/2025,
509950,114493,27/12/2025,28/7/2026
509951,114511,27/12/2025,20/4/2026
509952,114510,27/12/2025,1/1/2026
509953,114525,27/12/2025,18/4/2026
509954,114523,27/12/2025,23/4/2026
509955,114522,27/12/2025,6/4/2026
509956,114521,27/12/2025,13/1/2026
509957,114527,27/12/2025,28/1/2026
509958,114518,27/12/2025,25/3/2026
509959,114516,27/12/2025,
509960,114515,27/12/2025,3/2/2026
509961,114513,27/12/2025,7/1/2026
509962,114520,27/12/2025,3/7/2026
509963,114604,28/12/2025,29/12/2025
509964,114593,28/12/2025,17/3/2026
509965,114595,28/12/2025,29/12/2025
509966,114596,28/12/2025,22/1/2026
509967,114597,28/12/2025,
509968,114598,28/12/2025,21/1/2026
509969,114600,28/12/2025,30/5/2026
509970,114602,28/12/2025,31/1/2026
509971,114606,28/12/2025,3/1/2026
509972,114612,28/12/2025,7/5/2026
509973,114608,28/12/2025,7/1/2026
509974,114609,28/12/2025,1/1/2026
509975,114610,28/12/2025,15/1/2026
509976,114611,28/12/2025,2/1/2026
509977,114613,28/12/2025,24/3/2026
509978,114615,28/12/2025,
509979,114618,28/12/2025,31/12/2025
509980,114616,28/12/2025,23/1/2026
509981,114607,28/12/2025,18/1/2026
509982,114590,28/12/2025,29/4/2026
509983,114592,28/12/2025,29/12/2025
509984,114587,28/12/2025,3/2/2026
509985,109777,28/12/2025,18/4/2026
509986,114588,28/12/2025,1/1/2026
509987,114566,28/12/2025,2/1/2026
509988,114568,28/12/2025,7/2/2026
509989,114569,28/12/2025,
509990,114570,28/12/2025,
509991,114572,28/12/2025,27/1/2026
509992,114574,28/12/2025,31/12/2025
509993,106081,28/12/2025,11/1/2026
509994,114576,28/12/2025,
509995,114578,28/12/2025,7/2/2026
509996,114579,28/12/2025,20/1/2026
509997,114581,28/12/2025,15/2/2026
509998,114582,28/12/2025,27/1/2026
509999,114584,28/12/2025,
510000,114586,28/12/2025,7/3/2026
510001,114575,28/12/2025,25/2/2026
510002,114640,29/12/2025,7/1/2026
510003,114642,29/12/2025,10/1/2026
510004,114643,29/12/2025,23/3/2026
510005,114645,29/12/2025,5/1/2026
510006,114647,29/12/2025,5/5/2026
510007,114649,29/12/2025,3/1/2026
510008,114651,29/12/2025,22/3/2026
510009,114657,29/12/2025,23/1/2026
510010,114654,29/12/2025,26/4/2026
510011,114655,29/12/2025,22/1/2026
510012,114658,29/12/2025,3/1/2026
510013,114659,29/12/2025,7/3/2026
510014,114660,29/12/2025,30/12/2025
510015,114638,29/12/2025,3/2/2026
510016,114652,29/12/2025,2/4/2026
510017,114637,29/12/2025,27/5/2026
510018,114633,29/12/2025,8/1/2026
510019,103530,29/12/2025,25/4/2026
510020,112369,29/12/2025,20/2/2026
510021,114635,29/12/2025,6/1/2026
510022,103088,29/12/2025,24/1/2026
510023,103217,29/12/2025,24/1/2026
510024,114621,29/12/2025,11/1/2026
510025,114623,29/12/2025,21/1/2026
510026,114620,29/12/2025,10/1/2026
510027,114626,29/12/2025,10/1/2026
510028,114628,29/12/2025,
510029,114630,29/12/2025,28/3/2026
510030,114631,29/12/2025,27/1/2026
510031,114632,29/12/2025,17/4/2026
510032,114624,29/12/2025,1/1/2026
510033,114695,30/12/2025,10/6/2026
510034,114686,30/12/2025,
510035,114688,30/12/2025,
510036,114692,30/12/2025,27/2/2026
510037,114694,30/12/2025,12/6/2026
510038,114697,30/12/2025,
510039,114685,30/12/2025,2/1/2026
510040,114699,30/12/2025,11/7/2026
510041,114700,30/12/2025,8/2/2026
510042,114701,30/12/2025,
510043,114702,30/12/2025,
510044,114704,30/12/2025,12/2/2026
510045,114706,30/12/2025,
510046,114705,30/12/2025,20/3/2026
510047,114698,30/12/2025,19/1/2026
510048,114683,30/12/2025,16/1/2026
510049,114690,30/12/2025,31/12/2025
510050,114679,30/12/2025,
510051,100434,30/12/2025,31/12/2025
510052,114661,30/12/2025,12/3/2026
510053,114663,30/12/2025,7/1/2026
510054,114665,30/12/2025,31/12/2025
510055,114666,30/12/2025,15/1/2026
510056,114667,30/12/2025,8/3/2026
510057,114668,30/12/2025,18/7/2026
510058,114681,30/12/2025,
510059,114670,30/12/2025,14/2/2026
510060,114672,30/12/2025,1/6/2026
510061,114673,30/12/2025,31/12/2025
510062,114674,30/12/2025,3/1/2026
510063,114675,30/12/2025,20/5/2026
510064,114677,30/12/2025,7/1/2026
510065,114669,30/12/2025,26/1/2026
510066,114742,31/12/2025,6/1/2026
510067,114744,31/12/2025,24/4/2026
510068,114746,31/12/2025,21/1/2026
510069,114748,31/12/2025,1/3/2026
510070,114749,31/12/2025,16/1/2026
510071,114750,31/12/2025,28/1/2026
510072,114751,31/12/2025,26/1/2026
510073,114752,31/12/2025,9/2/2026
510074,114753,31/12/2025,
510075,114759,31/12/2025,
510076,114756,31/12/2025,1/2/2026
510077,114757,31/12/2025,24/6/2026
510078,114761,31/12/2025,8/2/2026
510079,114762,31/12/2025,
510080,114764,31/12/2025,
510081,114740,31/12/2025,6/3/2026
510082,114768,31/12/2025,28/3/2026
510083,114770,31/12/2025,17/1/2026
510084,114772,31/12/2025,6/2/2026
510085,114754,31/12/2025,
510086,114766,31/12/2025,25/2/2026
510087,114739,31/12/2025,7/1/2026
510088,114736,31/12/2025,2/3/2026
510089,114738,31/12/2025,
510090,114707,31/12/2025,18/5/2026
510091,114709,31/12/2025,19/3/2026
510092,114711,31/12/2025,2/1/2026
510093,114713,31/12/2025,12/1/2026
510094,114716,31/12/2025,7/1/2026
510095,114718,31/12/2025,28/7/2026
510096,114720,31/12/2025,
510097,114715,31/12/2025,
510098,114723,31/12/2025,
510099,114722,31/12/2025,14/4/2026
510100,114733,31/12/2025,9/2/2026
510101,114731,31/12/2025,22/4/2026
510102,114729,31/12/2025,
510103,114735,31/12/2025,14/2/2026
510104,114726,31/12/2025,7/2/2026
510105,114725,31/12/2025,17/1/2026
510106,114727,31/12/2025,4/1/2026
510107,114808,1/1/2026,
510108,114798,1/1/2026,4/3/2026
510109,114799,1/1/2026,4/1/2026
510110,114801,1/1/2026,18/1/2026
510111,114802,1/1/2026,
510112,114804,1/1/2026,10/1/2026
510113,114806,1/1/2026,2/1/2026
510114,114810,1/1/2026,4/6/2026
510115,114821,1/1/2026,6/2/2026
510116,114814,1/1/2026,10/1/2026
510117,114815,1/1/2026,16/1/2026
510118,114816,1/1/2026,
510119,114818,1/1/2026,2/6/2026
510120,114820,1/1/2026,17/4/2026
510121,114823,1/1/2026,26/6/2026
510122,114796,1/1/2026,13/1/2026
510123,114812,1/1/2026,24/1/2026
510124,114795,1/1/2026,2/1/2026
510125,114825,1/1/2026,19/1/2026
510126,114793,1/1/2026,15/1/2026
510127,114794,1/1/2026,
510128,103724,1/1/2026,15/3/2026
510129,114774,1/1/2026,
510130,114776,1/1/2026,5/6/2026
510131,114777,1/1/2026,5/1/2026
510132,114779,1/1/2026,16/1/2026
510133,114780,1/1/2026,8/2/2026
510134,107291,1/1/2026,25/1/2026
510135,114783,1/1/2026,7/3/2026
510136,114784,1/1/2026,14/2/2026
510137,114785,1/1/2026,2/1/2026
510138,114787,1/1/2026,
510139,114788,1/1/2026,
510140,114789,1/1/2026,16/1/2026
510141,114791,1/1/2026,3/7/2026
510142,114781,1/1/2026,20/1/2026
510143,114851,2/1/2026,
510144,114853,2/1/2026,29/4/2026
510145,114854,2/1/2026,
510146,114855,2/1/2026,11/1/2026
510147,114857,2/1/2026,24/2/2026
510148,114859,2/1/2026,6/6/2026
510149,114863,2/1/2026,3/1/2026
510150,114861,2/1/2026,14/4/2026
510151,114862,2/1/2026,9/1/2026
510152,114864,2/1/2026,18/1/2026
510153,114865,2/1/2026,
510154,114849,2/1/2026,8/1/2026
510155,114867,2/1/2026,17/1/2026
510156,114860,2/1/2026,27/1/2026
510157,114847,2/1/2026,11/1/2026
510158,114850,2/1/2026,20/2/2026
510159,114844,2/1/2026,24/1/2026
510160,114846,2/1/2026,4/2/2026
510161,114827,2/1/2026,27/4/2026
510162,114830,2/1/2026,23/1/2026
510163,114832,2/1/2026,18/3/2026
510164,114834,2/1/2026,6/1/2026
510165,114835,2/1/2026,10/2/2026
510166,114828,2/1/2026,5/2/2026
510167,114838,2/1/2026,1/3/2026
510168,114839,2/1/2026,
510169,114841,2/1/2026,2/2/2026
510170,114843,2/1/2026,17/1/2026
510171,114837,2/1/2026,7/1/2026
510172,114921,3/1/2026,3/6/2026
510173,114906,3/1/2026,23/6/2026
510174,114908,3/1/2026,
510175,114909,3/1/2026,3/3/2026
510176,114912,3/1/2026,
510177,114914,3/1/2026,4/1/2026
510178,114904,3/1/2026,21/6/2026
510179,114915,3/1/2026,5/2/2026
510180,114917,3/1/2026,23/4/2026
510181,114919,3/1/2026,
510182,114922,3/1/2026,4/3/2026
510183,114933,3/1/2026,6/1/2026
510184,114926,3/1/2026,4/1/2026
510185,114928,3/1/2026,
510186,114930,3/1/2026,6/3/2026
510187,114931,3/1/2026,13/2/2026
510188,114935,3/1/2026,30/1/2026
510189,114936,3/1/2026,
510190,114937,3/1/2026,13/7/2026
510191,114940,3/1/2026,
510192,114938,3/1/2026,5/6/2026
510193,114903,3/1/2026,18/2/2026
510194,114924,3/1/2026,10/1/2026
510195,114902,3/1/2026,
510196,114911,3/1/2026,7/1/2026
510197,114900,3/1/2026,12/4/2026
510198,114901,3/1/2026,12/1/2026
510199,114869,3/1/2026,9/2/2026
510200,114870,3/1/2026,5/1/2026
510201,114871,3/1/2026,23/7/2026
510202,114872,3/1/2026,6/1/2026
510203,114874,3/1/2026,6/1/2026
510204,114875,3/1/2026,4/1/2026
510205,114877,3/1/2026,21/4/2026
510206,114879,3/1/2026,24/1/2026
510207,114881,3/1/2026,29/3/2026
510208,114876,3/1/2026,
510209,114885,3/1/2026,9/5/2026
510210,114898,3/1/2026,11/4/2026
510211,114883,3/1/2026,2/2/2026
510212,114895,3/1/2026,26/2/2026
510213,114894,3/1/2026,4/1/2026
510214,114892,3/1/2026,27/1/2026
510215,114896,3/1/2026,
510216,114890,3/1/2026,9/7/2026
510217,114888,3/1/2026,24/3/2026
510218,114887,3/1/2026,24/1/2026
510219,114983,4/1/2026,10/1/2026
510220,114974,4/1/2026,
510221,114975,4/1/2026,14/2/2026
510222,114976,4/1/2026,26/3/2026
510223,114978,4/1/2026,
510224,114979,4/1/2026,
510225,114980,4/1/2026,11/2/2026
510226,114982,4/1/2026,19/4/2026
510227,114972,4/1/2026,6/1/2026
510228,114985,4/1/2026,26/3/2026
510229,114999,4/1/2026,20/1/2026
510230,114987,4/1/2026,9/2/2026
510231,114988,4/1/2026,28/1/2026
510232,114990,4/1/2026,16/7/2026
510233,114992,4/1/2026,8/1/2026
510234,114994,4/1/2026,3/3/2026
510235,114996,4/1/2026,20/3/2026
510236,114997,4/1/2026,17/2/2026
510237,114998,4/1/2026,7/1/2026
510238,114970,4/1/2026,12/1/2026
510239,115000,4/1/2026,
510240,114986,4/1/2026,13/3/2026
510241,114968,4/1/2026,11/1/2026
510242,114964,4/1/2026,11/2/2026
510243,114966,4/1/2026,5/1/2026
510244,114967,4/1/2026,10/1/2026
510245,101896,4/1/2026,
510246,100750,4/1/2026,10/1/2026
510247,114942,4/1/2026,8/1/2026
510248,114943,4/1/2026,12/3/2026
510249,114944,4/1/2026,21/3/2026
510250,114946,4/1/2026,6/1/2026
510251,114948,4/1/2026,7/1/2026
510252,114950,4/1/2026,11/3/2026
510253,107932,4/1/2026,10/1/2026
510254,114953,4/1/2026,
510255,114955,4/1/2026,10/2/2026
510256,114957,4/1/2026,26/2/2026
510257,114958,4/1/2026,18/4/2026
510258,114959,4/1/2026,27/1/2026
510259,114961,4/1/2026,17/1/2026
510260,114963,4/1/2026,18/1/2026
510261,114965,4/1/2026,16/2/2026
510262,114951,4/1/2026,5/2/2026
510263,115033,5/1/2026,7/6/2026
510264,115032,5/1/2026,22/2/2026
510265,115026,5/1/2026,14/5/2026
510266,115028,5/1/2026,29/7/2026
510267,115027,5/1/2026,25/6/2026
510268,115034,5/1/2026,23/1/2026
510269,115030,5/1/2026,29/3/2026
510270,115035,5/1/2026,8/1/2026
510271,115039,5/1/2026,15/2/2026
510272,115037,5/1/2026,15/1/2026
510273,115038,5/1/2026,
510274,115040,5/1/2026,15/5/2026
510275,115042,5/1/2026,21/3/2026
510276,115024,5/1/2026,26/1/2026
510277,115043,5/1/2026,9/3/2026
510278,115044,5/1/2026,25/5/2026
510279,115036,5/1/2026,29/1/2026
510280,115023,5/1/2026,15/1/2026
510281,115025,5/1/2026,
510282,115020,5/1/2026,10/1/2026
510283,109519,5/1/2026,17/4/2026
510284,115002,5/1/2026,
510285,115004,5/1/2026,19/1/2026
510286,115005,5/1/2026,17/1/2026
510287,115006,5/1/2026,14/2/2026
510288,115010,5/1/2026,28/2/2026
510289,115012,5/1/2026,
510290,115008,5/1/2026,2/3/2026
510291,115014,5/1/2026,
510292,115015,5/1/2026,24/3/2026
510293,115016,5/1/2026,
510294,115017,5/1/2026,23/2/2026
510295,115021,5/1/2026,6/1/2026
510296,115018,5/1/2026,22/4/2026
510297,115013,5/1/2026,5/2/2026
510298,115071,6/1/2026,20/1/2026
510299,115064,6/1/2026,11/1/2026
510300,115067,6/1/2026,30/3/2026
510301,115068,6/1/2026,7/1/2026
510302,115069,6/1/2026,11/3/2026
510303,115073,6/1/2026,16/1/2026
510304,115085,6/1/2026,
510305,115076,6/1/2026,28/1/2026
510306,115078,6/1/2026,18/1/2026
510307,115080,6/1/2026,7/1/2026
510308,115082,6/1/2026,7/1/2026
510309,115084,6/1/2026,9/5/2026
510310,115063,6/1/2026,21/4/2026
510311,115075,6/1/2026,
510312,115061,6/1/2026,26/1/2026
510313,115065,6/1/2026,27/2/2026
510314,115058,6/1/2026,21/1/2026
510315,115056,6/1/2026,16/2/2026
510316,115055,6/1/2026,12/1/2026
510317,115054,6/1/2026,15/2/2026
510318,115052,6/1/2026,13/3/2026
510319,115050,6/1/2026,
510320,115048,6/1/2026,28/1/2026
510321,115047,6/1/2026,18/1/2026
510322,115045,6/1/2026,
510323,112942,6/1/2026,26/1/2026
510324,115060,6/1/2026,3/8/2026
510325,104275,6/1/2026,25/3/2026
510326,115131,7/1/2026,21/1/2026
510327,115130,7/1/2026,30/1/2026
510328,115158,7/1/2026,25/3/2026
510329,115127,7/1/2026,19/1/2026
510330,115120,7/1/2026,23/1/2026
510331,115125,7/1/2026,19/2/2026
510332,115123,7/1/2026,28/1/2026
510333,115121,7/1/2026,8/1/2026
510334,115133,7/1/2026,
510335,115119,7/1/2026,13/2/2026
510336,115126,7/1/2026,12/1/2026
510337,115135,7/1/2026,6/2/2026
510338,115143,7/1/2026,10/1/2026
510339,115137,7/1/2026,18/2/2026
510340,115139,7/1/2026,1/2/2026
510341,115140,7/1/2026,
510342,115142,7/1/2026,14/1/2026
510343,115145,7/1/2026,23/1/2026
510344,115147,7/1/2026,22/2/2026
510345,115149,7/1/2026,13/1/2026
510346,115156,7/1/2026,25/3/2026
510347,115155,7/1/2026,
510348,115153,7/1/2026,27/3/2026
510349,115151,7/1/2026,12/3/2026
510350,115117,7/1/2026,24/1/2026
510351,115136,7/1/2026,
510352,115115,7/1/2026,12/2/2026
510353,115128,7/1/2026,20/3/2026
510354,115112,7/1/2026,
510355,109445,7/1/2026,15/1/2026
510356,105779,7/1/2026,19/1/2026
510357,115113,7/1/2026,10/3/2026
510358,115087,7/1/2026,7/2/2026
510359,115091,7/1/2026,23/1/2026
510360,115092,7/1/2026,31/1/2026
510361,115094,7/1/2026,9/5/2026
510362,115096,7/1/2026,29/1/2026
510363,115097,7/1/2026,5/2/2026
510364,115089,7/1/2026,21/5/2026
510365,115100,7/1/2026,11/1/2026
510366,115101,7/1/2026,12/1/2026
510367,115103,7/1/2026,11/3/2026
510368,115105,7/1/2026,1/2/2026
510369,115106,7/1/2026,22/4/2026
510370,115107,7/1/2026,
510371,115108,7/1/2026,27/5/2026
510372,115109,7/1/2026,26/4/2026
510373,115098,7/1/2026,8/1/2026
510374,115110,7/1/2026,17/2/2026
510375,115208,8/1/2026,24/6/2026
510376,115206,8/1/2026,1/3/2026
510377,115205,8/1/2026,19/2/2026
510378,115204,8/1/2026,29/1/2026
510379,115203,8/1/2026,
510380,115198,8/1/2026,
510381,115201,8/1/2026,27/5/2026
510382,115200,8/1/2026,12/2/2026
510383,115197,8/1/2026,
510384,115210,8/1/2026,
510385,115202,8/1/2026,26/3/2026
510386,115212,8/1/2026,10/5/2026
510387,115224,8/1/2026,23/1/2026
510388,115214,8/1/2026,17/2/2026
510389,115216,8/1/2026,12/1/2026
510390,115217,8/1/2026,29/4/2026
510391,115219,8/1/2026,11/1/2026
510392,115220,8/1/2026,11/1/2026
510393,115222,8/1/2026,13/1/2026
510394,115223,8/1/2026,18/1/2026
510395,115196,8/1/2026,
510396,115225,8/1/2026,26/3/2026
510397,115227,8/1/2026,31/1/2026
510398,115229,8/1/2026,25/1/2026
510399,115231,8/1/2026,24/1/2026
510400,115213,8/1/2026,28/5/2026
510401,115195,8/1/2026,13/1/2026
510402,115188,8/1/2026,21/3/2026
510403,115191,8/1/2026,15/1/2026
510404,103174,8/1/2026,11/1/2026
510405,109190,8/1/2026,25/2/2026
510406,115193,8/1/2026,
510407,115160,8/1/2026,
510408,115162,8/1/2026,29/1/2026
510409,115164,8/1/2026,5/3/2026
510410,115168,8/1/2026,23/6/2026
510411,115169,8/1/2026,
510412,115171,8/1/2026,
510413,115166,8/1/2026,20/6/2026
510414,115174,8/1/2026,23/1/2026
510415,115189,8/1/2026,5/2/2026
510416,115186,8/1/2026,
510417,115172,8/1/2026,8/6/2026
510418,115183,8/1/2026,15/1/2026
510419,115184,8/1/2026,22/5/2026
510420,115179,8/1/2026,23/6/2026
510421,115178,8/1/2026,2/2/2026
510422,115176,8/1/2026,21/3/2026
510423,115181,8/1/2026,2/2/2026
510424,115256,9/1/2026,26/1/2026
510425,115263,9/1/2026,
510426,115257,9/1/2026,2/2/2026
510427,115258,9/1/2026,6/2/2026
510428,115259,9/1/2026,23/2/2026
510429,115260,9/1/2026,5/2/2026
510430,115261,9/1/2026,13/1/2026
510431,115278,9/1/2026,12/5/2026
510432,115255,9/1/2026,14/1/2026
510433,115267,9/1/2026,27/1/2026
510434,115268,9/1/2026,17/1/2026
510435,115269,9/1/2026,30/4/2026
510436,115273,9/1/2026,
510437,115275,9/1/2026,25/1/2026
510438,115276,9/1/2026,14/2/2026
510439,115277,9/1/2026,26/6/2026
510440,115271,9/1/2026,
510441,115265,9/1/2026,
510442,115254,9/1/2026,3/2/2026
510443,115239,9/1/2026,28/2/2026
510444,115251,9/1/2026,13/3/2026
510445,109290,9/1/2026,31/1/2026
510446,105537,9/1/2026,15/1/2026
510447,108735,9/1/2026,
510448,105430,9/1/2026,14/5/2026
510449,115233,9/1/2026,15/1/2026
510450,115235,9/1/2026,1/3/2026
510451,115237,9/1/2026,
510452,115238,9/1/2026,21/2/2026
510453,115252,9/1/2026,4/4/2026
510454,115241,9/1/2026,3/2/2026
510455,115242,9/1/2026,12/6/2026
510456,115243,9/1/2026,18/2/2026
510457,115245,9/1/2026,24/2/2026
510458,115247,9/1/2026,12/1/2026
510459,115249,9/1/2026,26/1/2026
510460,115250,9/1/2026,
510461,115240,9/1/2026,22/1/2026
510462,115310,10/1/2026,28/1/2026
510463,115311,10/1/2026,27/1/2026
510464,115313,10/1/2026,11/4/2026
510465,115314,10/1/2026,16/2/2026
510466,115316,10/1/2026,26/7/2026
510467,115317,10/1/2026,31/3/2026
510468,115319,10/1/2026,30/1/2026
510469,115320,10/1/2026,
510470,115325,10/1/2026,26/1/2026
510471,115322,10/1/2026,
510472,115323,10/1/2026,19/1/2026
510473,115327,10/1/2026,15/1/2026
510474,115329,10/1/2026,4/2/2026
510475,115331,10/1/2026,6/2/2026
510476,115333,10/1/2026,10/7/2026
510477,115309,10/1/2026,7/3/2026
510478,115334,10/1/2026,19/4/2026
510479,115321,10/1/2026,12/2/2026
510480,115307,10/1/2026,13/7/2026
510481,115305,10/1/2026,
510482,109945,10/1/2026,13/1/2026
510483,115303,10/1/2026,
510484,115279,10/1/2026,
510485,115280,10/1/2026,6/2/2026
510486,115282,10/1/2026,7/2/2026
510487,115285,10/1/2026,27/1/2026
510488,115287,10/1/2026,29/1/2026
510489,115288,10/1/2026,18/3/2026
510490,115289,10/1/2026,30/4/2026
510491,115283,10/1/2026,20/1/2026
510492,115292,10/1/2026,27/3/2026
510493,115294,10/1/2026,
510494,115295,10/1/2026,27/1/2026
510495,115296,10/1/2026,
510496,115298,10/1/2026,
510497,115299,10/1/2026,21/1/2026
510498,115291,10/1/2026,1/2/2026
510499,115301,10/1/2026,1/7/2026
510500,115374,11/1/2026,23/4/2026
510501,115373,11/1/2026,13/1/2026
510502,115372,11/1/2026,23/4/2026
510503,115368,11/1/2026,13/1/2026
510504,115369,11/1/2026,
510505,115366,11/1/2026,28/1/2026
510506,115375,11/1/2026,7/4/2026
510507,115371,11/1/2026,1/4/2026
510508,115377,11/1/2026,
510509,115364,11/1/2026,16/2/2026
510510,115379,11/1/2026,12/3/2026
510511,115381,11/1/2026,16/1/2026
510512,115382,11/1/2026,15/1/2026
510513,115383,11/1/2026,
510514,115385,11/1/2026,
510515,115387,11/1/2026,18/1/2026
510516,115389,11/1/2026,19/2/2026
510517,115393,11/1/2026,26/2/2026
510518,115391,11/1/2026,13/1/2026
510519,115378,11/1/2026,12/2/2026
510520,115363,11/1/2026,3/3/2026
510521,115359,11/1/2026,31/1/2026
510522,110667,11/1/2026,
510523,115335,11/1/2026,1/3/2026
510524,115337,11/1/2026,17/2/2026
510525,115339,11/1/2026,4/2/2026
510526,115341,11/1/2026,24/1/2026
510527,115343,11/1/2026,
510528,115344,11/1/2026,25/1/2026
510529,115345,11/1/2026,14/1/2026
510530,115361,11/1/2026,30/1/2026
510531,115349,11/1/2026,29/3/2026
510532,115350,11/1/2026,16/1/2026
510533,115352,11/1/2026,12/3/2026
510534,115354,11/1/2026,25/1/2026
510535,115355,11/1/2026,21/1/2026
510536,115357,11/1/2026,15/1/2026
510537,115358,11/1/2026,17/4/2026
510538,115347,11/1/2026,21/1/2026
510539,115429,12/1/2026,16/1/2026
510540,115428,12/1/2026,6/6/2026
510541,115427,12/1/2026,21/1/2026
510542,115422,12/1/2026,24/2/2026
510543,115423,12/1/2026,13/1/2026
510544,115430,12/1/2026,30/1/2026
510545,115421,12/1/2026,9/2/2026
510546,115425,12/1/2026,11/3/2026
510547,115432,12/1/2026,24/2/2026
510548,115437,12/1/2026,14/3/2026
510549,115435,12/1/2026,22/1/2026
510550,115436,12/1/2026,
510551,115439,12/1/2026,20/1/2026
510552,115440,12/1/2026,
510553,115441,12/1/2026,4/5/2026
510554,115419,12/1/2026,
510555,115442,12/1/2026,
510556,115444,12/1/2026,18/3/2026
510557,115434,12/1/2026,26/1/2026
510558,115415,12/1/2026,1/3/2026
510559,115404,12/1/2026,13/1/2026
510560,115413,12/1/2026,6/3/2026
510561,105279,12/1/2026,31/1/2026
510562,107401,12/1/2026,13/1/2026
510563,106797,12/1/2026,14/4/2026
510564,107473,12/1/2026,9/2/2026
510565,115417,12/1/2026,15/4/2026
510566,115397,12/1/2026,21/1/2026
510567,115399,12/1/2026,25/2/2026
510568,115395,12/1/2026,2/4/2026
510569,115402,12/1/2026,28/6/2026
510570,115403,12/1/2026,30/3/2026
510571,115406,12/1/2026,9/2/2026
510572,115407,12/1/2026,
510573,115409,12/1/2026,
510574,115411,12/1/2026,21/1/2026
510575,115401,12/1/2026,25/1/2026
510576,115478,13/1/2026,2/7/2026
510577,115471,13/1/2026,15/1/2026
510578,115469,13/1/2026,12/2/2026
510579,115494,13/1/2026,30/4/2026
510580,115473,13/1/2026,
510581,115474,13/1/2026,3/3/2026
510582,115476,13/1/2026,21/1/2026
510583,115479,13/1/2026,27/5/2026
510584,115467,13/1/2026,
510585,115481,13/1/2026,3/2/2026
510586,115482,13/1/2026,18/1/2026
510587,115483,13/1/2026,27/3/2026
510588,115484,13/1/2026,
510589,115486,13/1/2026,
510590,115488,13/1/2026,25/1/2026
510591,115490,13/1/2026,16/1/2026
510592,115492,13/1/2026,7/2/2026
510593,115480,13/1/2026,26/1/2026
510594,115466,13/1/2026,16/1/2026
510595,115460,13/1/2026,
510596,115463,13/1/2026,20/7/2026
510597,104874,13/1/2026,
510598,108320,13/1/2026,18/1/2026
510599,115445,13/1/2026,11/5/2026
510600,115447,13/1/2026,
510601,115449,13/1/2026,26/1/2026
510602,115450,13/1/2026,25/2/2026
510603,115451,13/1/2026,15/3/2026
510604,115465,13/1/2026,18/4/2026
510605,115453,13/1/2026,15/3/2026
510606,115454,13/1/2026,1/5/2026
510607,115456,13/1/2026,17/1/2026
510608,115457,13/1/2026,19/1/2026
510609,115452,13/1/2026,15/2/2026
510610,115458,13/1/2026,15/1/2026
510611,115461,13/1/2026,25/1/2026
510612,115521,14/1/2026,24/1/2026
510613,115525,14/1/2026,
510614,115527,14/1/2026,
510615,115529,14/1/2026,20/1/2026
510616,115530,14/1/2026,19/1/2026
510617,115531,14/1/2026,10/2/2026
510618,115532,14/1/2026,25/1/2026
510619,115533,14/1/2026,16/1/2026
510620,115536,14/1/2026,20/7/2026
510621,115535,14/1/2026,27/1/2026
510622,115520,14/1/2026,
510623,115538,14/1/2026,16/2/2026
510624,115539,14/1/2026,8/4/2026
510625,115541,14/1/2026,
510626,115542,14/1/2026,11/3/2026
510627,115543,14/1/2026,9/3/2026
510628,115545,14/1/2026,21/1/2026
510629,115534,14/1/2026,
510630,115519,14/1/2026,21/1/2026
510631,115523,14/1/2026,
510632,108074,14/1/2026,
510633,109489,14/1/2026,22/1/2026
510634,106738,14/1/2026,16/1/2026
510635,115516,14/1/2026,18/1/2026
510636,115495,14/1/2026,
510637,115497,14/1/2026,
510638,115498,14/1/2026,25/7/2026
510639,115499,14/1/2026,21/1/2026
510640,115500,14/1/2026,30/5/2026
510641,115501,14/1/2026,17/2/2026
510642,115518,14/1/2026,19/1/2026
510643,115503,14/1/2026,15/1/2026
510644,115502,14/1/2026,18/2/2026
510645,115515,14/1/2026,5/2/2026
510646,115512,14/1/2026,30/5/2026
510647,115510,14/1/2026,15/1/2026
510648,115514,14/1/2026,3/8/2026
510649,115506,14/1/2026,
510650,115505,14/1/2026,20/2/2026
510651,115504,14/1/2026,18/1/2026
510652,115508,14/1/2026,18/1/2026
510653,115568,15/1/2026,16/1/2026
510654,115574,15/1/2026,18/1/2026
510655,115569,15/1/2026,20/1/2026
510656,115571,15/1/2026,20/2/2026
510657,115572,15/1/2026,28/1/2026
510658,115573,15/1/2026,21/1/2026
510659,115576,15/1/2026,6/3/2026
510660,115582,15/1/2026,
510661,115579,15/1/2026,12/7/2026
510662,115580,15/1/2026,26/1/2026
510663,115581,15/1/2026,17/1/2026
510664,115583,15/1/2026,22/1/2026
510665,115584,15/1/2026,20/2/2026
510666,115585,15/1/2026,
510667,115578,15/1/2026,27/2/2026
510668,115567,15/1/2026,18/2/2026
510669,115564,15/1/2026,30/4/2026
510670,115563,15/1/2026,
510671,115565,15/1/2026,23/6/2026
510672,108876,15/1/2026,
510673,115547,15/1/2026,13/7/2026
510674,115549,15/1/2026,18/1/2026
510675,115553,15/1/2026,21/2/2026
510676,115554,15/1/2026,24/1/2026
510677,115551,15/1/2026,
510678,115556,15/1/2026,8/3/2026
510679,115557,15/1/2026,16/1/2026
510680,115558,15/1/2026,14/2/2026
510681,115559,15/1/2026,27/2/2026
510682,115561,15/1/2026,25/2/2026
510683,115562,15/1/2026,22/4/2026
510684,115555,15/1/2026,29/1/2026
510685,115621,16/1/2026,3/2/2026
510686,115613,16/1/2026,24/5/2026
510687,115616,16/1/2026,28/1/2026
510688,115618,16/1/2026,17/1/2026
510689,115620,16/1/2026,23/7/2026
510690,115622,16/1/2026,13/2/2026
510691,115630,16/1/2026,
510692,115624,16/1/2026,27/1/2026
510693,115625,16/1/2026,22/1/2026
510694,115626,16/1/2026,17/1/2026
510695,115627,16/1/2026,17/1/2026
510696,115629,16/1/2026,23/2/2026
510697,115611,16/1/2026,22/1/2026
510698,115632,16/1/2026,
510699,115623,16/1/2026,10/5/2026
510700,115610,16/1/2026,26/2/2026
510701,115615,16/1/2026,17/7/2026
510702,115607,16/1/2026,
510703,115609,16/1/2026,19/3/2026
510704,112501,16/1/2026,27/1/2026
510705,110882,16/1/2026,25/2/2026
510706,115588,16/1/2026,8/2/2026
510707,115590,16/1/2026,
510708,115592,16/1/2026,22/1/2026
510709,115593,16/1/2026,25/7/2026
510710,115586,16/1/2026,30/3/2026
510711,115597,16/1/2026,27/1/2026
510712,115598,16/1/2026,20/7/2026
510713,115600,16/1/2026,13/2/2026
510714,115602,16/1/2026,16/3/2026
510715,115604,16/1/2026,4/2/2026
510716,115595,16/1/2026,5/2/2026
510717,115606,16/1/2026,
510718,115680,17/1/2026,4/2/2026
510719,115679,17/1/2026,18/1/2026
510720,115678,17/1/2026,
510721,115676,17/1/2026,28/2/2026
510722,115673,17/1/2026,20/2/2026
510723,115671,17/1/2026,29/7/2026
510724,115670,17/1/2026,7/2/2026
510725,115681,17/1/2026,19/2/2026
510726,115674,17/1/2026,
510727,115682,17/1/2026,18/1/2026
510728,115693,17/1/2026,18/2/2026
510729,115684,17/1/2026,
510730,115686,17/1/2026,
510731,115688,17/1/2026,
510732,115690,17/1/2026,3/2/2026
510733,115691,17/1/2026,18/1/2026
510734,115692,17/1/2026,6/2/2026
510735,115695,17/1/2026,23/1/2026
510736,115696,17/1/2026,17/6/2026
510737,115668,17/1/2026,9/2/2026
510738,115698,17/1/2026,
510739,115683,17/1/2026,31/1/2026
510740,115666,17/1/2026,30/1/2026
510741,115639,17/1/2026,25/1/2026
510742,115662,17/1/2026,2/2/2026
510743,115634,17/1/2026,10/2/2026
510744,115635,17/1/2026,9/3/2026
510745,115637,17/1/2026,23/2/2026
510746,115638,17/1/2026,
510747,115641,17/1/2026,14/3/2026
510748,115642,17/1/2026,27/1/2026
510749,115644,17/1/2026,
510750,115646,17/1/2026,18/1/2026
510751,115647,17/1/2026,1/2/2026
510752,115664,17/1/2026,29/4/2026
510753,115650,17/1/2026,17/2/2026
510754,115651,17/1/2026,22/1/2026
510755,115653,17/1/2026,27/1/2026
510756,115654,17/1/2026,20/3/2026
510757,115655,17/1/2026,23/3/2026
510758,115656,17/1/2026,3/3/2026
510759,115657,17/1/2026,20/1/2026
510760,115659,17/1/2026,26/5/2026
510761,115660,17/1/2026,23/3/2026
510762,115649,17/1/2026,7/3/2026
510763,115752,18/1/2026,
510764,115751,18/1/2026,15/3/2026
510765,115749,18/1/2026,
510766,115747,18/1/2026,27/4/2026
510767,115745,18/1/2026,24/2/2026
510768,115736,18/1/2026,
510769,115741,18/1/2026,22/1/2026
510770,115740,18/1/2026,20/1/2026
510771,115738,18/1/2026,
510772,115753,18/1/2026,17/2/2026
510773,115743,18/1/2026,7/4/2026
510774,115754,18/1/2026,20/2/2026
510775,115771,18/1/2026,29/4/2026
510776,115758,18/1/2026,27/1/2026
510777,115760,18/1/2026,26/1/2026
510778,115761,18/1/2026,12/6/2026
510779,115762,18/1/2026,3/2/2026
510780,115763,18/1/2026,4/4/2026
510781,115765,18/1/2026,31/1/2026
510782,115768,18/1/2026,30/1/2026
510783,115770,18/1/2026,17/2/2026
510784,115734,18/1/2026,23/1/2026
510785,115772,18/1/2026,22/1/2026
510786,115774,18/1/2026,
510787,115756,18/1/2026,5/2/2026
510788,115732,18/1/2026,
510789,115767,18/1/2026,5/2/2026
510790,115729,18/1/2026,4/3/2026
510791,108467,18/1/2026,19/1/2026
510792,115731,18/1/2026,9/2/2026
510793,115700,18/1/2026,22/1/2026
510794,115702,18/1/2026,21/1/2026
510795,115704,18/1/2026,22/1/2026
510796,115708,18/1/2026,23/2/2026
510797,115709,18/1/2026,19/1/2026
510798,115711,18/1/2026,20/1/2026
510799,115712,18/1/2026,
510800,115713,18/1/2026,27/5/2026
510801,115706,18/1/2026,1/2/2026
510802,115716,18/1/2026,13/2/2026
510803,115717,18/1/2026,14/4/2026
510804,115718,18/1/2026,
510805,115720,18/1/2026,27/1/2026
510806,115722,18/1/2026,7/6/2026
510807,115724,18/1/2026,13/6/2026
510808,115725,18/1/2026,19/2/2026
510809,115727,18/1/2026,30/1/2026
510810,115728,18/1/2026,27/1/2026
510811,115714,18/1/2026,22/1/2026
510812,115820,19/1/2026,
510813,115819,19/1/2026,29/1/2026
510814,115818,19/1/2026,20/2/2026
510815,115816,19/1/2026,4/2/2026
510816,115810,19/1/2026,
510817,115814,19/1/2026,24/1/2026
510818,115813,19/1/2026,14/4/2026
510819,115812,19/1/2026,
510820,115821,19/1/2026,
510821,115815,19/1/2026,23/2/2026
510822,115822,19/1/2026,29/3/2026
510823,115839,19/1/2026,29/4/2026
510824,115825,19/1/2026,20/1/2026
510825,115827,19/1/2026,27/1/2026
510826,115829,19/1/2026,
510827,115831,19/1/2026,24/1/2026
510828,115832,19/1/2026,15/2/2026
510829,115834,19/1/2026,20/1/2026
510830,115835,19/1/2026,18/6/2026
510831,115837,19/1/2026,7/2/2026
510832,115808,19/1/2026,
510833,115840,19/1/2026,25/1/2026
510834,115842,19/1/2026,25/5/2026
510835,115824,19/1/2026,
510836,115807,19/1/2026,6/2/2026
510837,115802,19/1/2026,27/2/2026
510838,115804,19/1/2026,25/2/2026
510839,115805,19/1/2026,
510840,115776,19/1/2026,8/2/2026
510841,115778,19/1/2026,20/1/2026
510842,115779,19/1/2026,11/2/2026
510843,115780,19/1/2026,14/2/2026
510844,115782,19/1/2026,22/1/2026
510845,115784,19/1/2026,
510846,115786,19/1/2026,
510847,104073,19/1/2026,
510848,115789,19/1/2026,
510849,115791,19/1/2026,
510850,115792,19/1/2026,
510851,115793,19/1/2026,10/5/2026
510852,115795,19/1/2026,1/2/2026
510853,115797,19/1/2026,20/1/2026
510854,115799,19/1/2026,7/2/2026
510855,115788,19/1/2026,3/2/2026
510856,115801,19/1/2026,31/1/2026
510857,115874,20/1/2026,24/1/2026
510858,115872,20/1/2026,6/2/2026
510859,115871,20/1/2026,
510860,115867,20/1/2026,19/3/2026
510861,115868,20/1/2026,
510862,115875,20/1/2026,21/1/2026
510863,115866,20/1/2026,11/7/2026
510864,115864,20/1/2026,6/2/2026
510865,115869,20/1/2026,
510866,115877,20/1/2026,14/7/2026
510867,115882,20/1/2026,15/5/2026
510868,115880,20/1/2026,
510869,115881,20/1/2026,14/2/2026
510870,115884,20/1/2026,
510871,115863,20/1/2026,8/2/2026
510872,115888,20/1/2026,17/7/2026
510873,115890,20/1/2026,11/2/2026
510874,115892,20/1/2026,27/1/2026
510875,115887,20/1/2026,28/1/2026
510876,115885,20/1/2026,3/2/2026
510877,115878,20/1/2026,22/1/2026
510878,115861,20/1/2026,30/1/2026
510879,115858,20/1/2026,16/7/2026
510880,115844,20/1/2026,6/3/2026
510881,101989,20/1/2026,28/1/2026
510882,103405,20/1/2026,18/2/2026
510883,106200,20/1/2026,21/3/2026
510884,100386,20/1/2026,2/4/2026
510885,100267,20/1/2026,24/2/2026
510886,115843,20/1/2026,25/1/2026
510887,115845,20/1/2026,7/2/2026
510888,115846,20/1/2026,24/7/2026
510889,115859,20/1/2026,22/2/2026
510890,115849,20/1/2026,
510891,115850,20/1/2026,14/4/2026
510892,115851,20/1/2026,21/1/2026
510893,115852,20/1/2026,21/1/2026
510894,115853,20/1/2026,
510895,115854,20/1/2026,31/1/2026
510896,115856,20/1/2026,30/5/2026
510897,115847,20/1/2026,
510898,115919,21/1/2026,25/1/2026
510899,115914,21/1/2026,15/5/2026
510900,115915,21/1/2026,5/2/2026
510901,115917,21/1/2026,13/5/2026
510902,115918,21/1/2026,
510903,115903,21/1/2026,
510904,115925,21/1/2026,4/2/2026
510905,115922,21/1/2026,9/2/2026
510906,115923,21/1/2026,23/2/2026
510907,115913,21/1/2026,14/2/2026
510908,115927,21/1/2026,23/1/2026
510909,115921,21/1/2026,27/1/2026
510910,115911,21/1/2026,6/2/2026
510911,115896,21/1/2026,
510912,115908,21/1/2026,
510913,115907,21/1/2026,
510914,115905,21/1/2026,
510915,115901,21/1/2026,26/1/2026
510916,115899,21/1/2026,3/2/2026
510917,115897,21/1/2026,3/3/2026
510918,115894,21/1/2026,21/4/2026
510919,105742,21/1/2026,13/4/2026
510920,103134,21/1/2026,23/5/2026
510921,115909,21/1/2026,
510922,115952,22/1/2026,4/2/2026
510923,115951,22/1/2026,27/4/2026
510924,115948,22/1/2026,11/4/2026
510925,115954,22/1/2026,29/5/2026
510926,115955,22/1/2026,25/1/2026
510927,115960,22/1/2026,17/7/2026
510928,115958,22/1/2026,
510929,115962,22/1/2026,26/1/2026
510930,115947,22/1/2026,7/2/2026
510931,115963,22/1/2026,
510932,115965,22/1/2026,28/1/2026
510933,115957,22/1/2026,
510934,115946,22/1/2026,
510935,115950,22/1/2026,7/2/2026
510936,115943,22/1/2026,12/3/2026
510937,108381,22/1/2026,
510938,115929,22/1/2026,31/1/2026
510939,115930,22/1/2026,14/4/2026
510940,115931,22/1/2026,
510941,115932,22/1/2026,
510942,115933,22/1/2026,8/3/2026
510943,115944,22/1/2026,30/3/2026
510944,115937,22/1/2026,30/1/2026
510945,115939,22/1/2026,7/6/2026
510946,115940,22/1/2026,12/5/2026
510947,115942,22/1/2026,21/3/2026
510948,115935,22/1/2026,29/1/2026
510949,115995,23/1/2026,13/6/2026
510950,115996,23/1/2026,19/2/2026
510951,115998,23/1/2026,22/5/2026
510952,115999,23/1/2026,18/2/2026
510953,116001,23/1/2026,25/1/2026
510954,116002,23/1/2026,
510955,116004,23/1/2026,9/2/2026
510956,116006,23/1/2026,
510957,116009,23/1/2026,
510958,116008,23/1/2026,11/7/2026
510959,116010,23/1/2026,
510960,116011,23/1/2026,29/3/2026
510961,116012,23/1/2026,14/3/2026
510962,115993,23/1/2026,
510963,116015,23/1/2026,29/6/2026
510964,116016,23/1/2026,16/6/2026
510965,116017,23/1/2026,6/5/2026
510966,116007,23/1/2026,4/2/2026
510967,116013,23/1/2026,31/1/2026
510968,115989,23/1/2026,19/2/2026
510969,115988,23/1/2026,4/2/2026
510970,105164,23/1/2026,24/1/2026
510971,108618,23/1/2026,19/2/2026
510972,115991,23/1/2026,
510973,115968,23/1/2026,6/4/2026
510974,115969,23/1/2026,
510975,115970,23/1/2026,23/7/2026
510976,115971,23/1/2026,30/6/2026
510977,115973,23/1/2026,
510978,115966,23/1/2026,28/1/2026
510979,115977,23/1/2026,22/2/2026
510980,115979,23/1/2026,
510981,115980,23/1/2026,11/2/2026
510982,115982,23/1/2026,29/1/2026
510983,115984,23/1/2026,18/4/2026
510984,115985,23/1/2026,20/2/2026
510985,115986,23/1/2026,11/7/2026
510986,115975,23/1/2026,24/1/2026
510987,116077,24/1/2026,8/6/2026
510988,116075,24/1/2026,25/2/2026
510989,116073,24/1/2026,29/1/2026
510990,116071,24/1/2026,13/4/2026
510991,116067,24/1/2026,14/3/2026
510992,116060,24/1/2026,9/2/2026
510993,116063,24/1/2026,
510994,116061,24/1/2026,2/2/2026
510995,116078,24/1/2026,
510996,116058,24/1/2026,7/3/2026
510997,116065,24/1/2026,
510998,116080,24/1/2026,22/2/2026
510999,116056,24/1/2026,29/1/2026
511000,116083,24/1/2026,30/1/2026
511001,116084,24/1/2026,17/2/2026
511002,116085,24/1/2026,4/2/2026
511003,116087,24/1/2026,28/4/2026
511004,116088,24/1/2026,28/1/2026
511005,116090,24/1/2026,29/1/2026
511006,116092,24/1/2026,23/3/2026
511007,116094,24/1/2026,28/1/2026
511008,116096,24/1/2026,29/1/2026
511009,116098,24/1/2026,3/4/2026
511010,116100,24/1/2026,8/2/2026
511011,116102,24/1/2026,22/2/2026
511012,116081,24/1/2026,5/6/2026
511013,116055,24/1/2026,
511014,116069,24/1/2026,20/3/2026
511015,116052,24/1/2026,28/1/2026
511016,116019,24/1/2026,31/1/2026
511017,116021,24/1/2026,22/2/2026
511018,116022,24/1/2026,4/7/2026
511019,116023,24/1/2026,31/1/2026
511020,116025,24/1/2026,
511021,116026,24/1/2026,7/2/2026
511022,116028,24/1/2026,27/1/2026
511023,116029,24/1/2026,6/2/2026
511024,116030,24/1/2026,10/2/2026
511025,116031,24/1/2026,
511026,116032,24/1/2026,27/1/2026
511027,116034,24/1/2026,29/1/2026
511028,116020,24/1/2026,4/3/2026
511029,116038,24/1/2026,27/1/2026
511030,116036,24/1/2026,
511031,116050,24/1/2026,8/2/2026
511032,116049,24/1/2026,21/2/2026
511033,116048,24/1/2026,26/3/2026
511034,116047,24/1/2026,3/7/2026
511035,116051,24/1/2026,3/4/2026
511036,116054,24/1/2026,29/3/2026
511037,116043,24/1/2026,31/1/2026
511038,116041,24/1/2026,7/6/2026
511039,116040,24/1/2026,18/5/2026
511040,116045,24/1/2026,13/2/2026
511041,116139,25/1/2026,27/1/2026
511042,116150,25/1/2026,14/2/2026
511043,116140,25/1/2026,14/3/2026
511044,116142,25/1/2026,4/3/2026
511045,116143,25/1/2026,7/2/2026
511046,116144,25/1/2026,26/3/2026
511047,116145,25/1/2026,4/2/2026
511048,116147,25/1/2026,5/2/2026
511049,116148,25/1/2026,30/1/2026
511050,116149,25/1/2026,
511051,116151,25/1/2026,12/3/2026
511052,116162,25/1/2026,14/4/2026
511053,116154,25/1/2026,4/2/2026
511054,116157,25/1/2026,4/3/2026
511055,116158,25/1/2026,
511056,116160,25/1/2026,17/7/2026
511057,116163,25/1/2026,3/5/2026
511058,116164,25/1/2026,20/4/2026
511059,116166,25/1/2026,30/6/2026
511060,116167,25/1/2026,27/1/2026
511061,116168,25/1/2026,25/2/2026
511062,116138,25/1/2026,7/2/2026
511063,116152,25/1/2026,
511064,116136,25/1/2026,3/8/2026
511065,116155,25/1/2026,27/1/2026
511066,116134,25/1/2026,30/1/2026
511067,116135,25/1/2026,7/3/2026
511068,111494,25/1/2026,
511069,113328,25/1/2026,
511070,116105,25/1/2026,10/2/2026
511071,116107,25/1/2026,
511072,116109,25/1/2026,28/1/2026
511073,116111,25/1/2026,16/7/2026
511074,116112,25/1/2026,
511075,116113,25/1/2026,
511076,116114,25/1/2026,6/2/2026
511077,116116,25/1/2026,21/3/2026
511078,116103,25/1/2026,2/2/2026
511079,116118,25/1/2026,9/4/2026
511080,116117,25/1/2026,25/3/2026
511081,116131,25/1/2026,16/4/2026
511082,116133,25/1/2026,30/4/2026
511083,116127,25/1/2026,31/1/2026
511084,116125,25/1/2026,31/1/2026
511085,116129,25/1/2026,15/2/2026
511086,116122,25/1/2026,7/3/2026
511087,116121,25/1/2026,25/2/2026
511088,116120,25/1/2026,
511089,116123,25/1/2026,12/2/2026
511090,116208,26/1/2026,
511091,116199,26/1/2026,19/7/2026
511092,116200,26/1/2026,11/2/2026
511093,116202,26/1/2026,23/2/2026
511094,116204,26/1/2026,9/4/2026
511095,116197,26/1/2026,5/2/2026
511096,116206,26/1/2026,3/3/2026
511097,116210,26/1/2026,
511098,116218,26/1/2026,
511099,116214,26/1/2026,28/1/2026
511100,116215,26/1/2026,
511101,116217,26/1/2026,2/2/2026
511102,116219,26/1/2026,
511103,116220,26/1/2026,
511104,116221,26/1/2026,
511105,116223,26/1/2026,4/4/2026
511106,116196,26/1/2026,13/5/2026
511107,116225,26/1/2026,
511108,116212,26/1/2026,
511109,116195,26/1/2026,14/3/2026
511110,116190,26/1/2026,28/1/2026
511111,116193,26/1/2026,1/2/2026
511112,116194,26/1/2026,19/4/2026
511113,116169,26/1/2026,18/2/2026
511114,116171,26/1/2026,8/5/2026
511115,116175,26/1/2026,
511116,116176,26/1/2026,22/4/2026
511117,116178,26/1/2026,7/2/2026
511118,116179,26/1/2026,1/2/2026
511119,116173,26/1/2026,31/1/2026
511120,116182,26/1/2026,21/3/2026
511121,116183,26/1/2026,25/4/2026
511122,116185,26/1/2026,5/2/2026
511123,116187,26/1/2026,3/4/2026
511124,116188,26/1/2026,21/4/2026
511125,116192,26/1/2026,20/2/2026
511126,116181,26/1/2026,24/3/2026
511127,116262,27/1/2026,22/6/2026
511128,116251,27/1/2026,16/7/2026
511129,116253,27/1/2026,29/1/2026
511130,116255,27/1/2026,29/1/2026
511131,116256,27/1/2026,16/7/2026
511132,116257,27/1/2026,15/2/2026
511133,116259,27/1/2026,4/2/2026
511134,116260,27/1/2026,2/2/2026
511135,116264,27/1/2026,10/2/2026
511136,116275,27/1/2026,11/2/2026
511137,116267,27/1/2026,
511138,116268,27/1/2026,25/3/2026
511139,116269,27/1/2026,28/1/2026
511140,116271,27/1/2026,17/2/2026
511141,116272,27/1/2026,26/2/2026
511142,116249,27/1/2026,
511143,116274,27/1/2026,15/2/2026
511144,116273,27/1/2026,23/2/2026
511145,116277,27/1/2026,1/2/2026
511146,116247,27/1/2026,
511147,116265,27/1/2026,
511148,116244,27/1/2026,5/2/2026
511149,102680,27/1/2026,27/2/2026
511150,104367,27/1/2026,2/2/2026
511151,104962,27/1/2026,9/2/2026
511152,116246,27/1/2026,21/4/2026
511153,116226,27/1/2026,2/2/2026
511154,116228,27/1/2026,30/1/2026
511155,116230,27/1/2026,11/4/2026
511156,111313,27/1/2026,29/1/2026
511157,116233,27/1/2026,1/2/2026
511158,116235,27/1/2026,14/3/2026
511159,116236,27/1/2026,
511160,116237,27/1/2026,7/2/2026
511161,116238,27/1/2026,21/2/2026
511162,116240,27/1/2026,20/2/2026
511163,116242,27/1/2026,19/7/2026
511164,116231,27/1/2026,31/1/2026
511165,116306,28/1/2026,9/2/2026
511166,116299,28/1/2026,
511167,116301,28/1/2026,27/3/2026
511168,116302,28/1/2026,16/2/2026
511169,116303,28/1/2026,17/3/2026
511170,116304,28/1/2026,4/2/2026
511171,116305,28/1/2026,
511172,116308,28/1/2026,
511173,116319,28/1/2026,4/5/2026
511174,116311,28/1/2026,12/2/2026
511175,116313,28/1/2026,3/4/2026
511176,116315,28/1/2026,2/2/2026
511177,116316,28/1/2026,
511178,116318,28/1/2026,28/6/2026
511179,116298,28/1/2026,3/2/2026
511180,116321,28/1/2026,18/2/2026
511181,116310,28/1/2026,18/2/2026
511182,116297,28/1/2026,27/3/2026
511183,116295,28/1/2026,30/1/2026
511184,116293,28/1/2026,7/3/2026
511185,106997,28/1/2026,18/4/2026
511186,116278,28/1/2026,5/6/2026
511187,116281,28/1/2026,30/3/2026
511188,116283,28/1/2026,13/2/2026
511189,116284,28/1/2026,9/3/2026
511190,116280,28/1/2026,19/2/2026
511191,116286,28/1/2026,2/5/2026
511192,116288,28/1/2026,26/2/2026
511193,116289,28/1/2026,12/7/2026
511194,116290,28/1/2026,12/7/2026
511195,116292,28/1/2026,10/2/2026
511196,116285,28/1/2026,5/2/2026
511197,116359,29/1/2026,2/2/2026
511198,116349,29/1/2026,13/3/2026
511199,116351,29/1/2026,26/2/2026
511200,116352,29/1/2026,15/7/2026
511201,116353,29/1/2026,9/5/2026
511202,116354,29/1/2026,8/2/2026
511203,116355,29/1/2026,
511204,116377,29/1/2026,23/7/2026
511205,116361,29/1/2026,6/2/2026
511206,116375,29/1/2026,21/3/2026
511207,116364,29/1/2026,11/3/2026
511208,116366,29/1/2026,
511209,116368,29/1/2026,25/2/2026
511210,116370,29/1/2026,2/2/2026
511211,116348,29/1/2026,12/4/2026
511212,116373,29/1/2026,
511213,116372,29/1/2026,15/2/2026
511214,116371,29/1/2026,1/2/2026
511215,116363,29/1/2026,26/2/2026
511216,116346,29/1/2026,23/2/2026
511217,116357,29/1/2026,3/6/2026
511218,116344,29/1/2026,
511219,116345,29/1/2026,2/2/2026
511220,111402,29/1/2026,2/3/2026
511221,116322,29/1/2026,1/2/2026
511222,116324,29/1/2026,1/4/2026
511223,116326,29/1/2026,18/4/2026
511224,116328,29/1/2026,12/7/2026
511225,116329,29/1/2026,31/7/2026
511226,116330,29/1/2026,11/3/2026
511227,109031,29/1/2026,17/2/2026
511228,116334,29/1/2026,4/7/2026
511229,116336,29/1/2026,1/8/2026
511230,116337,29/1/2026,9/3/2026
511231,116339,29/1/2026,12/2/2026
511232,116340,29/1/2026,10/5/2026
511233,116332,29/1/2026,
511234,116341,29/1/2026,14/2/2026
511235,116343,29/1/2026,
511236,116422,30/1/2026,1/2/2026
511237,116420,30/1/2026,3/2/2026
511238,116419,30/1/2026,18/3/2026
511239,116413,30/1/2026,2/4/2026
511240,116415,30/1/2026,18/2/2026
511241,116424,30/1/2026,20/3/2026
511242,116412,30/1/2026,5/6/2026
511243,116410,30/1/2026,23/4/2026
511244,116417,30/1/2026,
511245,116425,30/1/2026,16/6/2026
511246,116431,30/1/2026,4/2/2026
511247,116428,30/1/2026,21/4/2026
511248,116429,30/1/2026,
511249,116432,30/1/2026,12/3/2026
511250,116434,30/1/2026,1/2/2026
511251,116436,30/1/2026,31/1/2026
511252,116437,30/1/2026,
511253,116439,30/1/2026,
511254,116440,30/1/2026,
511255,116441,30/1/2026,3/7/2026
511256,116426,30/1/2026,22/4/2026
511257,116407,30/1/2026,28/3/2026
511258,116408,30/1/2026,14/5/2026
511259,116404,30/1/2026,
511260,116405,30/1/2026,5/4/2026
511261,108757,30/1/2026,20/6/2026
511262,116379,30/1/2026,14/2/2026
511263,116381,30/1/2026,17/6/2026
511264,116382,30/1/2026,4/3/2026
511265,116384,30/1/2026,13/2/2026
511266,116386,30/1/2026,6/2/2026
511267,116387,30/1/2026,6/4/2026
511268,116388,30/1/2026,26/7/2026
511269,116383,30/1/2026,19/2/2026
511270,116391,30/1/2026,18/2/2026
511271,116392,30/1/2026,26/2/2026
511272,116393,30/1/2026,18/2/2026
511273,116395,30/1/2026,17/3/2026
511274,116396,30/1/2026,3/3/2026
511275,116398,30/1/2026,13/2/2026
511276,116400,30/1/2026,16/5/2026
511277,116402,30/1/2026,
511278,116389,30/1/2026,16/2/2026
511279,116403,30/1/2026,17/2/2026
511280,116487,31/1/2026,1/2/2026
511281,116486,31/1/2026,7/5/2026
511282,116484,31/1/2026,10/4/2026
511283,116482,31/1/2026,24/4/2026
511284,116475,31/1/2026,14/3/2026
511285,116479,31/1/2026,22/2/2026
511286,116477,31/1/2026,23/3/2026
511287,116473,31/1/2026,
511288,116489,31/1/2026,9/2/2026
511289,116481,31/1/2026,18/2/2026
511290,116491,31/1/2026,9/5/2026
511291,116504,31/1/2026,13/4/2026
511292,116493,31/1/2026,4/2/2026
511293,116494,31/1/2026,24/2/2026
511294,116495,31/1/2026,12/4/2026
511295,116506,31/1/2026,23/3/2026
511296,116497,31/1/2026,21/6/2026
511297,116498,31/1/2026,18/4/2026
511298,116499,31/1/2026,7/2/2026
511299,116501,31/1/2026,
511300,116472,31/1/2026,28/6/2026
511301,116503,31/1/2026,4/2/2026
511302,116492,31/1/2026,
511303,116471,31/1/2026,10/4/2026
511304,116496,31/1/2026,
511305,116468,31/1/2026,8/2/2026
511306,116470,31/1/2026,
511307,109199,31/1/2026,16/2/2026
511308,110736,31/1/2026,3/2/2026
511309,116442,31/1/2026,
511310,116443,31/1/2026,18/2/2026
511311,116446,31/1/2026,10/2/2026
511312,116447,31/1/2026,31/5/2026
511313,116449,31/1/2026,10/4/2026
511314,116450,31/1/2026,4/2/2026
511315,116451,31/1/2026,6/2/2026
511316,116445,31/1/2026,
511317,116454,31/1/2026,21/4/2026
511318,116466,31/1/2026,
511319,116452,31/1/2026,1/2/2026
511320,116463,31/1/2026,6/2/2026
511321,116462,31/1/2026,1/2/2026
511322,116460,31/1/2026,22/3/2026
511323,116464,31/1/2026,
511324,116459,31/1/2026,
511325,116458,31/1/2026,7/2/2026
511326,116457,31/1/2026,13/2/2026
511327,116455,31/1/2026,
511328,116566,1/2/2026,15/2/2026
511329,116565,1/2/2026,17/5/2026
511330,116563,1/2/2026,5/3/2026
511331,116561,1/2/2026,9/2/2026
511332,116559,1/2/2026,20/2/2026
511333,116556,1/2/2026,9/2/2026
511334,116567,1/2/2026,10/3/2026
511335,116554,1/2/2026,
511336,116552,1/2/2026,23/2/2026
511337,116551,1/2/2026,3/2/2026
511338,116550,1/2/2026,11/2/2026
511339,116558,1/2/2026,15/3/2026
511340,116569,1/2/2026,7/2/2026
511341,116588,1/2/2026,20/5/2026
511342,116571,1/2/2026,
511343,116572,1/2/2026,8/2/2026
511344,116575,1/2/2026,10/2/2026
511345,116577,1/2/2026,
511346,116578,1/2/2026,4/3/2026
511347,116579,1/2/2026,7/2/2026
511348,116581,1/2/2026,8/2/2026
511349,116582,1/2/2026,6/2/2026
511350,116584,1/2/2026,8/2/2026
511351,116586,1/2/2026,7/2/2026
511352,116548,1/2/2026,3/2/2026
511353,116589,1/2/2026,22/2/2026
511354,116591,1/2/2026,
511355,116570,1/2/2026,21/2/2026
511356,116546,1/2/2026,
511357,116574,1/2/2026,
511358,116543,1/2/2026,21/4/2026
511359,116544,1/2/2026,13/4/2026
511360,110768,1/2/2026,
511361,109836,1/2/2026,
511362,116507,1/2/2026,
511363,116508,1/2/2026,5/6/2026
511364,116510,1/2/2026,13/2/2026
511365,116512,1/2/2026,23/3/2026
511366,116514,1/2/2026,28/3/2026
511367,116515,1/2/2026,3/2/2026
511368,116516,1/2/2026,17/4/2026
511369,116517,1/2/2026,
511370,116518,1/2/2026,28/2/2026
511371,116519,1/2/2026,28/7/2026
511372,116509,1/2/2026,
511373,116523,1/2/2026,
511374,116521,1/2/2026,
511375,116541,1/2/2026,11/2/2026
511376,116539,1/2/2026,28/2/2026
511377,116538,1/2/2026,20/2/2026
511378,116534,1/2/2026,4/2/2026
511379,116532,1/2/2026,20/2/2026
511380,116536,1/2/2026,20/2/2026
511381,116530,1/2/2026,20/2/2026
511382,116529,1/2/2026,2/3/2026
511383,116527,1/2/2026,6/2/2026
511384,116525,1/2/2026,
511385,116524,1/2/2026,9/5/2026
511386,116531,1/2/2026,4/2/2026
511387,116621,2/2/2026,16/5/2026
511388,116630,2/2/2026,9/4/2026
511389,116623,2/2/2026,16/3/2026
511390,116624,2/2/2026,11/2/2026
511391,116620,2/2/2026,5/2/2026
511392,116626,2/2/2026,10/2/2026
511393,116628,2/2/2026,27/2/2026
511394,116629,2/2/2026,18/4/2026
511395,116631,2/2/2026,26/2/2026
511396,116643,2/2/2026,6/2/2026
511397,116635,2/2/2026,
511398,116637,2/2/2026,7/4/2026
511399,116639,2/2/2026,18/2/2026
511400,116641,2/2/2026,6/2/2026
511401,116644,2/2/2026,22/4/2026
511402,116646,2/2/2026,27/4/2026
511403,116648,2/2/2026,11/7/2026
511404,116619,2/2/2026,16/2/2026
511405,116649,2/2/2026,10/5/2026
511406,116633,2/2/2026,9/3/2026
511407,116618,2/2/2026,
511408,116610,2/2/2026,12/3/2026
511409,116616,2/2/2026,
511410,116617,2/2/2026,7/2/2026
511411,106094,2/2/2026,30/5/2026
511412,116593,2/2/2026,
511413,116594,2/2/2026,12/2/2026
511414,116595,2/2/2026,18/2/2026
511415,116598,2/2/2026,3/2/2026
511416,116600,2/2/2026,5/5/2026
511417,116602,2/2/2026,29/6/2026
511418,116596,2/2/2026,
511419,116606,2/2/2026,5/2/2026
511420,116608,2/2/2026,7/3/2026
511421,116609,2/2/2026,3/2/2026
511422,116611,2/2/2026,
511423,116612,2/2/2026,4/2/2026
511424,116613,2/2/2026,17/2/2026
511425,116614,2/2/2026,12/3/2026
511426,116604,2/2/2026,27/2/2026
511427,116692,3/2/2026,22/3/2026
511428,116682,3/2/2026,3/3/2026
511429,116683,3/2/2026,11/4/2026
511430,116685,3/2/2026,
511431,116686,3/2/2026,4/7/2026
511432,116688,3/2/2026,25/5/2026
511433,116690,3/2/2026,10/3/2026
511434,116694,3/2/2026,
511435,116710,3/2/2026,1/7/2026
511436,116698,3/2/2026,4/2/2026
511437,116699,3/2/2026,
511438,116701,3/2/2026,
511439,116702,3/2/2026,
511440,116704,3/2/2026,10/3/2026
511441,116706,3/2/2026,28/5/2026
511442,116680,3/2/2026,4/4/2026
511443,116708,3/2/2026,28/2/2026
511444,116696,3/2/2026,19/5/2026
511445,116678,3/2/2026,17/3/2026
511446,116677,3/2/2026,29/5/2026
511447,116675,3/2/2026,
511448,106075,3/2/2026,27/2/2026
511449,116650,3/2/2026,
511450,116652,3/2/2026,30/3/2026
511451,116653,3/2/2026,8/2/2026
511452,116656,3/2/2026,
511453,116657,3/2/2026,6/2/2026
511454,116659,3/2/2026,
511455,116655,3/2/2026,30/3/2026
511456,116663,3/2/2026,16/2/2026
511457,116665,3/2/2026,
511458,116666,3/2/2026,15/6/2026
511459,116668,3/2/2026,20/2/2026
511460,116670,3/2/2026,8/2/2026
511461,116672,3/2/2026,4/2/2026
511462,116673,3/2/2026,15/2/2026
511463,116661,3/2/2026,4/4/2026
511464,116744,4/2/2026,12/2/2026
511465,116735,4/2/2026,27/3/2026
511466,116736,4/2/2026,20/4/2026
511467,116737,4/2/2026,
511468,116738,4/2/2026,12/4/2026
511469,116740,4/2/2026,8/2/2026
511470,116742,4/2/2026,10/2/2026
511471,116745,4/2/2026,21/2/2026
511472,116755,4/2/2026,8/2/2026
511473,116747,4/2/2026,19/2/2026
511474,116749,4/2/2026,12/7/2026
511475,116750,4/2/2026,24/4/2026
511476,116752,4/2/2026,10/2/2026
511477,116753,4/2/2026,17/3/2026
511478,116754,4/2/2026,8/6/2026
511479,116733,4/2/2026,
511480,116757,4/2/2026,21/2/2026
511481,116746,4/2/2026,25/6/2026
511482,116732,4/2/2026,
511483,116729,4/2/2026,
511484,107926,4/2/2026,8/2/2026
511485,116731,4/2/2026,4/5/2026
511486,116712,4/2/2026,21/5/2026
511487,116713,4/2/2026,13/2/2026
511488,116714,4/2/2026,22/3/2026
511489,116716,4/2/2026,
511490,116718,4/2/2026,5/3/2026
511491,116719,4/2/2026,6/7/2026
511492,116715,4/2/2026,14/3/2026
511493,116722,4/2/2026,30/7/2026
511494,116723,4/2/2026,12/4/2026
511495,116724,4/2/2026,
511496,116725,4/2/2026,
511497,116726,4/2/2026,26/3/2026
511498,116728,4/2/2026,24/3/2026
511499,116720,4/2/2026,
511500,116795,5/2/2026,10/2/2026
511501,116785,5/2/2026,14/4/2026
511502,116787,5/2/2026,
511503,116789,5/2/2026,20/3/2026
511504,116790,5/2/2026,1/3/2026
511505,116792,5/2/2026,15/2/2026
511506,116793,5/2/2026,6/3/2026
511507,116796,5/2/2026,17/2/2026
511508,116784,5/2/2026,
511509,116799,5/2/2026,2/4/2026
511510,116800,5/2/2026,10/2/2026
511511,116801,5/2/2026,12/2/2026
511512,116803,5/2/2026,
511513,116806,5/2/2026,7/2/2026
511514,116805,5/2/2026,18/2/2026
511515,116804,5/2/2026,21/3/2026
511516,116798,5/2/2026,22/3/2026
511517,116782,5/2/2026,
511518,116779,5/2/2026,26/6/2026
511519,116762,5/2/2026,22/2/2026
511520,116781,5/2/2026,24/2/2026
511521,116759,5/2/2026,22/5/2026
511522,116761,5/2/2026,22/2/2026
511523,116763,5/2/2026,5/3/2026
511524,116765,5/2/2026,15/2/2026
511525,107583,5/2/2026,22/2/2026
511526,116767,5/2/2026,16/6/2026
511527,116769,5/2/2026,
511528,116771,5/2/2026,13/2/2026
511529,116773,5/2/2026,8/3/2026
511530,116775,5/2/2026,12/3/2026
511531,116776,5/2/2026,20/3/2026
511532,116777,5/2/2026,10/3/2026
511533,116768,5/2/2026,17/3/2026
511534,116843,6/2/2026,8/2/2026
511535,116841,6/2/2026,7/2/2026
511536,116839,6/2/2026,31/7/2026
511537,116833,6/2/2026,
511538,116835,6/2/2026,5/4/2026
511539,116845,6/2/2026,5/3/2026
511540,116837,6/2/2026,20/7/2026
511541,116846,6/2/2026,30/4/2026
511542,116855,6/2/2026,25/5/2026
511543,116849,6/2/2026,
511544,116850,6/2/2026,
511545,116851,6/2/2026,
511546,116852,6/2/2026,12/3/2026
511547,116853,6/2/2026,
511548,116856,6/2/2026,
511549,116847,6/2/2026,
511550,116832,6/2/2026,28/2/2026
511551,116824,6/2/2026,
511552,116829,6/2/2026,11/4/2026
511553,111180,6/2/2026,15/2/2026
511554,104571,6/2/2026,3/8/2026
511555,116807,6/2/2026,7/2/2026
511556,116830,6/2/2026,22/2/2026
511557,116811,6/2/2026,15/2/2026
511558,116813,6/2/2026,9/4/2026
511559,116815,6/2/2026,31/3/2026
511560,116809,6/2/2026,5/4/2026
511561,116818,6/2/2026,20/5/2026
511562,116819,6/2/2026,20/2/2026
511563,116821,6/2/2026,14/4/2026
511564,116822,6/2/2026,29/7/2026
511565,116826,6/2/2026,8/2/2026
511566,116828,6/2/2026,24/2/2026
511567,116817,6/2/2026,13/2/2026
511568,116906,7/2/2026,24/3/2026
511569,116895,7/2/2026,31/3/2026
511570,116896,7/2/2026,27/4/2026
511571,116897,7/2/2026,24/2/2026
511572,116899,7/2/2026,23/2/2026
511573,116901,7/2/2026,28/2/2026
511574,116903,7/2/2026,14/2/2026
511575,116905,7/2/2026,
511576,116908,7/2/2026,
511577,116893,7/2/2026,20/2/2026
511578,116912,7/2/2026,25/3/2026
511579,116914,7/2/2026,14/6/2026
511580,116924,7/2/2026,5/4/2026
511581,116916,7/2/2026,19/2/2026
511582,116917,7/2/2026,18/2/2026
511583,116919,7/2/2026,25/7/2026
511584,116920,7/2/2026,8/2/2026
511585,116921,7/2/2026,3/3/2026
511586,116923,7/2/2026,24/6/2026
511587,116910,7/2/2026,10/2/2026
511588,116891,7/2/2026,1/4/2026
511589,116915,7/2/2026,13/4/2026
511590,116888,7/2/2026,24/3/2026
511591,116890,7/2/2026,9/2/2026
511592,116858,7/2/2026,
511593,116860,7/2/2026,10/2/2026
511594,116862,7/2/2026,
511595,116864,7/2/2026,19/5/2026
511596,116866,7/2/2026,3/4/2026
511597,116867,7/2/2026,
511598,116869,7/2/2026,14/2/2026
511599,116871,7/2/2026,10/2/2026
511600,111822,7/2/2026,
511601,116875,7/2/2026,5/4/2026
511602,116876,7/2/2026,10/2/2026
511603,116877,7/2/2026,
511604,116879,7/2/2026,
511605,116880,7/2/2026,9/2/2026
511606,116881,7/2/2026,
511607,116883,7/2/2026,11/4/2026
511608,116885,7/2/2026,18/5/2026
511609,116886,7/2/2026,1/3/2026
511610,116873,7/2/2026,
511611,116964,8/2/2026,14/2/2026
511612,116962,8/2/2026,10/2/2026
511613,116956,8/2/2026,4/4/2026
511614,116959,8/2/2026,15/2/2026
511615,116957,8/2/2026,16/2/2026
511616,116965,8/2/2026,
511617,116960,8/2/2026,2/4/2026
511618,116966,8/2/2026,9/3/2026
511619,116972,8/2/2026,30/3/2026
511620,116968,8/2/2026,
511621,116969,8/2/2026,18/4/2026
511622,116971,8/2/2026,17/6/2026
511623,116974,8/2/2026,25/3/2026
511624,116975,8/2/2026,20/5/2026
511625,116976,8/2/2026,15/4/2026
511626,116954,8/2/2026,27/3/2026
511627,116967,8/2/2026,23/2/2026
511628,116952,8/2/2026,9/2/2026
511629,116949,8/2/2026,16/4/2026
511630,116927,8/2/2026,25/6/2026
511631,107354,8/2/2026,18/2/2026
511632,113642,8/2/2026,21/2/2026
511633,116926,8/2/2026,
511634,116929,8/2/2026,25/3/2026
511635,116931,8/2/2026,9/2/2026
511636,116951,8/2/2026,3/3/2026
511637,116933,8/2/2026,5/3/2026
511638,116932,8/2/2026,26/4/2026
511639,116937,8/2/2026,3/4/2026
511640,116939,8/2/2026,
511641,116941,8/2/2026,14/4/2026
511642,116943,8/2/2026,5/3/2026
511643,116945,8/2/2026,8/3/2026
511644,116947,8/2/2026,2/7/2026
511645,116935,8/2/2026,
511646,117011,9/2/2026,24/4/2026
511647,117009,9/2/2026,
511648,117008,9/2/2026,
511649,117006,9/2/2026,17/7/2026
511650,117000,9/2/2026,30/4/2026
511651,117003,9/2/2026,24/3/2026
511652,117002,9/2/2026,26/6/2026
511653,117013,9/2/2026,31/7/2026
511654,117005,9/2/2026,13/3/2026
511655,117015,9/2/2026,15/2/2026
511656,117029,9/2/2026,28/3/2026
511657,117017,9/2/2026,28/4/2026
511658,117019,9/2/2026,
511659,117020,9/2/2026,
511660,117022,9/2/2026,7/3/2026
511661,117024,9/2/2026,28/4/2026
511662,117026,9/2/2026,16/2/2026
511663,117028,9/2/2026,12/4/2026
511664,117032,9/2/2026,5/4/2026
511665,117030,9/2/2026,12/2/2026
511666,117016,9/2/2026,27/4/2026
511667,116999,9/2/2026,18/2/2026
511668,116993,9/2/2026,19/6/2026
511669,116996,9/2/2026,27/2/2026
511670,102065,9/2/2026,22/2/2026
511671,105594,9/2/2026,
511672,116978,9/2/2026,26/2/2026
511673,116979,9/2/2026,20/4/2026
511674,116980,9/2/2026,
511675,116981,9/2/2026,23/4/2026
511676,116982,9/2/2026,12/3/2026
511677,116983,9/2/2026,4/3/2026
511678,116998,9/2/2026,23/3/2026
511679,116985,9/2/2026,
511680,116986,9/2/2026,
511681,116988,9/2/2026,23/4/2026
511682,116990,9/2/2026,14/2/2026
511683,116991,9/2/2026,21/2/2026
511684,116995,9/2/2026,21/3/2026
511685,116984,9/2/2026,13/2/2026
511686,117053,10/2/2026,
511687,117054,10/2/2026,
511688,117055,10/2/2026,14/7/2026
511689,117056,10/2/2026,10/3/2026
511690,117058,10/2/2026,25/6/2026
511691,117060,10/2/2026,11/3/2026
511692,117062,10/2/2026,3/3/2026
511693,117069,10/2/2026,6/3/2026
511694,117065,10/2/2026,21/2/2026
511695,117067,10/2/2026,
511696,117071,10/2/2026,
511697,117073,10/2/2026,30/3/2026
511698,117076,10/2/2026,15/2/2026
511699,117052,10/2/2026,
511700,117075,10/2/2026,14/7/2026
511701,117063,10/2/2026,10/5/2026
511702,117074,10/2/2026,
511703,117051,10/2/2026,8/3/2026
511704,117048,10/2/2026,19/2/2026
511705,117046,10/2/2026,
511706,117044,10/2/2026,16/3/2026
511707,117043,10/2/2026,8/4/2026
511708,117042,10/2/2026,11/2/2026
511709,117040,10/2/2026,
511710,117038,10/2/2026,6/3/2026
511711,117036,10/2/2026,16/5/2026
511712,117035,10/2/2026,19/3/2026
511713,117033,10/2/2026,10/3/2026
511714,114914,10/2/2026,14/3/2026
511715,109971,10/2/2026,18/4/2026
511716,117050,10/2/2026,13/2/2026
511717,117118,11/2/2026,12/2/2026
511718,117117,11/2/2026,14/2/2026
511719,117116,11/2/2026,
511720,117110,11/2/2026,
511721,117114,11/2/2026,3/3/2026
511722,117113,11/2/2026,17/3/2026
511723,117112,11/2/2026,17/2/2026
511724,117119,11/2/2026,2/3/2026
511725,117135,11/2/2026,
511726,117120,11/2/2026,25/2/2026
511727,117109,11/2/2026,17/2/2026
511728,117123,11/2/2026,
511729,117125,11/2/2026,
511730,117126,11/2/2026,11/5/2026
511731,117127,11/2/2026,
511732,117128,11/2/2026,5/3/2026
511733,117130,11/2/2026,12/2/2026
511734,117131,11/2/2026,10/5/2026
511735,117133,11/2/2026,12/2/2026
511736,117134,11/2/2026,8/5/2026
511737,117129,11/2/2026,12/2/2026
511738,117122,11/2/2026,11/3/2026
511739,117108,11/2/2026,15/7/2026
511740,117115,11/2/2026,13/2/2026
511741,117105,11/2/2026,23/4/2026
511742,110058,11/2/2026,24/2/2026
511743,107637,11/2/2026,17/2/2026
511744,109794,11/2/2026,21/2/2026
511745,117107,11/2/2026,17/5/2026
511746,117078,11/2/2026,9/3/2026
511747,117080,11/2/2026,
511748,117083,11/2/2026,16/2/2026
511749,117085,11/2/2026,23/2/2026
511750,117087,11/2/2026,5/3/2026
511751,117081,11/2/2026,4/3/2026
511752,117091,11/2/2026,7/5/2026
511753,117093,11/2/2026,20/4/2026
511754,117095,11/2/2026,14/7/2026
511755,117097,11/2/2026,23/2/2026
511756,117099,11/2/2026,16/6/2026
511757,117100,11/2/2026,
511758,117101,11/2/2026,20/2/2026
511759,117103,11/2/2026,22/6/2026
511760,117089,11/2/2026,15/2/2026
511761,117104,11/2/2026,17/2/2026
511762,117177,12/2/2026,11/3/2026
511763,117175,12/2/2026,16/3/2026
511764,117174,12/2/2026,
511765,117168,12/2/2026,
511766,117171,12/2/2026,25/2/2026
511767,117169,12/2/2026,18/2/2026
511768,117178,12/2/2026,21/2/2026
511769,117173,12/2/2026,14/2/2026
511770,117179,12/2/2026,18/2/2026
511771,117196,12/2/2026,1/3/2026
511772,117182,12/2/2026,13/2/2026
511773,117184,12/2/2026,24/3/2026
511774,117185,12/2/2026,12/5/2026
511775,117187,12/2/2026,19/2/2026
511776,117189,12/2/2026,1/5/2026
511777,117190,12/2/2026,26/2/2026
511778,117192,12/2/2026,
511779,117194,12/2/2026,2/7/2026
511780,117166,12/2/2026,17/2/2026
511781,117181,12/2/2026,26/3/2026
511782,117164,12/2/2026,30/5/2026
511783,117158,12/2/2026,27/2/2026
511784,117160,12/2/2026,13/2/2026
511785,104742,12/2/2026,3/3/2026
511786,117162,12/2/2026,31/3/2026
511787,112745,12/2/2026,30/5/2026
511788,117136,12/2/2026,11/3/2026
511789,117138,12/2/2026,
511790,117140,12/2/2026,21/2/2026
511791,117144,12/2/2026,3/8/2026
511792,117146,12/2/2026,24/3/2026
511793,117142,12/2/2026,
511794,117149,12/2/2026,24/3/2026
511795,117151,12/2/2026,4/3/2026
511796,117152,12/2/2026,12/4/2026
511797,117153,12/2/2026,12/3/2026
511798,117154,12/2/2026,
511799,117156,12/2/2026,3/3/2026
511800,117159,12/2/2026,13/3/2026
511801,117147,12/2/2026,14/2/2026
511802,117229,13/2/2026,24/3/2026
511803,117220,13/2/2026,17/2/2026
511804,117224,13/2/2026,19/2/2026
511805,117225,13/2/2026,
511806,117226,13/2/2026,23/3/2026
511807,117227,13/2/2026,24/2/2026
511808,117230,13/2/2026,12/3/2026
511809,117240,13/2/2026,
511810,117233,13/2/2026,23/2/2026
511811,117235,13/2/2026,21/4/2026
511812,117237,13/2/2026,
511813,117238,13/2/2026,21/7/2026
511814,117242,13/2/2026,7/5/2026
511815,117239,13/2/2026,16/2/2026
511816,117219,13/2/2026,16/3/2026
511817,117231,13/2/2026,4/3/2026
511818,117217,13/2/2026,15/3/2026
511819,117222,13/2/2026,17/5/2026
511820,117214,13/2/2026,28/2/2026
511821,117215,13/2/2026,27/6/2026
511822,108512,13/2/2026,
511823,117200,13/2/2026,24/3/2026
511824,117201,13/2/2026,
511825,117203,13/2/2026,30/5/2026
511826,117205,13/2/2026,14/6/2026
511827,117198,13/2/2026,21/2/2026
511828,117207,13/2/2026,5/4/2026
511829,117208,13/2/2026,19/2/2026
511830,117209,13/2/2026,
511831,117211,13/2/2026,
511832,117213,13/2/2026,11/6/2026
511833,117206,13/2/2026,4/7/2026
511834,117283,14/2/2026,8/4/2026
511835,117270,14/2/2026,7/4/2026
511836,117271,14/2/2026,1/3/2026
511837,117273,14/2/2026,30/3/2026
511838,117276,14/2/2026,29/4/2026
511839,117277,14/2/2026,17/2/2026
511840,117279,14/2/2026,24/3/2026
511841,117281,14/2/2026,19/3/2026
511842,117284,14/2/2026,
511843,117292,14/2/2026,
511844,117286,14/2/2026,13/3/2026
511845,117288,14/2/2026,
511846,117289,14/2/2026,
511847,117291,14/2/2026,26/2/2026
511848,117268,14/2/2026,4/3/2026
511849,117293,14/2/2026,19/2/2026
511850,117295,14/2/2026,1/3/2026
511851,117297,14/2/2026,28/5/2026
511852,117299,14/2/2026,24/2/2026
511853,117285,14/2/2026,26/3/2026
511854,117267,14/2/2026,28/2/2026
511855,117275,14/2/2026,1/4/2026
511856,117264,14/2/2026,5/3/2026
511857,117266,14/2/2026,1/4/2026
511858,110488,14/2/2026,
511859,107304,14/2/2026,10/7/2026
511860,117246,14/2/2026,
511861,117247,14/2/2026,6/5/2026
511862,117248,14/2/2026,
511863,117249,14/2/2026,27/6/2026
511864,117250,14/2/2026,20/7/2026
511865,117244,14/2/2026,11/4/2026
511866,117253,14/2/2026,27/2/2026
511867,117263,14/2/2026,
511868,117251,14/2/2026,
511869,117260,14/2/2026,22/4/2026
511870,117261,14/2/2026,3/7/2026
511871,117254,14/2/2026,5/3/2026
511872,117257,14/2/2026,19/6/2026
511873,117255,14/2/2026,16/7/2026
511874,117259,14/2/2026,
511875,117354,15/2/2026,24/3/2026
511876,117353,15/2/2026,27/2/2026
511877,117352,15/2/2026,6/7/2026
511878,117350,15/2/2026,14/3/2026
511879,117348,15/2/2026,17/2/2026
511880,117356,15/2/2026,6/3/2026
511881,117344,15/2/2026,23/6/2026
511882,117342,15/2/2026,27/7/2026
511883,117341,15/2/2026,15/6/2026
511884,117340,15/2/2026,22/5/2026
511885,117339,15/2/2026,17/4/2026
511886,117346,15/2/2026,4/5/2026
511887,117358,15/2/2026,30/4/2026
511888,117376,15/2/2026,31/3/2026
511889,117362,15/2/2026,21/3/2026
511890,117364,15/2/2026,3/3/2026
511891,117366,15/2/2026,16/2/2026
511892,117367,15/2/2026,16/2/2026
511893,117368,15/2/2026,17/2/2026
511894,117370,15/2/2026,22/2/2026
511895,117372,15/2/2026,28/4/2026
511896,117374,15/2/2026,24/2/2026
511897,117379,15/2/2026,27/2/2026
511898,117385,15/2/2026,19/2/2026
511899,117337,15/2/2026,22/2/2026
511900,117383,15/2/2026,18/7/2026
511901,117381,15/2/2026,18/4/2026
511902,117360,15/2/2026,24/5/2026
511903,117336,15/2/2026,
511904,117377,15/2/2026,10/3/2026
511905,117334,15/2/2026,24/2/2026
511906,106810,15/2/2026,15/5/2026
511907,117335,15/2/2026,
511908,117303,15/2/2026,20/2/2026
511909,117304,15/2/2026,10/3/2026
511910,117305,15/2/2026,1/3/2026
511911,117306,15/2/2026,
511912,117307,15/2/2026,
511913,117309,15/2/2026,
511914,117310,15/2/2026,
511915,117311,15/2/2026,23/3/2026
511916,117313,15/2/2026,17/2/2026
511917,117315,15/2/2026,16/2/2026
511918,117301,15/2/2026,26/2/2026
511919,117317,15/2/2026,24/7/2026
511920,117316,15/2/2026,18/2/2026
511921,117333,15/2/2026,
511922,117330,15/2/2026,9/3/2026
511923,117328,15/2/2026,15/7/2026
511924,117326,15/2/2026,27/2/2026
511925,117332,15/2/2026,18/2/2026
511926,117323,15/2/2026,
511927,117321,15/2/2026,
511928,117319,15/2/2026,8/4/2026
511929,117318,15/2/2026,21/4/2026
511930,117324,15/2/2026,28/5/2026
511931,117413,16/2/2026,
511932,117422,16/2/2026,17/3/2026
511933,117414,16/2/2026,22/5/2026
511934,117415,16/2/2026,24/2/2026
511935,117416,16/2/2026,19/4/2026
511936,117417,16/2/2026,
511937,117419,16/2/2026,11/3/2026
511938,117420,16/2/2026,3/3/2026
511939,117424,16/2/2026,22/2/2026
511940,117432,16/2/2026,23/2/2026
511941,117426,16/2/2026,20/2/2026
511942,117427,16/2/2026,10/3/2026
511943,117429,16/2/2026,26/4/2026
511944,117430,16/2/2026,
511945,117433,16/2/2026,22/5/2026
511946,117434,16/2/2026,24/2/2026
511947,117436,16/2/2026,5/4/2026
511948,117438,16/2/2026,17/2/2026
511949,117411,16/2/2026,30/5/2026
511950,117425,16/2/2026,25/2/2026
511951,117409,16/2/2026,3/4/2026
511952,117435,16/2/2026,17/2/2026
511953,117405,16/2/2026,
511954,106453,16/2/2026,9/5/2026
511955,117387,16/2/2026,
511956,117389,16/2/2026,1/3/2026
511957,117407,16/2/2026,8/4/2026
511958,117393,16/2/2026,14/3/2026
511959,117395,16/2/2026,23/4/2026
511960,117391,16/2/2026,17/2/2026
511961,117398,16/2/2026,2/8/2026
511962,117399,16/2/2026,5/4/2026
511963,117400,16/2/2026,21/3/2026
511964,117401,16/2/2026,21/2/2026
511965,117403,16/2/2026,16/5/2026
511966,117404,16/2/2026,1/3/2026
511967,117396,16/2/2026,
511968,110590,16/2/2026,23/3/2026
511969,117488,17/2/2026,30/6/2026
511970,117487,17/2/2026,5/4/2026
511971,117485,17/2/2026,18/2/2026
511972,117484,17/2/2026,31/3/2026
511973,117482,17/2/2026,12/3/2026
511974,117475,17/2/2026,
511975,117479,17/2/2026,
511976,117478,17/2/2026,
511977,117477,17/2/2026,9/3/2026
511978,117489,17/2/2026,
511979,117474,17/2/2026,25/2/2026
511980,117481,17/2/2026,27/3/2026
511981,117490,17/2/2026,
511982,117501,17/2/2026,
511983,117493,17/2/2026,18/2/2026
511984,117494,17/2/2026,2/3/2026
511985,117495,17/2/2026,
511986,117497,17/2/2026,
511987,117499,17/2/2026,22/2/2026
511988,117500,17/2/2026,
511989,117502,17/2/2026,2/4/2026
511990,117503,17/2/2026,26/2/2026
511991,117504,17/2/2026,18/3/2026
511992,117505,17/2/2026,21/5/2026
511993,117506,17/2/2026,
511994,117508,17/2/2026,
511995,117492,17/2/2026,5/4/2026
511996,117472,17/2/2026,23/6/2026
511997,117467,17/2/2026,
511998,117469,17/2/2026,7/7/2026
511999,112507,17/2/2026,6/3/2026
512000,110412,17/2/2026,23/2/2026
512001,106466,17/2/2026,2/3/2026
512002,117470,17/2/2026,4/6/2026
512003,117439,17/2/2026,14/6/2026
512004,117441,17/2/2026,12/4/2026
512005,117443,17/2/2026,25/4/2026
512006,117446,17/2/2026,12/6/2026
512007,117448,17/2/2026,25/2/2026
512008,117450,17/2/2026,15/3/2026
512009,117444,17/2/2026,
512010,117453,17/2/2026,7/5/2026
512011,117455,17/2/2026,14/4/2026
512012,117457,17/2/2026,16/7/2026
512013,117458,17/2/2026,3/3/2026
512014,117460,17/2/2026,1/3/2026
512015,117461,17/2/2026,22/2/2026
512016,117466,17/2/2026,4/3/2026
512017,117462,17/2/2026,27/2/2026
512018,117451,17/2/2026,5/4/2026
512019,117463,17/2/2026,9/7/2026
512020,117465,17/2/2026,2/4/2026
512021,117535,18/2/2026,
512022,117534,18/2/2026,18/3/2026
512023,117530,18/2/2026,5/3/2026
512024,117532,18/2/2026,23/2/2026
512025,117528,18/2/2026,17/4/2026
512026,117536,18/2/2026,2/5/2026
512027,117533,18/2/2026,22/3/2026
512028,117537,18/2/2026,28/2/2026
512029,117546,18/2/2026,10/4/2026
512030,117541,18/2/2026,
512031,117542,18/2/2026,30/4/2026
512032,117552,18/2/2026,19/2/2026
512033,117554,18/2/2026,22/7/2026
512034,117526,18/2/2026,27/3/2026
512035,117548,18/2/2026,7/3/2026
512036,117544,18/2/2026,20/2/2026
512037,117539,18/2/2026,
512038,117525,18/2/2026,1/5/2026
512039,117550,18/2/2026,5/3/2026
512040,117522,18/2/2026,
512041,111166,18/2/2026,
512042,112982,18/2/2026,29/3/2026
512043,113356,18/2/2026,28/2/2026
512044,117524,18/2/2026,13/3/2026
512045,117509,18/2/2026,19/7/2026
512046,117510,18/2/2026,23/2/2026
512047,117511,18/2/2026,13/5/2026
512048,114801,18/2/2026,2/6/2026
512049,117513,18/2/2026,19/2/2026
512050,117514,18/2/2026,
512051,117515,18/2/2026,
512052,117517,18/2/2026,10/3/2026
512053,117519,18/2/2026,5/3/2026
512054,117520,18/2/2026,6/3/2026
512055,117512,18/2/2026,1/4/2026
512056,117589,19/2/2026,1/3/2026
512057,117582,19/2/2026,
512058,117583,19/2/2026,
512059,117584,19/2/2026,8/6/2026
512060,117585,19/2/2026,15/6/2026
512061,117587,19/2/2026,25/2/2026
512062,117591,19/2/2026,6/3/2026
512063,117600,19/2/2026,3/4/2026
512064,117594,19/2/2026,2/3/2026
512065,117595,19/2/2026,19/3/2026
512066,117596,19/2/2026,
512067,117597,19/2/2026,27/2/2026
512068,117598,19/2/2026,10/3/2026
512069,117580,19/2/2026,9/3/2026
512070,117602,19/2/2026,1/6/2026
512071,117592,19/2/2026,15/3/2026
512072,117578,19/2/2026,7/3/2026
512073,117581,19/2/2026,26/2/2026
512074,117574,19/2/2026,11/3/2026
512075,117576,19/2/2026,18/3/2026
512076,105886,19/2/2026,
512077,117556,19/2/2026,20/2/2026
512078,117557,19/2/2026,
512079,117561,19/2/2026,28/3/2026
512080,117563,19/2/2026,
512081,117564,19/2/2026,21/2/2026
512082,117559,19/2/2026,2/6/2026
512083,117566,19/2/2026,6/3/2026
512084,117568,19/2/2026,
512085,117569,19/2/2026,14/4/2026
512086,117571,19/2/2026,
512087,117572,19/2/2026,6/3/2026
512088,117565,19/2/2026,4/3/2026
512089,117573,19/2/2026,4/3/2026
512090,117648,20/2/2026,
512091,117647,20/2/2026,
512092,117645,20/2/2026,28/6/2026
512093,117644,20/2/2026,7/7/2026
512094,117641,20/2/2026,12/3/2026
512095,117639,20/2/2026,20/5/2026
512096,117638,20/2/2026,6/6/2026
512097,117650,20/2/2026,9/7/2026
512098,117642,20/2/2026,
512099,117669,20/2/2026,27/2/2026
512100,117662,20/2/2026,23/7/2026
512101,117653,20/2/2026,6/4/2026
512102,117654,20/2/2026,27/3/2026
512103,117656,20/2/2026,30/3/2026
512104,117657,20/2/2026,21/2/2026
512105,117659,20/2/2026,29/3/2026
512106,117661,20/2/2026,28/2/2026
512107,117663,20/2/2026,22/2/2026
512108,117667,20/2/2026,7/4/2026
512109,117665,20/2/2026,
512110,117637,20/2/2026,3/3/2026
512111,117652,20/2/2026,24/2/2026
512112,117635,20/2/2026,2/4/2026
512113,117651,20/2/2026,24/2/2026
512114,117633,20/2/2026,13/4/2026
512115,117634,20/2/2026,26/3/2026
512116,108690,20/2/2026,13/3/2026
512117,109734,20/2/2026,28/2/2026
512118,117604,20/2/2026,26/2/2026
512119,117606,20/2/2026,21/2/2026
512120,117607,20/2/2026,5/3/2026
512121,117609,20/2/2026,
512122,117610,20/2/2026,
512123,117612,20/2/2026,6/3/2026
512124,117613,20/2/2026,22/2/2026
512125,112998,20/2/2026,26/2/2026
512126,117617,20/2/2026,31/3/2026
512127,117619,20/2/2026,2/3/2026
512128,117621,20/2/2026,16/5/2026
512129,117623,20/2/2026,11/3/2026
512130,117625,20/2/2026,
512131,117627,20/2/2026,
512132,117628,20/2/2026,24/4/2026
512133,117631,20/2/2026,21/2/2026
512134,117615,20/2/2026,
512135,117629,20/2/2026,18/5/2026
512136,117716,21/2/2026,
512137,117715,21/2/2026,7/6/2026
512138,117713,21/2/2026,
512139,117707,21/2/2026,16/7/2026
512140,117709,21/2/2026,12/3/2026
512141,117718,21/2/2026,21/5/2026
512142,117706,21/2/2026,28/2/2026
512143,117711,21/2/2026,15/4/2026
512144,117719,21/2/2026,30/6/2026
512145,117725,21/2/2026,28/3/2026
512146,117721,21/2/2026,12/3/2026
512147,117723,21/2/2026,22/2/2026
512148,117724,21/2/2026,23/2/2026
512149,117727,21/2/2026,4/7/2026
512150,117728,21/2/2026,2/8/2026
512151,117730,21/2/2026,26/4/2026
512152,117731,21/2/2026,2/3/2026
512153,117703,21/2/2026,27/2/2026
512154,117733,21/2/2026,18/3/2026
512155,117735,21/2/2026,16/3/2026
512156,117720,21/2/2026,27/2/2026
512157,117701,21/2/2026,6/5/2026
512158,117704,21/2/2026,10/6/2026
512159,117697,21/2/2026,4/4/2026
512160,117699,21/2/2026,2/5/2026
512161,104827,21/2/2026,23/3/2026
512162,106100,21/2/2026,5/3/2026
512163,117671,21/2/2026,22/2/2026
512164,117674,21/2/2026,1/6/2026
512165,117676,21/2/2026,10/6/2026
512166,117677,21/2/2026,11/5/2026
512167,117678,21/2/2026,23/2/2026
512168,117679,21/2/2026,24/2/2026
512169,117681,21/2/2026,15/6/2026
512170,117673,21/2/2026,10/3/2026
512171,117685,21/2/2026,
512172,117686,21/2/2026,5/3/2026
512173,117688,21/2/2026,30/6/2026
512174,117689,21/2/2026,2/3/2026
512175,117690,21/2/2026,
512176,117691,21/2/2026,19/4/2026
512177,117693,21/2/2026,22/5/2026
512178,117694,21/2/2026,26/3/2026
512179,117683,21/2/2026,4/4/2026
512180,117695,21/2/2026,5/5/2026
512181,117791,22/2/2026,27/2/2026
512182,117789,22/2/2026,11/4/2026
512183,117787,22/2/2026,10/5/2026
512184,117785,22/2/2026,18/6/2026
512185,117783,22/2/2026,
512186,117775,22/2/2026,24/2/2026
512187,117779,22/2/2026,27/2/2026
512188,117777,22/2/2026,7/7/2026
512189,117773,22/2/2026,22/3/2026
512190,117772,22/2/2026,21/3/2026
512191,117792,22/2/2026,2/4/2026
512192,117781,22/2/2026,18/4/2026
512193,117793,22/2/2026,2/4/2026
512194,117812,22/2/2026,9/3/2026
512195,117796,22/2/2026,
512196,117798,22/2/2026,26/2/2026
512197,117800,22/2/2026,4/3/2026
512198,117802,22/2/2026,
512199,117803,22/2/2026,
512200,117805,22/2/2026,
512201,117807,22/2/2026,19/6/2026
512202,117809,22/2/2026,15/4/2026
512203,117811,22/2/2026,29/5/2026
512204,117813,22/2/2026,26/2/2026
512205,117770,22/2/2026,
512206,117815,22/2/2026,28/2/2026
512207,117794,22/2/2026,
512208,117768,22/2/2026,1/3/2026
512209,117761,22/2/2026,5/3/2026
512210,117766,22/2/2026,26/2/2026
512211,105502,22/2/2026,26/5/2026
512212,117736,22/2/2026,10/7/2026
512213,117738,22/2/2026,9/3/2026
512214,117739,22/2/2026,20/4/2026
512215,117740,22/2/2026,
512216,117741,22/2/2026,27/3/2026
512217,117742,22/2/2026,23/2/2026
512218,117743,22/2/2026,16/3/2026
512219,117744,22/2/2026,7/4/2026
512220,117746,22/2/2026,2/4/2026
512221,117748,22/2/2026,24/3/2026
512222,117737,22/2/2026,
512223,117751,22/2/2026,5/3/2026
512224,117749,22/2/2026,7/5/2026
512225,117765,22/2/2026,
512226,117763,22/2/2026,6/3/2026
512227,117767,22/2/2026,17/4/2026
512228,117764,22/2/2026,
512229,117757,22/2/2026,14/3/2026
512230,117755,22/2/2026,27/2/2026
512231,117754,22/2/2026,3/3/2026
512232,117752,22/2/2026,16/6/2026
512233,117759,22/2/2026,27/3/2026
512234,117842,23/2/2026,11/3/2026
512235,117852,23/2/2026,6/3/2026
512236,117844,23/2/2026,15/3/2026
512237,117846,23/2/2026,26/2/2026
512238,117847,23/2/2026,6/4/2026
512239,117849,23/2/2026,1/3/2026
512240,117850,23/2/2026,16/6/2026
512241,117851,23/2/2026,24/2/2026
512242,117854,23/2/2026,26/3/2026
512243,117861,23/2/2026,27/5/2026
512244,117856,23/2/2026,21/3/2026
512245,117858,23/2/2026,7/4/2026
512246,117859,23/2/2026,4/4/2026
512247,117862,23/2/2026,23/3/2026
512248,117863,23/2/2026,19/3/2026
512249,117865,23/2/2026,26/2/2026
512250,117867,23/2/2026,
512251,117841,23/2/2026,17/3/2026
512252,117855,23/2/2026,19/7/2026
512253,117839,23/2/2026,
512254,117833,23/2/2026,
512255,117836,23/2/2026,
512256,110306,23/2/2026,11/6/2026
512257,117837,23/2/2026,13/3/2026
512258,104140,23/2/2026,13/3/2026
512259,117816,23/2/2026,29/3/2026
512260,117818,23/2/2026,14/3/2026
512261,117821,23/2/2026,30/5/2026
512262,117822,23/2/2026,16/7/2026
512263,117824,23/2/2026,28/4/2026
512264,117820,23/2/2026,26/2/2026
512265,117827,23/2/2026,24/2/2026
512266,117828,23/2/2026,26/3/2026
512267,117829,23/2/2026,11/3/2026
512268,117830,23/2/2026,
512269,117832,23/2/2026,
512270,117835,23/2/2026,28/2/2026
512271,117826,23/2/2026,
512272,117909,24/2/2026,8/3/2026
512273,117899,24/2/2026,20/7/2026
512274,117900,24/2/2026,20/5/2026
512275,117897,24/2/2026,4/3/2026
512276,117901,24/2/2026,16/4/2026
512277,117903,24/2/2026,3/3/2026
512278,117905,24/2/2026,
512279,117907,24/2/2026,26/3/2026
512280,117911,24/2/2026,
512281,117929,24/2/2026,8/3/2026
512282,117915,24/2/2026,30/6/2026
512283,117917,24/2/2026,23/5/2026
512284,117918,24/2/2026,11/4/2026
512285,117920,24/2/2026,3/6/2026
512286,117922,24/2/2026,
512287,117924,24/2/2026,9/7/2026
512288,117928,24/2/2026,2/5/2026
512289,117926,24/2/2026,31/3/2026
512290,117896,24/2/2026,
512291,117913,24/2/2026,14/3/2026
512292,117895,24/2/2026,
512293,117888,24/2/2026,
512294,117892,24/2/2026,2/3/2026
512295,110073,24/2/2026,2/5/2026
512296,107667,24/2/2026,8/3/2026
512297,117869,24/2/2026,8/5/2026
512298,117871,24/2/2026,30/6/2026
512299,117872,24/2/2026,29/3/2026
512300,117875,24/2/2026,19/3/2026
512301,117876,24/2/2026,
512302,117878,24/2/2026,23/6/2026
512303,117873,24/2/2026,16/4/2026
512304,117881,24/2/2026,9/3/2026
512305,117882,24/2/2026,13/3/2026
512306,117884,24/2/2026,30/5/2026
512307,117885,24/2/2026,
512308,117886,24/2/2026,
512309,117894,24/2/2026,
512310,117890,24/2/2026,19/3/2026
512311,117879,24/2/2026,
512312,117965,25/2/2026,16/3/2026
512313,117957,25/2/2026,6/5/2026
512314,117959,25/2/2026,
512315,117960,25/2/2026,8/3/2026
512316,117961,25/2/2026,9/3/2026
512317,117963,25/2/2026,1/3/2026
512318,117966,25/2/2026,15/3/2026
512319,117975,25/2/2026,
512320,117969,25/2/2026,2/3/2026
512321,117970,25/2/2026,
512322,117972,25/2/2026,1/3/2026
512323,117974,25/2/2026,2/3/2026
512324,117953,25/2/2026,
512325,117977,25/2/2026,24/7/2026
512326,117979,25/2/2026,
512327,117967,25/2/2026,1/3/2026
512328,117952,25/2/2026,3/3/2026
512329,117955,25/2/2026,9/3/2026
512330,117948,25/2/2026,10/4/2026
512331,103148,25/2/2026,10/3/2026
512332,117930,25/2/2026,16/3/2026
512333,117932,25/2/2026,25/4/2026
512334,117934,25/2/2026,12/6/2026
512335,117950,25/2/2026,30/6/2026
512336,117938,25/2/2026,26/2/2026
512337,117936,25/2/2026,
512338,117941,25/2/2026,
512339,117943,25/2/2026,27/7/2026
512340,117944,25/2/2026,27/2/2026
512341,117945,25/2/2026,19/3/2026
512342,117947,25/2/2026,11/3/2026
512343,117940,25/2/2026,9/3/2026
512344,118029,26/2/2026,6/4/2026
512345,118028,26/2/2026,22/3/2026
512346,118026,26/2/2026,
512347,118024,26/2/2026,11/5/2026
512348,118015,26/2/2026,3/3/2026
512349,118020,26/2/2026,1/5/2026
512350,118019,26/2/2026,27/2/2026
512351,118017,26/2/2026,10/3/2026
512352,118031,26/2/2026,
512353,118022,26/2/2026,
512354,118032,26/2/2026,
512355,118040,26/2/2026,8/3/2026
512356,118034,26/2/2026,5/3/2026
512357,118035,26/2/2026,30/6/2026
512358,118036,26/2/2026,17/3/2026
512359,118037,26/2/2026,2/4/2026
512360,118039,26/2/2026,5/4/2026
512361,118041,26/2/2026,5/4/2026
512362,118042,26/2/2026,3/4/2026
512363,118013,26/2/2026,4/3/2026
512364,118045,26/2/2026,20/3/2026
512365,118047,26/2/2026,15/3/2026
512366,118044,26/2/2026,6/3/2026
512367,118048,26/2/2026,14/4/2026
512368,118012,26/2/2026,12/3/2026
512369,117991,26/2/2026,26/4/2026
512370,118010,26/2/2026,27/2/2026
512371,118011,26/2/2026,24/4/2026
512372,106429,26/2/2026,20/4/2026
512373,114181,26/2/2026,4/3/2026
512374,117981,26/2/2026,14/3/2026
512375,117982,26/2/2026,5/3/2026
512376,117983,26/2/2026,27/4/2026
512377,117985,26/2/2026,1/4/2026
512378,117986,26/2/2026,19/3/2026
512379,117988,26/2/2026,
512380,117990,26/2/2026,24/3/2026
512381,109379,26/2/2026,23/5/2026
512382,117994,26/2/2026,19/3/2026
512383,117996,26/2/2026,6/4/2026
512384,117997,26/2/2026,2/3/2026
512385,117999,26/2/2026,
512386,118000,26/2/2026,
512387,118002,26/2/2026,9/3/2026
512388,118004,26/2/2026,10/3/2026
512389,118005,26/2/2026,19/3/2026
512390,118007,26/2/2026,27/2/2026
512391,117992,26/2/2026,18/3/2026
512392,118009,26/2/2026,
512393,118091,27/2/2026,
512394,118089,27/2/2026,28/4/2026
512395,118088,27/2/2026,2/5/2026
512396,118082,27/2/2026,23/4/2026
512397,118085,27/2/2026,18/4/2026
512398,118083,27/2/2026,27/3/2026
512399,118092,27/2/2026,26/3/2026
512400,118081,27/2/2026,14/3/2026
512401,118087,27/2/2026,
512402,118094,27/2/2026,14/3/2026
512403,118102,27/2/2026,23/3/2026
512404,118097,27/2/2026,26/3/2026
512405,118098,27/2/2026,30/3/2026
512406,118100,27/2/2026,20/5/2026
512407,118103,27/2/2026,12/4/2026
512408,118104,27/2/2026,17/3/2026
512409,118107,27/2/2026,18/3/2026
512410,118109,27/2/2026,11/3/2026
512411,118079,27/2/2026,7/3/2026
512412,118111,27/2/2026,7/3/2026
512413,118095,27/2/2026,6/4/2026
512414,118077,27/2/2026,
512415,118105,27/2/2026,19/4/2026
512416,118074,27/2/2026,18/5/2026
512417,118076,27/2/2026,28/2/2026
512418,103930,27/2/2026,17/3/2026
512419,111788,27/2/2026,3/5/2026
512420,112888,27/2/2026,20/3/2026
512421,118049,27/2/2026,14/6/2026
512422,118050,27/2/2026,19/3/2026
512423,118051,27/2/2026,24/3/2026
512424,118053,27/2/2026,14/3/2026
512425,118055,27/2/2026,2/3/2026
512426,118056,27/2/2026,16/6/2026
512427,101879,27/2/2026,25/7/2026
512428,118060,27/2/2026,
512429,118061,27/2/2026,
512430,118063,27/2/2026,
512431,118065,27/2/2026,23/4/2026
512432,118067,27/2/2026,1/4/2026
512433,118068,27/2/2026,22/3/2026
512434,118072,27/2/2026,
512435,118070,27/2/2026,6/3/2026
512436,118071,27/2/2026,26/3/2026
512437,118058,27/2/2026,28/3/2026
512438,118158,28/2/2026,15/4/2026
512439,118156,28/2/2026,26/4/2026
512440,118154,28/2/2026,21/5/2026
512441,118147,28/2/2026,31/3/2026
512442,118150,28/2/2026,8/3/2026
512443,118149,28/2/2026,24/7/2026
512444,118148,28/2/2026,4/7/2026
512445,118160,28/2/2026,
512446,118152,28/2/2026,12/4/2026
512447,118162,28/2/2026,7/3/2026
512448,118168,28/2/2026,12/3/2026
512449,118164,28/2/2026,8/3/2026
512450,118166,28/2/2026,15/3/2026
512451,118169,28/2/2026,
512452,118171,28/2/2026,
512453,118173,28/2/2026,
512454,118174,28/2/2026,31/5/2026
512455,118175,28/2/2026,
512456,118145,28/2/2026,3/3/2026
512457,118177,28/2/2026,
512458,118179,28/2/2026,2/3/2026
512459,118163,28/2/2026,7/3/2026
512460,118143,28/2/2026,
512461,118139,28/2/2026,
512462,118140,28/2/2026,5/3/2026
512463,118141,28/2/2026,11/3/2026
512464,118112,28/2/2026,13/3/2026
512465,118113,28/2/2026,9/3/2026
512466,118115,28/2/2026,9/4/2026
512467,118116,28/2/2026,21/3/2026
512468,118119,28/2/2026,22/5/2026
512469,118120,28/2/2026,
512470,118121,28/2/2026,
512471,118122,28/2/2026,
512472,118117,28/2/2026,
512473,118125,28/2/2026,
512474,118124,28/2/2026,16/6/2026
512475,118135,28/2/2026,
512476,118133,28/2/2026,17/4/2026
512477,118131,28/2/2026,23/6/2026
512478,118137,28/2/2026,21/3/2026
512479,118128,28/2/2026,10/3/2026
512480,118127,28/2/2026,24/3/2026
512481,118129,28/2/2026,3/3/2026
512482,118223,1/3/2026,8/3/2026
512483,118214,1/3/2026,12/7/2026
512484,118215,1/3/2026,30/5/2026
512485,118217,1/3/2026,
512486,118219,1/3/2026,
512487,118220,1/3/2026,19/7/2026
512488,118221,1/3/2026,19/4/2026
512489,118222,1/3/2026,10/4/2026
512490,118224,1/3/2026,8/3/2026
512491,118235,1/3/2026,9/3/2026
512492,118226,1/3/2026,
512493,118227,1/3/2026,2/7/2026
512494,118229,1/3/2026,20/4/2026
512495,118230,1/3/2026,7/3/2026
512496,118232,1/3/2026,24/3/2026
512497,118234,1/3/2026,7/6/2026
512498,118236,1/3/2026,14/3/2026
512499,118213,1/3/2026,
512500,118225,1/3/2026,24/4/2026
512501,118209,1/3/2026,17/3/2026
512502,118211,1/3/2026,7/3/2026
512503,118180,1/3/2026,27/3/2026
512504,118208,1/3/2026,
512505,118182,1/3/2026,11/5/2026
512506,118184,1/3/2026,
512507,118185,1/3/2026,12/4/2026
512508,118186,1/3/2026,11/5/2026
512509,118190,1/3/2026,27/3/2026
512510,118192,1/3/2026,18/3/2026
512511,118193,1/3/2026,
512512,118188,1/3/2026,2/7/2026
512513,118197,1/3/2026,8/3/2026
512514,118198,1/3/2026,
512515,118199,1/3/2026,28/3/2026
512516,118201,1/3/2026,3/3/2026
512517,118203,1/3/2026,
512518,118205,1/3/2026,21/3/2026
512519,118207,1/3/2026,2/3/2026
512520,118195,1/3/2026,14/4/2026
512521,118270,2/3/2026,
512522,118264,2/3/2026,
512523,118265,2/3/2026,26/6/2026
512524,118267,2/3/2026,6/3/2026
512525,118268,2/3/2026,
512526,118269,2/3/2026,12/3/2026
512527,118272,2/3/2026,21/3/2026
512528,118261,2/3/2026,25/3/2026
512529,118275,2/3/2026,15/3/2026
512530,118276,2/3/2026,20/5/2026
512531,118277,2/3/2026,3/4/2026
512532,118279,2/3/2026,7/4/2026
512533,118281,2/3/2026,
512534,118282,2/3/2026,15/5/2026
512535,118263,2/3/2026,
512536,118273,2/3/2026,
512537,118260,2/3/2026,5/3/2026
512538,118251,2/3/2026,24/4/2026
512539,118240,2/3/2026,30/3/2026
512540,112307,2/3/2026,
512541,118237,2/3/2026,7/3/2026
512542,118239,2/3/2026,15/5/2026
512543,118258,2/3/2026,
512544,118242,2/3/2026,27/5/2026
512545,118243,2/3/2026,16/3/2026
512546,113003,2/3/2026,14/3/2026
512547,118245,2/3/2026,3/3/2026
512548,118247,2/3/2026,
512549,118248,2/3/2026,19/3/2026
512550,118250,2/3/2026,3/7/2026
512551,118253,2/3/2026,29/3/2026
512552,118255,2/3/2026,17/5/2026
512553,118257,2/3/2026,11/3/2026
512554,118246,2/3/2026,17/5/2026
512555,118322,3/3/2026,22/3/2026
512556,118320,3/3/2026,8/4/2026
512557,118318,3/3/2026,17/3/2026
512558,118312,3/3/2026,17/3/2026
512559,118314,3/3/2026,19/6/2026
512560,118313,3/3/2026,8/5/2026
512561,118323,3/3/2026,
512562,118316,3/3/2026,22/4/2026
512563,118325,3/3/2026,7/3/2026
512564,118307,3/3/2026,13/4/2026
512565,118328,3/3/2026,23/3/2026
512566,118330,3/3/2026,30/4/2026
512567,118331,3/3/2026,20/3/2026
512568,118333,3/3/2026,4/3/2026
512569,118335,3/3/2026,14/3/2026
512570,118337,3/3/2026,25/4/2026
512571,118338,3/3/2026,4/3/2026
512572,118339,3/3/2026,15/4/2026
512573,118311,3/3/2026,22/3/2026
512574,118327,3/3/2026,17/7/2026
512575,118309,3/3/2026,14/4/2026
512576,118299,3/3/2026,14/3/2026
512577,118305,3/3/2026,17/3/2026
512578,118286,3/3/2026,16/4/2026
512579,118287,3/3/2026,
512580,118289,3/3/2026,8/4/2026
512581,118291,3/3/2026,
512582,118293,3/3/2026,4/3/2026
512583,118294,3/3/2026,
512584,118296,3/3/2026,12/3/2026
512585,118284,3/3/2026,24/3/2026
512586,118300,3/3/2026,23/3/2026
512587,118301,3/3/2026,22/6/2026
512588,118302,3/3/2026,12/7/2026
512589,118303,3/3/2026,5/3/2026
512590,118304,3/3/2026,
512591,118297,3/3/2026,22/3/2026
512592,118380,4/3/2026,
512593,118361,4/3/2026,12/3/2026
512594,118363,4/3/2026,26/6/2026
512595,118364,4/3/2026,
512596,118366,4/3/2026,9/3/2026
512597,118368,4/3/2026,
512598,118369,4/3/2026,5/3/2026
512599,118370,4/3/2026,22/4/2026
512600,118374,4/3/2026,7/5/2026
512601,118372,4/3/2026,11/5/2026
512602,118375,4/3/2026,29/5/2026
512603,118376,4/3/2026,
512604,118377,4/3/2026,7/3/2026
512605,118379,4/3/2026,26/3/2026
512606,118360,4/3/2026,2/5/2026
512607,118371,4/3/2026,20/3/2026
512608,118359,4/3/2026,10/3/2026
512609,118351,4/3/2026,24/3/2026
512610,118356,4/3/2026,16/5/2026
512611,104216,4/3/2026,14/3/2026
512612,118358,4/3/2026,11/3/2026
512613,118341,4/3/2026,14/4/2026
512614,118342,4/3/2026,18/3/2026
512615,118344,4/3/2026,8/3/2026
512616,118346,4/3/2026,30/3/2026
512617,109772,4/3/2026,
512618,118348,4/3/2026,
512619,118349,4/3/2026,3/6/2026
512620,118350,4/3/2026,18/6/2026
512621,118353,4/3/2026,20/3/2026
512622,118355,4/3/2026,12/3/2026
512623,118347,4/3/2026,29/4/2026
512624,118432,5/3/2026,
512625,118430,5/3/2026,14/3/2026
512626,118428,5/3/2026,4/5/2026
512627,118427,5/3/2026,2/7/2026
512628,118433,5/3/2026,1/5/2026
512629,118423,5/3/2026,21/4/2026
512630,118419,5/3/2026,
512631,118417,5/3/2026,20/3/2026
512632,118421,5/3/2026,29/5/2026
512633,118425,5/3/2026,14/5/2026
512634,118434,5/3/2026,
512635,118408,5/3/2026,12/3/2026
512636,118436,5/3/2026,6/3/2026
512637,118437,5/3/2026,
512638,118438,5/3/2026,
512639,118439,5/3/2026,13/3/2026
512640,118440,5/3/2026,18/3/2026
512641,118442,5/3/2026,20/6/2026
512642,118444,5/3/2026,2/8/2026
512643,118416,5/3/2026,12/3/2026
512644,118445,5/3/2026,9/3/2026
512645,118447,5/3/2026,12/3/2026
512646,118435,5/3/2026,21/3/2026
512647,118414,5/3/2026,1/6/2026
512648,118401,5/3/2026,6/7/2026
512649,118410,5/3/2026,14/3/2026
512650,108201,5/3/2026,11/3/2026
512651,109114,5/3/2026,27/3/2026
512652,118384,5/3/2026,18/5/2026
512653,118386,5/3/2026,27/3/2026
512654,118387,5/3/2026,13/3/2026
512655,118389,5/3/2026,13/3/2026
512656,118391,5/3/2026,
512657,118392,5/3/2026,26/3/2026
512658,118394,5/3/2026,11/3/2026
512659,118382,5/3/2026,19/5/2026
512660,118396,5/3/2026,7/4/2026
512661,118398,5/3/2026,30/5/2026
512662,118399,5/3/2026,19/3/2026
512663,118412,5/3/2026,
512664,118402,5/3/2026,
512665,118403,5/3/2026,26/6/2026
512666,118405,5/3/2026,
512667,118406,5/3/2026,6/3/2026
512668,100758,5/3/2026,15/3/2026
512669,118395,5/3/2026,4/4/2026
512670,118473,6/3/2026,12/3/2026
512671,118472,6/3/2026,12/3/2026
512672,118470,6/3/2026,8/3/2026
512673,118474,6/3/2026,4/7/2026
512674,118469,6/3/2026,27/7/2026
512675,118471,6/3/2026,7/4/2026
512676,118475,6/3/2026,1/6/2026
512677,118482,6/3/2026,31/3/2026
512678,118478,6/3/2026,
512679,118479,6/3/2026,4/4/2026
512680,118480,6/3/2026,13/3/2026
512681,118484,6/3/2026,8/3/2026
512682,118485,6/3/2026,31/7/2026
512683,118468,6/3/2026,7/4/2026
512684,118477,6/3/2026,17/4/2026
512685,118466,6/3/2026,16/3/2026
512686,118462,6/3/2026,10/6/2026
512687,118464,6/3/2026,
512688,118465,6/3/2026,15/4/2026
512689,118448,6/3/2026,14/3/2026
512690,118452,6/3/2026,29/6/2026
512691,118453,6/3/2026,26/5/2026
512692,118454,6/3/2026,22/3/2026
512693,118450,6/3/2026,9/3/2026
512694,118456,6/3/2026,29/5/2026
512695,118458,6/3/2026,
512696,118460,6/3/2026,
512697,118455,6/3/2026,10/7/2026
512698,118523,7/3/2026,1/4/2026
512699,118516,7/3/2026,16/5/2026
512700,118538,7/3/2026,9/3/2026
512701,118517,7/3/2026,22/3/2026
512702,118518,7/3/2026,
512703,118514,7/3/2026,8/4/2026
512704,118520,7/3/2026,
512705,118521,7/3/2026,12/6/2026
512706,118525,7/3/2026,6/7/2026
512707,118531,7/3/2026,6/6/2026
512708,118527,7/3/2026,
512709,118529,7/3/2026,15/3/2026
512710,118530,7/3/2026,
512711,118536,7/3/2026,17/6/2026
512712,118535,7/3/2026,21/5/2026
512713,118534,7/3/2026,
512714,118533,7/3/2026,12/3/2026
512715,118512,7/3/2026,11/3/2026
512716,118526,7/3/2026,
512717,118511,7/3/2026,
512718,118502,7/3/2026,16/3/2026
512719,118507,7/3/2026,15/5/2026
512720,118509,7/3/2026,22/5/2026
512721,104209,7/3/2026,31/3/2026
512722,118486,7/3/2026,1/4/2026
512723,118488,7/3/2026,17/3/2026
512724,118490,7/3/2026,20/3/2026
512725,118492,7/3/2026,26/3/2026
512726,118493,7/3/2026,3/5/2026
512727,105099,7/3/2026,
512728,118495,7/3/2026,14/3/2026
512729,118497,7/3/2026,11/5/2026
512730,118498,7/3/2026,10/4/2026
512731,118500,7/3/2026,24/3/2026
512732,118504,7/3/2026,8/3/2026
512733,118505,7/3/2026,18/4/2026
512734,118494,7/3/2026,16/3/2026
512735,118571,8/3/2026,13/3/2026
512736,118572,8/3/2026,22/3/2026
512737,118574,8/3/2026,2/4/2026
512738,118576,8/3/2026,15/3/2026
512739,118577,8/3/2026,16/3/2026
512740,118578,8/3/2026,16/3/2026
512741,118579,8/3/2026,28/3/2026
512742,118580,8/3/2026,1/4/2026
512743,118585,8/3/2026,8/4/2026
512744,118583,8/3/2026,25/3/2026
512745,118586,8/3/2026,27/3/2026
512746,118588,8/3/2026,24/3/2026
512747,118590,8/3/2026,1/6/2026
512748,118592,8/3/2026,
512749,118569,8/3/2026,9/3/2026
512750,118593,8/3/2026,
512751,118595,8/3/2026,13/3/2026
512752,118597,8/3/2026,
512753,118581,8/3/2026,
512754,118567,8/3/2026,
512755,118555,8/3/2026,13/3/2026
512756,118564,8/3/2026,25/3/2026
512757,107031,8/3/2026,3/7/2026
512758,118539,8/3/2026,6/7/2026
512759,118541,8/3/2026,12/3/2026
512760,118542,8/3/2026,27/4/2026
512761,118565,8/3/2026,23/3/2026
512762,118545,8/3/2026,18/3/2026
512763,118547,8/3/2026,
512764,118543,8/3/2026,9/4/2026
512765,118551,8/3/2026,27/6/2026
512766,118553,8/3/2026,
512767,118557,8/3/2026,2/6/2026
512768,118558,8/3/2026,
512769,118559,8/3/2026,25/3/2026
512770,118561,8/3/2026,6/7/2026
512771,118563,8/3/2026,19/3/2026
512772,118549,8/3/2026,
512773,118620,9/3/2026,29/6/2026
512774,118625,9/3/2026,11/3/2026
512775,118621,9/3/2026,27/3/2026
512776,118622,9/3/2026,8/4/2026
512777,118624,9/3/2026,10/5/2026
512778,118626,9/3/2026,21/4/2026
512779,118635,9/3/2026,11/3/2026
512780,118630,9/3/2026,15/4/2026
512781,118632,9/3/2026,18/4/2026
512782,118633,9/3/2026,
512783,118636,9/3/2026,
512784,118637,9/3/2026,11/5/2026
512785,118618,9/3/2026,26/5/2026
512786,118629,9/3/2026,16/4/2026
512787,118617,9/3/2026,26/4/2026
512788,118628,9/3/2026,6/4/2026
512789,118614,9/3/2026,25/4/2026
512790,118598,9/3/2026,19/5/2026
512791,118599,9/3/2026,
512792,118600,9/3/2026,6/4/2026
512793,118615,9/3/2026,13/3/2026
512794,118602,9/3/2026,19/4/2026
512795,107098,9/3/2026,14/3/2026
512796,118606,9/3/2026,19/5/2026
512797,118608,9/3/2026,
512798,118609,9/3/2026,26/3/2026
512799,118611,9/3/2026,17/4/2026
512800,118613,9/3/2026,30/4/2026
512801,118604,9/3/2026,
512802,118659,10/3/2026,14/7/2026
512803,118662,10/3/2026,17/5/2026
512804,118664,10/3/2026,
512805,118666,10/3/2026,11/3/2026
512806,118668,10/3/2026,
512807,118670,10/3/2026,
512808,118671,10/3/2026,14/6/2026
512809,118673,10/3/2026,
512810,118678,10/3/2026,15/6/2026
512811,118677,10/3/2026,17/5/2026
512812,118679,10/3/2026,20/3/2026
512813,118681,10/3/2026,19/4/2026
512814,118657,10/3/2026,2/6/2026
512815,118682,10/3/2026,
512816,118684,10/3/2026,25/3/2026
512817,118685,10/3/2026,26/4/2026
512818,118675,10/3/2026,26/3/2026
512819,118656,10/3/2026,14/3/2026
512820,118660,10/3/2026,17/3/2026
512821,118653,10/3/2026,11/3/2026
512822,118655,10/3/2026,
512823,110185,10/3/2026,7/4/2026
512824,108175,10/3/2026,29/4/2026
512825,118640,10/3/2026,
512826,118642,10/3/2026,26/5/2026
512827,118644,10/3/2026,19/3/2026
512828,118645,10/3/2026,
512829,118638,10/3/2026,15/3/2026
512830,118648,10/3/2026,22/5/2026
512831,118649,10/3/2026,26/3/2026
512832,118650,10/3/2026,
512833,118651,10/3/2026,
512834,118652,10/3/2026,31/7/2026
512835,118647,10/3/2026,2/8/2026
512836,118725,11/3/2026,16/3/2026
512837,118712,11/3/2026,
512838,118710,11/3/2026,17/3/2026
512839,118713,11/3/2026,21/7/2026
512840,118715,11/3/2026,5/6/2026
512841,118718,11/3/2026,29/3/2026
512842,118720,11/3/2026,24/3/2026
512843,118722,11/3/2026,
512844,118724,11/3/2026,
512845,118726,11/3/2026,
512846,118739,11/3/2026,
512847,118729,11/3/2026,
512848,118731,11/3/2026,25/7/2026
512849,118733,11/3/2026,12/4/2026
512850,118734,11/3/2026,31/3/2026
512851,118735,11/3/2026,
512852,118737,11/3/2026,
512853,118744,11/3/2026,22/3/2026
512854,118742,11/3/2026,
512855,118740,11/3/2026,12/3/2026
512856,118708,11/3/2026,14/6/2026
512857,118728,11/3/2026,4/4/2026
512858,118707,11/3/2026,
512859,118716,11/3/2026,16/3/2026
512860,118705,11/3/2026,13/5/2026
512861,105747,11/3/2026,13/3/2026
512862,110167,11/3/2026,
512863,118687,11/3/2026,
512864,118689,11/3/2026,
512865,118691,11/3/2026,30/3/2026
512866,118693,11/3/2026,12/3/2026
512867,118694,11/3/2026,8/4/2026
512868,118695,11/3/2026,12/3/2026
512869,110294,11/3/2026,
512870,118698,11/3/2026,26/4/2026
512871,118697,11/3/2026,7/5/2026
512872,118704,11/3/2026,15/7/2026
512873,118703,11/3/2026,
512874,118706,11/3/2026,6/6/2026
512875,118700,11/3/2026,16/6/2026
512876,118699,11/3/2026,15/4/2026
512877,118701,11/3/2026,
512878,118807,12/3/2026,15/5/2026
512879,118776,12/3/2026,18/4/2026
512880,118778,12/3/2026,15/3/2026
512881,118780,12/3/2026,18/3/2026
512882,118781,12/3/2026,
512883,118782,12/3/2026,
512884,118784,12/3/2026,
512885,118785,12/3/2026,21/6/2026
512886,118787,12/3/2026,
512887,118789,12/3/2026,
512888,118791,12/3/2026,20/3/2026
512889,118793,12/3/2026,10/4/2026
512890,118795,12/3/2026,28/3/2026
512891,118796,12/3/2026,
512892,118799,12/3/2026,27/3/2026
512893,118801,12/3/2026,16/3/2026
512894,118808,12/3/2026,9/5/2026
512895,118774,12/3/2026,10/4/2026
512896,118803,12/3/2026,2/4/2026
512897,118804,12/3/2026,6/5/2026
512898,118805,12/3/2026,22/4/2026
512899,118806,12/3/2026,14/5/2026
512900,118792,12/3/2026,13/5/2026
512901,118798,12/3/2026,13/5/2026
512902,118771,12/3/2026,3/6/2026
512903,118770,12/3/2026,14/3/2026
512904,118773,12/3/2026,
512905,118746,12/3/2026,
512906,118747,12/3/2026,14/3/2026
512907,118748,12/3/2026,18/4/2026
512908,118750,12/3/2026,20/3/2026
512909,118752,12/3/2026,14/4/2026
512910,118753,12/3/2026,13/3/2026
512911,118755,12/3/2026,
512912,118749,12/3/2026,
512913,118758,12/3/2026,
512914,118760,12/3/2026,
512915,118762,12/3/2026,14/3/2026
512916,118764,12/3/2026,18/4/2026
512917,118766,12/3/2026,1/4/2026
512918,118768,12/3/2026,30/4/2026
512919,118757,12/3/2026,24/4/2026
512920,118769,12/3/2026,17/6/2026
512921,118838,13/3/2026,27/4/2026
512922,118836,13/3/2026,17/3/2026
512923,118835,13/3/2026,
512924,118833,13/3/2026,
512925,118829,13/3/2026,
512926,118831,13/3/2026,4/4/2026
512927,118859,13/3/2026,8/4/2026
512928,118839,13/3/2026,12/4/2026
512929,118832,13/3/2026,21/4/2026
512930,118841,13/3/2026,18/3/2026
512931,118856,13/3/2026,4/5/2026
512932,118844,13/3/2026,15/6/2026
512933,118846,13/3/2026,23/3/2026
512934,118848,13/3/2026,25/3/2026
512935,118828,13/3/2026,16/3/2026
512936,118852,13/3/2026,25/4/2026
512937,118853,13/3/2026,17/5/2026
512938,118855,13/3/2026,3/4/2026
512939,118857,13/3/2026,24/3/2026
512940,118850,13/3/2026,12/4/2026
512941,118843,13/3/2026,14/4/2026
512942,118827,13/3/2026,
512943,118823,13/3/2026,14/3/2026
512944,118824,13/3/2026,
512945,118809,13/3/2026,
512946,118810,13/3/2026,3/4/2026
512947,118811,13/3/2026,
512948,118812,13/3/2026,30/6/2026
512949,118814,13/3/2026,29/6/2026
512950,118825,13/3/2026,9/4/2026
512951,118816,13/3/2026,21/5/2026
512952,118817,13/3/2026,8/5/2026
512953,118819,13/3/2026,17/4/2026
512954,118821,13/3/2026,17/3/2026
512955,118815,13/3/2026,5/4/2026
512956,118898,14/3/2026,6/5/2026
512957,118897,14/3/2026,7/4/2026
512958,118896,14/3/2026,4/4/2026
512959,118894,14/3/2026,1/4/2026
512960,118893,14/3/2026,7/5/2026
512961,118891,14/3/2026,16/3/2026
512962,118890,14/3/2026,9/7/2026
512963,118889,14/3/2026,19/4/2026
512964,118888,14/3/2026,17/3/2026
512965,118900,14/3/2026,2/4/2026
512966,118892,14/3/2026,25/4/2026
512967,118902,14/3/2026,13/6/2026
512968,118910,14/3/2026,21/3/2026
512969,118906,14/3/2026,
512970,118907,14/3/2026,30/5/2026
512971,118908,14/3/2026,31/5/2026
512972,118909,14/3/2026,15/3/2026
512973,118886,14/3/2026,
512974,118912,14/3/2026,6/5/2026
512975,118913,14/3/2026,
512976,118915,14/3/2026,
512977,118916,14/3/2026,
512978,118918,14/3/2026,10/5/2026
512979,118919,14/3/2026,31/3/2026
512980,118920,14/3/2026,18/3/2026
512981,118904,14/3/2026,
512982,118885,14/3/2026,19/3/2026
512983,118887,14/3/2026,
512984,118882,14/3/2026,6/4/2026
512985,107204,14/3/2026,18/4/2026
512986,104698,14/3/2026,26/7/2026
512987,112918,14/3/2026,
512988,110151,14/3/2026,19/4/2026
512989,118883,14/3/2026,
512990,108610,14/3/2026,
512991,107191,14/3/2026,25/3/2026
512992,118860,14/3/2026,15/4/2026
512993,118861,14/3/2026,
512994,118863,14/3/2026,27/4/2026
512995,118865,14/3/2026,
512996,108701,14/3/2026,
512997,118867,14/3/2026,30/3/2026
512998,118866,14/3/2026,
512999,118881,14/3/2026,22/3/2026
513000,118879,14/3/2026,
513001,118875,14/3/2026,6/4/2026
513002,118873,14/3/2026,20/3/2026
513003,118877,14/3/2026,6/5/2026
513004,118870,14/3/2026,
513005,118869,14/3/2026,
513006,118868,14/3/2026,
513007,118871,14/3/2026,
513008,118950,15/3/2026,
513009,118949,15/3/2026,29/3/2026
513010,118957,15/3/2026,11/5/2026
513011,118952,15/3/2026,
513012,118954,15/3/2026,
513013,118955,15/3/2026,30/3/2026
513014,118956,15/3/2026,
513015,118947,15/3/2026,23/3/2026
513016,118966,15/3/2026,
513017,118960,15/3/2026,14/6/2026
513018,118962,15/3/2026,8/5/2026
513019,118963,15/3/2026,20/3/2026
513020,118965,15/3/2026,16/5/2026
513021,118972,15/3/2026,19/4/2026
513022,118971,15/3/2026,25/3/2026
513023,118970,15/3/2026,11/4/2026
513024,118968,15/3/2026,3/7/2026
513025,118958,15/3/2026,
513026,118945,15/3/2026,21/4/2026
513027,118929,15/3/2026,
513028,118942,15/3/2026,22/5/2026
513029,118943,15/3/2026,26/3/2026
513030,106198,15/3/2026,
513031,109556,15/3/2026,9/4/2026
513032,118922,15/3/2026,25/4/2026
513033,118925,15/3/2026,7/7/2026
513034,118927,15/3/2026,3/5/2026
513035,118928,15/3/2026,
513036,118923,15/3/2026,23/3/2026
513037,118932,15/3/2026,14/4/2026
513038,118934,15/3/2026,5/5/2026
513039,118935,15/3/2026,
513040,118936,15/3/2026,23/6/2026
513041,118937,15/3/2026,
513042,118940,15/3/2026,27/3/2026
513043,118930,15/3/2026,14/5/2026
513044,118939,15/3/2026,
513045,119006,16/3/2026,
513046,119004,16/3/2026,
513047,119003,16/3/2026,
513048,119000,16/3/2026,7/5/2026
513049,118999,16/3/2026,26/3/2026
513050,118997,16/3/2026,31/3/2026
513051,119007,16/3/2026,28/3/2026
513052,119001,16/3/2026,
513053,119009,16/3/2026,
513054,119023,16/3/2026,2/5/2026
513055,119011,16/3/2026,24/6/2026
513056,119013,16/3/2026,28/3/2026
513057,119015,16/3/2026,21/3/2026
513058,119017,16/3/2026,
513059,119019,16/3/2026,19/6/2026
513060,119021,16/3/2026,30/3/2026
513061,118995,16/3/2026,27/3/2026
513062,119025,16/3/2026,9/4/2026
513063,119027,16/3/2026,6/7/2026
513064,119029,16/3/2026,16/4/2026
513065,119010,16/3/2026,22/5/2026
513066,118993,16/3/2026,20/4/2026
513067,118982,16/3/2026,17/3/2026
513068,118990,16/3/2026,
513069,105230,16/3/2026,
513070,106259,16/3/2026,
513071,107866,16/3/2026,19/6/2026
513072,118992,16/3/2026,
513073,118974,16/3/2026,
513074,118975,16/3/2026,25/4/2026
513075,118977,16/3/2026,2/4/2026
513076,118973,16/3/2026,22/7/2026
513077,118980,16/3/2026,24/3/2026
513078,118984,16/3/2026,17/4/2026
513079,118985,16/3/2026,23/3/2026
513080,118986,16/3/2026,
513081,118987,16/3/2026,10/4/2026
513082,118988,16/3/2026,30/5/2026
513083,118979,16/3/2026,31/3/2026
513084,119059,17/3/2026,1/4/2026
513085,119058,17/3/2026,
513086,119076,17/3/2026,
513087,119055,17/3/2026,
513088,119062,17/3/2026,20/4/2026
513089,119053,17/3/2026,19/3/2026
513090,119061,17/3/2026,14/4/2026
513091,119063,17/3/2026,24/4/2026
513092,119051,17/3/2026,12/4/2026
513093,119066,17/3/2026,2/7/2026
513094,119067,17/3/2026,28/3/2026
513095,119068,17/3/2026,7/4/2026
513096,119069,17/3/2026,19/4/2026
513097,119070,17/3/2026,
513098,119071,17/3/2026,
513099,119072,17/3/2026,21/3/2026
513100,119074,17/3/2026,
513101,119064,17/3/2026,30/4/2026
513102,119050,17/3/2026,21/4/2026
513103,119057,17/3/2026,15/4/2026
513104,119047,17/3/2026,25/4/2026
513105,119048,17/3/2026,
513106,116030,17/3/2026,19/3/2026
513107,109988,17/3/2026,31/3/2026
513108,119030,17/3/2026,
513109,119031,17/3/2026,26/3/2026
513110,119032,17/3/2026,7/5/2026
513111,119034,17/3/2026,15/7/2026
513112,103757,17/3/2026,28/6/2026
513113,119037,17/3/2026,16/4/2026
513114,119038,17/3/2026,
513115,119040,17/3/2026,19/3/2026
513116,119042,17/3/2026,23/3/2026
513117,119044,17/3/2026,
513118,119045,17/3/2026,24/5/2026
513119,119046,17/3/2026,25/3/2026
513120,119036,17/3/2026,
513121,119107,18/3/2026,18/7/2026
513122,119109,18/3/2026,3/4/2026
513123,119111,18/3/2026,7/6/2026
513124,119112,18/3/2026,7/4/2026
513125,119113,18/3/2026,23/3/2026
513126,119114,18/3/2026,23/4/2026
513127,119115,18/3/2026,22/3/2026
513128,119117,18/3/2026,
513129,119124,18/3/2026,
513130,119121,18/3/2026,20/3/2026
513131,119122,18/3/2026,10/4/2026
513132,119125,18/3/2026,31/3/2026
513133,119126,18/3/2026,
513134,119128,18/3/2026,25/3/2026
513135,119106,18/3/2026,30/4/2026
513136,119129,18/3/2026,3/5/2026
513137,119131,18/3/2026,
513138,119119,18/3/2026,17/5/2026
513139,119103,18/3/2026,21/3/2026
513140,119105,18/3/2026,24/3/2026
513141,119100,18/3/2026,20/4/2026
513142,119102,18/3/2026,26/3/2026
513143,110287,18/3/2026,5/4/2026
513144,106119,18/3/2026,24/7/2026
513145,113846,18/3/2026,19/3/2026
513146,107011,18/3/2026,5/5/2026
513147,119080,18/3/2026,6/5/2026
513148,119082,18/3/2026,20/3/2026
513149,119084,18/3/2026,26/3/2026
513150,119085,18/3/2026,1/4/2026
513151,119078,18/3/2026,2/8/2026
513152,119088,18/3/2026,19/3/2026
513153,119087,18/3/2026,
513154,119097,18/3/2026,16/5/2026
513155,119095,18/3/2026,12/5/2026
513156,119093,18/3/2026,26/4/2026
513157,119099,18/3/2026,27/3/2026
513158,119092,18/3/2026,27/3/2026
513159,119090,18/3/2026,9/4/2026
513160,119175,19/3/2026,16/5/2026
513161,119165,19/3/2026,31/3/2026
513162,119167,19/3/2026,
513163,119168,19/3/2026,8/4/2026
513164,119169,19/3/2026,3/5/2026
513165,119170,19/3/2026,25/6/2026
513166,119172,19/3/2026,27/5/2026
513167,119174,19/3/2026,16/6/2026
513168,119166,19/3/2026,
513169,119176,19/3/2026,6/4/2026
513170,119188,19/3/2026,11/5/2026
513171,119178,19/3/2026,20/3/2026
513172,119180,19/3/2026,30/3/2026
513173,119182,19/3/2026,7/5/2026
513174,119183,19/3/2026,17/5/2026
513175,119184,19/3/2026,4/6/2026
513176,119185,19/3/2026,29/3/2026
513177,119187,19/3/2026,
513178,119189,19/3/2026,29/3/2026
513179,119163,19/3/2026,12/6/2026
513180,119177,19/3/2026,
513181,119161,19/3/2026,25/3/2026
513182,119160,19/3/2026,21/3/2026
513183,119158,19/3/2026,
513184,119133,19/3/2026,3/4/2026
513185,119135,19/3/2026,31/7/2026
513186,119137,19/3/2026,13/5/2026
513187,119138,19/3/2026,7/7/2026
513188,119139,19/3/2026,17/6/2026
513189,119140,19/3/2026,27/4/2026
513190,119142,19/3/2026,23/7/2026
513191,119144,19/3/2026,20/4/2026
513192,108588,19/3/2026,26/3/2026
513193,119147,19/3/2026,
513194,119149,19/3/2026,13/6/2026
513195,119151,19/3/2026,23/4/2026
513196,119152,19/3/2026,
513197,119153,19/3/2026,20/7/2026
513198,119154,19/3/2026,21/3/2026
513199,119155,19/3/2026,23/3/2026
513200,119157,19/3/2026,10/4/2026
513201,119146,19/3/2026,22/3/2026
513202,119228,20/3/2026,21/3/2026
513203,119227,20/3/2026,
513204,119221,20/3/2026,
513205,119223,20/3/2026,22/5/2026
513206,119222,20/3/2026,7/5/2026
513207,119229,20/3/2026,22/6/2026
513208,119225,20/3/2026,
513209,119231,20/3/2026,18/7/2026
513210,119238,20/3/2026,29/3/2026
513211,119235,20/3/2026,17/6/2026
513212,119236,20/3/2026,29/7/2026
513213,119237,20/3/2026,16/4/2026
513214,119239,20/3/2026,25/4/2026
513215,119241,20/3/2026,29/4/2026
513216,119243,20/3/2026,5/4/2026
513217,119244,20/3/2026,8/4/2026
513218,119220,20/3/2026,
513219,119233,20/3/2026,1/6/2026
513220,119218,20/3/2026,
513221,119214,20/3/2026,20/4/2026
513222,105885,20/3/2026,29/3/2026
513223,119216,20/3/2026,30/3/2026
513224,112788,20/3/2026,
513225,119190,20/3/2026,6/4/2026
513226,119192,20/3/2026,26/3/2026
513227,119193,20/3/2026,
513228,119197,20/3/2026,
513229,119198,20/3/2026,2/6/2026
513230,119199,20/3/2026,7/6/2026
513231,119195,20/3/2026,4/4/2026
513232,119202,20/3/2026,20/5/2026
513233,119203,20/3/2026,25/5/2026
513234,119205,20/3/2026,9/5/2026
513235,119207,20/3/2026,28/3/2026
513236,119209,20/3/2026,13/7/2026
513237,119211,20/3/2026,
513238,119213,20/3/2026,30/3/2026
513239,119201,20/3/2026,
513240,119283,21/3/2026,12/4/2026
513241,119273,21/3/2026,18/7/2026
513242,119275,21/3/2026,22/3/2026
513243,119277,21/3/2026,20/5/2026
513244,119279,21/3/2026,22/5/2026
513245,119280,21/3/2026,22/3/2026
513246,119282,21/3/2026,5/4/2026
513247,119284,21/3/2026,
513248,119272,21/3/2026,
513249,119286,21/3/2026,20/6/2026
513250,119287,21/3/2026,30/3/2026
513251,119288,21/3/2026,29/3/2026
513252,119290,21/3/2026,
513253,119291,21/3/2026,19/4/2026
513254,119293,21/3/2026,18/4/2026
513255,119294,21/3/2026,2/4/2026
513256,119295,21/3/2026,26/3/2026
513257,119285,21/3/2026,28/3/2026
513258,119270,21/3/2026,28/6/2026
513259,119265,21/3/2026,26/3/2026
513260,119267,21/3/2026,2/4/2026
513261,119245,21/3/2026,24/3/2026
513262,119248,21/3/2026,
513263,119249,21/3/2026,24/3/2026
513264,119251,21/3/2026,6/5/2026
513265,119253,21/3/2026,
513266,119254,21/3/2026,24/3/2026
513267,119247,21/3/2026,
513268,119256,21/3/2026,3/5/2026
513269,119258,21/3/2026,13/4/2026
513270,119259,21/3/2026,21/6/2026
513271,119261,21/3/2026,
513272,119263,21/3/2026,4/5/2026
513273,119268,21/3/2026,6/4/2026
513274,119255,21/3/2026,
513275,119340,22/3/2026,
513276,119338,22/3/2026,
513277,119337,22/3/2026,13/4/2026
513278,119336,22/3/2026,18/4/2026
513279,119335,22/3/2026,
513280,119332,22/3/2026,26/6/2026
513281,119333,22/3/2026,
513282,119330,22/3/2026,25/3/2026
513283,119328,22/3/2026,17/6/2026
513284,119341,22/3/2026,
513285,119334,22/3/2026,25/3/2026
513286,119343,22/3/2026,26/3/2026
513287,119353,22/3/2026,3/8/2026
513288,119346,22/3/2026,27/3/2026
513289,119347,22/3/2026,
513290,119348,22/3/2026,4/4/2026
513291,119349,22/3/2026,25/3/2026
513292,119351,22/3/2026,7/4/2026
513293,119326,22/3/2026,
513294,119355,22/3/2026,3/8/2026
513295,119356,22/3/2026,
513296,119357,22/3/2026,
513297,119359,22/3/2026,7/6/2026
513298,119361,22/3/2026,2/4/2026
513299,119344,22/3/2026,6/6/2026
513300,119325,22/3/2026,
513301,119321,22/3/2026,17/4/2026
513302,119323,22/3/2026,3/4/2026
513303,113366,22/3/2026,26/3/2026
513304,102296,22/3/2026,14/4/2026
513305,110521,22/3/2026,27/3/2026
513306,119297,22/3/2026,17/4/2026
513307,119324,22/3/2026,3/5/2026
513308,119300,22/3/2026,24/3/2026
513309,119301,22/3/2026,27/3/2026
513310,119303,22/3/2026,15/4/2026
513311,119304,22/3/2026,23/3/2026
513312,119305,22/3/2026,29/3/2026
513313,119299,22/3/2026,
513314,119309,22/3/2026,3/4/2026
513315,119307,22/3/2026,22/4/2026
513316,119319,22/3/2026,26/3/2026
513317,119318,22/3/2026,23/3/2026
513318,119316,22/3/2026,
513319,119320,22/3/2026,13/4/2026
513320,119313,22/3/2026,18/5/2026
513321,119312,22/3/2026,10/7/2026
513322,119310,22/3/2026,19/5/2026
513323,119315,22/3/2026,7/4/2026
513324,119379,23/3/2026,24/3/2026
513325,119393,23/3/2026,28/3/2026
513326,119380,23/3/2026,
513327,119381,23/3/2026,
513328,119382,23/3/2026,26/3/2026
513329,119384,23/3/2026,
513330,119387,23/3/2026,24/3/2026
513331,119388,23/3/2026,1/5/2026
513332,119377,23/3/2026,27/3/2026
513333,119392,23/3/2026,
513334,119391,23/3/2026,9/6/2026
513335,119389,23/3/2026,
513336,119386,23/3/2026,10/4/2026
513337,119376,23/3/2026,28/4/2026
513338,119369,23/3/2026,30/3/2026
513339,119373,23/3/2026,31/3/2026
513340,119374,23/3/2026,26/3/2026
513341,111205,23/3/2026,30/3/2026
513342,111912,23/3/2026,24/3/2026
513343,113029,23/3/2026,1/4/2026
513344,119362,23/3/2026,
513345,104473,23/3/2026,11/4/2026
513346,119364,23/3/2026,
513347,119365,23/3/2026,4/6/2026
513348,119367,23/3/2026,
513349,119371,23/3/2026,20/7/2026
513350,119363,23/3/2026,25/3/2026
513351,119429,24/3/2026,22/4/2026
513352,119420,24/3/2026,20/7/2026
513353,119422,24/3/2026,5/5/2026
513354,119424,24/3/2026,28/6/2026
513355,119426,24/3/2026,23/4/2026
513356,119427,24/3/2026,
513357,119431,24/3/2026,30/3/2026
513358,119440,24/3/2026,15/4/2026
513359,119433,24/3/2026,
513360,119435,24/3/2026,3/4/2026
513361,119437,24/3/2026,
513362,119438,24/3/2026,25/3/2026
513363,119418,24/3/2026,15/4/2026
513364,119441,24/3/2026,18/4/2026
513365,119443,24/3/2026,4/4/2026
513366,119444,24/3/2026,29/3/2026
513367,119432,24/3/2026,26/3/2026
513368,119416,24/3/2026,25/3/2026
513369,119421,24/3/2026,5/5/2026
513370,119414,24/3/2026,3/6/2026
513371,119415,24/3/2026,
513372,110296,24/3/2026,
513373,119394,24/3/2026,6/4/2026
513374,119398,24/3/2026,29/3/2026
513375,119400,24/3/2026,28/3/2026
513376,119401,24/3/2026,8/5/2026
513377,119402,24/3/2026,29/3/2026
513378,119396,24/3/2026,5/4/2026
513379,119404,24/3/2026,18/4/2026
513380,119405,24/3/2026,
513381,119407,24/3/2026,
513382,119408,24/3/2026,14/6/2026
513383,119410,24/3/2026,31/3/2026
513384,119411,24/3/2026,29/3/2026
513385,119403,24/3/2026,25/3/2026
513386,119413,24/3/2026,1/5/2026
513387,119493,25/3/2026,29/6/2026
513388,119491,25/3/2026,17/5/2026
513389,119489,25/3/2026,15/4/2026
513390,119488,25/3/2026,7/5/2026
513391,119483,25/3/2026,
513392,119485,25/3/2026,
513393,119481,25/3/2026,7/6/2026
513394,119494,25/3/2026,1/6/2026
513395,119486,25/3/2026,14/7/2026
513396,119496,25/3/2026,14/4/2026
513397,119506,25/3/2026,25/6/2026
513398,119498,25/3/2026,4/6/2026
513399,119499,25/3/2026,
513400,119500,25/3/2026,24/5/2026
513401,119502,25/3/2026,26/4/2026
513402,119504,25/3/2026,27/3/2026
513403,119505,25/3/2026,
513404,119508,25/3/2026,
513405,119479,25/3/2026,2/8/2026
513406,119507,25/3/2026,9/7/2026
513407,119497,25/3/2026,19/4/2026
513408,119478,25/3/2026,30/5/2026
513409,119469,25/3/2026,
513410,119474,25/3/2026,28/3/2026
513411,109571,25/3/2026,
513412,119446,25/3/2026,6/4/2026
513413,119448,25/3/2026,
513414,119449,25/3/2026,7/4/2026
513415,119451,25/3/2026,29/3/2026
513416,119454,25/3/2026,22/6/2026
513417,119455,25/3/2026,5/4/2026
513418,119456,25/3/2026,16/5/2026
513419,119457,25/3/2026,22/4/2026
513420,119452,25/3/2026,20/4/2026
513421,119461,25/3/2026,8/4/2026
513422,119459,25/3/2026,
513423,119471,25/3/2026,3/4/2026
513424,119470,25/3/2026,
513425,119476,25/3/2026,
513426,119473,25/3/2026,20/7/2026
513427,119465,25/3/2026,6/4/2026
513428,119464,25/3/2026,12/4/2026
513429,119462,25/3/2026,
513430,119467,25/3/2026,27/3/2026
513431,119551,26/3/2026,22/4/2026
513432,119537,26/3/2026,
513433,119538,26/3/2026,
513434,119539,26/3/2026,6/5/2026
513435,119541,26/3/2026,4/6/2026
513436,119543,26/3/2026,
513437,119544,26/3/2026,22/4/2026
513438,119545,26/3/2026,17/5/2026
513439,119547,26/3/2026,
513440,119549,26/3/2026,
513441,119552,26/3/2026,17/4/2026
513442,119569,26/3/2026,8/6/2026
513443,119555,26/3/2026,1/4/2026
513444,119557,26/3/2026,3/4/2026
513445,119559,26/3/2026,9/4/2026
513446,119560,26/3/2026,8/5/2026
513447,119561,26/3/2026,5/7/2026
513448,119562,26/3/2026,21/7/2026
513449,119564,26/3/2026,
513450,119565,26/3/2026,
513451,119536,26/3/2026,27/3/2026
513452,119570,26/3/2026,6/4/2026
513453,119554,26/3/2026,
513454,119535,26/3/2026,10/4/2026
513455,119567,26/3/2026,14/4/2026
513456,119533,26/3/2026,10/5/2026
513457,101744,26/3/2026,7/4/2026
513458,105655,26/3/2026,
513459,119509,26/3/2026,23/4/2026
513460,119510,26/3/2026,16/4/2026
513461,119511,26/3/2026,3/4/2026
513462,119512,26/3/2026,29/3/2026
513463,119513,26/3/2026,
513464,119515,26/3/2026,14/5/2026
513465,119517,26/3/2026,29/3/2026
513466,119534,26/3/2026,31/3/2026
513467,119520,26/3/2026,31/5/2026
513468,119521,26/3/2026,4/4/2026
513469,119523,26/3/2026,5/4/2026
513470,119525,26/3/2026,21/7/2026
513471,119527,26/3/2026,
513472,119528,26/3/2026,
513473,119519,26/3/2026,28/3/2026
513474,119531,26/3/2026,1/7/2026
513475,119530,26/3/2026,8/4/2026
513476,119613,27/3/2026,8/4/2026
513477,119611,27/3/2026,
513478,119609,27/3/2026,17/5/2026
513479,119604,27/3/2026,30/5/2026
513480,119605,27/3/2026,
513481,119615,27/3/2026,12/5/2026
513482,119602,27/3/2026,
513483,119600,27/3/2026,20/6/2026
513484,119598,27/3/2026,
513485,119607,27/3/2026,
513486,119616,27/3/2026,22/5/2026
513487,119624,27/3/2026,7/4/2026
513488,119619,27/3/2026,30/5/2026
513489,119621,27/3/2026,20/4/2026
513490,119622,27/3/2026,24/4/2026
513491,119626,27/3/2026,6/4/2026
513492,119628,27/3/2026,5/5/2026
513493,119597,27/3/2026,
513494,119632,27/3/2026,10/5/2026
513495,119633,27/3/2026,21/4/2026
513496,119634,27/3/2026,1/5/2026
513497,119636,27/3/2026,5/7/2026
513498,119637,27/3/2026,5/4/2026
513499,119618,27/3/2026,17/5/2026
513500,119630,27/3/2026,28/3/2026
513501,119595,27/3/2026,23/4/2026
513502,119592,27/3/2026,1/4/2026
513503,115189,27/3/2026,
513504,119593,27/3/2026,9/4/2026
513505,112778,27/3/2026,5/5/2026
513506,108625,27/3/2026,26/4/2026
513507,104955,27/3/2026,2/4/2026
513508,119572,27/3/2026,11/5/2026
513509,119573,27/3/2026,29/3/2026
513510,119574,27/3/2026,10/4/2026
513511,115731,27/3/2026,11/4/2026
513512,119576,27/3/2026,2/4/2026
513513,119575,27/3/2026,3/7/2026
513514,119578,27/3/2026,24/4/2026
513515,119579,27/3/2026,
513516,119581,27/3/2026,28/3/2026
513517,119583,27/3/2026,
513518,119585,27/3/2026,29/3/2026
513519,119586,27/3/2026,16/5/2026
513520,119587,27/3/2026,4/5/2026
513521,119588,27/3/2026,12/4/2026
513522,119590,27/3/2026,5/4/2026
513523,119577,27/3/2026,2/5/2026
513524,119684,28/3/2026,
513525,119703,28/3/2026,16/4/2026
513526,119680,28/3/2026,6/4/2026
513527,119678,28/3/2026,11/5/2026
513528,119669,28/3/2026,
513529,119675,28/3/2026,
513530,119673,28/3/2026,12/5/2026
513531,119671,28/3/2026,31/3/2026
513532,119685,28/3/2026,
513533,119676,28/3/2026,27/4/2026
513534,119686,28/3/2026,5/4/2026
513535,119701,28/3/2026,28/6/2026
513536,119689,28/3/2026,8/6/2026
513537,119690,28/3/2026,9/5/2026
513538,119691,28/3/2026,25/7/2026
513539,119693,28/3/2026,8/7/2026
513540,119694,28/3/2026,16/4/2026
513541,119696,28/3/2026,9/5/2026
513542,119697,28/3/2026,5/4/2026
513543,119667,28/3/2026,4/4/2026
513544,119700,28/3/2026,4/4/2026
513545,119698,28/3/2026,5/7/2026
513546,119688,28/3/2026,18/5/2026
513547,119666,28/3/2026,
513548,119682,28/3/2026,
513549,119664,28/3/2026,31/3/2026
513550,114114,28/3/2026,
513551,119665,28/3/2026,11/4/2026
513552,119638,28/3/2026,
513553,119640,28/3/2026,
513554,119642,28/3/2026,
513555,119643,28/3/2026,
513556,119644,28/3/2026,17/7/2026
513557,119645,28/3/2026,25/5/2026
513558,119647,28/3/2026,24/4/2026
513559,112478,28/3/2026,14/4/2026
513560,119650,28/3/2026,13/4/2026
513561,119651,28/3/2026,
513562,119652,28/3/2026,
513563,119654,28/3/2026,8/4/2026
513564,119656,28/3/2026,28/4/2026
513565,119658,28/3/2026,9/4/2026
513566,119660,28/3/2026,25/4/2026
513567,119661,28/3/2026,
513568,119649,28/3/2026,
513569,119663,28/3/2026,8/5/2026
513570,119744,29/3/2026,4/6/2026
513571,119742,29/3/2026,19/4/2026
513572,119741,29/3/2026,26/5/2026
513573,119736,29/3/2026,15/6/2026
513574,119739,29/3/2026,
513575,119738,29/3/2026,9/5/2026
513576,119746,29/3/2026,3/4/2026
513577,119735,29/3/2026,7/5/2026
513578,119740,29/3/2026,27/4/2026
513579,119748,29/3/2026,11/6/2026
513580,119757,29/3/2026,1/4/2026
513581,119751,29/3/2026,2/4/2026
513582,119753,29/3/2026,8/7/2026
513583,119755,29/3/2026,
513584,119759,29/3/2026,
513585,119760,29/3/2026,15/5/2026
513586,119762,29/3/2026,10/4/2026
513587,119764,29/3/2026,
513588,119734,29/3/2026,6/5/2026
513589,119766,29/3/2026,
513590,119768,29/3/2026,1/5/2026
513591,119749,29/3/2026,19/4/2026
513592,119733,29/3/2026,30/3/2026
513593,119728,29/3/2026,
513594,119729,29/3/2026,23/7/2026
513595,119731,29/3/2026,
513596,119705,29/3/2026,16/5/2026
513597,119707,29/3/2026,
513598,119708,29/3/2026,
513599,119710,29/3/2026,
513600,119713,29/3/2026,10/5/2026
513601,119714,29/3/2026,1/4/2026
513602,119715,29/3/2026,2/4/2026
513603,119711,29/3/2026,9/4/2026
513604,119718,29/3/2026,
513605,119720,29/3/2026,30/3/2026
513606,119721,29/3/2026,5/4/2026
513607,119723,29/3/2026,10/6/2026
513608,119724,29/3/2026,5/4/2026
513609,119726,29/3/2026,
513610,119717,29/3/2026,
513611,119811,30/3/2026,3/6/2026
513612,119802,30/3/2026,27/4/2026
513613,119800,30/3/2026,19/7/2026
513614,119804,30/3/2026,
513615,119829,30/3/2026,30/7/2026
513616,119805,30/3/2026,2/6/2026
513617,119807,30/3/2026,12/4/2026
513618,119809,30/3/2026,11/5/2026
513619,119812,30/3/2026,20/5/2026
513620,119823,30/3/2026,5/4/2026
513621,119815,30/3/2026,6/6/2026
513622,119816,30/3/2026,2/4/2026
513623,119818,30/3/2026,8/7/2026
513624,119820,30/3/2026,10/4/2026
513625,119828,30/3/2026,
513626,119826,30/3/2026,10/6/2026
513627,119824,30/3/2026,1/5/2026
513628,119821,30/3/2026,3/4/2026
513629,119799,30/3/2026,
513630,119813,30/3/2026,28/4/2026
513631,119797,30/3/2026,21/4/2026
513632,119785,30/3/2026,
513633,119793,30/3/2026,18/4/2026
513634,119795,30/3/2026,
513635,116978,30/3/2026,11/7/2026
513636,119770,30/3/2026,1/4/2026
513637,119771,30/3/2026,1/4/2026
513638,119773,30/3/2026,23/5/2026
513639,119775,30/3/2026,
513640,119777,30/3/2026,29/4/2026
513641,116624,30/3/2026,17/4/2026
513642,119780,30/3/2026,7/5/2026
513643,119782,30/3/2026,
513644,119783,30/3/2026,30/4/2026
513645,119787,30/3/2026,8/4/2026
513646,119789,30/3/2026,6/7/2026
513647,119790,30/3/2026,2/4/2026
513648,119778,30/3/2026,18/7/2026
513649,119791,30/3/2026,
513650,119866,31/3/2026,10/4/2026
513651,119864,31/3/2026,23/7/2026
513652,119862,31/3/2026,
513653,119860,31/3/2026,11/4/2026
513654,119867,31/3/2026,
513655,119858,31/3/2026,5/4/2026
513656,119857,31/3/2026,12/6/2026
513657,119861,31/3/2026,
513658,119869,31/3/2026,18/6/2026
513659,119876,31/3/2026,11/4/2026
513660,119872,31/3/2026,
513661,119874,31/3/2026,
513662,119878,31/3/2026,
513663,119880,31/3/2026,2/4/2026
513664,119881,31/3/2026,
513665,119883,31/3/2026,
513666,119885,31/3/2026,9/6/2026
513667,119886,31/3/2026,1/5/2026
513668,119871,31/3/2026,10/4/2026
513669,119855,31/3/2026,7/5/2026
513670,119853,31/3/2026,
513671,119852,31/3/2026,1/4/2026
513672,107978,31/3/2026,22/5/2026
513673,106900,31/3/2026,5/4/2026
513674,119854,31/3/2026,17/4/2026
513675,111447,31/3/2026,
513676,112418,31/3/2026,14/4/2026
513677,119830,31/3/2026,
513678,119834,31/3/2026,3/4/2026
513679,119835,31/3/2026,6/6/2026
513680,119832,31/3/2026,23/5/2026
513681,119837,31/3/2026,10/4/2026
513682,119839,31/3/2026,18/4/2026
513683,119841,31/3/2026,15/4/2026
513684,119843,31/3/2026,1/4/2026
513685,119845,31/3/2026,16/4/2026
513686,119847,31/3/2026,
513687,119849,31/3/2026,6/5/2026
513688,119850,31/3/2026,12/7/2026
513689,119836,31/3/2026,
513690,119916,1/4/2026,30/7/2026
513691,119930,1/4/2026,12/4/2026
513692,119913,1/4/2026,12/5/2026
513693,119914,1/4/2026,
513694,119915,1/4/2026,9/4/2026
513695,119918,1/4/2026,
513696,119910,1/4/2026,
513697,119920,1/4/2026,8/7/2026
513698,119922,1/4/2026,
513699,119924,1/4/2026,
513700,119925,1/4/2026,5/4/2026
513701,119926,1/4/2026,
513702,119928,1/4/2026,24/5/2026
513703,119919,1/4/2026,24/4/2026
513704,119909,1/4/2026,
513705,119912,1/4/2026,14/4/2026
513706,119907,1/4/2026,14/5/2026
513707,119908,1/4/2026,2/4/2026
513708,119887,1/4/2026,14/5/2026
513709,119889,1/4/2026,2/4/2026
513710,119890,1/4/2026,10/4/2026
513711,119892,1/4/2026,
513712,119894,1/4/2026,
513713,119888,1/4/2026,4/5/2026
513714,119897,1/4/2026,26/4/2026
513715,119898,1/4/2026,22/4/2026
513716,119900,1/4/2026,6/4/2026
513717,119901,1/4/2026,
513718,119903,1/4/2026,7/4/2026
513719,119905,1/4/2026,14/7/2026
513720,119896,1/4/2026,27/4/2026
513721,119974,2/4/2026,19/5/2026
513722,119973,2/4/2026,23/4/2026
513723,119971,2/4/2026,19/5/2026
513724,119969,2/4/2026,5/5/2026
513725,119965,2/4/2026,23/6/2026
513726,119967,2/4/2026,23/5/2026
513727,119964,2/4/2026,
513728,119975,2/4/2026,19/4/2026
513729,119968,2/4/2026,21/4/2026
513730,119976,2/4/2026,21/4/2026
513731,119984,2/4/2026,8/5/2026
513732,119978,2/4/2026,3/4/2026
513733,119979,2/4/2026,4/4/2026
513734,119980,2/4/2026,4/4/2026
513735,119981,2/4/2026,10/7/2026
513736,119983,2/4/2026,7/5/2026
513737,119963,2/4/2026,6/4/2026
513738,119985,2/4/2026,12/5/2026
513739,119987,2/4/2026,
513740,119988,2/4/2026,10/4/2026
513741,119977,2/4/2026,9/4/2026
513742,119962,2/4/2026,8/4/2026
513743,119958,2/4/2026,28/7/2026
513744,119959,2/4/2026,15/6/2026
513745,112344,2/4/2026,
513746,119932,2/4/2026,6/4/2026
513747,119934,2/4/2026,4/4/2026
513748,119960,2/4/2026,5/6/2026
513749,119938,2/4/2026,29/5/2026
513750,119940,2/4/2026,
513751,119942,2/4/2026,8/4/2026
513752,119943,2/4/2026,26/4/2026
513753,119944,2/4/2026,24/6/2026
513754,119936,2/4/2026,18/5/2026
513755,119947,2/4/2026,
513756,119948,2/4/2026,14/4/2026
513757,119950,2/4/2026,9/4/2026
513758,119952,2/4/2026,17/7/2026
513759,119953,2/4/2026,3/4/2026
513760,119954,2/4/2026,7/7/2026
513761,119955,2/4/2026,7/6/2026
513762,119956,2/4/2026,22/5/2026
513763,119945,2/4/2026,
513764,120013,3/4/2026,17/5/2026
513765,120014,3/4/2026,
513766,120015,3/4/2026,21/4/2026
513767,120017,3/4/2026,
513768,120019,3/4/2026,28/4/2026
513769,120021,3/4/2026,4/4/2026
513770,120029,3/4/2026,13/6/2026
513771,120025,3/4/2026,
513772,120027,3/4/2026,11/5/2026
513773,120011,3/4/2026,9/7/2026
513774,120032,3/4/2026,
513775,120031,3/4/2026,2/6/2026
513776,120023,3/4/2026,
513777,120007,3/4/2026,
513778,120009,3/4/2026,12/4/2026
513779,120004,3/4/2026,17/5/2026
513780,112046,3/4/2026,5/4/2026
513781,107382,3/4/2026,4/4/2026
513782,119990,3/4/2026,25/6/2026
513783,119992,3/4/2026,11/4/2026
513784,119994,3/4/2026,
513785,119996,3/4/2026,16/4/2026
513786,119989,3/4/2026,30/5/2026
513787,119999,3/4/2026,4/4/2026
513788,120001,3/4/2026,25/4/2026
513789,120002,3/4/2026,
513790,120003,3/4/2026,
513791,120005,3/4/2026,
513792,119997,3/4/2026,20/4/2026
513793,120072,4/4/2026,5/4/2026
513794,120061,4/4/2026,3/5/2026
513795,120062,4/4/2026,5/5/2026
513796,120064,4/4/2026,14/4/2026
513797,120065,4/4/2026,27/6/2026
513798,120067,4/4/2026,5/4/2026
513799,120069,4/4/2026,11/4/2026
513800,120070,4/4/2026,
513801,120074,4/4/2026,21/4/2026
513802,120082,4/4/2026,
513803,120077,4/4/2026,5/4/2026
513804,120078,4/4/2026,24/7/2026
513805,120080,4/4/2026,4/5/2026
513806,120081,4/4/2026,16/7/2026
513807,120059,4/4/2026,10/4/2026
513808,120083,4/4/2026,21/5/2026
513809,120085,4/4/2026,20/5/2026
513810,120087,4/4/2026,
513811,120088,4/4/2026,21/4/2026
513812,120076,4/4/2026,21/4/2026
513813,120058,4/4/2026,
513814,120060,4/4/2026,5/4/2026
513815,120056,4/4/2026,23/6/2026
513816,120057,4/4/2026,23/4/2026
513817,120034,4/4/2026,6/4/2026
513818,120035,4/4/2026,
513819,120036,4/4/2026,
513820,120038,4/4/2026,15/4/2026
513821,120040,4/4/2026,5/4/2026
513822,120041,4/4/2026,5/6/2026
513823,120042,4/4/2026,1/8/2026
513824,109704,4/4/2026,2/8/2026
513825,120045,4/4/2026,8/5/2026
513826,120046,4/4/2026,
513827,120048,4/4/2026,13/4/2026
513828,120049,4/4/2026,10/4/2026
513829,120051,4/4/2026,6/4/2026
513830,120053,4/4/2026,5/4/2026
513831,120043,4/4/2026,
513832,120054,4/4/2026,
513833,120128,5/4/2026,23/4/2026
513834,120126,5/4/2026,18/7/2026
513835,120125,5/4/2026,29/4/2026
513836,120119,5/4/2026,
513837,120121,5/4/2026,9/7/2026
513838,120129,5/4/2026,29/4/2026
513839,120145,5/4/2026,14/4/2026
513840,120116,5/4/2026,
513841,120123,5/4/2026,1/7/2026
513842,120130,5/4/2026,13/6/2026
513843,120134,5/4/2026,10/4/2026
513844,120132,5/4/2026,15/4/2026
513845,120133,5/4/2026,29/5/2026
513846,120136,5/4/2026,19/4/2026
513847,120138,5/4/2026,24/7/2026
513848,120139,5/4/2026,
513849,120115,5/4/2026,
513850,120143,5/4/2026,10/4/2026
513851,120142,5/4/2026,26/6/2026
513852,120141,5/4/2026,
513853,120131,5/4/2026,6/4/2026
513854,120113,5/4/2026,27/5/2026
513855,120118,5/4/2026,
513856,120110,5/4/2026,5/5/2026
513857,107092,5/4/2026,
513858,112011,5/4/2026,25/4/2026
513859,120111,5/4/2026,5/5/2026
513860,120089,5/4/2026,
513861,120090,5/4/2026,
513862,120092,5/4/2026,17/5/2026
513863,120094,5/4/2026,8/5/2026
513864,120095,5/4/2026,12/4/2026
513865,108053,5/4/2026,19/4/2026
513866,120098,5/4/2026,19/4/2026
513867,120100,5/4/2026,
513868,120102,5/4/2026,11/4/2026
513869,120104,5/4/2026,
513870,120105,5/4/2026,28/7/2026
513871,120107,5/4/2026,28/6/2026
513872,120096,5/4/2026,8/5/2026
513873,120108,5/4/2026,10/4/2026
513874,120178,6/4/2026,2/6/2026
513875,120176,6/4/2026,30/4/2026
513876,120175,6/4/2026,9/4/2026
513877,120173,6/4/2026,26/4/2026
513878,120179,6/4/2026,3/5/2026
513879,120172,6/4/2026,
513880,120170,6/4/2026,13/4/2026
513881,120174,6/4/2026,23/5/2026
513882,120181,6/4/2026,9/4/2026
513883,120186,6/4/2026,20/4/2026
513884,120184,6/4/2026,
513885,120185,6/4/2026,15/6/2026
513886,120187,6/4/2026,18/4/2026
513887,120189,6/4/2026,25/6/2026
513888,120191,6/4/2026,29/5/2026
513889,120169,6/4/2026,
513890,120193,6/4/2026,26/5/2026
513891,120195,6/4/2026,2/6/2026
513892,120182,6/4/2026,16/5/2026
513893,120166,6/4/2026,11/4/2026
513894,120168,6/4/2026,
513895,120164,6/4/2026,17/4/2026
513896,120165,6/4/2026,11/4/2026
513897,108459,6/4/2026,8/4/2026
513898,105764,6/4/2026,24/4/2026
513899,117657,6/4/2026,31/7/2026
513900,120146,6/4/2026,
513901,120149,6/4/2026,7/4/2026
513902,120150,6/4/2026,12/6/2026
513903,120151,6/4/2026,22/5/2026
513904,120147,6/4/2026,
513905,120155,6/4/2026,
513906,120163,6/4/2026,16/4/2026
513907,120153,6/4/2026,14/4/2026
513908,120161,6/4/2026,17/4/2026
513909,120162,6/4/2026,29/5/2026
513910,120159,6/4/2026,
513911,120157,6/4/2026,
513912,120160,6/4/2026,5/5/2026
513913,120249,7/4/2026,
513914,120238,7/4/2026,11/4/2026
513915,120239,7/4/2026,18/4/2026
513916,120236,7/4/2026,
513917,120241,7/4/2026,9/5/2026
513918,120243,7/4/2026,24/5/2026
513919,120245,7/4/2026,21/5/2026
513920,120246,7/4/2026,
513921,120248,7/4/2026,11/4/2026
513922,120251,7/4/2026,
513923,120272,7/4/2026,20/4/2026
513924,120254,7/4/2026,23/5/2026
513925,120255,7/4/2026,11/6/2026
513926,120257,7/4/2026,19/7/2026
513927,120259,7/4/2026,
513928,120261,7/4/2026,15/7/2026
513929,120263,7/4/2026,
513930,120265,7/4/2026,
513931,120270,7/4/2026,23/5/2026
513932,120268,7/4/2026,6/5/2026
513933,120267,7/4/2026,
513934,120235,7/4/2026,6/7/2026
513935,120253,7/4/2026,6/7/2026
513936,120233,7/4/2026,4/6/2026
513937,120224,7/4/2026,23/4/2026
513938,120230,7/4/2026,
513939,109839,7/4/2026,
513940,120232,7/4/2026,11/7/2026
513941,120196,7/4/2026,14/4/2026
513942,120198,7/4/2026,
513943,120199,7/4/2026,
513944,120201,7/4/2026,13/4/2026
513945,120202,7/4/2026,
513946,120205,7/4/2026,12/4/2026
513947,120207,7/4/2026,9/4/2026
513948,120203,7/4/2026,
513949,120211,7/4/2026,22/4/2026
513950,120228,7/4/2026,25/5/2026
513951,120209,7/4/2026,1/6/2026
513952,120223,7/4/2026,15/6/2026
513953,120221,7/4/2026,3/5/2026
513954,120226,7/4/2026,15/6/2026
513955,120217,7/4/2026,5/5/2026
513956,120215,7/4/2026,
513957,120213,7/4/2026,
513958,120219,7/4/2026,3/5/2026
513959,120300,8/4/2026,3/5/2026
513960,120294,8/4/2026,
513961,120295,8/4/2026,25/5/2026
513962,120296,8/4/2026,25/7/2026
513963,120297,8/4/2026,14/7/2026
513964,120298,8/4/2026,14/4/2026
513965,120301,8/4/2026,12/4/2026
513966,120316,8/4/2026,13/4/2026
513967,120304,8/4/2026,14/4/2026
513968,120306,8/4/2026,14/5/2026
513969,120307,8/4/2026,5/5/2026
513970,120309,8/4/2026,19/4/2026
513971,120311,8/4/2026,28/4/2026
513972,120312,8/4/2026,
513973,120314,8/4/2026,11/4/2026
513974,120292,8/4/2026,18/4/2026
513975,120303,8/4/2026,16/4/2026
513976,120290,8/4/2026,4/5/2026
513977,120285,8/4/2026,
513978,120287,8/4/2026,14/4/2026
513979,107594,8/4/2026,27/4/2026
513980,120288,8/4/2026,
513981,114415,8/4/2026,8/6/2026
513982,120273,8/4/2026,5/7/2026
513983,120274,8/4/2026,19/4/2026
513984,120275,8/4/2026,6/6/2026
513985,120276,8/4/2026,19/4/2026
513986,108127,8/4/2026,
513987,120279,8/4/2026,22/4/2026
513988,120280,8/4/2026,21/4/2026
513989,120281,8/4/2026,
513990,120283,8/4/2026,1/5/2026
513991,120284,8/4/2026,24/4/2026
513992,120286,8/4/2026,27/5/2026
513993,120277,8/4/2026,14/4/2026
513994,120345,9/4/2026,30/4/2026
513995,120347,9/4/2026,14/4/2026
513996,120348,9/4/2026,9/5/2026
513997,120350,9/4/2026,10/4/2026
513998,120351,9/4/2026,24/4/2026
513999,120353,9/4/2026,
514000,120354,9/4/2026,15/4/2026
514001,120359,9/4/2026,9/5/2026
514002,120356,9/4/2026,
514003,120357,9/4/2026,27/4/2026
514004,120361,9/4/2026,5/6/2026
514005,120362,9/4/2026,26/6/2026
514006,120365,9/4/2026,30/6/2026
514007,120364,9/4/2026,10/4/2026
514008,120363,9/4/2026,21/5/2026
514009,120355,9/4/2026,
514010,120343,9/4/2026,30/5/2026
514011,120338,9/4/2026,15/4/2026
514012,120340,9/4/2026,
514013,120341,9/4/2026,
514014,120318,9/4/2026,26/5/2026
514015,120319,9/4/2026,14/4/2026
514016,120323,9/4/2026,15/4/2026
514017,120324,9/4/2026,22/4/2026
514018,120325,9/4/2026,
514019,120321,9/4/2026,
514020,120328,9/4/2026,20/4/2026
514021,120330,9/4/2026,18/7/2026
514022,120332,9/4/2026,
514023,120334,9/4/2026,20/4/2026
514024,120335,9/4/2026,6/5/2026
514025,120336,9/4/2026,4/5/2026
514026,120326,9/4/2026,17/4/2026
514027,120400,10/4/2026,1/5/2026
514028,120389,10/4/2026,16/5/2026
514029,120390,10/4/2026,22/6/2026
514030,120392,10/4/2026,16/4/2026
514031,120394,10/4/2026,9/5/2026
514032,120396,10/4/2026,
514033,120398,10/4/2026,6/5/2026
514034,120399,10/4/2026,2/7/2026
514035,120401,10/4/2026,4/5/2026
514036,120409,10/4/2026,28/7/2026
514037,120403,10/4/2026,6/6/2026
514038,120404,10/4/2026,12/4/2026
514039,120405,10/4/2026,14/5/2026
514040,120406,10/4/2026,
514041,120408,10/4/2026,24/4/2026
514042,120388,10/4/2026,12/4/2026
514043,120411,10/4/2026,24/7/2026
514044,120413,10/4/2026,26/6/2026
514045,120402,10/4/2026,14/7/2026
514046,120387,10/4/2026,
514047,120391,10/4/2026,18/4/2026
514048,120385,10/4/2026,11/4/2026
514049,120386,10/4/2026,
514050,111245,10/4/2026,3/5/2026
514051,120366,10/4/2026,
514052,120368,10/4/2026,7/5/2026
514053,120370,10/4/2026,19/4/2026
514054,120371,10/4/2026,14/6/2026
514055,120372,10/4/2026,29/5/2026
514056,120373,10/4/2026,
514057,120367,10/4/2026,25/4/2026
514058,120376,10/4/2026,19/4/2026
514059,120384,10/4/2026,7/7/2026
514060,120374,10/4/2026,
514061,120381,10/4/2026,
514062,120383,10/4/2026,
514063,120380,10/4/2026,
514064,120379,10/4/2026,24/4/2026
514065,120378,10/4/2026,25/5/2026
514066,120473,11/4/2026,26/4/2026
514067,120457,11/4/2026,30/4/2026
514068,120458,11/4/2026,
514069,120460,11/4/2026,7/6/2026
514070,120462,11/4/2026,18/5/2026
514071,120463,11/4/2026,2/8/2026
514072,120465,11/4/2026,23/5/2026
514073,120467,11/4/2026,24/7/2026
514074,120468,11/4/2026,
514075,120470,11/4/2026,15/4/2026
514076,120471,11/4/2026,4/5/2026
514077,120456,11/4/2026,25/5/2026
514078,120475,11/4/2026,
514079,120487,11/4/2026,8/7/2026
514080,120478,11/4/2026,
514081,120479,11/4/2026,2/5/2026
514082,120481,11/4/2026,9/7/2026
514083,120482,11/4/2026,
514084,120484,11/4/2026,11/5/2026
514085,120485,11/4/2026,25/4/2026
514086,120486,11/4/2026,3/8/2026
514087,120489,11/4/2026,
514088,120493,11/4/2026,16/4/2026
514089,120492,11/4/2026,
514090,120490,11/4/2026,12/7/2026
514091,120455,11/4/2026,
514092,120476,11/4/2026,5/6/2026
514093,120454,11/4/2026,
514094,120432,11/4/2026,
514095,120452,11/4/2026,13/4/2026
514096,120453,11/4/2026,15/4/2026
514097,120415,11/4/2026,4/7/2026
514098,120416,11/4/2026,29/4/2026
514099,120418,11/4/2026,14/4/2026
514100,120420,11/4/2026,21/4/2026
514101,120422,11/4/2026,30/4/2026
514102,120423,11/4/2026,11/5/2026
514103,117742,11/4/2026,3/6/2026
514104,120427,11/4/2026,
514105,120429,11/4/2026,15/4/2026
514106,120430,11/4/2026,
514107,120433,11/4/2026,16/5/2026
514108,120425,11/4/2026,20/4/2026
514109,120451,11/4/2026,
514110,120435,11/4/2026,
514111,120449,11/4/2026,6/5/2026
514112,120447,11/4/2026,28/6/2026
514113,120445,11/4/2026,18/5/2026
514114,120444,11/4/2026,18/4/2026
514115,120446,11/4/2026,13/5/2026
514116,120441,11/4/2026,
514117,120440,11/4/2026,
514118,120438,11/4/2026,24/4/2026
514119,120436,11/4/2026,
514120,120442,11/4/2026,23/5/2026
514121,120542,12/4/2026,3/5/2026
514122,120545,12/4/2026,
514123,120544,12/4/2026,
514124,120543,12/4/2026,26/5/2026
514125,120541,12/4/2026,10/5/2026
514126,120533,12/4/2026,28/4/2026
514127,120538,12/4/2026,
514128,120537,12/4/2026,
514129,120536,12/4/2026,4/6/2026
514130,120534,12/4/2026,23/4/2026
514131,120539,12/4/2026,
514132,120546,12/4/2026,26/5/2026
514133,120563,12/4/2026,15/5/2026
514134,120551,12/4/2026,1/6/2026
514135,120552,12/4/2026,15/5/2026
514136,120554,12/4/2026,16/4/2026
514137,120556,12/4/2026,22/4/2026
514138,120558,12/4/2026,3/5/2026
514139,120559,12/4/2026,15/4/2026
514140,120560,12/4/2026,
514141,120562,12/4/2026,
514142,120565,12/4/2026,15/4/2026
514143,120564,12/4/2026,25/4/2026
514144,120531,12/4/2026,24/5/2026
514145,120548,12/4/2026,
514146,120529,12/4/2026,23/4/2026
514147,120549,12/4/2026,23/7/2026
514148,120525,12/4/2026,17/4/2026
514149,105069,12/4/2026,
514150,120494,12/4/2026,16/4/2026
514151,120496,12/4/2026,15/4/2026
514152,120498,12/4/2026,13/4/2026
514153,120499,12/4/2026,10/5/2026
514154,120501,12/4/2026,19/4/2026
514155,120502,12/4/2026,23/5/2026
514156,120503,12/4/2026,24/5/2026
514157,120505,12/4/2026,19/4/2026
514158,120507,12/4/2026,31/5/2026
514159,120527,12/4/2026,16/6/2026
514160,120511,12/4/2026,
514161,120512,12/4/2026,5/5/2026
514162,120513,12/4/2026,14/6/2026
514163,120514,12/4/2026,
514164,120515,12/4/2026,23/4/2026
514165,120517,12/4/2026,
514166,120518,12/4/2026,20/4/2026
514167,120520,12/4/2026,3/7/2026
514168,120522,12/4/2026,4/5/2026
514169,120524,12/4/2026,16/5/2026
514170,120509,12/4/2026,11/6/2026
514171,120599,13/4/2026,22/4/2026
514172,120597,13/4/2026,14/4/2026
514173,120595,13/4/2026,25/5/2026
514174,120590,13/4/2026,
514175,120591,13/4/2026,16/4/2026
514176,120601,13/4/2026,20/4/2026
514177,120594,13/4/2026,17/4/2026
514178,120602,13/4/2026,
514179,120609,13/4/2026,2/7/2026
514180,120605,13/4/2026,14/6/2026
514181,120606,13/4/2026,23/6/2026
514182,120607,13/4/2026,18/4/2026
514183,120588,13/4/2026,
514184,120611,13/4/2026,13/5/2026
514185,120612,13/4/2026,
514186,120614,13/4/2026,
514187,120615,13/4/2026,25/4/2026
514188,120604,13/4/2026,
514189,120587,13/4/2026,
514190,120592,13/4/2026,14/4/2026
514191,120583,13/4/2026,23/4/2026
514192,120585,13/4/2026,23/7/2026
514193,120566,13/4/2026,28/5/2026
514194,120568,13/4/2026,18/4/2026
514195,114961,13/4/2026,14/4/2026
514196,120571,13/4/2026,22/4/2026
514197,120573,13/4/2026,6/7/2026
514198,120569,13/4/2026,5/6/2026
514199,120576,13/4/2026,17/4/2026
514200,120577,13/4/2026,
514201,120579,13/4/2026,30/5/2026
514202,120581,13/4/2026,
514203,120582,13/4/2026,
514204,120575,13/4/2026,16/4/2026
514205,117220,13/4/2026,9/5/2026
514206,120654,14/4/2026,18/6/2026
514207,120653,14/4/2026,18/7/2026
514208,120651,14/4/2026,
514209,120650,14/4/2026,
514210,120641,14/4/2026,30/5/2026
514211,120647,14/4/2026,25/6/2026
514212,120645,14/4/2026,22/6/2026
514213,120643,14/4/2026,12/5/2026
514214,120656,14/4/2026,13/5/2026
514215,120649,14/4/2026,8/5/2026
514216,120657,14/4/2026,15/4/2026
514217,120640,14/4/2026,
514218,120659,14/4/2026,28/4/2026
514219,120661,14/4/2026,1/7/2026
514220,120663,14/4/2026,7/5/2026
514221,120665,14/4/2026,12/7/2026
514222,120666,14/4/2026,12/5/2026
514223,120667,14/4/2026,
514224,120674,14/4/2026,
514225,120672,14/4/2026,30/7/2026
514226,120670,14/4/2026,
514227,120669,14/4/2026,10/6/2026
514228,120668,14/4/2026,13/5/2026
514229,120658,14/4/2026,28/4/2026
514230,120675,14/4/2026,26/4/2026
514231,120638,14/4/2026,24/6/2026
514232,120636,14/4/2026,
514233,116903,14/4/2026,10/5/2026
514234,112672,14/4/2026,15/4/2026
514235,102432,14/4/2026,28/4/2026
514236,107479,14/4/2026,21/5/2026
514237,120639,14/4/2026,15/4/2026
514238,120618,14/4/2026,
514239,120619,14/4/2026,15/4/2026
514240,120620,14/4/2026,8/7/2026
514241,120621,14/4/2026,
514242,120617,14/4/2026,
514243,120623,14/4/2026,26/4/2026
514244,120625,14/4/2026,26/4/2026
514245,120627,14/4/2026,12/5/2026
514246,120629,14/4/2026,2/5/2026
514247,120631,14/4/2026,29/4/2026
514248,120632,14/4/2026,
514249,120633,14/4/2026,14/5/2026
514250,120622,14/4/2026,7/6/2026
514251,120634,14/4/2026,22/4/2026
514252,120714,15/4/2026,24/4/2026
514253,120712,15/4/2026,
514254,120711,15/4/2026,20/4/2026
514255,120704,15/4/2026,19/4/2026
514256,120707,15/4/2026,11/5/2026
514257,120705,15/4/2026,
514258,120703,15/4/2026,
514259,120716,15/4/2026,
514260,120709,15/4/2026,15/5/2026
514261,120718,15/4/2026,
514262,120727,15/4/2026,3/5/2026
514263,120721,15/4/2026,7/5/2026
514264,120722,15/4/2026,17/4/2026
514265,120723,15/4/2026,16/4/2026
514266,120724,15/4/2026,
514267,120725,15/4/2026,
514268,120726,15/4/2026,1/8/2026
514269,120702,15/4/2026,
514270,120728,15/4/2026,16/4/2026
514271,120730,15/4/2026,
514272,120731,15/4/2026,
514273,120719,15/4/2026,26/4/2026
514274,120701,15/4/2026,14/5/2026
514275,120696,15/4/2026,3/5/2026
514276,120699,15/4/2026,22/5/2026
514277,112580,15/4/2026,22/5/2026
514278,120700,15/4/2026,21/7/2026
514279,108683,15/4/2026,20/4/2026
514280,120676,15/4/2026,
514281,120678,15/4/2026,
514282,120680,15/4/2026,19/5/2026
514283,120682,15/4/2026,28/4/2026
514284,120683,15/4/2026,28/4/2026
514285,105601,15/4/2026,30/6/2026
514286,120687,15/4/2026,22/4/2026
514287,120688,15/4/2026,20/4/2026
514288,120690,15/4/2026,
514289,120691,15/4/2026,
514290,120693,15/4/2026,23/5/2026
514291,120695,15/4/2026,1/6/2026
514292,120698,15/4/2026,25/6/2026
514293,120685,15/4/2026,16/4/2026
514294,120756,16/4/2026,27/4/2026
514295,120757,16/4/2026,
514296,120758,16/4/2026,14/5/2026
514297,120759,16/4/2026,15/7/2026
514298,120760,16/4/2026,19/7/2026
514299,120762,16/4/2026,18/6/2026
514300,120764,16/4/2026,22/4/2026
514301,120765,16/4/2026,27/4/2026
514302,120771,16/4/2026,21/4/2026
514303,120780,16/4/2026,17/5/2026
514304,120770,16/4/2026,31/5/2026
514305,120775,16/4/2026,17/4/2026
514306,120776,16/4/2026,
514307,120778,16/4/2026,
514308,120754,16/4/2026,
514309,120774,16/4/2026,2/5/2026
514310,120772,16/4/2026,26/4/2026
514311,120766,16/4/2026,
514312,120752,16/4/2026,
514313,120768,16/4/2026,
514314,120748,16/4/2026,
514315,120750,16/4/2026,13/5/2026
514316,112634,16/4/2026,10/7/2026
514317,116682,16/4/2026,
514318,120734,16/4/2026,8/5/2026
514319,120735,16/4/2026,
514320,120736,16/4/2026,
514321,120733,16/4/2026,25/4/2026
514322,120739,16/4/2026,18/5/2026
514323,120741,16/4/2026,
514324,120742,16/4/2026,
514325,120743,16/4/2026,21/4/2026
514326,120744,16/4/2026,25/4/2026
514327,120746,16/4/2026,
514328,120738,16/4/2026,
514329,120814,17/4/2026,
514330,120804,17/4/2026,21/4/2026
514331,120805,17/4/2026,
514332,120808,17/4/2026,30/5/2026
514333,120809,17/4/2026,
514334,120810,17/4/2026,
514335,120812,17/4/2026,14/6/2026
514336,120816,17/4/2026,22/4/2026
514337,120825,17/4/2026,
514338,120819,17/4/2026,20/4/2026
514339,120820,17/4/2026,27/7/2026
514340,120822,17/4/2026,30/5/2026
514341,120824,17/4/2026,16/5/2026
514342,120803,17/4/2026,13/5/2026
514343,120826,17/4/2026,
514344,120828,17/4/2026,23/4/2026
514345,120830,17/4/2026,
514346,120818,17/4/2026,11/5/2026
514347,120802,17/4/2026,4/5/2026
514348,120807,17/4/2026,18/4/2026
514349,120799,17/4/2026,26/4/2026
514350,112890,17/4/2026,25/6/2026
514351,114970,17/4/2026,18/6/2026
514352,111419,17/4/2026,
514353,120781,17/4/2026,11/6/2026
514354,120783,17/4/2026,6/6/2026
514355,120784,17/4/2026,15/7/2026
514356,120787,17/4/2026,20/5/2026
514357,120785,17/4/2026,
514358,120790,17/4/2026,
514359,120792,17/4/2026,22/4/2026
514360,120793,17/4/2026,16/6/2026
514361,120795,17/4/2026,20/4/2026
514362,120796,17/4/2026,18/4/2026
514363,120797,17/4/2026,18/5/2026
514364,120789,17/4/2026,30/4/2026
514365,120800,17/4/2026,2/5/2026
514366,120885,18/4/2026,15/7/2026
514367,120890,18/4/2026,10/5/2026
514368,120888,18/4/2026,25/4/2026
514369,120887,18/4/2026,19/4/2026
514370,120886,18/4/2026,26/5/2026
514371,120877,18/4/2026,
514372,120882,18/4/2026,21/4/2026
514373,120881,18/4/2026,14/5/2026
514374,120879,18/4/2026,
514375,120891,18/4/2026,14/6/2026
514376,120875,18/4/2026,
514377,120883,18/4/2026,5/5/2026
514378,120892,18/4/2026,10/6/2026
514379,120906,18/4/2026,
514380,120896,18/4/2026,11/5/2026
514381,120898,18/4/2026,9/6/2026
514382,120899,18/4/2026,
514383,120900,18/4/2026,11/6/2026
514384,120902,18/4/2026,7/5/2026
514385,120904,18/4/2026,25/5/2026
514386,120908,18/4/2026,
514387,120909,18/4/2026,2/5/2026
514388,120914,18/4/2026,
514389,120912,18/4/2026,25/6/2026
514390,120911,18/4/2026,17/5/2026
514391,120874,18/4/2026,25/5/2026
514392,120894,18/4/2026,5/5/2026
514393,120872,18/4/2026,22/4/2026
514394,120849,18/4/2026,13/6/2026
514395,120868,18/4/2026,31/7/2026
514396,120870,18/4/2026,7/5/2026
514397,112255,18/4/2026,23/4/2026
514398,102172,18/4/2026,23/4/2026
514399,120832,18/4/2026,28/4/2026
514400,120834,18/4/2026,26/4/2026
514401,120836,18/4/2026,4/5/2026
514402,120837,18/4/2026,
514403,120838,18/4/2026,28/4/2026
514404,120839,18/4/2026,6/6/2026
514405,120841,18/4/2026,21/4/2026
514406,120843,18/4/2026,9/5/2026
514407,120845,18/4/2026,
514408,115532,18/4/2026,15/5/2026
514409,120851,18/4/2026,27/4/2026
514410,120853,18/4/2026,27/4/2026
514411,120855,18/4/2026,
514412,120857,18/4/2026,26/6/2026
514413,120859,18/4/2026,
514414,120860,18/4/2026,7/7/2026
514415,120862,18/4/2026,14/7/2026
514416,120847,18/4/2026,
514417,120866,18/4/2026,2/8/2026
514418,120864,18/4/2026,2/5/2026
514419,120865,18/4/2026,
514420,120956,19/4/2026,
514421,120973,19/4/2026,
514422,120972,19/4/2026,24/4/2026
514423,120969,19/4/2026,23/4/2026
514424,120970,19/4/2026,24/5/2026
514425,120968,19/4/2026,24/4/2026
514426,120961,19/4/2026,26/4/2026
514427,120965,19/4/2026,25/4/2026
514428,120963,19/4/2026,
514429,120962,19/4/2026,16/6/2026
514430,120974,19/4/2026,20/5/2026
514431,120960,19/4/2026,20/4/2026
514432,120958,19/4/2026,6/6/2026
514433,120966,19/4/2026,26/4/2026
514434,120976,19/4/2026,
514435,120985,19/4/2026,27/7/2026
514436,120980,19/4/2026,2/7/2026
514437,120981,19/4/2026,20/4/2026
514438,120982,19/4/2026,
514439,120983,19/4/2026,
514440,120987,19/4/2026,25/5/2026
514441,120989,19/4/2026,24/4/2026
514442,120990,19/4/2026,
514443,120991,19/4/2026,
514444,120993,19/4/2026,
514445,120995,19/4/2026,22/5/2026
514446,120999,19/4/2026,12/5/2026
514447,120998,19/4/2026,11/5/2026
514448,120997,19/4/2026,
514449,120978,19/4/2026,
514450,120955,19/4/2026,26/4/2026
514451,120952,19/4/2026,26/4/2026
514452,120919,19/4/2026,9/7/2026
514453,104092,19/4/2026,23/4/2026
514454,107809,19/4/2026,7/5/2026
514455,120954,19/4/2026,8/5/2026
514456,120916,19/4/2026,
514457,120917,19/4/2026,14/5/2026
514458,120920,19/4/2026,2/7/2026
514459,120921,19/4/2026,14/5/2026
514460,120923,19/4/2026,29/7/2026
514461,120924,19/4/2026,
514462,120928,19/4/2026,
514463,120929,19/4/2026,27/4/2026
514464,120930,19/4/2026,
514465,120926,19/4/2026,
514466,120934,19/4/2026,24/4/2026
514467,120950,19/4/2026,29/5/2026
514468,120949,19/4/2026,31/5/2026
514469,120947,19/4/2026,2/5/2026
514470,120932,19/4/2026,23/5/2026
514471,120943,19/4/2026,
514472,120942,19/4/2026,20/6/2026
514473,120945,19/4/2026,20/4/2026
514474,120939,19/4/2026,23/4/2026
514475,120938,19/4/2026,
514476,120936,19/4/2026,3/5/2026
514477,120935,19/4/2026,2/7/2026
514478,120940,19/4/2026,20/5/2026
514479,121030,20/4/2026,22/7/2026
514480,121040,20/4/2026,26/4/2026
514481,121032,20/4/2026,22/4/2026
514482,121034,20/4/2026,
514483,121035,20/4/2026,8/5/2026
514484,121037,20/4/2026,
514485,121038,20/4/2026,8/5/2026
514486,121042,20/4/2026,25/4/2026
514487,121057,20/4/2026,22/4/2026
514488,121046,20/4/2026,27/6/2026
514489,121047,20/4/2026,30/4/2026
514490,121049,20/4/2026,13/6/2026
514491,121051,20/4/2026,27/4/2026
514492,121053,20/4/2026,18/6/2026
514493,121055,20/4/2026,23/4/2026
514494,121056,20/4/2026,14/5/2026
514495,121028,20/4/2026,30/4/2026
514496,121044,20/4/2026,12/6/2026
514497,121026,20/4/2026,7/6/2026
514498,121050,20/4/2026,
514499,121022,20/4/2026,28/4/2026
514500,121024,20/4/2026,22/4/2026
514501,109624,20/4/2026,
514502,107604,20/4/2026,20/7/2026
514503,121001,20/4/2026,22/4/2026
514504,121004,20/4/2026,
514505,121005,20/4/2026,2/7/2026
514506,121006,20/4/2026,10/5/2026
514507,121007,20/4/2026,25/5/2026
514508,121002,20/4/2026,
514509,121010,20/4/2026,2/5/2026
514510,121012,20/4/2026,24/5/2026
514511,121014,20/4/2026,28/4/2026
514512,121015,20/4/2026,25/5/2026
514513,121016,20/4/2026,28/4/2026
514514,121017,20/4/2026,22/4/2026
514515,121018,20/4/2026,14/7/2026
514516,121009,20/4/2026,6/5/2026
514517,121020,20/4/2026,
514518,121109,21/4/2026,23/4/2026
514519,121108,21/4/2026,22/4/2026
514520,121107,21/4/2026,16/5/2026
514521,121106,21/4/2026,22/4/2026
514522,121105,21/4/2026,
514523,121100,21/4/2026,25/4/2026
514524,121101,21/4/2026,18/6/2026
514525,121098,21/4/2026,22/4/2026
514526,121110,21/4/2026,
514527,121096,21/4/2026,7/5/2026
514528,121103,21/4/2026,24/4/2026
514529,121112,21/4/2026,27/4/2026
514530,121127,21/4/2026,7/5/2026
514531,121115,21/4/2026,23/6/2026
514532,121117,21/4/2026,22/4/2026
514533,121119,21/4/2026,
514534,121121,21/4/2026,7/5/2026
514535,121122,21/4/2026,
514536,121124,21/4/2026,8/5/2026
514537,121126,21/4/2026,16/5/2026
514538,121095,21/4/2026,3/7/2026
514539,121128,21/4/2026,9/5/2026
514540,121130,21/4/2026,
514541,121131,21/4/2026,29/6/2026
514542,121133,21/4/2026,2/6/2026
514543,121113,21/4/2026,1/6/2026
514544,121093,21/4/2026,26/4/2026
514545,121079,21/4/2026,23/4/2026
514546,121089,21/4/2026,23/4/2026
514547,107894,21/4/2026,
514548,121058,21/4/2026,22/4/2026
514549,121059,21/4/2026,22/4/2026
514550,121060,21/4/2026,
514551,121062,21/4/2026,29/4/2026
514552,121063,21/4/2026,
514553,121064,21/4/2026,31/7/2026
514554,121091,21/4/2026,23/4/2026
514555,121067,21/4/2026,22/4/2026
514556,121069,21/4/2026,6/6/2026
514557,121066,21/4/2026,28/4/2026
514558,121072,21/4/2026,
514559,121087,21/4/2026,15/5/2026
514560,121070,21/4/2026,13/5/2026
514561,121084,21/4/2026,29/4/2026
514562,121083,21/4/2026,12/6/2026
514563,121085,21/4/2026,
514564,121078,21/4/2026,
514565,121077,21/4/2026,
514566,121076,21/4/2026,5/6/2026
514567,121074,21/4/2026,24/4/2026
514568,121081,21/4/2026,1/6/2026
514569,121163,22/4/2026,3/5/2026
514570,121161,22/4/2026,
514571,121160,22/4/2026,
514572,121167,22/4/2026,3/6/2026
514573,121165,22/4/2026,
514574,121166,22/4/2026,23/4/2026
514575,121168,22/4/2026,24/6/2026
514576,121158,22/4/2026,3/7/2026
514577,121171,22/4/2026,24/4/2026
514578,121172,22/4/2026,2/6/2026
514579,121174,22/4/2026,27/5/2026
514580,121176,22/4/2026,17/5/2026
514581,121178,22/4/2026,11/7/2026
514582,121180,22/4/2026,26/5/2026
514583,121181,22/4/2026,22/5/2026
514584,121169,22/4/2026,
514585,121156,22/4/2026,4/7/2026
514586,121179,22/4/2026,20/5/2026
514587,121152,22/4/2026,4/5/2026
514588,121154,22/4/2026,
514589,117330,22/4/2026,
514590,121134,22/4/2026,24/4/2026
514591,121135,22/4/2026,
514592,121137,22/4/2026,20/5/2026
514593,121139,22/4/2026,
514594,121140,22/4/2026,
514595,116368,22/4/2026,
514596,121144,22/4/2026,
514597,121145,22/4/2026,22/6/2026
514598,121146,22/4/2026,
514599,121148,22/4/2026,
514600,121149,22/4/2026,11/7/2026
514601,121151,22/4/2026,
514602,121142,22/4/2026,
514603,121209,23/4/2026,
514604,121211,23/4/2026,13/5/2026
514605,121212,23/4/2026,
514606,121214,23/4/2026,1/6/2026
514607,121216,23/4/2026,
514608,121217,23/4/2026,30/4/2026
514609,121219,23/4/2026,
514610,121222,23/4/2026,
514611,121221,23/4/2026,27/5/2026
514612,121224,23/4/2026,26/7/2026
514613,121225,23/4/2026,18/6/2026
514614,121227,23/4/2026,6/6/2026
514615,121228,23/4/2026,16/6/2026
514616,121207,23/4/2026,22/6/2026
514617,121220,23/4/2026,17/6/2026
514618,121206,23/4/2026,9/6/2026
514619,121204,23/4/2026,
514620,121203,23/4/2026,20/5/2026
514621,121183,23/4/2026,13/7/2026
514622,121185,23/4/2026,
514623,121187,23/4/2026,
514624,121189,23/4/2026,25/6/2026
514625,121190,23/4/2026,29/7/2026
514626,121192,23/4/2026,4/5/2026
514627,121193,23/4/2026,5/5/2026
514628,101505,23/4/2026,3/5/2026
514629,121195,23/4/2026,
514630,121196,23/4/2026,21/5/2026
514631,121197,23/4/2026,26/4/2026
514632,121198,23/4/2026,
514633,121200,23/4/2026,
514634,121201,23/4/2026,29/4/2026
514635,121194,23/4/2026,26/4/2026
514636,121257,24/4/2026,25/6/2026
514637,121258,24/4/2026,6/6/2026
514638,121259,24/4/2026,
514639,121262,24/4/2026,21/7/2026
514640,121263,24/4/2026,
514641,121265,24/4/2026,27/4/2026
514642,121266,24/4/2026,5/5/2026
514643,121270,24/4/2026,29/4/2026
514644,121268,24/4/2026,17/5/2026
514645,121271,24/4/2026,23/5/2026
514646,121273,24/4/2026,13/6/2026
514647,121275,24/4/2026,
514648,121277,24/4/2026,15/5/2026
514649,121255,24/4/2026,
514650,121267,24/4/2026,14/5/2026
514651,121253,24/4/2026,
514652,121261,24/4/2026,28/4/2026
514653,121249,24/4/2026,
514654,121251,24/4/2026,23/7/2026
514655,109532,24/4/2026,2/5/2026
514656,121230,24/4/2026,
514657,121231,24/4/2026,12/7/2026
514658,121234,24/4/2026,
514659,121235,24/4/2026,
514660,121237,24/4/2026,23/6/2026
514661,121233,24/4/2026,
514662,121239,24/4/2026,31/5/2026
514663,121241,24/4/2026,
514664,121243,24/4/2026,13/6/2026
514665,121245,24/4/2026,31/5/2026
514666,121247,24/4/2026,
514667,121248,24/4/2026,
514668,121238,24/4/2026,
514669,121315,25/4/2026,12/5/2026
514670,121324,25/4/2026,25/6/2026
514671,121316,25/4/2026,2/5/2026
514672,121317,25/4/2026,
514673,121319,25/4/2026,
514674,121320,25/4/2026,
514675,121321,25/4/2026,26/7/2026
514676,121323,25/4/2026,
514677,121326,25/4/2026,4/7/2026
514678,121336,25/4/2026,3/5/2026
514679,121329,25/4/2026,
514680,121330,25/4/2026,29/4/2026
514681,121331,25/4/2026,23/5/2026
514682,121332,25/4/2026,
514683,121333,25/4/2026,11/7/2026
514684,121335,25/4/2026,
514685,121338,25/4/2026,
514686,121339,25/4/2026,
514687,121341,25/4/2026,3/7/2026
514688,121328,25/4/2026,26/5/2026
514689,121311,25/4/2026,8/5/2026
514690,121313,25/4/2026,27/4/2026
514691,121308,25/4/2026,26/5/2026
514692,121309,25/4/2026,
514693,121278,25/4/2026,9/6/2026
514694,121280,25/4/2026,13/7/2026
514695,121282,25/4/2026,
514696,121284,25/4/2026,15/7/2026
514697,121288,25/4/2026,29/4/2026
514698,121290,25/4/2026,17/5/2026
514699,121291,25/4/2026,4/5/2026
514700,121286,25/4/2026,18/6/2026
514701,121294,25/4/2026,
514702,121296,25/4/2026,29/4/2026
514703,121298,25/4/2026,28/5/2026
514704,121299,25/4/2026,30/4/2026
514705,121300,25/4/2026,2/6/2026
514706,121302,25/4/2026,26/4/2026
514707,121304,25/4/2026,
514708,121293,25/4/2026,
514709,121306,25/4/2026,28/4/2026
514710,121378,26/4/2026,
514711,121393,26/4/2026,20/6/2026
514712,121374,26/4/2026,18/5/2026
514713,121369,26/4/2026,
514714,121372,26/4/2026,
514715,121371,26/4/2026,2/5/2026
514716,121379,26/4/2026,15/6/2026
514717,121373,26/4/2026,
514718,121380,26/4/2026,7/5/2026
514719,121392,26/4/2026,9/6/2026
514720,121382,26/4/2026,30/4/2026
514721,121383,26/4/2026,27/4/2026
514722,121385,26/4/2026,1/5/2026
514723,121386,26/4/2026,27/4/2026
514724,121387,26/4/2026,27/5/2026
514725,121388,26/4/2026,
514726,121389,26/4/2026,5/7/2026
514727,121367,26/4/2026,
514728,121391,26/4/2026,14/5/2026
514729,121381,26/4/2026,2/5/2026
514730,121365,26/4/2026,27/4/2026
514731,121376,26/4/2026,4/5/2026
514732,121362,26/4/2026,10/5/2026
514733,106568,26/4/2026,2/5/2026
514734,121363,26/4/2026,23/7/2026
514735,121343,26/4/2026,26/5/2026
514736,121345,26/4/2026,
514737,121347,26/4/2026,11/6/2026
514738,121349,26/4/2026,12/5/2026
514739,121350,26/4/2026,17/5/2026
514740,121351,26/4/2026,18/5/2026
514741,121346,26/4/2026,
514742,121353,26/4/2026,14/6/2026
514743,121352,26/4/2026,26/7/2026
514744,121360,26/4/2026,29/5/2026
514745,121359,26/4/2026,
514746,121358,26/4/2026,
514747,121361,26/4/2026,
514748,121357,26/4/2026,18/5/2026
514749,121356,26/4/2026,
514750,121354,26/4/2026,
514751,121435,27/4/2026,1/7/2026
514752,121436,27/4/2026,28/4/2026
514753,121438,27/4/2026,
514754,121439,27/4/2026,
514755,121440,27/4/2026,6/7/2026
514756,121441,27/4/2026,13/5/2026
514757,121442,27/4/2026,
514758,121443,27/4/2026,11/5/2026
514759,121445,27/4/2026,
514760,121446,27/4/2026,
514761,121447,27/4/2026,22/7/2026
514762,121462,27/4/2026,
514763,121450,27/4/2026,13/7/2026
514764,121452,27/4/2026,27/5/2026
514765,121454,27/4/2026,5/7/2026
514766,121455,27/4/2026,
514767,121457,27/4/2026,5/5/2026
514768,121459,27/4/2026,11/7/2026
514769,121461,27/4/2026,15/7/2026
514770,121434,27/4/2026,15/5/2026
514771,121464,27/4/2026,
514772,121465,27/4/2026,30/4/2026
514773,121449,27/4/2026,29/7/2026
514774,121432,27/4/2026,3/8/2026
514775,121429,27/4/2026,19/5/2026
514776,121397,27/4/2026,
514777,121395,27/4/2026,
514778,121430,27/4/2026,3/5/2026
514779,121399,27/4/2026,
514780,121401,27/4/2026,
514781,121403,27/4/2026,
514782,121405,27/4/2026,
514783,121408,27/4/2026,
514784,121410,27/4/2026,16/6/2026
514785,121411,27/4/2026,10/5/2026
514786,121407,27/4/2026,
514787,121414,27/4/2026,16/5/2026
514788,121427,27/4/2026,30/4/2026
514789,121413,27/4/2026,
514790,121424,27/4/2026,3/7/2026
514791,121422,27/4/2026,27/6/2026
514792,121426,27/4/2026,11/7/2026
514793,121419,27/4/2026,
514794,121417,27/4/2026,7/5/2026
514795,121416,27/4/2026,4/5/2026
514796,121421,27/4/2026,16/5/2026
514797,121503,28/4/2026,3/7/2026
514798,121495,28/4/2026,7/5/2026
514799,121497,28/4/2026,26/5/2026
514800,121498,28/4/2026,15/7/2026
514801,121519,28/4/2026,30/4/2026
514802,121500,28/4/2026,
514803,121502,28/4/2026,3/5/2026
514804,121504,28/4/2026,
514805,121493,28/4/2026,9/5/2026
514806,121507,28/4/2026,
514807,121508,28/4/2026,6/6/2026
514808,121510,28/4/2026,8/6/2026
514809,121511,28/4/2026,9/5/2026
514810,121512,28/4/2026,5/5/2026
514811,121513,28/4/2026,4/5/2026
514812,121517,28/4/2026,
514813,121515,28/4/2026,12/5/2026
514814,121505,28/4/2026,7/5/2026
514815,121492,28/4/2026,2/5/2026
514816,121482,28/4/2026,1/6/2026
514817,121489,28/4/2026,
514818,121490,28/4/2026,
514819,113721,28/4/2026,3/8/2026
514820,121467,28/4/2026,
514821,121468,28/4/2026,2/5/2026
514822,121469,28/4/2026,15/5/2026
514823,121471,28/4/2026,12/5/2026
514824,121472,28/4/2026,18/5/2026
514825,115404,28/4/2026,5/5/2026
514826,121476,28/4/2026,14/5/2026
514827,121478,28/4/2026,
514828,121480,28/4/2026,
514829,121481,28/4/2026,2/5/2026
514830,121484,28/4/2026,
514831,121486,28/4/2026,13/6/2026
514832,121488,28/4/2026,21/6/2026
514833,121474,28/4/2026,8/6/2026
514834,121547,29/4/2026,
514835,121548,29/4/2026,13/7/2026
514836,121550,29/4/2026,9/5/2026
514837,121551,29/4/2026,3/5/2026
514838,121553,29/4/2026,
514839,121555,29/4/2026,2/5/2026
514840,121556,29/4/2026,
514841,121558,29/4/2026,21/6/2026
514842,121563,29/4/2026,8/5/2026
514843,121561,29/4/2026,28/6/2026
514844,121562,29/4/2026,
514845,121564,29/4/2026,4/6/2026
514846,121566,29/4/2026,1/6/2026
514847,121568,29/4/2026,16/5/2026
514848,121570,29/4/2026,10/5/2026
514849,121571,29/4/2026,19/6/2026
514850,121560,29/4/2026,28/5/2026
514851,121544,29/4/2026,
514852,121545,29/4/2026,17/6/2026
514853,121542,29/4/2026,17/7/2026
514854,121543,29/4/2026,8/7/2026
514855,121520,29/4/2026,13/6/2026
514856,121521,29/4/2026,5/5/2026
514857,121525,29/4/2026,8/5/2026
514858,121527,29/4/2026,15/5/2026
514859,121528,29/4/2026,
514860,121530,29/4/2026,
514861,121523,29/4/2026,
514862,121532,29/4/2026,25/6/2026
514863,121534,29/4/2026,
514864,121535,29/4/2026,
514865,121537,29/4/2026,
514866,121538,29/4/2026,
514867,121540,29/4/2026,
514868,121531,29/4/2026,4/5/2026
514869,121615,30/4/2026,7/6/2026
514870,121603,30/4/2026,
514871,121605,30/4/2026,31/7/2026
514872,121607,30/4/2026,
514873,121608,30/4/2026,10/5/2026
514874,121610,30/4/2026,12/5/2026
514875,121612,30/4/2026,
514876,121613,30/4/2026,7/5/2026
514877,121616,30/4/2026,2/5/2026
514878,121629,30/4/2026,1/6/2026
514879,121620,30/4/2026,30/5/2026
514880,121621,30/4/2026,
514881,121623,30/4/2026,
514882,121625,30/4/2026,10/5/2026
514883,121626,30/4/2026,
514884,121628,30/4/2026,6/6/2026
514885,121633,30/4/2026,14/5/2026
514886,121602,30/4/2026,
514887,121631,30/4/2026,7/6/2026
514888,121618,30/4/2026,
514889,121601,30/4/2026,1/6/2026
514890,121634,30/4/2026,
514891,121598,30/4/2026,2/6/2026
514892,121600,30/4/2026,
514893,121575,30/4/2026,1/5/2026
514894,121577,30/4/2026,
514895,121578,30/4/2026,25/7/2026
514896,121580,30/4/2026,28/6/2026
514897,121581,30/4/2026,30/5/2026
514898,121582,30/4/2026,31/5/2026
514899,121583,30/4/2026,2/5/2026
514900,121573,30/4/2026,24/5/2026
514901,121587,30/4/2026,
514902,121585,30/4/2026,12/6/2026
514903,121596,30/4/2026,4/5/2026
514904,121594,30/4/2026,
514905,121597,30/4/2026,
514906,121590,30/4/2026,3/5/2026
514907,121589,30/4/2026,25/5/2026
514908,121592,30/4/2026,30/6/2026
514909,121659,1/5/2026,17/6/2026
514910,121660,1/5/2026,
514911,121661,1/5/2026,
514912,121663,1/5/2026,9/5/2026
514913,121665,1/5/2026,31/7/2026
514914,121667,1/5/2026,
514915,121668,1/5/2026,2/5/2026
514916,121670,1/5/2026,8/6/2026
514917,121674,1/5/2026,12/6/2026
514918,121675,1/5/2026,7/6/2026
514919,121677,1/5/2026,
514920,121679,1/5/2026,22/7/2026
514921,121680,1/5/2026,
514922,121657,1/5/2026,
514923,121672,1/5/2026,5/5/2026
514924,121653,1/5/2026,3/6/2026
514925,121655,1/5/2026,23/5/2026
514926,111509,1/5/2026,20/7/2026
514927,117424,1/5/2026,6/5/2026
514928,111168,1/5/2026,28/5/2026
514929,108873,1/5/2026,15/5/2026
514930,121635,1/5/2026,8/6/2026
514931,121636,1/5/2026,11/5/2026
514932,121652,1/5/2026,14/6/2026
514933,121639,1/5/2026,11/5/2026
514934,121637,1/5/2026,31/5/2026
514935,121642,1/5/2026,
514936,121644,1/5/2026,7/7/2026
514937,121646,1/5/2026,9/5/2026
514938,121648,1/5/2026,2/5/2026
514939,121649,1/5/2026,20/5/2026
514940,121651,1/5/2026,
514941,121640,1/5/2026,13/5/2026
514942,121722,2/5/2026,25/5/2026
514943,121721,2/5/2026,
514944,121719,2/5/2026,11/7/2026
514945,121711,2/5/2026,7/5/2026
514946,121715,2/5/2026,9/5/2026
514947,121713,2/5/2026,7/5/2026
514948,121724,2/5/2026,21/5/2026
514949,121717,2/5/2026,10/5/2026
514950,121726,2/5/2026,
514951,121739,2/5/2026,5/5/2026
514952,121728,2/5/2026,
514953,121729,2/5/2026,18/5/2026
514954,121731,2/5/2026,15/5/2026
514955,121733,2/5/2026,3/6/2026
514956,121734,2/5/2026,
514957,121735,2/5/2026,
514958,121737,2/5/2026,9/7/2026
514959,121741,2/5/2026,9/5/2026
514960,121727,2/5/2026,20/5/2026
514961,121710,2/5/2026,17/5/2026
514962,121688,2/5/2026,3/5/2026
514963,121707,2/5/2026,20/7/2026
514964,121708,2/5/2026,11/7/2026
514965,109376,2/5/2026,3/5/2026
514966,113370,2/5/2026,11/5/2026
514967,121682,2/5/2026,
514968,121685,2/5/2026,3/5/2026
514969,121686,2/5/2026,15/5/2026
514970,121687,2/5/2026,19/5/2026
514971,121689,2/5/2026,7/7/2026
514972,121683,2/5/2026,25/7/2026
514973,121693,2/5/2026,14/5/2026
514974,121695,2/5/2026,12/6/2026
514975,121697,2/5/2026,
514976,121698,2/5/2026,26/7/2026
514977,121700,2/5/2026,12/5/2026
514978,121702,2/5/2026,8/5/2026
514979,121704,2/5/2026,
514980,121691,2/5/2026,5/6/2026
514981,121706,2/5/2026,
514982,121805,3/5/2026,19/5/2026
514983,121803,3/5/2026,22/5/2026
514984,121801,3/5/2026,13/5/2026
514985,121799,3/5/2026,15/5/2026
514986,121797,3/5/2026,6/5/2026
514987,121790,3/5/2026,13/5/2026
514988,121793,3/5/2026,
514989,121792,3/5/2026,7/6/2026
514990,121789,3/5/2026,23/7/2026
514991,121807,3/5/2026,17/5/2026
514992,121787,3/5/2026,5/5/2026
514993,121795,3/5/2026,9/5/2026
514994,121809,3/5/2026,
514995,121825,3/5/2026,12/5/2026
514996,121812,3/5/2026,
514997,121813,3/5/2026,17/7/2026
514998,121815,3/5/2026,
514999,121817,3/5/2026,22/5/2026
515000,121819,3/5/2026,
515001,121821,3/5/2026,
515002,121823,3/5/2026,5/6/2026
515003,121827,3/5/2026,11/7/2026
515004,121830,3/5/2026,18/6/2026
515005,121831,3/5/2026,18/5/2026
515006,121833,3/5/2026,23/5/2026
515007,121786,3/5/2026,31/5/2026
515008,121810,3/5/2026,15/5/2026
515009,121784,3/5/2026,
515010,121829,3/5/2026,5/5/2026
515011,121780,3/5/2026,10/5/2026
515012,110747,3/5/2026,
515013,121782,3/5/2026,6/5/2026
515014,121742,3/5/2026,18/5/2026
515015,121744,3/5/2026,6/5/2026
515016,121746,3/5/2026,4/5/2026
515017,121748,3/5/2026,
515018,121749,3/5/2026,3/7/2026
515019,121750,3/5/2026,16/5/2026
515020,121752,3/5/2026,5/5/2026
515021,121753,3/5/2026,20/5/2026
515022,121754,3/5/2026,29/7/2026
515023,121756,3/5/2026,23/5/2026
515024,114872,3/5/2026,23/5/2026
515025,121759,3/5/2026,5/6/2026
515026,121758,3/5/2026,12/5/2026
515027,121778,3/5/2026,
515028,121774,3/5/2026,
515029,121772,3/5/2026,5/5/2026
515030,121770,3/5/2026,24/5/2026
515031,121776,3/5/2026,
515032,121766,3/5/2026,31/5/2026
515033,121765,3/5/2026,23/5/2026
515034,121763,3/5/2026,14/7/2026
515035,121761,3/5/2026,5/5/2026
515036,121768,3/5/2026,24/5/2026
515037,121860,4/5/2026,14/5/2026
515038,121871,4/5/2026,16/5/2026
515039,121862,4/5/2026,17/6/2026
515040,121863,4/5/2026,5/6/2026
515041,121864,4/5/2026,2/8/2026
515042,121866,4/5/2026,12/6/2026
515043,121867,4/5/2026,12/6/2026
515044,121868,4/5/2026,
515045,121869,4/5/2026,1/6/2026
515046,121872,4/5/2026,
515047,121882,4/5/2026,4/6/2026
515048,121876,4/5/2026,5/5/2026
515049,121877,4/5/2026,12/5/2026
515050,121879,4/5/2026,7/5/2026
515051,121881,4/5/2026,5/5/2026
515052,121884,4/5/2026,18/5/2026
515053,121885,4/5/2026,14/5/2026
515054,121887,4/5/2026,14/6/2026
515055,121889,4/5/2026,5/5/2026
515056,121858,4/5/2026,6/5/2026
515057,121874,4/5/2026,14/5/2026
515058,121856,4/5/2026,
515059,121849,4/5/2026,
515060,121853,4/5/2026,17/6/2026
515061,100372,4/5/2026,
515062,113167,4/5/2026,6/5/2026
515063,117128,4/5/2026,15/5/2026
515064,121835,4/5/2026,11/5/2026
515065,121836,4/5/2026,20/6/2026
515066,112862,4/5/2026,10/7/2026
515067,121840,4/5/2026,10/5/2026
515068,121838,4/5/2026,8/6/2026
515069,121843,4/5/2026,31/5/2026
515070,121845,4/5/2026,11/5/2026
515071,121847,4/5/2026,11/5/2026
515072,121851,4/5/2026,19/5/2026
515073,121852,4/5/2026,25/5/2026
515074,121842,4/5/2026,5/5/2026
515075,121854,4/5/2026,
515076,121925,5/5/2026,
515077,121924,5/5/2026,
515078,121923,5/5/2026,29/6/2026
515079,121917,5/5/2026,18/6/2026
515080,121920,5/5/2026,27/5/2026
515081,121918,5/5/2026,25/5/2026
515082,121948,5/5/2026,6/6/2026
515083,121927,5/5/2026,14/5/2026
515084,121915,5/5/2026,27/5/2026
515085,121922,5/5/2026,15/5/2026
515086,121928,5/5/2026,
515087,121946,5/5/2026,30/5/2026
515088,121931,5/5/2026,
515089,121933,5/5/2026,
515090,121935,5/5/2026,1/6/2026
515091,121937,5/5/2026,
515092,121944,5/5/2026,
515093,121942,5/5/2026,30/5/2026
515094,121941,5/5/2026,13/5/2026
515095,121940,5/5/2026,11/5/2026
515096,121939,5/5/2026,2/6/2026
515097,121914,5/5/2026,16/5/2026
515098,121929,5/5/2026,30/5/2026
515099,121913,5/5/2026,22/5/2026
515100,121904,5/5/2026,19/5/2026
515101,121909,5/5/2026,23/6/2026
515102,104520,5/5/2026,30/6/2026
515103,121890,5/5/2026,
515104,121891,5/5/2026,14/5/2026
515105,121893,5/5/2026,
515106,121894,5/5/2026,8/5/2026
515107,121895,5/5/2026,
515108,121897,5/5/2026,
515109,121911,5/5/2026,20/5/2026
515110,121899,5/5/2026,
515111,121900,5/5/2026,
515112,121902,5/5/2026,29/5/2026
515113,121905,5/5/2026,18/5/2026
515114,121906,5/5/2026,15/7/2026
515115,121898,5/5/2026,10/5/2026
515116,121907,5/5/2026,6/5/2026
515117,121982,6/5/2026,
515118,121981,6/5/2026,
515119,121980,6/5/2026,
515120,121978,6/5/2026,7/5/2026
515121,121984,6/5/2026,26/5/2026
515122,121976,6/5/2026,12/5/2026
515123,121975,6/5/2026,
515124,121974,6/5/2026,29/7/2026
515125,121979,6/5/2026,
515126,121985,6/5/2026,
515127,121991,6/5/2026,25/6/2026
515128,121988,6/5/2026,5/7/2026
515129,121989,6/5/2026,9/6/2026
515130,121993,6/5/2026,30/7/2026
515131,121994,6/5/2026,6/7/2026
515132,121972,6/5/2026,26/7/2026
515133,121997,6/5/2026,
515134,121999,6/5/2026,
515135,122000,6/5/2026,28/5/2026
515136,122002,6/5/2026,16/5/2026
515137,122004,6/5/2026,14/6/2026
515138,121986,6/5/2026,30/5/2026
515139,121996,6/5/2026,14/6/2026
515140,121971,6/5/2026,9/5/2026
515141,121967,6/5/2026,2/6/2026
515142,108320,6/5/2026,
515143,108166,6/5/2026,21/6/2026
515144,100155,6/5/2026,
515145,121949,6/5/2026,14/5/2026
515146,121950,6/5/2026,
515147,121952,6/5/2026,
515148,121954,6/5/2026,
515149,121953,6/5/2026,12/5/2026
515150,121958,6/5/2026,12/7/2026
515151,121959,6/5/2026,
515152,121960,6/5/2026,
515153,121962,6/5/2026,
515154,121963,6/5/2026,30/6/2026
515155,121965,6/5/2026,2/6/2026
515156,121956,6/5/2026,
515157,121969,6/5/2026,10/5/2026
515158,122034,7/5/2026,16/6/2026
515159,122037,7/5/2026,16/5/2026
515160,122035,7/5/2026,
515161,122027,7/5/2026,
515162,122031,7/5/2026,
515163,122030,7/5/2026,20/5/2026
515164,122028,7/5/2026,1/6/2026
515165,122039,7/5/2026,12/5/2026
515166,122032,7/5/2026,14/5/2026
515167,122040,7/5/2026,8/5/2026
515168,122058,7/5/2026,16/5/2026
515169,122043,7/5/2026,
515170,122044,7/5/2026,9/5/2026
515171,122045,7/5/2026,15/5/2026
515172,122047,7/5/2026,23/5/2026
515173,122050,7/5/2026,3/8/2026
515174,122051,7/5/2026,24/5/2026
515175,122055,7/5/2026,23/5/2026
515176,122056,7/5/2026,
515177,122025,7/5/2026,
515178,122048,7/5/2026,
515179,122041,7/5/2026,16/6/2026
515180,122023,7/5/2026,
515181,122053,7/5/2026,15/5/2026
515182,122020,7/5/2026,3/6/2026
515183,108597,7/5/2026,8/5/2026
515184,112876,7/5/2026,18/7/2026
515185,113892,7/5/2026,13/5/2026
515186,122022,7/5/2026,
515187,122007,7/5/2026,13/5/2026
515188,122008,7/5/2026,6/7/2026
515189,122010,7/5/2026,26/5/2026
515190,122005,7/5/2026,20/5/2026
515191,122013,7/5/2026,8/6/2026
515192,122015,7/5/2026,23/6/2026
515193,122016,7/5/2026,27/5/2026
515194,122017,7/5/2026,
515195,122018,7/5/2026,9/5/2026
515196,122019,7/5/2026,
515197,122011,7/5/2026,8/5/2026
515198,122086,8/5/2026,29/7/2026
515199,122079,8/5/2026,1/6/2026
515200,122080,8/5/2026,18/7/2026
515201,122081,8/5/2026,25/7/2026
515202,122082,8/5/2026,24/7/2026
515203,122083,8/5/2026,
515204,122085,8/5/2026,22/5/2026
515205,122088,8/5/2026,
515206,122095,8/5/2026,5/6/2026
515207,122091,8/5/2026,10/6/2026
515208,122092,8/5/2026,
515209,122093,8/5/2026,18/5/2026
515210,122078,8/5/2026,17/7/2026
515211,122097,8/5/2026,20/6/2026
515212,122098,8/5/2026,14/5/2026
515213,122099,8/5/2026,14/6/2026
515214,122100,8/5/2026,11/5/2026
515215,122089,8/5/2026,16/7/2026
515216,122076,8/5/2026,9/5/2026
515217,122075,8/5/2026,
515218,111029,8/5/2026,
515219,112914,8/5/2026,
515220,122074,8/5/2026,7/7/2026
515221,122059,8/5/2026,20/5/2026
515222,113872,8/5/2026,21/6/2026
515223,122062,8/5/2026,29/6/2026
515224,122061,8/5/2026,16/5/2026
515225,122064,8/5/2026,
515226,122066,8/5/2026,20/5/2026
515227,122068,8/5/2026,
515228,122070,8/5/2026,
515229,122072,8/5/2026,13/5/2026
515230,122063,8/5/2026,
515231,122136,9/5/2026,
515232,122134,9/5/2026,
515233,122133,9/5/2026,26/5/2026
515234,122131,9/5/2026,5/6/2026
515235,122124,9/5/2026,21/5/2026
515236,122129,9/5/2026,
515237,122128,9/5/2026,21/7/2026
515238,122138,9/5/2026,
515239,122126,9/5/2026,27/7/2026
515240,122130,9/5/2026,
515241,122139,9/5/2026,12/5/2026
515242,122155,9/5/2026,25/6/2026
515243,122144,9/5/2026,
515244,122145,9/5/2026,
515245,122146,9/5/2026,11/5/2026
515246,122147,9/5/2026,
515247,122157,9/5/2026,11/5/2026
515248,122154,9/5/2026,
515249,122152,9/5/2026,1/8/2026
515250,122151,9/5/2026,20/5/2026
515251,122149,9/5/2026,
515252,122148,9/5/2026,28/5/2026
515253,122143,9/5/2026,
515254,122123,9/5/2026,11/6/2026
515255,122141,9/5/2026,12/5/2026
515256,122121,9/5/2026,
515257,111840,9/5/2026,20/5/2026
515258,103787,9/5/2026,3/6/2026
515259,109270,9/5/2026,18/6/2026
515260,109318,9/5/2026,17/6/2026
515261,122122,9/5/2026,31/5/2026
515262,115490,9/5/2026,28/6/2026
515263,122101,9/5/2026,
515264,122102,9/5/2026,15/5/2026
515265,122103,9/5/2026,
515266,122105,9/5/2026,16/5/2026
515267,109838,9/5/2026,10/5/2026
515268,122118,9/5/2026,19/5/2026
515269,122108,9/5/2026,
515270,122109,9/5/2026,21/5/2026
515271,122110,9/5/2026,6/6/2026
515272,122111,9/5/2026,
515273,122112,9/5/2026,20/5/2026
515274,122114,9/5/2026,25/5/2026
515275,122116,9/5/2026,10/5/2026
515276,122107,9/5/2026,3/6/2026
515277,122119,9/5/2026,1/7/2026
515278,122213,10/5/2026,12/5/2026
515279,122212,10/5/2026,22/7/2026
515280,122211,10/5/2026,18/6/2026
515281,122209,10/5/2026,13/5/2026
515282,122208,10/5/2026,
515283,122207,10/5/2026,31/5/2026
515284,122197,10/5/2026,11/5/2026
515285,122204,10/5/2026,
515286,122202,10/5/2026,22/7/2026
515287,122201,10/5/2026,26/6/2026
515288,122199,10/5/2026,23/5/2026
515289,122214,10/5/2026,9/6/2026
515290,122205,10/5/2026,20/5/2026
515291,122215,10/5/2026,23/5/2026
515292,122232,10/5/2026,5/6/2026
515293,122219,10/5/2026,31/7/2026
515294,122221,10/5/2026,
515295,122223,10/5/2026,
515296,122225,10/5/2026,19/7/2026
515297,122227,10/5/2026,
515298,122229,10/5/2026,22/5/2026
515299,122230,10/5/2026,
515300,122231,10/5/2026,31/5/2026
515301,122196,10/5/2026,26/7/2026
515302,122233,10/5/2026,22/7/2026
515303,122234,10/5/2026,1/6/2026
515304,122235,10/5/2026,
515305,122237,10/5/2026,21/5/2026
515306,119953,10/5/2026,21/6/2026
515307,122217,10/5/2026,6/7/2026
515308,122195,10/5/2026,
515309,122189,10/5/2026,5/6/2026
515310,122192,10/5/2026,6/6/2026
515311,115401,10/5/2026,
515312,122158,10/5/2026,25/5/2026
515313,122159,10/5/2026,12/5/2026
515314,122193,10/5/2026,
515315,122162,10/5/2026,11/5/2026
515316,122163,10/5/2026,
515317,122164,10/5/2026,
515318,122166,10/5/2026,29/5/2026
515319,122167,10/5/2026,29/6/2026
515320,122169,10/5/2026,26/6/2026
515321,122170,10/5/2026,
515322,122172,10/5/2026,30/5/2026
515323,122160,10/5/2026,
515324,122174,10/5/2026,
515325,122173,10/5/2026,19/7/2026
515326,122190,10/5/2026,14/5/2026
515327,122187,10/5/2026,
515328,122186,10/5/2026,11/5/2026
515329,122184,10/5/2026,14/5/2026
515330,122188,10/5/2026,
515331,122181,10/5/2026,19/5/2026
515332,122180,10/5/2026,
515333,122179,10/5/2026,8/6/2026
515334,122177,10/5/2026,
515335,122175,10/5/2026,
515336,122183,10/5/2026,
515337,122271,11/5/2026,14/5/2026
515338,122263,11/5/2026,14/6/2026
515339,122264,11/5/2026,26/6/2026
515340,122266,11/5/2026,
515341,122267,11/5/2026,4/6/2026
515342,122268,11/5/2026,
515343,122270,11/5/2026,
515344,122261,11/5/2026,13/5/2026
515345,122282,11/5/2026,12/5/2026
515346,122274,11/5/2026,3/7/2026
515347,122276,11/5/2026,
515348,122277,11/5/2026,31/5/2026
515349,122279,11/5/2026,
515350,122280,11/5/2026,13/6/2026
515351,122285,11/5/2026,26/7/2026
515352,122287,11/5/2026,21/5/2026
515353,122283,11/5/2026,13/5/2026
515354,122272,11/5/2026,
515355,122260,11/5/2026,13/6/2026
515356,122246,11/5/2026,4/6/2026
515357,122258,11/5/2026,23/7/2026
515358,109380,11/5/2026,15/5/2026
515359,110526,11/5/2026,15/5/2026
515360,122238,11/5/2026,3/6/2026
515361,122239,11/5/2026,12/5/2026
515362,122241,11/5/2026,
515363,122242,11/5/2026,
515364,122243,11/5/2026,1/6/2026
515365,122245,11/5/2026,13/5/2026
515366,122259,11/5/2026,23/7/2026
515367,122249,11/5/2026,13/5/2026
515368,122250,11/5/2026,15/5/2026
515369,122251,11/5/2026,
515370,122253,11/5/2026,14/5/2026
515371,122255,11/5/2026,22/5/2026
515372,122256,11/5/2026,
515373,122257,11/5/2026,
515374,122248,11/5/2026,8/7/2026
515375,122320,12/5/2026,13/6/2026
515376,122318,12/5/2026,25/7/2026
515377,122316,12/5/2026,24/6/2026
515378,122313,12/5/2026,18/5/2026
515379,122314,12/5/2026,21/5/2026
515380,122321,12/5/2026,7/6/2026
515381,122311,12/5/2026,23/5/2026
515382,122315,12/5/2026,27/5/2026
515383,122322,12/5/2026,28/6/2026
515384,122330,12/5/2026,28/5/2026
515385,122326,12/5/2026,21/5/2026
515386,122328,12/5/2026,13/5/2026
515387,122332,12/5/2026,
515388,122333,12/5/2026,24/5/2026
515389,122334,12/5/2026,5/6/2026
515390,122335,12/5/2026,
515391,122309,12/5/2026,27/5/2026
515392,122338,12/5/2026,16/5/2026
515393,122324,12/5/2026,
515394,122337,12/5/2026,29/5/2026
515395,122308,12/5/2026,25/5/2026
515396,122306,12/5/2026,
515397,122307,12/5/2026,29/6/2026
515398,109012,12/5/2026,30/5/2026
515399,122288,12/5/2026,20/5/2026
515400,122289,12/5/2026,17/5/2026
515401,122291,12/5/2026,
515402,122292,12/5/2026,14/5/2026
515403,122293,12/5/2026,
515404,122290,12/5/2026,25/5/2026
515405,122297,12/5/2026,
515406,122298,12/5/2026,20/5/2026
515407,122300,12/5/2026,
515408,122302,12/5/2026,
515409,122303,12/5/2026,14/5/2026
515410,122304,12/5/2026,22/5/2026
515411,122295,12/5/2026,
515412,122305,12/5/2026,14/7/2026
515413,122373,13/5/2026,8/6/2026
515414,122372,13/5/2026,
515415,122370,13/5/2026,
515416,122367,13/5/2026,15/6/2026
515417,122368,13/5/2026,5/6/2026
515418,122366,13/5/2026,26/5/2026
515419,122375,13/5/2026,31/7/2026
515420,122369,13/5/2026,1/7/2026
515421,122377,13/5/2026,18/5/2026
515422,122390,13/5/2026,16/5/2026
515423,122381,13/5/2026,12/7/2026
515424,122382,13/5/2026,13/7/2026
515425,122383,13/5/2026,
515426,122384,13/5/2026,15/5/2026
515427,122385,13/5/2026,28/5/2026
515428,122387,13/5/2026,
515429,122389,13/5/2026,
515430,122388,13/5/2026,16/6/2026
515431,122379,13/5/2026,
515432,122362,13/5/2026,24/5/2026
515433,122364,13/5/2026,3/6/2026
515434,122359,13/5/2026,1/6/2026
515435,119866,13/5/2026,14/5/2026
515436,122340,13/5/2026,6/7/2026
515437,122341,13/5/2026,28/5/2026
515438,122342,13/5/2026,17/5/2026
515439,122343,13/5/2026,
515440,122345,13/5/2026,22/5/2026
515441,122346,13/5/2026,20/6/2026
515442,122360,13/5/2026,30/7/2026
515443,122348,13/5/2026,
515444,122350,13/5/2026,4/6/2026
515445,122352,13/5/2026,
515446,122353,13/5/2026,8/6/2026
515447,122355,13/5/2026,
515448,122356,13/5/2026,23/5/2026
515449,122347,13/5/2026,
515450,122357,13/5/2026,
515451,122432,14/5/2026,18/5/2026
515452,122430,14/5/2026,
515453,122429,14/5/2026,
515454,122426,14/5/2026,17/6/2026
515455,122433,14/5/2026,
515456,122425,14/5/2026,
515457,122423,14/5/2026,15/5/2026
515458,122427,14/5/2026,
515459,122434,14/5/2026,26/6/2026
515460,122440,14/5/2026,
515461,122437,14/5/2026,
515462,122438,14/5/2026,
515463,122442,14/5/2026,12/6/2026
515464,122444,14/5/2026,21/5/2026
515465,122446,14/5/2026,20/5/2026
515466,122421,14/5/2026,1/6/2026
515467,122449,14/5/2026,15/5/2026
515468,122450,14/5/2026,1/6/2026
515469,122452,14/5/2026,26/5/2026
515470,122436,14/5/2026,11/6/2026
515471,122447,14/5/2026,17/5/2026
515472,122419,14/5/2026,
515473,122417,14/5/2026,
515474,122418,14/5/2026,29/6/2026
515475,122392,14/5/2026,
515476,122394,14/5/2026,
515477,122396,14/5/2026,
515478,122398,14/5/2026,15/5/2026
515479,122399,14/5/2026,30/6/2026
515480,122400,14/5/2026,17/5/2026
515481,106533,14/5/2026,
515482,122404,14/5/2026,
515483,122406,14/5/2026,19/6/2026
515484,122408,14/5/2026,18/5/2026
515485,122409,14/5/2026,
515486,122411,14/5/2026,15/5/2026
515487,122413,14/5/2026,21/5/2026
515488,122402,14/5/2026,10/7/2026
515489,122415,14/5/2026,2/6/2026
515490,122490,15/5/2026,20/5/2026
515491,122488,15/5/2026,
515492,122486,15/5/2026,18/6/2026
515493,122481,15/5/2026,19/5/2026
515494,122483,15/5/2026,
515495,122491,15/5/2026,2/6/2026
515496,122480,15/5/2026,3/6/2026
515497,122478,15/5/2026,13/6/2026
515498,122484,15/5/2026,14/7/2026
515499,122492,15/5/2026,5/6/2026
515500,122498,15/5/2026,26/5/2026
515501,122495,15/5/2026,25/5/2026
515502,122497,15/5/2026,
515503,122499,15/5/2026,22/6/2026
515504,122501,15/5/2026,
515505,122506,15/5/2026,26/6/2026
515506,122507,15/5/2026,3/6/2026
515507,122477,15/5/2026,29/7/2026
515508,122504,15/5/2026,22/5/2026
515509,122502,15/5/2026,17/7/2026
515510,122494,15/5/2026,16/6/2026
515511,122475,15/5/2026,20/7/2026
515512,122474,15/5/2026,
515513,122473,15/5/2026,10/6/2026
515514,118447,15/5/2026,25/5/2026
515515,115225,15/5/2026,
515516,107837,15/5/2026,
515517,110187,15/5/2026,16/5/2026
515518,122453,15/5/2026,17/5/2026
515519,122454,15/5/2026,22/5/2026
515520,122455,15/5/2026,15/6/2026
515521,122459,15/5/2026,21/6/2026
515522,122457,15/5/2026,24/7/2026
515523,122462,15/5/2026,
515524,122463,15/5/2026,25/7/2026
515525,122464,15/5/2026,16/7/2026
515526,122465,15/5/2026,
515527,122466,15/5/2026,17/5/2026
515528,122468,15/5/2026,15/6/2026
515529,122470,15/5/2026,
515530,122471,15/5/2026,30/5/2026
515531,122460,15/5/2026,
515532,122554,16/5/2026,23/7/2026
515533,122559,16/5/2026,
515534,122557,16/5/2026,20/5/2026
515535,122555,16/5/2026,
515536,122552,16/5/2026,17/5/2026
515537,122545,16/5/2026,
515538,122549,16/5/2026,20/5/2026
515539,122548,16/5/2026,19/5/2026
515540,122547,16/5/2026,15/6/2026
515541,122561,16/5/2026,
515542,122551,16/5/2026,
515543,122563,16/5/2026,27/5/2026
515544,122580,16/5/2026,5/6/2026
515545,122567,16/5/2026,17/5/2026
515546,122569,16/5/2026,29/5/2026
515547,122571,16/5/2026,
515548,122572,16/5/2026,
515549,122573,16/5/2026,9/6/2026
515550,122575,16/5/2026,26/7/2026
515551,122577,16/5/2026,
515552,122578,16/5/2026,17/5/2026
515553,122544,16/5/2026,14/7/2026
515554,122582,16/5/2026,
515555,122583,16/5/2026,7/6/2026
515556,122585,16/5/2026,25/6/2026
515557,122565,16/5/2026,23/5/2026
515558,122543,16/5/2026,
515559,122574,16/5/2026,3/6/2026
515560,122539,16/5/2026,15/6/2026
515561,122541,16/5/2026,
515562,111515,16/5/2026,2/6/2026
515563,106761,16/5/2026,25/5/2026
515564,111126,16/5/2026,
515565,122508,16/5/2026,12/7/2026
515566,122510,16/5/2026,18/5/2026
515567,122511,16/5/2026,
515568,122513,16/5/2026,11/7/2026
515569,122515,16/5/2026,21/5/2026
515570,122516,16/5/2026,29/5/2026
515571,122518,16/5/2026,
515572,122519,16/5/2026,
515573,119517,16/5/2026,
515574,122523,16/5/2026,23/6/2026
515575,122524,16/5/2026,23/6/2026
515576,122525,16/5/2026,
515577,122526,16/5/2026,1/6/2026
515578,122527,16/5/2026,
515579,122528,16/5/2026,
515580,122530,16/5/2026,29/6/2026
515581,122532,16/5/2026,19/5/2026
515582,122534,16/5/2026,
515583,122521,16/5/2026,
515584,122536,16/5/2026,19/7/2026
515585,122538,16/5/2026,17/5/2026
515586,122629,17/5/2026,18/5/2026
515587,122627,17/5/2026,3/6/2026
515588,122625,17/5/2026,21/5/2026
515589,122624,17/5/2026,11/6/2026
515590,122620,17/5/2026,
515591,122621,17/5/2026,
515592,122631,17/5/2026,18/5/2026
515593,122619,17/5/2026,21/6/2026
515594,122617,17/5/2026,3/6/2026
515595,122622,17/5/2026,20/5/2026
515596,122633,17/5/2026,30/5/2026
515597,122639,17/5/2026,28/5/2026
515598,122636,17/5/2026,20/5/2026
515599,122637,17/5/2026,
515600,122638,17/5/2026,
515601,122640,17/5/2026,31/7/2026
515602,122641,17/5/2026,7/7/2026
515603,122642,17/5/2026,19/5/2026
515604,122643,17/5/2026,30/5/2026
515605,122644,17/5/2026,
515606,122615,17/5/2026,21/5/2026
515607,122645,17/5/2026,25/5/2026
515608,122647,17/5/2026,5/6/2026
515609,122634,17/5/2026,
515610,122613,17/5/2026,
515611,122603,17/5/2026,26/5/2026
515612,122610,17/5/2026,26/5/2026
515613,122612,17/5/2026,22/7/2026
515614,122586,17/5/2026,
515615,122587,17/5/2026,
515616,122588,17/5/2026,24/5/2026
515617,122590,17/5/2026,7/6/2026
515618,122592,17/5/2026,10/6/2026
515619,122593,17/5/2026,22/5/2026
515620,122594,17/5/2026,24/5/2026
515621,122596,17/5/2026,25/5/2026
515622,114593,17/5/2026,8/7/2026
515623,122598,17/5/2026,19/5/2026
515624,122600,17/5/2026,
515625,122601,17/5/2026,
515626,122602,17/5/2026,20/5/2026
515627,122604,17/5/2026,26/5/2026
515628,122606,17/5/2026,
515629,122607,17/5/2026,24/5/2026
515630,122608,17/5/2026,1/7/2026
515631,122597,17/5/2026,
515632,122670,18/5/2026,18/6/2026
515633,122671,18/5/2026,
515634,122672,18/5/2026,20/5/2026
515635,122674,18/5/2026,
515636,122675,18/5/2026,3/7/2026
515637,122676,18/5/2026,
515638,122678,18/5/2026,1/7/2026
515639,122668,18/5/2026,
515640,122681,18/5/2026,31/5/2026
515641,122682,18/5/2026,
515642,122684,18/5/2026,25/5/2026
515643,122688,18/5/2026,29/5/2026
515644,122690,18/5/2026,
515645,122687,18/5/2026,
515646,122686,18/5/2026,7/6/2026
515647,122679,18/5/2026,21/5/2026
515648,122666,18/5/2026,
515649,122685,18/5/2026,4/6/2026
515650,122662,18/5/2026,6/7/2026
515651,110655,18/5/2026,31/7/2026
515652,100584,18/5/2026,17/7/2026
515653,113021,18/5/2026,7/6/2026
515654,122649,18/5/2026,24/5/2026
515655,122651,18/5/2026,25/5/2026
515656,122653,18/5/2026,31/5/2026
515657,122664,18/5/2026,30/6/2026
515658,122655,18/5/2026,13/6/2026
515659,122657,18/5/2026,18/7/2026
515660,122658,18/5/2026,28/5/2026
515661,122654,18/5/2026,23/5/2026
515662,122660,18/5/2026,4/6/2026
515663,122661,18/5/2026,
515664,122725,19/5/2026,20/5/2026
515665,122726,19/5/2026,
515666,122729,19/5/2026,27/5/2026
515667,122731,19/5/2026,21/5/2026
515668,122733,19/5/2026,6/6/2026
515669,122734,19/5/2026,13/6/2026
515670,122736,19/5/2026,26/5/2026
515671,122738,19/5/2026,
515672,122740,19/5/2026,25/5/2026
515673,122741,19/5/2026,
515674,122745,19/5/2026,
515675,122723,19/5/2026,19/6/2026
515676,122747,19/5/2026,12/7/2026
515677,122749,19/5/2026,26/5/2026
515678,122751,19/5/2026,18/6/2026
515679,122752,19/5/2026,1/8/2026
515680,122754,19/5/2026,17/6/2026
515681,122756,19/5/2026,10/7/2026
515682,122758,19/5/2026,
515683,122760,19/5/2026,25/7/2026
515684,122761,19/5/2026,
515685,122743,19/5/2026,30/5/2026
515686,122720,19/5/2026,23/5/2026
515687,122728,19/5/2026,6/7/2026
515688,122717,19/5/2026,
515689,100543,19/5/2026,18/7/2026
515690,113319,19/5/2026,25/5/2026
515691,106446,19/5/2026,
515692,122718,19/5/2026,19/6/2026
515693,114056,19/5/2026,28/6/2026
515694,118955,19/5/2026,1/6/2026
515695,122691,19/5/2026,
515696,122693,19/5/2026,11/7/2026
515697,122695,19/5/2026,24/6/2026
515698,122697,19/5/2026,
515699,122699,19/5/2026,27/6/2026
515700,122721,19/5/2026,
515701,122702,19/5/2026,
515702,122701,19/5/2026,
515703,122715,19/5/2026,23/5/2026
515704,122711,19/5/2026,20/5/2026
515705,122710,19/5/2026,31/5/2026
515706,122713,19/5/2026,23/6/2026
515707,122708,19/5/2026,25/5/2026
515708,122707,19/5/2026,13/7/2026
515709,122705,19/5/2026,
515710,122704,19/5/2026,20/5/2026
515711,122709,19/5/2026,
515712,122798,20/5/2026,22/5/2026
515713,122791,20/5/2026,11/7/2026
515714,122793,20/5/2026,10/7/2026
515715,122794,20/5/2026,1/6/2026
515716,122795,20/5/2026,19/6/2026
515717,122796,20/5/2026,
515718,122799,20/5/2026,23/5/2026
515719,122809,20/5/2026,
515720,122802,20/5/2026,
515721,122803,20/5/2026,29/6/2026
515722,122805,20/5/2026,
515723,122807,20/5/2026,
515724,122810,20/5/2026,24/5/2026
515725,122789,20/5/2026,
515726,122813,20/5/2026,28/5/2026
515727,122801,20/5/2026,
515728,122812,20/5/2026,
515729,122787,20/5/2026,16/6/2026
515730,122784,20/5/2026,
515731,122785,20/5/2026,2/6/2026
515732,118145,20/5/2026,
515733,122763,20/5/2026,20/6/2026
515734,122766,20/5/2026,
515735,122767,20/5/2026,
515736,122769,20/5/2026,23/5/2026
515737,122770,20/5/2026,15/7/2026
515738,122764,20/5/2026,28/6/2026
515739,122773,20/5/2026,
515740,122775,20/5/2026,27/5/2026
515741,122777,20/5/2026,26/6/2026
515742,122779,20/5/2026,5/6/2026
515743,122781,20/5/2026,31/5/2026
515744,122772,20/5/2026,4/6/2026
515745,122782,20/5/2026,14/7/2026
515746,122862,21/5/2026,29/6/2026
515747,122860,21/5/2026,
515748,122858,21/5/2026,21/6/2026
515749,122857,21/5/2026,22/5/2026
515750,122855,21/5/2026,
515751,122854,21/5/2026,22/5/2026
515752,122853,21/5/2026,
515753,122864,21/5/2026,
515754,122856,21/5/2026,28/5/2026
515755,122865,21/5/2026,8/6/2026
515756,122875,21/5/2026,7/6/2026
515757,122868,21/5/2026,16/6/2026
515758,122869,21/5/2026,
515759,122871,21/5/2026,31/5/2026
515760,122872,21/5/2026,31/5/2026
515761,122873,21/5/2026,28/5/2026
515762,122874,21/5/2026,
515763,122877,21/5/2026,
515764,122879,21/5/2026,27/5/2026
515765,122881,21/5/2026,12/7/2026
515766,122867,21/5/2026,2/6/2026
515767,122849,21/5/2026,13/6/2026
515768,122851,21/5/2026,
515769,122846,21/5/2026,27/5/2026
515770,109625,21/5/2026,
515771,122848,21/5/2026,8/7/2026
515772,122814,21/5/2026,
515773,122816,21/5/2026,10/6/2026
515774,122817,21/5/2026,
515775,122819,21/5/2026,24/7/2026
515776,122822,21/5/2026,22/5/2026
515777,122823,21/5/2026,3/6/2026
515778,122825,21/5/2026,24/7/2026
515779,122827,21/5/2026,
515780,122821,21/5/2026,11/6/2026
515781,122831,21/5/2026,22/7/2026
515782,122844,21/5/2026,22/5/2026
515783,122829,21/5/2026,
515784,122841,21/5/2026,10/6/2026
515785,122839,21/5/2026,16/6/2026
515786,122842,21/5/2026,
515787,122835,21/5/2026,28/5/2026
515788,122834,21/5/2026,3/6/2026
515789,122833,21/5/2026,29/5/2026
515790,122837,21/5/2026,7/7/2026
515791,122927,22/5/2026,10/6/2026
515792,122915,22/5/2026,23/5/2026
515793,122917,22/5/2026,
515794,122918,22/5/2026,25/5/2026
515795,122919,22/5/2026,
515796,122921,22/5/2026,
515797,122923,22/5/2026,4/7/2026
515798,122925,22/5/2026,23/6/2026
515799,122929,22/5/2026,
515800,122942,22/5/2026,24/5/2026
515801,122931,22/5/2026,29/5/2026
515802,122932,22/5/2026,12/6/2026
515803,122933,22/5/2026,31/7/2026
515804,122934,22/5/2026,
515805,122936,22/5/2026,8/7/2026
515806,122938,22/5/2026,
515807,122939,22/5/2026,10/7/2026
515808,122940,22/5/2026,
515809,122914,22/5/2026,29/5/2026
515810,122930,22/5/2026,23/5/2026
515811,122913,22/5/2026,17/7/2026
515812,122916,22/5/2026,27/6/2026
515813,122910,22/5/2026,24/5/2026
515814,100565,22/5/2026,
515815,103109,22/5/2026,26/5/2026
515816,122883,22/5/2026,9/6/2026
515817,122884,22/5/2026,25/6/2026
515818,122885,22/5/2026,
515819,122888,22/5/2026,25/5/2026
515820,122889,22/5/2026,2/8/2026
515821,122890,22/5/2026,20/6/2026
515822,122892,22/5/2026,
515823,122886,22/5/2026,2/6/2026
515824,122895,22/5/2026,
515825,122894,22/5/2026,
515826,122912,22/5/2026,10/6/2026
515827,122906,22/5/2026,
515828,122904,22/5/2026,
515829,122908,22/5/2026,23/5/2026
515830,122900,22/5/2026,23/5/2026
515831,122898,22/5/2026,28/7/2026
515832,122897,22/5/2026,
515833,122902,22/5/2026,23/5/2026
515834,122992,23/5/2026,4/6/2026
515835,122982,23/5/2026,27/5/2026
515836,122983,23/5/2026,
515837,122984,23/5/2026,
515838,122986,23/5/2026,31/5/2026
515839,122988,23/5/2026,15/6/2026
515840,122989,23/5/2026,3/6/2026
515841,122990,23/5/2026,23/7/2026
515842,122991,23/5/2026,26/5/2026
515843,122994,23/5/2026,17/6/2026
515844,123013,23/5/2026,8/7/2026
515845,122998,23/5/2026,16/7/2026
515846,122999,23/5/2026,2/7/2026
515847,123001,23/5/2026,22/7/2026
515848,123002,23/5/2026,29/5/2026
515849,123004,23/5/2026,10/7/2026
515850,123005,23/5/2026,29/6/2026
515851,123007,23/5/2026,30/5/2026
515852,123009,23/5/2026,7/7/2026
515853,123011,23/5/2026,31/5/2026
515854,122980,23/5/2026,
515855,122996,23/5/2026,9/6/2026
515856,122978,23/5/2026,1/8/2026
515857,123006,23/5/2026,25/7/2026
515858,122975,23/5/2026,
515859,122977,23/5/2026,6/7/2026
515860,110171,23/5/2026,
515861,122944,23/5/2026,
515862,122946,23/5/2026,
515863,122948,23/5/2026,31/7/2026
515864,122950,23/5/2026,19/6/2026
515865,122953,23/5/2026,28/6/2026
515866,122955,23/5/2026,5/6/2026
515867,122956,23/5/2026,31/5/2026
515868,122957,23/5/2026,1/7/2026
515869,122958,23/5/2026,
515870,122951,23/5/2026,
515871,122962,23/5/2026,13/7/2026
515872,122974,23/5/2026,14/6/2026
515873,122960,23/5/2026,13/6/2026
515874,122971,23/5/2026,24/5/2026
515875,122970,23/5/2026,11/6/2026
515876,122968,23/5/2026,2/8/2026
515877,122972,23/5/2026,12/6/2026
515878,122967,23/5/2026,18/6/2026
515879,122966,23/5/2026,
515880,122965,23/5/2026,4/6/2026
515881,122964,23/5/2026,4/6/2026
515882,123066,24/5/2026,30/5/2026
515883,123054,24/5/2026,
515884,123056,24/5/2026,
515885,123057,24/5/2026,20/7/2026
515886,123059,24/5/2026,25/5/2026
515887,123060,24/5/2026,
515888,123062,24/5/2026,6/6/2026
515889,123063,24/5/2026,
515890,123064,24/5/2026,26/5/2026
515891,123052,24/5/2026,
515892,123067,24/5/2026,19/6/2026
515893,123086,24/5/2026,12/6/2026
515894,123070,24/5/2026,
515895,123071,24/5/2026,20/6/2026
515896,123073,24/5/2026,25/5/2026
515897,123075,24/5/2026,27/6/2026
515898,123077,24/5/2026,
515899,123078,24/5/2026,4/6/2026
515900,123079,24/5/2026,
515901,123081,24/5/2026,
515902,123083,24/5/2026,8/6/2026
515903,123084,24/5/2026,23/6/2026
515904,123050,24/5/2026,
515905,123088,24/5/2026,25/5/2026
515906,123069,24/5/2026,
515907,123048,24/5/2026,
515908,123034,24/5/2026,
515909,123045,24/5/2026,
515910,123014,24/5/2026,15/6/2026
515911,123016,24/5/2026,25/6/2026
515912,123018,24/5/2026,31/5/2026
515913,123019,24/5/2026,
515914,123020,24/5/2026,
515915,123021,24/5/2026,26/5/2026
515916,123046,24/5/2026,12/6/2026
515917,123024,24/5/2026,29/6/2026
515918,123025,24/5/2026,10/6/2026
515919,123027,24/5/2026,2/7/2026
515920,123028,24/5/2026,
515921,123023,24/5/2026,4/6/2026
515922,123031,24/5/2026,4/6/2026
515923,123029,24/5/2026,27/5/2026
515924,123043,24/5/2026,25/5/2026
515925,123042,24/5/2026,27/7/2026
515926,123041,24/5/2026,19/7/2026
515927,123044,24/5/2026,11/6/2026
515928,123037,24/5/2026,
515929,123035,24/5/2026,29/5/2026
515930,123033,24/5/2026,16/7/2026
515931,123032,24/5/2026,22/6/2026
515932,123039,24/5/2026,
515933,123121,25/5/2026,2/8/2026
515934,123120,25/5/2026,28/5/2026
515935,123130,25/5/2026,
515936,123123,25/5/2026,27/5/2026
515937,123125,25/5/2026,20/6/2026
515938,123127,25/5/2026,12/6/2026
515939,123128,25/5/2026,20/6/2026
515940,123119,25/5/2026,12/7/2026
515941,123132,25/5/2026,27/5/2026
515942,123146,25/5/2026,
515943,123135,25/5/2026,26/5/2026
515944,123137,25/5/2026,
515945,123139,25/5/2026,
515946,123141,25/5/2026,10/6/2026
515947,123143,25/5/2026,16/7/2026
515948,123144,25/5/2026,
515949,123145,25/5/2026,27/5/2026
515950,123117,25/5/2026,16/6/2026
515951,123147,25/5/2026,
515952,123149,25/5/2026,28/5/2026
515953,123133,25/5/2026,10/6/2026
515954,123115,25/5/2026,
515955,123129,25/5/2026,28/7/2026
515956,123113,25/5/2026,
515957,115096,25/5/2026,4/6/2026
515958,110111,25/5/2026,27/6/2026
515959,123090,25/5/2026,21/6/2026
515960,123091,25/5/2026,18/7/2026
515961,123092,25/5/2026,30/5/2026
515962,123093,25/5/2026,20/7/2026
515963,123095,25/5/2026,
515964,123096,25/5/2026,
515965,123114,25/5/2026,
515966,123099,25/5/2026,
515967,123101,25/5/2026,
515968,123103,25/5/2026,31/5/2026
515969,123105,25/5/2026,12/6/2026
515970,123106,25/5/2026,28/6/2026
515971,123108,25/5/2026,10/7/2026
515972,123110,25/5/2026,25/6/2026
515973,123097,25/5/2026,11/7/2026
515974,123111,25/5/2026,10/6/2026
515975,123187,26/5/2026,27/5/2026
515976,123185,26/5/2026,6/7/2026
515977,123184,26/5/2026,
515978,123183,26/5/2026,28/5/2026
515979,123178,26/5/2026,6/7/2026
515980,123180,26/5/2026,
515981,123188,26/5/2026,10/6/2026
515982,123176,26/5/2026,27/5/2026
515983,123181,26/5/2026,2/8/2026
515984,123189,26/5/2026,
515985,123196,26/5/2026,27/5/2026
515986,123193,26/5/2026,12/6/2026
515987,123195,26/5/2026,7/6/2026
515988,123174,26/5/2026,27/5/2026
515989,123198,26/5/2026,
515990,123200,26/5/2026,
515991,123202,26/5/2026,20/7/2026
515992,123204,26/5/2026,
515993,123205,26/5/2026,8/6/2026
515994,123206,26/5/2026,3/7/2026
515995,123207,26/5/2026,
515996,123191,26/5/2026,13/6/2026
515997,123173,26/5/2026,
515998,123177,26/5/2026,
515999,123171,26/5/2026,25/6/2026
516000,117227,26/5/2026,
516001,123172,26/5/2026,24/7/2026
516002,119072,26/5/2026,26/6/2026
516003,123150,26/5/2026,
516004,123153,26/5/2026,
516005,123155,26/5/2026,9/6/2026
516006,123157,26/5/2026,
516007,123151,26/5/2026,
516008,123160,26/5/2026,25/6/2026
516009,123162,26/5/2026,26/7/2026
516010,123164,26/5/2026,
516011,123165,26/5/2026,
516012,123167,26/5/2026,24/6/2026
516013,123158,26/5/2026,16/7/2026
516014,123168,26/5/2026,
516015,123169,26/5/2026,28/5/2026
516016,123238,27/5/2026,4/7/2026
516017,123237,27/5/2026,29/7/2026
516018,123236,27/5/2026,
516019,123234,27/5/2026,
516020,123233,27/5/2026,
516021,123231,27/5/2026,18/6/2026
516022,123240,27/5/2026,29/5/2026
516023,123235,27/5/2026,28/5/2026
516024,123241,27/5/2026,6/6/2026
516025,123229,27/5/2026,29/5/2026
516026,123243,27/5/2026,5/7/2026
516027,123245,27/5/2026,28/5/2026
516028,123247,27/5/2026,
516029,123256,27/5/2026,
516030,123254,27/5/2026,
516031,123253,27/5/2026,26/7/2026
516032,123250,27/5/2026,22/7/2026
516033,123249,27/5/2026,
516034,123248,27/5/2026,
516035,123242,27/5/2026,14/6/2026
516036,123251,27/5/2026,2/7/2026
516037,123226,27/5/2026,2/7/2026
516038,123224,27/5/2026,22/6/2026
516039,123227,27/5/2026,28/5/2026
516040,109613,27/5/2026,
516041,107196,27/5/2026,17/7/2026
516042,112372,27/5/2026,1/7/2026
516043,113911,27/5/2026,
516044,123208,27/5/2026,
516045,123209,27/5/2026,19/7/2026
516046,123211,27/5/2026,27/6/2026
516047,112147,27/5/2026,24/6/2026
516048,123213,27/5/2026,30/7/2026
516049,123212,27/5/2026,31/5/2026
516050,123222,27/5/2026,28/5/2026
516051,123219,27/5/2026,10/6/2026
516052,123217,27/5/2026,
516053,123220,27/5/2026,5/6/2026
516054,123215,27/5/2026,13/6/2026
516055,123214,27/5/2026,1/6/2026
516056,123216,27/5/2026,29/5/2026
516057,123278,28/5/2026,
516058,123279,28/5/2026,9/6/2026
516059,123277,28/5/2026,24/6/2026
516060,123288,28/5/2026,25/6/2026
516061,123280,28/5/2026,
516062,123282,28/5/2026,
516063,123284,28/5/2026,8/6/2026
516064,123286,28/5/2026,
516065,123287,28/5/2026,
516066,123290,28/5/2026,13/7/2026
516067,123298,28/5/2026,
516068,123294,28/5/2026,21/6/2026
516069,123296,28/5/2026,
516070,123300,28/5/2026,
516071,123302,28/5/2026,
516072,123304,28/5/2026,9/6/2026
516073,123306,28/5/2026,29/5/2026
516074,123307,28/5/2026,8/7/2026
516075,123308,28/5/2026,
516076,123310,28/5/2026,29/5/2026
516077,123292,28/5/2026,31/5/2026
516078,123275,28/5/2026,1/8/2026
516079,123272,28/5/2026,
516080,123273,28/5/2026,16/6/2026
516081,114667,28/5/2026,2/6/2026
516082,123274,28/5/2026,21/7/2026
516083,110929,28/5/2026,3/7/2026
516084,114783,28/5/2026,10/6/2026
516085,123258,28/5/2026,
516086,123260,28/5/2026,29/5/2026
516087,123261,28/5/2026,16/6/2026
516088,123257,28/5/2026,7/6/2026
516089,123263,28/5/2026,
516090,123264,28/5/2026,21/6/2026
516091,123265,28/5/2026,
516092,123266,28/5/2026,
516093,123270,28/5/2026,11/6/2026
516094,123267,28/5/2026,1/6/2026
516095,123262,28/5/2026,8/7/2026
516096,123269,28/5/2026,
516097,123345,29/5/2026,11/6/2026
516098,123344,29/5/2026,30/6/2026
516099,123342,29/5/2026,
516100,123338,29/5/2026,2/7/2026
516101,123337,29/5/2026,
516102,123336,29/5/2026,19/6/2026
516103,123347,29/5/2026,
516104,123340,29/5/2026,14/7/2026
516105,123349,29/5/2026,1/7/2026
516106,123363,29/5/2026,
516107,123352,29/5/2026,12/7/2026
516108,123353,29/5/2026,6/6/2026
516109,123354,29/5/2026,11/7/2026
516110,123356,29/5/2026,30/6/2026
516111,123365,29/5/2026,1/6/2026
516112,123335,29/5/2026,20/7/2026
516113,123361,29/5/2026,1/6/2026
516114,123359,29/5/2026,17/6/2026
516115,123357,29/5/2026,
516116,123350,29/5/2026,
516117,123333,29/5/2026,20/7/2026
516118,123323,29/5/2026,
516119,123330,29/5/2026,
516120,102979,29/5/2026,
516121,114766,29/5/2026,
516122,123312,29/5/2026,8/6/2026
516123,123313,29/5/2026,
516124,112095,29/5/2026,5/6/2026
516125,123317,29/5/2026,22/7/2026
516126,123318,29/5/2026,
516127,123315,29/5/2026,9/6/2026
516128,123321,29/5/2026,15/7/2026
516129,123331,29/5/2026,25/7/2026
516130,123325,29/5/2026,25/7/2026
516131,123326,29/5/2026,
516132,123327,29/5/2026,11/7/2026
516133,123328,29/5/2026,
516134,123320,29/5/2026,
516135,123422,30/5/2026,30/7/2026
516136,123420,30/5/2026,2/7/2026
516137,123419,30/5/2026,
516138,123418,30/5/2026,
516139,123417,30/5/2026,
516140,123416,30/5/2026,
516141,123409,30/5/2026,1/7/2026
516142,123413,30/5/2026,
516143,123412,30/5/2026,
516144,123411,30/5/2026,16/6/2026
516145,123423,30/5/2026,6/6/2026
516146,123407,30/5/2026,
516147,123415,30/5/2026,19/7/2026
516148,123424,30/5/2026,
516149,123434,30/5/2026,20/6/2026
516150,123426,30/5/2026,
516151,123428,30/5/2026,11/6/2026
516152,123429,30/5/2026,10/6/2026
516153,123431,30/5/2026,1/6/2026
516154,123432,30/5/2026,20/6/2026
516155,123433,30/5/2026,31/5/2026
516156,123406,30/5/2026,
516157,123436,30/5/2026,28/6/2026
516158,123440,30/5/2026,10/6/2026
516159,123442,30/5/2026,
516160,123443,30/5/2026,2/8/2026
516161,123445,30/5/2026,
516162,123447,30/5/2026,23/7/2026
516163,123425,30/5/2026,
516164,123405,30/5/2026,27/6/2026
516165,123438,30/5/2026,14/7/2026
516166,123402,30/5/2026,
516167,113793,30/5/2026,19/6/2026
516168,113620,30/5/2026,
516169,123404,30/5/2026,
516170,114799,30/5/2026,
516171,123366,30/5/2026,26/6/2026
516172,123368,30/5/2026,3/7/2026
516173,123370,30/5/2026,
516174,123372,30/5/2026,7/7/2026
516175,123375,30/5/2026,4/6/2026
516176,123377,30/5/2026,20/6/2026
516177,123378,30/5/2026,6/6/2026
516178,123379,30/5/2026,24/6/2026
516179,123374,30/5/2026,1/6/2026
516180,123382,30/5/2026,5/7/2026
516181,123398,30/5/2026,25/6/2026
516182,123380,30/5/2026,13/6/2026
516183,123396,30/5/2026,
516184,123394,30/5/2026,14/6/2026
516185,123391,30/5/2026,
516186,123393,30/5/2026,31/5/2026
516187,123388,30/5/2026,27/6/2026
516188,123386,30/5/2026,
516189,123384,30/5/2026,8/6/2026
516190,123383,30/5/2026,
516191,123389,30/5/2026,4/6/2026
516192,123400,30/5/2026,27/6/2026
516193,123483,31/5/2026,3/7/2026
516194,123487,31/5/2026,12/6/2026
516195,123485,31/5/2026,2/6/2026
516196,123484,31/5/2026,8/6/2026
516197,123477,31/5/2026,
516198,123480,31/5/2026,6/6/2026
516199,123479,31/5/2026,3/7/2026
516200,123488,31/5/2026,13/6/2026
516201,123482,31/5/2026,
516202,123489,31/5/2026,
516203,123504,31/5/2026,3/7/2026
516204,123491,31/5/2026,21/7/2026
516205,123492,31/5/2026,
516206,123494,31/5/2026,4/6/2026
516207,123495,31/5/2026,7/7/2026
516208,123497,31/5/2026,
516209,123498,31/5/2026,7/6/2026
516210,123500,31/5/2026,
516211,123502,31/5/2026,18/7/2026
516212,123503,31/5/2026,
516213,123476,31/5/2026,4/6/2026
516214,123506,31/5/2026,17/6/2026
516215,123490,31/5/2026,
516216,123475,31/5/2026,24/6/2026
516217,123468,31/5/2026,1/6/2026
516218,123472,31/5/2026,17/7/2026
516219,123473,31/5/2026,10/6/2026
516220,110205,31/5/2026,
516221,107851,31/5/2026,21/7/2026
516222,108520,31/5/2026,2/6/2026
516223,123450,31/5/2026,
516224,123451,31/5/2026,
516225,123452,31/5/2026,13/6/2026
516226,123454,31/5/2026,
516227,123455,31/5/2026,10/7/2026
516228,123449,31/5/2026,1/6/2026
516229,123458,31/5/2026,17/6/2026
516230,123470,31/5/2026,1/7/2026
516231,123457,31/5/2026,16/6/2026
516232,123465,31/5/2026,11/6/2026
516233,123463,31/5/2026,19/6/2026
516234,123466,31/5/2026,
516235,123462,31/5/2026,15/6/2026
516236,123461,31/5/2026,
516237,123459,31/5/2026,
516238,123541,1/6/2026,20/7/2026
516239,123542,1/6/2026,18/6/2026
516240,123556,1/6/2026,6/6/2026
516241,123546,1/6/2026,30/6/2026
516242,123547,1/6/2026,
516243,123549,1/6/2026,19/6/2026
516244,123550,1/6/2026,25/6/2026
516245,123551,1/6/2026,
516246,123552,1/6/2026,11/6/2026
516247,123554,1/6/2026,6/6/2026
516248,123540,1/6/2026,2/6/2026
516249,123558,1/6/2026,11/6/2026
516250,123539,1/6/2026,27/7/2026
516251,123560,1/6/2026,
516252,123561,1/6/2026,
516253,123562,1/6/2026,
516254,123563,1/6/2026,16/6/2026
516255,123565,1/6/2026,11/6/2026
516256,123566,1/6/2026,
516257,123567,1/6/2026,6/6/2026
516258,123575,1/6/2026,
516259,123573,1/6/2026,2/6/2026
516260,123571,1/6/2026,14/7/2026
516261,123569,1/6/2026,12/7/2026
516262,123559,1/6/2026,
516263,123537,1/6/2026,25/6/2026
516264,123544,1/6/2026,
516265,123534,1/6/2026,
516266,123536,1/6/2026,4/6/2026
516267,111489,1/6/2026,3/6/2026
516268,123507,1/6/2026,
516269,123509,1/6/2026,28/7/2026
516270,123510,1/6/2026,7/7/2026
516271,123512,1/6/2026,
516272,123514,1/6/2026,
516273,123515,1/6/2026,
516274,123516,1/6/2026,
516275,123518,1/6/2026,11/7/2026
516276,123508,1/6/2026,26/7/2026
516277,123521,1/6/2026,11/7/2026
516278,123531,1/6/2026,10/6/2026
516279,123519,1/6/2026,
516280,123528,1/6/2026,15/6/2026
516281,123532,1/6/2026,4/6/2026
516282,123530,1/6/2026,2/8/2026
516283,123526,1/6/2026,8/7/2026
516284,123525,1/6/2026,11/7/2026
516285,123523,1/6/2026,24/7/2026
516286,123527,1/6/2026,3/6/2026
516287,123597,2/6/2026,
516288,123604,2/6/2026,
516289,123598,2/6/2026,19/7/2026
516290,123600,2/6/2026,
516291,123602,2/6/2026,
516292,123603,2/6/2026,30/7/2026
516293,123605,2/6/2026,
516294,123611,2/6/2026,
516295,123608,2/6/2026,1/7/2026
516296,123609,2/6/2026,
516297,123613,2/6/2026,
516298,123614,2/6/2026,
516299,123616,2/6/2026,9/6/2026
516300,123617,2/6/2026,
516301,123595,2/6/2026,
516302,123618,2/6/2026,5/6/2026
516303,123606,2/6/2026,13/6/2026
516304,123594,2/6/2026,8/6/2026
516305,123588,2/6/2026,
516306,123591,2/6/2026,
516307,112364,2/6/2026,3/6/2026
516308,104204,2/6/2026,24/6/2026
516309,117537,2/6/2026,1/8/2026
516310,123576,2/6/2026,
516311,123579,2/6/2026,11/7/2026
516312,123578,2/6/2026,3/6/2026
516313,123582,2/6/2026,3/6/2026
516314,123584,2/6/2026,3/6/2026
516315,123585,2/6/2026,16/7/2026
516316,123586,2/6/2026,
516317,123590,2/6/2026,
516318,123581,2/6/2026,
516319,123592,2/6/2026,6/6/2026
516320,123656,3/6/2026,20/7/2026
516321,123660,3/6/2026,24/6/2026
516322,123658,3/6/2026,10/6/2026
516323,123649,3/6/2026,9/6/2026
516324,123653,3/6/2026,2/8/2026
516325,123651,3/6/2026,
516326,123661,3/6/2026,14/6/2026
516327,123654,3/6/2026,
516328,123662,3/6/2026,16/6/2026
516329,123676,3/6/2026,13/7/2026
516330,123665,3/6/2026,14/6/2026
516331,123666,3/6/2026,
516332,123667,3/6/2026,
516333,123668,3/6/2026,2/7/2026
516334,123669,3/6/2026,18/6/2026
516335,123675,3/6/2026,8/7/2026
516336,123673,3/6/2026,
516337,123672,3/6/2026,
516338,123671,3/6/2026,27/7/2026
516339,123664,3/6/2026,25/6/2026
516340,123645,3/6/2026,11/6/2026
516341,123647,3/6/2026,
516342,123642,3/6/2026,15/6/2026
516343,109565,3/6/2026,
516344,123620,3/6/2026,9/6/2026
516345,123621,3/6/2026,
516346,123622,3/6/2026,15/7/2026
516347,123624,3/6/2026,15/6/2026
516348,123626,3/6/2026,8/6/2026
516349,123628,3/6/2026,15/7/2026
516350,123629,3/6/2026,
516351,123644,3/6/2026,
516352,123631,3/6/2026,15/6/2026
516353,123630,3/6/2026,15/7/2026
516354,123638,3/6/2026,11/7/2026
516355,123636,3/6/2026,
516356,123640,3/6/2026,12/7/2026
516357,123634,3/6/2026,
516358,123632,3/6/2026,
516359,123635,3/6/2026,23/6/2026
516360,123703,4/6/2026,
516361,123705,4/6/2026,
516362,123714,4/6/2026,
516363,123707,4/6/2026,
516364,123708,4/6/2026,5/6/2026
516365,123709,4/6/2026,23/6/2026
516366,123710,4/6/2026,
516367,123711,4/6/2026,
516368,123712,4/6/2026,13/7/2026
516369,123715,4/6/2026,
516370,123721,4/6/2026,29/7/2026
516371,123718,4/6/2026,
516372,123720,4/6/2026,24/6/2026
516373,123722,4/6/2026,8/6/2026
516374,123723,4/6/2026,
516375,123725,4/6/2026,
516376,123727,4/6/2026,23/6/2026
516377,123702,4/6/2026,5/6/2026
516378,123731,4/6/2026,
516379,123732,4/6/2026,21/6/2026
516380,123716,4/6/2026,
516381,123729,4/6/2026,
516382,123700,4/6/2026,6/6/2026
516383,123698,4/6/2026,6/6/2026
516384,123699,4/6/2026,
516385,113933,4/6/2026,19/6/2026
516386,108201,4/6/2026,15/6/2026
516387,123678,4/6/2026,
516388,123680,4/6/2026,
516389,123682,4/6/2026,8/7/2026
516390,123684,4/6/2026,10/7/2026
516391,123686,4/6/2026,19/6/2026
516392,111606,4/6/2026,27/7/2026
516393,123688,4/6/2026,
516394,123687,4/6/2026,3/7/2026
516395,123697,4/6/2026,5/6/2026
516396,123693,4/6/2026,31/7/2026
516397,123695,4/6/2026,9/6/2026
516398,123692,4/6/2026,
516399,123691,4/6/2026,5/6/2026
516400,123690,4/6/2026,5/6/2026
516401,123766,5/6/2026,18/6/2026
516402,123767,5/6/2026,
516403,123775,5/6/2026,
516404,123769,5/6/2026,1/8/2026
516405,123794,5/6/2026,1/7/2026
516406,123771,5/6/2026,18/6/2026
516407,123773,5/6/2026,8/6/2026
516408,123764,5/6/2026,24/6/2026
516409,123776,5/6/2026,
516410,123784,5/6/2026,
516411,123780,5/6/2026,8/6/2026
516412,123782,5/6/2026,18/7/2026
516413,123785,5/6/2026,
516414,123786,5/6/2026,19/6/2026
516415,123787,5/6/2026,26/6/2026
516416,123792,5/6/2026,7/7/2026
516417,123763,5/6/2026,18/6/2026
516418,123790,5/6/2026,15/7/2026
516419,123788,5/6/2026,10/6/2026
516420,123778,5/6/2026,
516421,123761,5/6/2026,17/6/2026
516422,123749,5/6/2026,6/6/2026
516423,123759,5/6/2026,29/6/2026
516424,117231,5/6/2026,
516425,123734,5/6/2026,
516426,123736,5/6/2026,22/7/2026
516427,123738,5/6/2026,8/6/2026
516428,123740,5/6/2026,12/6/2026
516429,123741,5/6/2026,6/6/2026
516430,123742,5/6/2026,20/6/2026
516431,123760,5/6/2026,13/7/2026
516432,123745,5/6/2026,
516433,123747,5/6/2026,11/6/2026
516434,123751,5/6/2026,
516435,123753,5/6/2026,
516436,123755,5/6/2026,15/6/2026
516437,123756,5/6/2026,
516438,123758,5/6/2026,22/6/2026
516439,123744,5/6/2026,
516440,123850,6/6/2026,
516441,123849,6/6/2026,25/6/2026
516442,123847,6/6/2026,
516443,123845,6/6/2026,
516444,123843,6/6/2026,6/7/2026
516445,123841,6/6/2026,
516446,123836,6/6/2026,14/6/2026
516447,123838,6/6/2026,7/6/2026
516448,123837,6/6/2026,
516449,123835,6/6/2026,4/7/2026
516450,123834,6/6/2026,
516451,123852,6/6/2026,8/6/2026
516452,123840,6/6/2026,
516453,123854,6/6/2026,20/7/2026
516454,123868,6/6/2026,8/6/2026
516455,123857,6/6/2026,
516456,123859,6/6/2026,4/7/2026
516457,123860,6/6/2026,19/7/2026
516458,123861,6/6/2026,
516459,123863,6/6/2026,29/6/2026
516460,123865,6/6/2026,
516461,123867,6/6/2026,
516462,123833,6/6/2026,24/6/2026
516463,123869,6/6/2026,
516464,123873,6/6/2026,
516465,123874,6/6/2026,9/6/2026
516466,123876,6/6/2026,14/6/2026
516467,123878,6/6/2026,
516468,123879,6/6/2026,2/7/2026
516469,123855,6/6/2026,10/7/2026
516470,123831,6/6/2026,20/7/2026
516471,123871,6/6/2026,12/6/2026
516472,123827,6/6/2026,
516473,115105,6/6/2026,
516474,109891,6/6/2026,20/6/2026
516475,123829,6/6/2026,
516476,119577,6/6/2026,
516477,123796,6/6/2026,
516478,123797,6/6/2026,22/6/2026
516479,123799,6/6/2026,
516480,123801,6/6/2026,8/7/2026
516481,123803,6/6/2026,
516482,123805,6/6/2026,5/7/2026
516483,123807,6/6/2026,
516484,123808,6/6/2026,
516485,123800,6/6/2026,
516486,123810,6/6/2026,
516487,123825,6/6/2026,
516488,123823,6/6/2026,
516489,123809,6/6/2026,10/6/2026
516490,123821,6/6/2026,17/6/2026
516491,123819,6/6/2026,10/7/2026
516492,123818,6/6/2026,13/6/2026
516493,123822,6/6/2026,
516494,123811,6/6/2026,
516495,123815,6/6/2026,
516496,123813,6/6/2026,23/6/2026
516497,123812,6/6/2026,17/7/2026
516498,123817,6/6/2026,
516499,123930,7/6/2026,3/8/2026
516500,123928,7/6/2026,22/6/2026
516501,123926,7/6/2026,26/6/2026
516502,123924,7/6/2026,11/6/2026
516503,123922,7/6/2026,23/6/2026
516504,123931,7/6/2026,18/6/2026
516505,123918,7/6/2026,
516506,123916,7/6/2026,8/7/2026
516507,123914,7/6/2026,26/6/2026
516508,123912,7/6/2026,12/6/2026
516509,123920,7/6/2026,18/6/2026
516510,123933,7/6/2026,27/6/2026
516511,123951,7/6/2026,8/6/2026
516512,123936,7/6/2026,
516513,123938,7/6/2026,10/7/2026
516514,123939,7/6/2026,
516515,123941,7/6/2026,
516516,123942,7/6/2026,
516517,123944,7/6/2026,
516518,123946,7/6/2026,10/6/2026
516519,123948,7/6/2026,
516520,123950,7/6/2026,17/6/2026
516521,123952,7/6/2026,
516522,123953,7/6/2026,
516523,123935,7/6/2026,27/6/2026
516524,123910,7/6/2026,
516525,123907,7/6/2026,
516526,123906,7/6/2026,14/6/2026
516527,123908,7/6/2026,17/7/2026
516528,114645,7/6/2026,13/6/2026
516529,110639,7/6/2026,15/6/2026
516530,123881,7/6/2026,25/7/2026
516531,123882,7/6/2026,23/6/2026
516532,123883,7/6/2026,14/6/2026
516533,123884,7/6/2026,16/6/2026
516534,123886,7/6/2026,12/7/2026
516535,123888,7/6/2026,
516536,121381,7/6/2026,
516537,123891,7/6/2026,
516538,123892,7/6/2026,12/6/2026
516539,123894,7/6/2026,8/6/2026
516540,123896,7/6/2026,
516541,123898,7/6/2026,24/6/2026
516542,123900,7/6/2026,
516543,123890,7/6/2026,
516544,123901,7/6/2026,
516545,123903,7/6/2026,8/6/2026
516546,123905,7/6/2026,
516547,124001,8/6/2026,
516548,124000,8/6/2026,10/7/2026
516549,123999,8/6/2026,13/6/2026
516550,123997,8/6/2026,
516551,123996,8/6/2026,
516552,123994,8/6/2026,12/7/2026
516553,124003,8/6/2026,
516554,123993,8/6/2026,
516555,123992,8/6/2026,
516556,123991,8/6/2026,20/7/2026
516557,123989,8/6/2026,16/7/2026
516558,124025,8/6/2026,29/6/2026
516559,124004,8/6/2026,2/7/2026
516560,124012,8/6/2026,25/6/2026
516561,124008,8/6/2026,
516562,124010,8/6/2026,22/6/2026
516563,124011,8/6/2026,
516564,124013,8/6/2026,30/6/2026
516565,124015,8/6/2026,21/6/2026
516566,124017,8/6/2026,17/7/2026
516567,124019,8/6/2026,8/7/2026
516568,123987,8/6/2026,25/7/2026
516569,124022,8/6/2026,17/6/2026
516570,124023,8/6/2026,
516571,124021,8/6/2026,
516572,124020,8/6/2026,31/7/2026
516573,124006,8/6/2026,22/7/2026
516574,123985,8/6/2026,11/7/2026
516575,123971,8/6/2026,
516576,123981,8/6/2026,
516577,116436,8/6/2026,
516578,110390,8/6/2026,15/6/2026
516579,111594,8/6/2026,9/6/2026
516580,117078,8/6/2026,
516581,117581,8/6/2026,9/6/2026
516582,123955,8/6/2026,30/7/2026
516583,123957,8/6/2026,
516584,123958,8/6/2026,16/7/2026
516585,123960,8/6/2026,
516586,123962,8/6/2026,
516587,123963,8/6/2026,
516588,123983,8/6/2026,9/6/2026
516589,123966,8/6/2026,13/6/2026
516590,123967,8/6/2026,
516591,123968,8/6/2026,
516592,123970,8/6/2026,
516593,123972,8/6/2026,
516594,123973,8/6/2026,17/7/2026
516595,123975,8/6/2026,1/7/2026
516596,123964,8/6/2026,12/7/2026
516597,123976,8/6/2026,
516598,123979,8/6/2026,11/7/2026
516599,123978,8/6/2026,3/8/2026
516600,124068,9/6/2026,10/6/2026
516601,124066,9/6/2026,
516602,124064,9/6/2026,
516603,124062,9/6/2026,9/7/2026
516604,124069,9/6/2026,20/6/2026
516605,124061,9/6/2026,15/6/2026
516606,124060,9/6/2026,
516607,124059,9/6/2026,16/7/2026
516608,124063,9/6/2026,
516609,124070,9/6/2026,14/7/2026
516610,124076,9/6/2026,12/6/2026
516611,124072,9/6/2026,25/7/2026
516612,124073,9/6/2026,2/7/2026
516613,124074,9/6/2026,11/6/2026
516614,124077,9/6/2026,
516615,124078,9/6/2026,
516616,124079,9/6/2026,1/7/2026
516617,124057,9/6/2026,3/7/2026
516618,124083,9/6/2026,15/6/2026
516619,124084,9/6/2026,18/7/2026
516620,124071,9/6/2026,24/6/2026
516621,124055,9/6/2026,
516622,124081,9/6/2026,
516623,124053,9/6/2026,11/6/2026
516624,124054,9/6/2026,
516625,124027,9/6/2026,
516626,124029,9/6/2026,
516627,124032,9/6/2026,14/6/2026
516628,124034,9/6/2026,
516629,124036,9/6/2026,22/6/2026
516630,124037,9/6/2026,11/6/2026
516631,124030,9/6/2026,
516632,124040,9/6/2026,12/6/2026
516633,124042,9/6/2026,20/6/2026
516634,124044,9/6/2026,
516635,124046,9/6/2026,
516636,124047,9/6/2026,10/6/2026
516637,124049,9/6/2026,
516638,124051,9/6/2026,
516639,124039,9/6/2026,17/6/2026
516640,124126,10/6/2026,18/7/2026
516641,124124,10/6/2026,12/7/2026
516642,124123,10/6/2026,16/6/2026
516643,124122,10/6/2026,4/7/2026
516644,124115,10/6/2026,
516645,124119,10/6/2026,10/7/2026
516646,124117,10/6/2026,19/7/2026
516647,124127,10/6/2026,11/7/2026
516648,124120,10/6/2026,17/6/2026
516649,124129,10/6/2026,
516650,124143,10/6/2026,18/7/2026
516651,124132,10/6/2026,18/7/2026
516652,124134,10/6/2026,
516653,124136,10/6/2026,
516654,124138,10/6/2026,
516655,124140,10/6/2026,5/7/2026
516656,124141,10/6/2026,27/7/2026
516657,124112,10/6/2026,
516658,124145,10/6/2026,11/7/2026
516659,124147,10/6/2026,22/6/2026
516660,124149,10/6/2026,21/6/2026
516661,124150,10/6/2026,13/6/2026
516662,124131,10/6/2026,8/7/2026
516663,124110,10/6/2026,
516664,124114,10/6/2026,
516665,124108,10/6/2026,13/6/2026
516666,119064,10/6/2026,22/7/2026
516667,124109,10/6/2026,17/6/2026
516668,119978,10/6/2026,
516669,102686,10/6/2026,24/6/2026
516670,103631,10/6/2026,11/6/2026
516671,114301,10/6/2026,
516672,124086,10/6/2026,
516673,124088,10/6/2026,16/6/2026
516674,124090,10/6/2026,25/7/2026
516675,124092,10/6/2026,16/6/2026
516676,124085,10/6/2026,20/6/2026
516677,124094,10/6/2026,
516678,124095,10/6/2026,27/6/2026
516679,124096,10/6/2026,
516680,124098,10/6/2026,
516681,124100,10/6/2026,12/6/2026
516682,124102,10/6/2026,
516683,124104,10/6/2026,8/7/2026
516684,124105,10/6/2026,
516685,124093,10/6/2026,8/7/2026
516686,124106,10/6/2026,
516687,124107,10/6/2026,13/6/2026
516688,124192,11/6/2026,
516689,124190,11/6/2026,
516690,124189,11/6/2026,30/6/2026
516691,124187,11/6/2026,23/6/2026
516692,124210,11/6/2026,17/6/2026
516693,124184,11/6/2026,
516694,124182,11/6/2026,15/7/2026
516695,124180,11/6/2026,9/7/2026
516696,124193,11/6/2026,24/7/2026
516697,124186,11/6/2026,
516698,124194,11/6/2026,18/6/2026
516699,124208,11/6/2026,
516700,124197,11/6/2026,12/6/2026
516701,124198,11/6/2026,13/6/2026
516702,124199,11/6/2026,
516703,124200,11/6/2026,
516704,124201,11/6/2026,
516705,124202,11/6/2026,
516706,124204,11/6/2026,18/6/2026
516707,124206,11/6/2026,1/7/2026
516708,124179,11/6/2026,26/6/2026
516709,124209,11/6/2026,17/6/2026
516710,124196,11/6/2026,18/6/2026
516711,124178,11/6/2026,
516712,124173,11/6/2026,
516713,124175,11/6/2026,25/6/2026
516714,124177,11/6/2026,12/6/2026
516715,103868,11/6/2026,25/6/2026
516716,124151,11/6/2026,
516717,124153,11/6/2026,17/7/2026
516718,124156,11/6/2026,18/6/2026
516719,124157,11/6/2026,
516720,124158,11/6/2026,
516721,124160,11/6/2026,
516722,124155,11/6/2026,
516723,124162,11/6/2026,30/6/2026
516724,124164,11/6/2026,30/6/2026
516725,124165,11/6/2026,18/6/2026
516726,124166,11/6/2026,21/6/2026
516727,124168,11/6/2026,
516728,124169,11/6/2026,
516729,124161,11/6/2026,22/6/2026
516730,124171,11/6/2026,
516731,124174,11/6/2026,22/7/2026
516732,124252,12/6/2026,
516733,124250,12/6/2026,
516734,124249,12/6/2026,26/6/2026
516735,124248,12/6/2026,
516736,124245,12/6/2026,28/6/2026
516737,124244,12/6/2026,
516738,124242,12/6/2026,17/7/2026
516739,124254,12/6/2026,5/7/2026
516740,124247,12/6/2026,2/8/2026
516741,124256,12/6/2026,
516742,124269,12/6/2026,28/6/2026
516743,124260,12/6/2026,12/7/2026
516744,124262,12/6/2026,23/6/2026
516745,124263,12/6/2026,
516746,124265,12/6/2026,
516747,124267,12/6/2026,
516748,124268,12/6/2026,30/6/2026
516749,124238,12/6/2026,
516750,124271,12/6/2026,
516751,124272,12/6/2026,
516752,124274,12/6/2026,17/7/2026
516753,124258,12/6/2026,10/7/2026
516754,124237,12/6/2026,
516755,124240,12/6/2026,
516756,124233,12/6/2026,26/6/2026
516757,124235,12/6/2026,12/7/2026
516758,110701,12/6/2026,
516759,113368,12/6/2026,24/6/2026
516760,124211,12/6/2026,29/6/2026
516761,124212,12/6/2026,
516762,124214,12/6/2026,13/6/2026
516763,124216,12/6/2026,
516764,124218,12/6/2026,24/6/2026
516765,124219,12/6/2026,
516766,124220,12/6/2026,30/6/2026
516767,117112,12/6/2026,
516768,124222,12/6/2026,
516769,124223,12/6/2026,15/7/2026
516770,124225,12/6/2026,
516771,124227,12/6/2026,6/7/2026
516772,124228,12/6/2026,18/6/2026
516773,124229,12/6/2026,16/6/2026
516774,124221,12/6/2026,3/7/2026
516775,124231,12/6/2026,11/7/2026
516776,124232,12/6/2026,1/7/2026
516777,124326,13/6/2026,19/6/2026
516778,124325,13/6/2026,
516779,124324,13/6/2026,20/7/2026
516780,124322,13/6/2026,19/7/2026
516781,124317,13/6/2026,14/6/2026
516782,124319,13/6/2026,
516783,124328,13/6/2026,
516784,124316,13/6/2026,
516785,124315,13/6/2026,
516786,124313,13/6/2026,
516787,124321,13/6/2026,24/6/2026
516788,124329,13/6/2026,1/7/2026
516789,124337,13/6/2026,16/6/2026
516790,124333,13/6/2026,
516791,124334,13/6/2026,19/6/2026
516792,124336,13/6/2026,28/6/2026
516793,124338,13/6/2026,
516794,124339,13/6/2026,12/7/2026
516795,124340,13/6/2026,
516796,124342,13/6/2026,
516797,124343,13/6/2026,
516798,124348,13/6/2026,
516799,124312,13/6/2026,
516800,124346,13/6/2026,18/6/2026
516801,124345,13/6/2026,30/6/2026
516802,124331,13/6/2026,
516803,124310,13/6/2026,
516804,124276,13/6/2026,
516805,124307,13/6/2026,26/6/2026
516806,124308,13/6/2026,
516807,124277,13/6/2026,
516808,124279,13/6/2026,
516809,124281,13/6/2026,21/6/2026
516810,124284,13/6/2026,17/6/2026
516811,124286,13/6/2026,25/6/2026
516812,124288,13/6/2026,1/7/2026
516813,124290,13/6/2026,8/7/2026
516814,124291,13/6/2026,25/7/2026
516815,124283,13/6/2026,
516816,124294,13/6/2026,29/6/2026
516817,124295,13/6/2026,
516818,124296,13/6/2026,
516819,124298,13/6/2026,21/7/2026
516820,124300,13/6/2026,30/6/2026
516821,124301,13/6/2026,5/7/2026
516822,124303,13/6/2026,
516823,124304,13/6/2026,14/6/2026
516824,124292,13/6/2026,
516825,124305,13/6/2026,
516826,124395,14/6/2026,12/7/2026
516827,124394,14/6/2026,
516828,124392,14/6/2026,
516829,124390,14/6/2026,
516830,124388,14/6/2026,25/6/2026
516831,124382,14/6/2026,
516832,124385,14/6/2026,25/7/2026
516833,124383,14/6/2026,29/6/2026
516834,124380,14/6/2026,
516835,124397,14/6/2026,
516836,124386,14/6/2026,
516837,124399,14/6/2026,
516838,124414,14/6/2026,21/6/2026
516839,124402,14/6/2026,17/6/2026
516840,124403,14/6/2026,
516841,124405,14/6/2026,26/6/2026
516842,124406,14/6/2026,
516843,124408,14/6/2026,
516844,124410,14/6/2026,30/6/2026
516845,124418,14/6/2026,28/6/2026
516846,124416,14/6/2026,6/7/2026
516847,124413,14/6/2026,
516848,124412,14/6/2026,26/6/2026
516849,124379,14/6/2026,
516850,124400,14/6/2026,5/7/2026
516851,124377,14/6/2026,26/6/2026
516852,124370,14/6/2026,11/7/2026
516853,124374,14/6/2026,
516854,111327,14/6/2026,
516855,112057,14/6/2026,
516856,124350,14/6/2026,3/7/2026
516857,124351,14/6/2026,
516858,124353,14/6/2026,
516859,124355,14/6/2026,
516860,124356,14/6/2026,15/6/2026
516861,124358,14/6/2026,3/8/2026
516862,124359,14/6/2026,26/6/2026
516863,107252,14/6/2026,24/7/2026
516864,124361,14/6/2026,
516865,124363,14/6/2026,
516866,124365,14/6/2026,20/6/2026
516867,124366,14/6/2026,
516868,124368,14/6/2026,27/6/2026
516869,124375,14/6/2026,
516870,124360,14/6/2026,
516871,124372,14/6/2026,8/7/2026
516872,124371,14/6/2026,24/6/2026
516873,124452,15/6/2026,16/6/2026
516874,124450,15/6/2026,2/7/2026
516875,124447,15/6/2026,25/6/2026
516876,124448,15/6/2026,
516877,124454,15/6/2026,17/7/2026
516878,124446,15/6/2026,
516879,124444,15/6/2026,2/7/2026
516880,124449,15/6/2026,
516881,124456,15/6/2026,20/6/2026
516882,124462,15/6/2026,
516883,124459,15/6/2026,13/7/2026
516884,124460,15/6/2026,21/6/2026
516885,124464,15/6/2026,27/6/2026
516886,124465,15/6/2026,20/7/2026
516887,124466,15/6/2026,9/7/2026
516888,124443,15/6/2026,
516889,124468,15/6/2026,20/6/2026
516890,124470,15/6/2026,17/6/2026
516891,124458,15/6/2026,26/6/2026
516892,124442,15/6/2026,
516893,124439,15/6/2026,
516894,124422,15/6/2026,
516895,111425,15/6/2026,
516896,124440,15/6/2026,16/6/2026
516897,124420,15/6/2026,
516898,124421,15/6/2026,
516899,114572,15/6/2026,
516900,124424,15/6/2026,
516901,110076,15/6/2026,11/7/2026
516902,124426,15/6/2026,24/6/2026
516903,124430,15/6/2026,19/6/2026
516904,124432,15/6/2026,
516905,124433,15/6/2026,
516906,124435,15/6/2026,
516907,124436,15/6/2026,
516908,124438,15/6/2026,21/6/2026
516909,124428,15/6/2026,21/6/2026
516910,105848,15/6/2026,
516911,124497,16/6/2026,26/7/2026
516912,124508,16/6/2026,26/7/2026
516913,124506,16/6/2026,23/6/2026
516914,124505,16/6/2026,
516915,124499,16/6/2026,23/6/2026
516916,124502,16/6/2026,27/6/2026
516917,124500,16/6/2026,
516918,124510,16/6/2026,18/6/2026
516919,124504,16/6/2026,23/6/2026
516920,124512,16/6/2026,
516921,124525,16/6/2026,3/7/2026
516922,124515,16/6/2026,
516923,124516,16/6/2026,27/6/2026
516924,124526,16/6/2026,
516925,124517,16/6/2026,13/7/2026
516926,124519,16/6/2026,22/7/2026
516927,124520,16/6/2026,8/7/2026
516928,124524,16/6/2026,
516929,124522,16/6/2026,
516930,124514,16/6/2026,18/6/2026
516931,124495,16/6/2026,24/6/2026
516932,124473,16/6/2026,4/7/2026
516933,124491,16/6/2026,20/6/2026
516934,113060,16/6/2026,17/6/2026
516935,124472,16/6/2026,
516936,124474,16/6/2026,
516937,124475,16/6/2026,
516938,124493,16/6/2026,24/6/2026
516939,124478,16/6/2026,24/6/2026
516940,124479,16/6/2026,
516941,124477,16/6/2026,
516942,124481,16/6/2026,17/6/2026
516943,124483,16/6/2026,
516944,124485,16/6/2026,21/6/2026
516945,124486,16/6/2026,4/7/2026
516946,124487,16/6/2026,27/6/2026
516947,124488,16/6/2026,
516948,124489,16/6/2026,
516949,124480,16/6/2026,17/6/2026
516950,124592,17/6/2026,22/6/2026
516951,124590,17/6/2026,24/6/2026
516952,124588,17/6/2026,20/6/2026
516953,124587,17/6/2026,
516954,124585,17/6/2026,19/6/2026
516955,124583,17/6/2026,18/7/2026
516956,124572,17/6/2026,25/6/2026
516957,124579,17/6/2026,
516958,124578,17/6/2026,
516959,124576,17/6/2026,
516960,124574,17/6/2026,18/6/2026
516961,124573,17/6/2026,
516962,124593,17/6/2026,2/8/2026
516963,124581,17/6/2026,
516964,124594,17/6/2026,
516965,124610,17/6/2026,
516966,124598,17/6/2026,
516967,124617,17/6/2026,1/7/2026
516968,124619,17/6/2026,
516969,124621,17/6/2026,20/6/2026
516970,124622,17/6/2026,
516971,124570,17/6/2026,
516972,124615,17/6/2026,20/7/2026
516973,124596,17/6/2026,18/6/2026
516974,124613,17/6/2026,19/6/2026
516975,124608,17/6/2026,15/7/2026
516976,124606,17/6/2026,
516977,124605,17/6/2026,
516978,124604,17/6/2026,
516979,124601,17/6/2026,
516980,124600,17/6/2026,11/7/2026
516981,124612,17/6/2026,
516982,124568,17/6/2026,
516983,124603,17/6/2026,23/6/2026
516984,124565,17/6/2026,
516985,113989,17/6/2026,23/6/2026
516986,118923,17/6/2026,
516987,124528,17/6/2026,
516988,124531,17/6/2026,24/6/2026
516989,124532,17/6/2026,
516990,124534,17/6/2026,
516991,124535,17/6/2026,
516992,124537,17/6/2026,
516993,124567,17/6/2026,
516994,124538,17/6/2026,23/6/2026
516995,124539,17/6/2026,12/7/2026
516996,124541,17/6/2026,
516997,124542,17/6/2026,20/7/2026
516998,124544,17/6/2026,25/6/2026
516999,124529,17/6/2026,
517000,124547,17/6/2026,
517001,124545,17/6/2026,18/6/2026
517002,124564,17/6/2026,
517003,124563,17/6/2026,
517004,124561,17/6/2026,
517005,124560,17/6/2026,
517006,124559,17/6/2026,30/6/2026
517007,124562,17/6/2026,
517008,124555,17/6/2026,20/6/2026
517009,124553,17/6/2026,
517010,124551,17/6/2026,
517011,124550,17/6/2026,22/6/2026
517012,124548,17/6/2026,30/6/2026
517013,124557,17/6/2026,
517014,124660,18/6/2026,
517015,124673,18/6/2026,
517016,124661,18/6/2026,
517017,124663,18/6/2026,19/6/2026
517018,124665,18/6/2026,14/7/2026
517019,124667,18/6/2026,19/6/2026
517020,124668,18/6/2026,
517021,124670,18/6/2026,21/6/2026
517022,124672,18/6/2026,
517023,124675,18/6/2026,17/7/2026
517024,124687,18/6/2026,
517025,124678,18/6/2026,8/7/2026
517026,124680,18/6/2026,3/8/2026
517027,124681,18/6/2026,25/6/2026
517028,124683,18/6/2026,19/6/2026
517029,124685,18/6/2026,
517030,124690,18/6/2026,28/6/2026
517031,124691,18/6/2026,3/8/2026
517032,124692,18/6/2026,
517033,124694,18/6/2026,
517034,124658,18/6/2026,8/7/2026
517035,124677,18/6/2026,
517036,124656,18/6/2026,25/6/2026
517037,124688,18/6/2026,21/6/2026
517038,124652,18/6/2026,29/6/2026
517039,124654,18/6/2026,
517040,124624,18/6/2026,3/8/2026
517041,124625,18/6/2026,
517042,124627,18/6/2026,
517043,124629,18/6/2026,25/6/2026
517044,124630,18/6/2026,
517045,124631,18/6/2026,19/6/2026
517046,124633,18/6/2026,
517047,124634,18/6/2026,2/7/2026
517048,109805,18/6/2026,30/6/2026
517049,124637,18/6/2026,28/6/2026
517050,124639,18/6/2026,21/6/2026
517051,124641,18/6/2026,26/6/2026
517052,124643,18/6/2026,26/6/2026
517053,124645,18/6/2026,
517054,124647,18/6/2026,20/6/2026
517055,124649,18/6/2026,
517056,124636,18/6/2026,
517057,124651,18/6/2026,
517058,124736,19/6/2026,
517059,124735,19/6/2026,6/7/2026
517060,124733,19/6/2026,
517061,124728,19/6/2026,
517062,124729,19/6/2026,
517063,124738,19/6/2026,
517064,124727,19/6/2026,
517065,124726,19/6/2026,22/7/2026
517066,124731,19/6/2026,20/6/2026
517067,124740,19/6/2026,20/6/2026
517068,124746,19/6/2026,
517069,124743,19/6/2026,
517070,124744,19/6/2026,
517071,124745,19/6/2026,
517072,124748,19/6/2026,
517073,124750,19/6/2026,29/6/2026
517074,124751,19/6/2026,8/7/2026
517075,124753,19/6/2026,23/7/2026
517076,124755,19/6/2026,
517077,124756,19/6/2026,21/7/2026
517078,124758,19/6/2026,7/7/2026
517079,124742,19/6/2026,
517080,124723,19/6/2026,26/7/2026
517081,124724,19/6/2026,20/6/2026
517082,124719,19/6/2026,21/7/2026
517083,124721,19/6/2026,
517084,100921,19/6/2026,
517085,106373,19/6/2026,27/6/2026
517086,119667,19/6/2026,
517087,124695,19/6/2026,2/7/2026
517088,124697,19/6/2026,28/7/2026
517089,124699,19/6/2026,
517090,124700,19/6/2026,
517091,124701,19/6/2026,
517092,124702,19/6/2026,
517093,124696,19/6/2026,23/7/2026
517094,124705,19/6/2026,
517095,124717,19/6/2026,20/6/2026
517096,124704,19/6/2026,
517097,124714,19/6/2026,3/8/2026
517098,124712,19/6/2026,
517099,124715,19/6/2026,
517100,124709,19/6/2026,
517101,124708,19/6/2026,25/6/2026
517102,124706,19/6/2026,
517103,124711,19/6/2026,
517104,124809,20/6/2026,7/7/2026
517105,124795,20/6/2026,27/6/2026
517106,124796,20/6/2026,22/6/2026
517107,124798,20/6/2026,29/6/2026
517108,124800,20/6/2026,1/8/2026
517109,124801,20/6/2026,
517110,124802,20/6/2026,
517111,124803,20/6/2026,
517112,124832,20/6/2026,
517113,124807,20/6/2026,28/6/2026
517114,124810,20/6/2026,
517115,124794,20/6/2026,
517116,124813,20/6/2026,
517117,124815,20/6/2026,28/6/2026
517118,124817,20/6/2026,6/7/2026
517119,124818,20/6/2026,
517120,124820,20/6/2026,
517121,124821,20/6/2026,28/6/2026
517122,124823,20/6/2026,7/7/2026
517123,124825,20/6/2026,29/6/2026
517124,124827,20/6/2026,
517125,124830,20/6/2026,3/7/2026
517126,124829,20/6/2026,29/6/2026
517127,124811,20/6/2026,5/7/2026
517128,124792,20/6/2026,22/6/2026
517129,124805,20/6/2026,
517130,124790,20/6/2026,
517131,124791,20/6/2026,23/6/2026
517132,115358,20/6/2026,
517133,108618,20/6/2026,25/6/2026
517134,124759,20/6/2026,27/6/2026
517135,124763,20/6/2026,23/6/2026
517136,124765,20/6/2026,29/6/2026
517137,124766,20/6/2026,1/7/2026
517138,124767,20/6/2026,
517139,124768,20/6/2026,
517140,124770,20/6/2026,19/7/2026
517141,124772,20/6/2026,26/6/2026
517142,124761,20/6/2026,
517143,124775,20/6/2026,
517144,124773,20/6/2026,30/7/2026
517145,124789,20/6/2026,5/7/2026
517146,124787,20/6/2026,30/6/2026
517147,124786,20/6/2026,25/7/2026
517148,124783,20/6/2026,
517149,124784,20/6/2026,
517150,124781,20/6/2026,
517151,124780,20/6/2026,26/6/2026
517152,124778,20/6/2026,24/6/2026
517153,124777,20/6/2026,25/6/2026
517154,124782,20/6/2026,
517155,124903,21/6/2026,
517156,124897,21/6/2026,26/7/2026
517157,124902,21/6/2026,15/7/2026
517158,124901,21/6/2026,
517159,124899,21/6/2026,24/7/2026
517160,124895,21/6/2026,
517161,124886,21/6/2026,
517162,124892,21/6/2026,
517163,124890,21/6/2026,
517164,124888,21/6/2026,26/6/2026
517165,124887,21/6/2026,
517166,124884,21/6/2026,3/8/2026
517167,124883,21/6/2026,18/7/2026
517168,124905,21/6/2026,
517169,124893,21/6/2026,
517170,124906,21/6/2026,2/8/2026
517171,124925,21/6/2026,
517172,124909,21/6/2026,
517173,124933,21/6/2026,
517174,124931,21/6/2026,25/6/2026
517175,124930,21/6/2026,
517176,124928,21/6/2026,
517177,124927,21/6/2026,26/6/2026
517178,124882,21/6/2026,
517179,124907,21/6/2026,22/6/2026
517180,124924,21/6/2026,
517181,124921,21/6/2026,2/7/2026
517182,124920,21/6/2026,
517183,124918,21/6/2026,
517184,124916,21/6/2026,22/7/2026
517185,124912,21/6/2026,15/7/2026
517186,124911,21/6/2026,
517187,124922,21/6/2026,7/7/2026
517188,124880,21/6/2026,
517189,124914,21/6/2026,22/6/2026
517190,124877,21/6/2026,7/7/2026
517191,124850,21/6/2026,
517192,124848,21/6/2026,30/6/2026
517193,124847,21/6/2026,
517194,124845,21/6/2026,
517195,124844,21/6/2026,7/7/2026
517196,124842,21/6/2026,28/6/2026
517197,124851,21/6/2026,
517198,124840,21/6/2026,
517199,124838,21/6/2026,
517200,124836,21/6/2026,
517201,124835,21/6/2026,
517202,124833,21/6/2026,
517203,111926,21/6/2026,6/7/2026
517204,124879,21/6/2026,
517205,124839,21/6/2026,18/7/2026
517206,124852,21/6/2026,
517207,124837,21/6/2026,1/7/2026
517208,124855,21/6/2026,
517209,124854,21/6/2026,22/6/2026
517210,124873,21/6/2026,24/6/2026
517211,124875,21/6/2026,22/6/2026
517212,124872,21/6/2026,
517213,124868,21/6/2026,9/7/2026
517214,124866,21/6/2026,3/8/2026
517215,124865,21/6/2026,
517216,124870,21/6/2026,
517217,124863,21/6/2026,31/7/2026
517218,124862,21/6/2026,29/6/2026
517219,124861,21/6/2026,
517220,124860,21/6/2026,24/6/2026
517221,124859,21/6/2026,
517222,124864,21/6/2026,2/7/2026
517223,124857,21/6/2026,9/7/2026
517224,124980,22/6/2026,
517225,124978,22/6/2026,30/6/2026
517226,124977,22/6/2026,18/7/2026
517227,124976,22/6/2026,21/7/2026
517228,124973,22/6/2026,
517229,124971,22/6/2026,
517230,124981,22/6/2026,
517231,124970,22/6/2026,30/6/2026
517232,124975,22/6/2026,
517233,124983,22/6/2026,
517234,124996,22/6/2026,1/7/2026
517235,124987,22/6/2026,
517236,124989,22/6/2026,
517237,124991,22/6/2026,29/6/2026
517238,124993,22/6/2026,
517239,124994,22/6/2026,
517240,124997,22/6/2026,21/7/2026
517241,124998,22/6/2026,23/6/2026
517242,125000,22/6/2026,
517243,125002,22/6/2026,
517244,124968,22/6/2026,10/7/2026
517245,124985,22/6/2026,22/7/2026
517246,124967,22/6/2026,
517247,124960,22/6/2026,6/7/2026
517248,124964,22/6/2026,25/6/2026
517249,124965,22/6/2026,27/6/2026
517250,122053,22/6/2026,21/7/2026
517251,113200,22/6/2026,
517252,124935,22/6/2026,
517253,124936,22/6/2026,
517254,124939,22/6/2026,
517255,124940,22/6/2026,
517256,124941,22/6/2026,
517257,124943,22/6/2026,1/7/2026
517258,124945,22/6/2026,29/6/2026
517259,124937,22/6/2026,4/7/2026
517260,124948,22/6/2026,
517261,124950,22/6/2026,1/7/2026
517262,124952,22/6/2026,
517263,124953,22/6/2026,27/6/2026
517264,124954,22/6/2026,
517265,124956,22/6/2026,15/7/2026
517266,124958,22/6/2026,20/7/2026
517267,124961,22/6/2026,12/7/2026
517268,124947,22/6/2026,
517269,124962,22/6/2026,9/7/2026
517270,125056,23/6/2026,
517271,125055,23/6/2026,
517272,125054,23/6/2026,20/7/2026
517273,125052,23/6/2026,30/7/2026
517274,125050,23/6/2026,27/6/2026
517275,125043,23/6/2026,17/7/2026
517276,125046,23/6/2026,9/7/2026
517277,125044,23/6/2026,24/7/2026
517278,125041,23/6/2026,
517279,125057,23/6/2026,
517280,125048,23/6/2026,12/7/2026
517281,125059,23/6/2026,
517282,125077,23/6/2026,
517283,125064,23/6/2026,
517284,125065,23/6/2026,
517285,125067,23/6/2026,
517286,125068,23/6/2026,
517287,125070,23/6/2026,14/7/2026
517288,125071,23/6/2026,17/7/2026
517289,125072,23/6/2026,
517290,125074,23/6/2026,26/7/2026
517291,125075,23/6/2026,9/7/2026
517292,125078,23/6/2026,
517293,125039,23/6/2026,24/6/2026
517294,125061,23/6/2026,24/6/2026
517295,125037,23/6/2026,
517296,125063,23/6/2026,
517297,125033,23/6/2026,6/7/2026
517298,125003,23/6/2026,3/7/2026
517299,125007,23/6/2026,1/8/2026
517300,125008,23/6/2026,
517301,125009,23/6/2026,
517302,125010,23/6/2026,
517303,125011,23/6/2026,3/7/2026
517304,125035,23/6/2026,30/6/2026
517305,125012,23/6/2026,26/6/2026
517306,125013,23/6/2026,
517307,125015,23/6/2026,17/7/2026
517308,125005,23/6/2026,
517309,125018,23/6/2026,
517310,125020,23/6/2026,9/7/2026
517311,125022,23/6/2026,26/7/2026
517312,125024,23/6/2026,29/6/2026
517313,125026,23/6/2026,25/7/2026
517314,125027,23/6/2026,
517315,125028,23/6/2026,18/7/2026
517316,125029,23/6/2026,
517317,125031,23/6/2026,30/6/2026
517318,125032,23/6/2026,
517319,125017,23/6/2026,
517320,125110,24/6/2026,
517321,125109,24/6/2026,
517322,125107,24/6/2026,6/7/2026
517323,125102,24/6/2026,
517324,125104,24/6/2026,27/6/2026
517325,125103,24/6/2026,
517326,125112,24/6/2026,3/7/2026
517327,125105,24/6/2026,
517328,125114,24/6/2026,25/6/2026
517329,125122,24/6/2026,
517330,125117,24/6/2026,31/7/2026
517331,125119,24/6/2026,
517332,125121,24/6/2026,
517333,125123,24/6/2026,
517334,125124,24/6/2026,
517335,125125,24/6/2026,5/7/2026
517336,125127,24/6/2026,27/6/2026
517337,125100,24/6/2026,11/7/2026
517338,125115,24/6/2026,3/8/2026
517339,125099,24/6/2026,
517340,125095,24/6/2026,
517341,119457,24/6/2026,2/8/2026
517342,106962,24/6/2026,
517343,125080,24/6/2026,
517344,125082,24/6/2026,29/6/2026
517345,119288,24/6/2026,7/7/2026
517346,125085,24/6/2026,2/8/2026
517347,125084,24/6/2026,
517348,125088,24/6/2026,10/7/2026
517349,125090,24/6/2026,
517350,125091,24/6/2026,
517351,125092,24/6/2026,25/6/2026
517352,125093,24/6/2026,29/6/2026
517353,125087,24/6/2026,
517354,125097,24/6/2026,
517355,125178,25/6/2026,
517356,125176,25/6/2026,
517357,125175,25/6/2026,
517358,125173,25/6/2026,26/7/2026
517359,125163,25/6/2026,20/7/2026
517360,125171,25/6/2026,28/6/2026
517361,125170,25/6/2026,
517362,125167,25/6/2026,
517363,125180,25/6/2026,10/7/2026
517364,125165,25/6/2026,26/6/2026
517365,125172,25/6/2026,
517366,125181,25/6/2026,
517367,125192,25/6/2026,1/8/2026
517368,125183,25/6/2026,27/6/2026
517369,125184,25/6/2026,5/7/2026
517370,125186,25/6/2026,
517371,125188,25/6/2026,21/7/2026
517372,125189,25/6/2026,
517373,125190,25/6/2026,
517374,125199,25/6/2026,15/7/2026
517375,125197,25/6/2026,11/7/2026
517376,125196,25/6/2026,29/6/2026
517377,125195,25/6/2026,
517378,125194,25/6/2026,
517379,125182,25/6/2026,15/7/2026
517380,125161,25/6/2026,28/6/2026
517381,125169,25/6/2026,8/7/2026
517382,125159,25/6/2026,14/7/2026
517383,122333,25/6/2026,
517384,120615,25/6/2026,
517385,108514,25/6/2026,
517386,125129,25/6/2026,16/7/2026
517387,125131,25/6/2026,12/7/2026
517388,125133,25/6/2026,9/7/2026
517389,125134,25/6/2026,1/7/2026
517390,125136,25/6/2026,2/7/2026
517391,125138,25/6/2026,
517392,125139,25/6/2026,
517393,125141,25/6/2026,2/7/2026
517394,125160,25/6/2026,30/6/2026
517395,125144,25/6/2026,
517396,125146,25/6/2026,5/7/2026
517397,125147,25/6/2026,23/7/2026
517398,125148,25/6/2026,
517399,125150,25/6/2026,
517400,125152,25/6/2026,
517401,125153,25/6/2026,28/6/2026
517402,125142,25/6/2026,
517403,125154,25/6/2026,18/7/2026
517404,125155,25/6/2026,
517405,125157,25/6/2026,26/6/2026
517406,125240,26/6/2026,20/7/2026
517407,125238,26/6/2026,
517408,125236,26/6/2026,
517409,125232,26/6/2026,27/6/2026
517410,125241,26/6/2026,
517411,125231,26/6/2026,21/7/2026
517412,125230,26/6/2026,9/7/2026
517413,125229,26/6/2026,13/7/2026
517414,125234,26/6/2026,
517415,125243,26/6/2026,
517416,125252,26/6/2026,18/7/2026
517417,125247,26/6/2026,
517418,125248,26/6/2026,9/7/2026
517419,125250,26/6/2026,
517420,125251,26/6/2026,2/7/2026
517421,125253,26/6/2026,1/7/2026
517422,125254,26/6/2026,
517423,125228,26/6/2026,
517424,125258,26/6/2026,
517425,125260,26/6/2026,
517426,125261,26/6/2026,18/7/2026
517427,125245,26/6/2026,3/7/2026
517428,125256,26/6/2026,
517429,125226,26/6/2026,28/6/2026
517430,125224,26/6/2026,
517431,125225,26/6/2026,
517432,121727,26/6/2026,2/7/2026
517433,125202,26/6/2026,
517434,125203,26/6/2026,30/6/2026
517435,125205,26/6/2026,30/7/2026
517436,125206,26/6/2026,16/7/2026
517437,125207,26/6/2026,
517438,125208,26/6/2026,
517439,125200,26/6/2026,
517440,125212,26/6/2026,11/7/2026
517441,125214,26/6/2026,
517442,125215,26/6/2026,30/6/2026
517443,125217,26/6/2026,
517444,125219,26/6/2026,10/7/2026
517445,125221,26/6/2026,27/6/2026
517446,125210,26/6/2026,
517447,125223,26/6/2026,1/7/2026
517448,125317,27/6/2026,
517449,125316,27/6/2026,
517450,125314,27/6/2026,
517451,125312,27/6/2026,12/7/2026
517452,125311,27/6/2026,
517453,125307,27/6/2026,30/7/2026
517454,125309,27/6/2026,28/6/2026
517455,125305,27/6/2026,
517456,125304,27/6/2026,2/7/2026
517457,125302,27/6/2026,
517458,125318,27/6/2026,
517459,125310,27/6/2026,
517460,125320,27/6/2026,
517461,125333,27/6/2026,30/7/2026
517462,125322,27/6/2026,
517463,125323,27/6/2026,
517464,125324,27/6/2026,1/7/2026
517465,125326,27/6/2026,
517466,125328,27/6/2026,4/7/2026
517467,125330,27/6/2026,
517468,125332,27/6/2026,
517469,125301,27/6/2026,7/7/2026
517470,125338,27/6/2026,4/7/2026
517471,125340,27/6/2026,
517472,125337,27/6/2026,
517473,125335,27/6/2026,
517474,125321,27/6/2026,1/7/2026
517475,125300,27/6/2026,
517476,125272,27/6/2026,5/7/2026
517477,125297,27/6/2026,1/7/2026
517478,125299,27/6/2026,
517479,104184,27/6/2026,4/7/2026
517480,125262,27/6/2026,30/6/2026
517481,125263,27/6/2026,1/7/2026
517482,125264,27/6/2026,28/6/2026
517483,125266,27/6/2026,1/7/2026
517484,125270,27/6/2026,
517485,125274,27/6/2026,
517486,125275,27/6/2026,8/7/2026
517487,125276,27/6/2026,
517488,125277,27/6/2026,20/7/2026
517489,125268,27/6/2026,
517490,125281,27/6/2026,2/8/2026
517491,125282,27/6/2026,
517492,125284,27/6/2026,
517493,125285,27/6/2026,6/7/2026
517494,125287,27/6/2026,15/7/2026
517495,125289,27/6/2026,9/7/2026
517496,125290,27/6/2026,
517497,125292,27/6/2026,1/7/2026
517498,125279,27/6/2026,8/7/2026
517499,125295,27/6/2026,
517500,125293,27/6/2026,
517501,125393,28/6/2026,
517502,125391,28/6/2026,14/7/2026
517503,125389,28/6/2026,30/6/2026
517504,125387,28/6/2026,
517505,125385,28/6/2026,
517506,125378,28/6/2026,
517507,125381,28/6/2026,1/7/2026
517508,125379,28/6/2026,
517509,125376,28/6/2026,
517510,125395,28/6/2026,
517511,125374,28/6/2026,14/7/2026
517512,125383,28/6/2026,
517513,125396,28/6/2026,
517514,125411,28/6/2026,
517515,125400,28/6/2026,
517516,125401,28/6/2026,26/7/2026
517517,125402,28/6/2026,2/8/2026
517518,125403,28/6/2026,29/6/2026
517519,125407,28/6/2026,
517520,125408,28/6/2026,
517521,125409,28/6/2026,30/7/2026
517522,125410,28/6/2026,
517523,125373,28/6/2026,
517524,125413,28/6/2026,19/7/2026
517525,125414,28/6/2026,16/7/2026
517526,125415,28/6/2026,
517527,125398,28/6/2026,2/7/2026
517528,125372,28/6/2026,
517529,125405,28/6/2026,
517530,125368,28/6/2026,
517531,116030,28/6/2026,1/8/2026
517532,107326,28/6/2026,
517533,118699,28/6/2026,
517534,125370,28/6/2026,
517535,120072,28/6/2026,
517536,125341,28/6/2026,
517537,125342,28/6/2026,
517538,125343,28/6/2026,
517539,125345,28/6/2026,
517540,125346,28/6/2026,30/6/2026
517541,125348,28/6/2026,
517542,125344,28/6/2026,
517543,125351,28/6/2026,
517544,125353,28/6/2026,
517545,125355,28/6/2026,9/7/2026
517546,125356,28/6/2026,
517547,125358,28/6/2026,
517548,125360,28/6/2026,
517549,125362,28/6/2026,
517550,125363,28/6/2026,
517551,125349,28/6/2026,
517552,125365,28/6/2026,
517553,125366,28/6/2026,27/7/2026
517554,125367,28/6/2026,9/7/2026
517555,125448,29/6/2026,22/7/2026
517556,125447,29/6/2026,
517557,125446,29/6/2026,30/7/2026
517558,125441,29/6/2026,3/7/2026
517559,125443,29/6/2026,26/7/2026
517560,125449,29/6/2026,20/7/2026
517561,125444,29/6/2026,
517562,125450,29/6/2026,7/7/2026
517563,125460,29/6/2026,
517564,125452,29/6/2026,
517565,125453,29/6/2026,3/7/2026
517566,125454,29/6/2026,
517567,125456,29/6/2026,7/7/2026
517568,125457,29/6/2026,30/6/2026
517569,125458,29/6/2026,1/8/2026
517570,125459,29/6/2026,
517571,125451,29/6/2026,2/7/2026
517572,125439,29/6/2026,19/7/2026
517573,125440,29/6/2026,
517574,125436,29/6/2026,3/7/2026
517575,116155,29/6/2026,30/6/2026
517576,125416,29/6/2026,2/7/2026
517577,125418,29/6/2026,25/7/2026
517578,125420,29/6/2026,9/7/2026
517579,125438,29/6/2026,
517580,125423,29/6/2026,19/7/2026
517581,125424,29/6/2026,
517582,125422,29/6/2026,
517583,125428,29/6/2026,
517584,125429,29/6/2026,
517585,125430,29/6/2026,5/7/2026
517586,125431,29/6/2026,
517587,125432,29/6/2026,
517588,125434,29/6/2026,
517589,125426,29/6/2026,
517590,125520,30/6/2026,5/7/2026
517591,125519,30/6/2026,
517592,125517,30/6/2026,
517593,125516,30/6/2026,27/7/2026
517594,125515,30/6/2026,15/7/2026
517595,125514,30/6/2026,
517596,125504,30/6/2026,
517597,125511,30/6/2026,
517598,125509,30/6/2026,8/7/2026
517599,125507,30/6/2026,8/7/2026
517600,125506,30/6/2026,15/7/2026
517601,125522,30/6/2026,
517602,125503,30/6/2026,
517603,125513,30/6/2026,
517604,125523,30/6/2026,3/7/2026
517605,125533,30/6/2026,
517606,125524,30/6/2026,
517607,125525,30/6/2026,
517608,125527,30/6/2026,
517609,125528,30/6/2026,
517610,125530,30/6/2026,
517611,125531,30/6/2026,
517612,125535,30/6/2026,
517613,125537,30/6/2026,
517614,125539,30/6/2026,20/7/2026
517615,125541,30/6/2026,9/7/2026
517616,125545,30/6/2026,4/7/2026
517617,125546,30/6/2026,
517618,125501,30/6/2026,
517619,125543,30/6/2026,9/7/2026
517620,125547,30/6/2026,8/7/2026
517621,125500,30/6/2026,
517622,125472,30/6/2026,27/7/2026
517623,125498,30/6/2026,
517624,121014,30/6/2026,30/7/2026
517625,114846,30/6/2026,3/7/2026
517626,125499,30/6/2026,1/7/2026
517627,125462,30/6/2026,
517628,125463,30/6/2026,
517629,125465,30/6/2026,
517630,125467,30/6/2026,15/7/2026
517631,125470,30/6/2026,23/7/2026
517632,125471,30/6/2026,
517633,125474,30/6/2026,
517634,125476,30/6/2026,
517635,125477,30/6/2026,2/7/2026
517636,125468,30/6/2026,1/7/2026
517637,125479,30/6/2026,27/7/2026
517638,125497,30/6/2026,
517639,125478,30/6/2026,1/7/2026
517640,125495,30/6/2026,
517641,125494,30/6/2026,2/8/2026
517642,125492,30/6/2026,
517643,125489,30/6/2026,11/7/2026
517644,125490,30/6/2026,25/7/2026
517645,125485,30/6/2026,
517646,125484,30/6/2026,10/7/2026
517647,125482,30/6/2026,15/7/2026
517648,125480,30/6/2026,9/7/2026
517649,125487,30/6/2026,
517650,125593,1/7/2026,
517651,125600,1/7/2026,
517652,125597,1/7/2026,26/7/2026
517653,125595,1/7/2026,
517654,125591,1/7/2026,9/7/2026
517655,125582,1/7/2026,
517656,125589,1/7/2026,21/7/2026
517657,125587,1/7/2026,25/7/2026
517658,125585,1/7/2026,
517659,125584,1/7/2026,11/7/2026
517660,125601,1/7/2026,2/7/2026
517661,125590,1/7/2026,2/8/2026
517662,125602,1/7/2026,6/7/2026
517663,125620,1/7/2026,
517664,125605,1/7/2026,27/7/2026
517665,125607,1/7/2026,
517666,125609,1/7/2026,29/7/2026
517667,125610,1/7/2026,2/7/2026
517668,125611,1/7/2026,13/7/2026
517669,125613,1/7/2026,
517670,125615,1/7/2026,
517671,125617,1/7/2026,
517672,125618,1/7/2026,11/7/2026
517673,125619,1/7/2026,10/7/2026
517674,125580,1/7/2026,
517675,125621,1/7/2026,6/7/2026
517676,125603,1/7/2026,25/7/2026
517677,125578,1/7/2026,
517678,125598,1/7/2026,
517679,125575,1/7/2026,
517680,106038,1/7/2026,
517681,117158,1/7/2026,3/7/2026
517682,116740,1/7/2026,5/7/2026
517683,125577,1/7/2026,10/7/2026
517684,117461,1/7/2026,
517685,125549,1/7/2026,
517686,125550,1/7/2026,9/7/2026
517687,125551,1/7/2026,
517688,125552,1/7/2026,
517689,125554,1/7/2026,12/7/2026
517690,125556,1/7/2026,5/7/2026
517691,125553,1/7/2026,27/7/2026
517692,117016,1/7/2026,
517693,125573,1/7/2026,30/7/2026
517694,125571,1/7/2026,
517695,125570,1/7/2026,
517696,125558,1/7/2026,29/7/2026
517697,125567,1/7/2026,
517698,125568,1/7/2026,
517699,125563,1/7/2026,6/7/2026
517700,125561,1/7/2026,10/7/2026
517701,125560,1/7/2026,
517702,125559,1/7/2026,
517703,125565,1/7/2026,
517704,125645,2/7/2026,24/7/2026
517705,125647,2/7/2026,
517706,125652,2/7/2026,5/7/2026
517707,125648,2/7/2026,
517708,125649,2/7/2026,22/7/2026
517709,125650,2/7/2026,19/7/2026
517710,125654,2/7/2026,7/7/2026
517711,125664,2/7/2026,
517712,125656,2/7/2026,22/7/2026
517713,125658,2/7/2026,
517714,125659,2/7/2026,
517715,125660,2/7/2026,
517716,125661,2/7/2026,5/7/2026
517717,125662,2/7/2026,12/7/2026
517718,125663,2/7/2026,6/7/2026
517719,125644,2/7/2026,21/7/2026
517720,125655,2/7/2026,
517721,125642,2/7/2026,
517722,125636,2/7/2026,9/7/2026
517723,125639,2/7/2026,
517724,125640,2/7/2026,
517725,110907,2/7/2026,
517726,125624,2/7/2026,
517727,125625,2/7/2026,5/7/2026
517728,125626,2/7/2026,2/8/2026
517729,125627,2/7/2026,16/7/2026
517730,125622,2/7/2026,6/7/2026
517731,125630,2/7/2026,
517732,125632,2/7/2026,
517733,125634,2/7/2026,
517734,125635,2/7/2026,11/7/2026
517735,125637,2/7/2026,
517736,125629,2/7/2026,
517737,125709,3/7/2026,16/7/2026
517738,125698,3/7/2026,6/7/2026
517739,125700,3/7/2026,
517740,125702,3/7/2026,14/7/2026
517741,125704,3/7/2026,
517742,125705,3/7/2026,
517743,125697,3/7/2026,4/7/2026
517744,125707,3/7/2026,16/7/2026
517745,125708,3/7/2026,
517746,125710,3/7/2026,
517747,125723,3/7/2026,11/7/2026
517748,125714,3/7/2026,
517749,125716,3/7/2026,7/7/2026
517750,125717,3/7/2026,
517751,125719,3/7/2026,13/7/2026
517752,125721,3/7/2026,
517753,125724,3/7/2026,10/7/2026
517754,125726,3/7/2026,
517755,125727,3/7/2026,21/7/2026
517756,125729,3/7/2026,
517757,125712,3/7/2026,
517758,125696,3/7/2026,
517759,125706,3/7/2026,6/7/2026
517760,125693,3/7/2026,6/7/2026
517761,125695,3/7/2026,
517762,106162,3/7/2026,2/8/2026
517763,125665,3/7/2026,
517764,125668,3/7/2026,8/7/2026
517765,125670,3/7/2026,
517766,125671,3/7/2026,
517767,125673,3/7/2026,8/7/2026
517768,125674,3/7/2026,21/7/2026
517769,125676,3/7/2026,5/7/2026
517770,125667,3/7/2026,
517771,125680,3/7/2026,15/7/2026
517772,125681,3/7/2026,
517773,125683,3/7/2026,27/7/2026
517774,125684,3/7/2026,4/7/2026
517775,125686,3/7/2026,20/7/2026
517776,125688,3/7/2026,
517777,125678,3/7/2026,
517778,125689,3/7/2026,23/7/2026
517779,125691,3/7/2026,14/7/2026
517780,125788,4/7/2026,6/7/2026
517781,125787,4/7/2026,
517782,125785,4/7/2026,
517783,125784,4/7/2026,10/7/2026
517784,125783,4/7/2026,27/7/2026
517785,125777,4/7/2026,
517786,125779,4/7/2026,
517787,125775,4/7/2026,
517788,125774,4/7/2026,
517789,125773,4/7/2026,11/7/2026
517790,125789,4/7/2026,31/7/2026
517791,125781,4/7/2026,
517792,125790,4/7/2026,
517793,125805,4/7/2026,
517794,125793,4/7/2026,
517795,125795,4/7/2026,
517796,125797,4/7/2026,2/8/2026
517797,125798,4/7/2026,
517798,125800,4/7/2026,5/7/2026
517799,125801,4/7/2026,
517800,125803,4/7/2026,6/7/2026
517801,125804,4/7/2026,
517802,125771,4/7/2026,
517803,125809,4/7/2026,
517804,125811,4/7/2026,1/8/2026
517805,125812,4/7/2026,
517806,125813,4/7/2026,
517807,125791,4/7/2026,
517808,125769,4/7/2026,
517809,125807,4/7/2026,
517810,125766,4/7/2026,
517811,125767,4/7/2026,1/8/2026
517812,117420,4/7/2026,
517813,104036,4/7/2026,11/7/2026
517814,125730,4/7/2026,22/7/2026
517815,125731,4/7/2026,
517816,125733,4/7/2026,26/7/2026
517817,125734,4/7/2026,24/7/2026
517818,125736,4/7/2026,5/7/2026
517819,125738,4/7/2026,
517820,125740,4/7/2026,16/7/2026
517821,125741,4/7/2026,
517822,125743,4/7/2026,
517823,125744,4/7/2026,13/7/2026
517824,112217,4/7/2026,10/7/2026
517825,125747,4/7/2026,1/8/2026
517826,125765,4/7/2026,
517827,125764,4/7/2026,
517828,125746,4/7/2026,
517829,125763,4/7/2026,10/7/2026
517830,125759,4/7/2026,
517831,125761,4/7/2026,
517832,125755,4/7/2026,
517833,125753,4/7/2026,
517834,125751,4/7/2026,
517835,125750,4/7/2026,
517836,125749,4/7/2026,6/7/2026
517837,125757,4/7/2026,
517838,125862,5/7/2026,30/7/2026
517839,125865,5/7/2026,12/7/2026
517840,125864,5/7/2026,14/7/2026
517841,125860,5/7/2026,18/7/2026
517842,125853,5/7/2026,13/7/2026
517843,125857,5/7/2026,
517844,125855,5/7/2026,
517845,125867,5/7/2026,
517846,125851,5/7/2026,14/7/2026
517847,125849,5/7/2026,
517848,125859,5/7/2026,
517849,125869,5/7/2026,
517850,125878,5/7/2026,
517851,125873,5/7/2026,
517852,125875,5/7/2026,22/7/2026
517853,125876,5/7/2026,
517854,125877,5/7/2026,
517855,125879,5/7/2026,
517856,125881,5/7/2026,19/7/2026
517857,125883,5/7/2026,
517858,125885,5/7/2026,19/7/2026
517859,125886,5/7/2026,
517860,125888,5/7/2026,
517861,125847,5/7/2026,
517862,125890,5/7/2026,28/7/2026
517863,125892,5/7/2026,20/7/2026
517864,125871,5/7/2026,7/7/2026
517865,125845,5/7/2026,
517866,125838,5/7/2026,
517867,125842,5/7/2026,15/7/2026
517868,106089,5/7/2026,15/7/2026
517869,109988,5/7/2026,
517870,125843,5/7/2026,
517871,114997,5/7/2026,6/7/2026
517872,125814,5/7/2026,26/7/2026
517873,125815,5/7/2026,7/7/2026
517874,125816,5/7/2026,6/7/2026
517875,125819,5/7/2026,
517876,125820,5/7/2026,
517877,125821,5/7/2026,
517878,125823,5/7/2026,7/7/2026
517879,125817,5/7/2026,11/7/2026
517880,125826,5/7/2026,
517881,125841,5/7/2026,18/7/2026
517882,125840,5/7/2026,
517883,125824,5/7/2026,
517884,125836,5/7/2026,15/7/2026
517885,125835,5/7/2026,
517886,125839,5/7/2026,
517887,125831,5/7/2026,6/7/2026
517888,125830,5/7/2026,2/8/2026
517889,125828,5/7/2026,
517890,125833,5/7/2026,
517891,125921,6/7/2026,
517892,125932,6/7/2026,7/7/2026
517893,125923,6/7/2026,
517894,125947,6/7/2026,9/7/2026
517895,125924,6/7/2026,10/7/2026
517896,125926,6/7/2026,
517897,125928,6/7/2026,
517898,125930,6/7/2026,
517899,125933,6/7/2026,23/7/2026
517900,125945,6/7/2026,
517901,125935,6/7/2026,
517902,125937,6/7/2026,17/7/2026
517903,125938,6/7/2026,23/7/2026
517904,125940,6/7/2026,
517905,125941,6/7/2026,
517906,125942,6/7/2026,
517907,125919,6/7/2026,
517908,125946,6/7/2026,
517909,125944,6/7/2026,2/8/2026
517910,125934,6/7/2026,16/7/2026
517911,125918,6/7/2026,
517912,125908,6/7/2026,19/7/2026
517913,125915,6/7/2026,
517914,125916,6/7/2026,
517915,109305,6/7/2026,
517916,125893,6/7/2026,
517917,125895,6/7/2026,7/7/2026
517918,125898,6/7/2026,
517919,125899,6/7/2026,
517920,125900,6/7/2026,1/8/2026
517921,125896,6/7/2026,3/8/2026
517922,125903,6/7/2026,15/7/2026
517923,125904,6/7/2026,
517924,125905,6/7/2026,
517925,125906,6/7/2026,
517926,125910,6/7/2026,9/7/2026
517927,125911,6/7/2026,
517928,125913,6/7/2026,23/7/2026
517929,125901,6/7/2026,
517930,125979,7/7/2026,
517931,125971,7/7/2026,16/7/2026
517932,125973,7/7/2026,
517933,125975,7/7/2026,22/7/2026
517934,125976,7/7/2026,
517935,125977,7/7/2026,31/7/2026
517936,125978,7/7/2026,
517937,125980,7/7/2026,1/8/2026
517938,125991,7/7/2026,
517939,125983,7/7/2026,
517940,125984,7/7/2026,12/7/2026
517941,125986,7/7/2026,
517942,125988,7/7/2026,
517943,125990,7/7/2026,
517944,125967,7/7/2026,
517945,125993,7/7/2026,
517946,125981,7/7/2026,
517947,125965,7/7/2026,8/7/2026
517948,125969,7/7/2026,24/7/2026
517949,125962,7/7/2026,
517950,125963,7/7/2026,
517951,114324,7/7/2026,
517952,110224,7/7/2026,
517953,119928,7/7/2026,11/7/2026
517954,125948,7/7/2026,
517955,125949,7/7/2026,
517956,125950,7/7/2026,9/7/2026
517957,111980,7/7/2026,
517958,125953,7/7/2026,25/7/2026
517959,125954,7/7/2026,30/7/2026
517960,125955,7/7/2026,14/7/2026
517961,125957,7/7/2026,13/7/2026
517962,125959,7/7/2026,
517963,125951,7/7/2026,
517964,125961,7/7/2026,
517965,126039,8/7/2026,
517966,126037,8/7/2026,15/7/2026
517967,126036,8/7/2026,19/7/2026
517968,126035,8/7/2026,15/7/2026
517969,126033,8/7/2026,24/7/2026
517970,126025,8/7/2026,
517971,126030,8/7/2026,
517972,126028,8/7/2026,18/7/2026
517973,126027,8/7/2026,
517974,126041,8/7/2026,3/8/2026
517975,126031,8/7/2026,
517976,126042,8/7/2026,
517977,126057,8/7/2026,15/7/2026
517978,126046,8/7/2026,3/8/2026
517979,126047,8/7/2026,17/7/2026
517980,126049,8/7/2026,
517981,126051,8/7/2026,
517982,126053,8/7/2026,11/7/2026
517983,126055,8/7/2026,
517984,126058,8/7/2026,
517985,126064,8/7/2026,15/7/2026
517986,126062,8/7/2026,
517987,126060,8/7/2026,9/7/2026
517988,126024,8/7/2026,
517989,126044,8/7/2026,
517990,126023,8/7/2026,
517991,126002,8/7/2026,
517992,126021,8/7/2026,
517993,126022,8/7/2026,9/7/2026
517994,109220,8/7/2026,
517995,125994,8/7/2026,16/7/2026
517996,125995,8/7/2026,10/7/2026
517997,125996,8/7/2026,
517998,125997,8/7/2026,
517999,125999,8/7/2026,
518000,126001,8/7/2026,
518001,126004,8/7/2026,
518002,126006,8/7/2026,
518003,110130,8/7/2026,9/7/2026
518004,126009,8/7/2026,26/7/2026
518005,126010,8/7/2026,
518006,126011,8/7/2026,25/7/2026
518007,126013,8/7/2026,27/7/2026
518008,126015,8/7/2026,
518009,126016,8/7/2026,
518010,126017,8/7/2026,10/7/2026
518011,126008,8/7/2026,13/7/2026
518012,126018,8/7/2026,20/7/2026
518013,126019,8/7/2026,
518014,126122,9/7/2026,28/7/2026
518015,126121,9/7/2026,
518016,126120,9/7/2026,14/7/2026
518017,126118,9/7/2026,
518018,126116,9/7/2026,
518019,126112,9/7/2026,15/7/2026
518020,126124,9/7/2026,13/7/2026
518021,126111,9/7/2026,15/7/2026
518022,126109,9/7/2026,
518023,126107,9/7/2026,2/8/2026
518024,126105,9/7/2026,
518025,126114,9/7/2026,
518026,126126,9/7/2026,
518027,126133,9/7/2026,
518028,126128,9/7/2026,
518029,126130,9/7/2026,
518030,126132,9/7/2026,10/7/2026
518031,126134,9/7/2026,
518032,126135,9/7/2026,
518033,126136,9/7/2026,3/8/2026
518034,126137,9/7/2026,
518035,126139,9/7/2026,
518036,126145,9/7/2026,
518037,126143,9/7/2026,
518038,126141,9/7/2026,10/7/2026
518039,126140,9/7/2026,12/7/2026
518040,126102,9/7/2026,
518041,126127,9/7/2026,
518042,126100,9/7/2026,27/7/2026
518043,126103,9/7/2026,
518044,126096,9/7/2026,
518045,113511,9/7/2026,17/7/2026
518046,112537,9/7/2026,31/7/2026
518047,126066,9/7/2026,10/7/2026
518048,126068,9/7/2026,16/7/2026
518049,126069,9/7/2026,16/7/2026
518050,126071,9/7/2026,
518051,126073,9/7/2026,
518052,126074,9/7/2026,20/7/2026
518053,126076,9/7/2026,
518054,126077,9/7/2026,
518055,126079,9/7/2026,13/7/2026
518056,126070,9/7/2026,
518057,126081,9/7/2026,
518058,126098,9/7/2026,
518059,126080,9/7/2026,17/7/2026
518060,126095,9/7/2026,
518061,126093,9/7/2026,
518062,126090,9/7/2026,10/7/2026
518063,126092,9/7/2026,
518064,126088,9/7/2026,
518065,126087,9/7/2026,13/7/2026
518066,126086,9/7/2026,
518067,126084,9/7/2026,
518068,126082,9/7/2026,
518069,126168,10/7/2026,
518070,126164,10/7/2026,
518071,126165,10/7/2026,
518072,126166,10/7/2026,
518073,126162,10/7/2026,
518074,126170,10/7/2026,
518075,126179,10/7/2026,28/7/2026
518076,126173,10/7/2026,
518077,126175,10/7/2026,12/7/2026
518078,126177,10/7/2026,12/7/2026
518079,126180,10/7/2026,
518080,126161,10/7/2026,13/7/2026
518081,126171,10/7/2026,
518082,126159,10/7/2026,
518083,126157,10/7/2026,1/8/2026
518084,111933,10/7/2026,17/7/2026
518085,126156,10/7/2026,
518086,126154,10/7/2026,
518087,126152,10/7/2026,
518088,126150,10/7/2026,
518089,126148,10/7/2026,
518090,126147,10/7/2026,17/7/2026
518091,126146,10/7/2026,15/7/2026
518092,111115,10/7/2026,
518093,126158,10/7/2026,
518094,114420,10/7/2026,11/7/2026
518095,126227,11/7/2026,
518096,126251,11/7/2026,
518097,126226,11/7/2026,15/7/2026
518098,126224,11/7/2026,12/7/2026
518099,126214,11/7/2026,
518100,126221,11/7/2026,26/7/2026
518101,126219,11/7/2026,19/7/2026
518102,126229,11/7/2026,
518103,126217,11/7/2026,20/7/2026
518104,126216,11/7/2026,17/7/2026
518105,126223,11/7/2026,
518106,126231,11/7/2026,
518107,126241,11/7/2026,26/7/2026
518108,126235,11/7/2026,
518109,126237,11/7/2026,27/7/2026
518110,126238,11/7/2026,
518111,126240,11/7/2026,
518112,126242,11/7/2026,
518113,126243,11/7/2026,
518114,126244,11/7/2026,18/7/2026
518115,126246,11/7/2026,23/7/2026
518116,126249,11/7/2026,
518117,126248,11/7/2026,
518118,126247,11/7/2026,
518119,126233,11/7/2026,
518120,126213,11/7/2026,23/7/2026
518121,126195,11/7/2026,
518122,126210,11/7/2026,
518123,119185,11/7/2026,
518124,103634,11/7/2026,
518125,111750,11/7/2026,
518126,126182,11/7/2026,
518127,126184,11/7/2026,15/7/2026
518128,126185,11/7/2026,
518129,126189,11/7/2026,
518130,126190,11/7/2026,
518131,126192,11/7/2026,
518132,126187,11/7/2026,19/7/2026
518133,126197,11/7/2026,
518134,126208,11/7/2026,18/7/2026
518135,126206,11/7/2026,
518136,126194,11/7/2026,17/7/2026
518137,126203,11/7/2026,
518138,126205,11/7/2026,
518139,126201,11/7/2026,
518140,126199,11/7/2026,2/8/2026
518141,126202,11/7/2026,
518142,126211,11/7/2026,
518143,126320,12/7/2026,
518144,126319,12/7/2026,14/7/2026
518145,126318,12/7/2026,13/7/2026
518146,126311,12/7/2026,16/7/2026
518147,126317,12/7/2026,17/7/2026
518148,126315,12/7/2026,27/7/2026
518149,126313,12/7/2026,
518150,126301,12/7/2026,
518151,126309,12/7/2026,
518152,126308,12/7/2026,
518153,126306,12/7/2026,
518154,126305,12/7/2026,
518155,126303,12/7/2026,
518156,126322,12/7/2026,
518157,126299,12/7/2026,
518158,126310,12/7/2026,30/7/2026
518159,126323,12/7/2026,19/7/2026
518160,126340,12/7/2026,
518161,126327,12/7/2026,27/7/2026
518162,126344,12/7/2026,
518163,126345,12/7/2026,
518164,126346,12/7/2026,19/7/2026
518165,126347,12/7/2026,
518166,126350,12/7/2026,19/7/2026
518167,126297,12/7/2026,
518168,126343,12/7/2026,
518169,126341,12/7/2026,23/7/2026
518170,126339,12/7/2026,13/7/2026
518171,126337,12/7/2026,13/7/2026
518172,126336,12/7/2026,
518173,126334,12/7/2026,31/7/2026
518174,126333,12/7/2026,
518175,126331,12/7/2026,
518176,126329,12/7/2026,
518177,126325,12/7/2026,13/7/2026
518178,126295,12/7/2026,
518179,126348,12/7/2026,
518180,126292,12/7/2026,25/7/2026
518181,102336,12/7/2026,
518182,119738,12/7/2026,16/7/2026
518183,108334,12/7/2026,
518184,126294,12/7/2026,
518185,126255,12/7/2026,
518186,126256,12/7/2026,
518187,126257,12/7/2026,
518188,126259,12/7/2026,
518189,126260,12/7/2026,
518190,126262,12/7/2026,
518191,126264,12/7/2026,
518192,126266,12/7/2026,
518193,126267,12/7/2026,
518194,126268,12/7/2026,17/7/2026
518195,126253,12/7/2026,
518196,126271,12/7/2026,
518197,126269,12/7/2026,
518198,126291,12/7/2026,
518199,126289,12/7/2026,
518200,126287,12/7/2026,19/7/2026
518201,126283,12/7/2026,
518202,126282,12/7/2026,
518203,126285,12/7/2026,28/7/2026
518204,126279,12/7/2026,25/7/2026
518205,126272,12/7/2026,
518206,126273,12/7/2026,26/7/2026
518207,126280,12/7/2026,
518208,126276,12/7/2026,21/7/2026
518209,126274,12/7/2026,14/7/2026
518210,126277,12/7/2026,
518211,126382,13/7/2026,14/7/2026
518212,126374,13/7/2026,
518213,126371,13/7/2026,
518214,126370,13/7/2026,
518215,126376,13/7/2026,14/7/2026
518216,126377,13/7/2026,27/7/2026
518217,126379,13/7/2026,
518218,126380,13/7/2026,19/7/2026
518219,126372,13/7/2026,
518220,126383,13/7/2026,
518221,126395,13/7/2026,17/7/2026
518222,126386,13/7/2026,14/7/2026
518223,126387,13/7/2026,17/7/2026
518224,126388,13/7/2026,26/7/2026
518225,126390,13/7/2026,30/7/2026
518226,126392,13/7/2026,
518227,126394,13/7/2026,
518228,126396,13/7/2026,22/7/2026
518229,126397,13/7/2026,20/7/2026
518230,126398,13/7/2026,
518231,126369,13/7/2026,26/7/2026
518232,126385,13/7/2026,
518233,126368,13/7/2026,
518234,126356,13/7/2026,15/7/2026
518235,126366,13/7/2026,
518236,122593,13/7/2026,21/7/2026
518237,126367,13/7/2026,
518238,106604,13/7/2026,18/7/2026
518239,121133,13/7/2026,
518240,126351,13/7/2026,
518241,126353,13/7/2026,21/7/2026
518242,126354,13/7/2026,
518243,110923,13/7/2026,
518244,126357,13/7/2026,
518245,126359,13/7/2026,
518246,126360,13/7/2026,
518247,126355,13/7/2026,
518248,126364,13/7/2026,23/7/2026
518249,126361,13/7/2026,16/7/2026
518250,126363,13/7/2026,
518251,126422,14/7/2026,
518252,126432,14/7/2026,
518253,126430,14/7/2026,
518254,126427,14/7/2026,
518255,126434,14/7/2026,
518256,126426,14/7/2026,
518257,126425,14/7/2026,
518258,126424,14/7/2026,
518259,126429,14/7/2026,31/7/2026
518260,126436,14/7/2026,15/7/2026
518261,126442,14/7/2026,
518262,126439,14/7/2026,29/7/2026
518263,126441,14/7/2026,29/7/2026
518264,126452,14/7/2026,
518265,126450,14/7/2026,
518266,126448,14/7/2026,
518267,126447,14/7/2026,
518268,126445,14/7/2026,
518269,126444,14/7/2026,
518270,126438,14/7/2026,26/7/2026
518271,126420,14/7/2026,
518272,126412,14/7/2026,
518273,126418,14/7/2026,15/7/2026
518274,122642,14/7/2026,
518275,126419,14/7/2026,
518276,126399,14/7/2026,
518277,126402,14/7/2026,15/7/2026
518278,126404,14/7/2026,
518279,126405,14/7/2026,15/7/2026
518280,126401,14/7/2026,30/7/2026
518281,126408,14/7/2026,
518282,126410,14/7/2026,
518283,126414,14/7/2026,
518284,126416,14/7/2026,
518285,126407,14/7/2026,
518286,126492,15/7/2026,
518287,126481,15/7/2026,27/7/2026
518288,126482,15/7/2026,16/7/2026
518289,126484,15/7/2026,
518290,126487,15/7/2026,
518291,126488,15/7/2026,
518292,126490,15/7/2026,23/7/2026
518293,126491,15/7/2026,19/7/2026
518294,126494,15/7/2026,
518295,126503,15/7/2026,3/8/2026
518296,126497,15/7/2026,17/7/2026
518297,126499,15/7/2026,22/7/2026
518298,126501,15/7/2026,19/7/2026
518299,126479,15/7/2026,19/7/2026
518300,126505,15/7/2026,
518301,126506,15/7/2026,
518302,126507,15/7/2026,
518303,126509,15/7/2026,
518304,126511,15/7/2026,16/7/2026
518305,117178,15/7/2026,16/7/2026
518306,126495,15/7/2026,1/8/2026
518307,126478,15/7/2026,18/7/2026
518308,126486,15/7/2026,
518309,126474,15/7/2026,
518310,121038,15/7/2026,31/7/2026
518311,121010,15/7/2026,
518312,122234,15/7/2026,19/7/2026
518313,114112,15/7/2026,23/7/2026
518314,115098,15/7/2026,
518315,126456,15/7/2026,
518316,126458,15/7/2026,
518317,126454,15/7/2026,
518318,126462,15/7/2026,
518319,126464,15/7/2026,
518320,126466,15/7/2026,
518321,126468,15/7/2026,
518322,126469,15/7/2026,
518323,126470,15/7/2026,
518324,126472,15/7/2026,31/7/2026
518325,126460,15/7/2026,
518326,126476,15/7/2026,
518327,126557,16/7/2026,
518328,126563,16/7/2026,3/8/2026
518329,126561,16/7/2026,19/7/2026
518330,126559,16/7/2026,
518331,126558,16/7/2026,
518332,126553,16/7/2026,
518333,126548,16/7/2026,1/8/2026
518334,126554,16/7/2026,26/7/2026
518335,126564,16/7/2026,
518336,126551,16/7/2026,31/7/2026
518337,126550,16/7/2026,
518338,126555,16/7/2026,
518339,126566,16/7/2026,23/7/2026
518340,126579,16/7/2026,
518341,126569,16/7/2026,
518342,126571,16/7/2026,
518343,126572,16/7/2026,17/7/2026
518344,126574,16/7/2026,
518345,126576,16/7/2026,21/7/2026
518346,126577,16/7/2026,28/7/2026
518347,126578,16/7/2026,
518348,126581,16/7/2026,25/7/2026
518349,126586,16/7/2026,
518350,126587,16/7/2026,19/7/2026
518351,126585,16/7/2026,
518352,126583,16/7/2026,
518353,126568,16/7/2026,
518354,126547,16/7/2026,
518355,126535,16/7/2026,
518356,126545,16/7/2026,
518357,111974,16/7/2026,3/8/2026
518358,116795,16/7/2026,
518359,107036,16/7/2026,17/7/2026
518360,123476,16/7/2026,31/7/2026
518361,126512,16/7/2026,
518362,126514,16/7/2026,
518363,126516,16/7/2026,30/7/2026
518364,126517,16/7/2026,
518365,126518,16/7/2026,2/8/2026
518366,126520,16/7/2026,19/7/2026
518367,126522,16/7/2026,
518368,126524,16/7/2026,
518369,126546,16/7/2026,18/7/2026
518370,126526,16/7/2026,
518371,126543,16/7/2026,
518372,126541,16/7/2026,21/7/2026
518373,126540,16/7/2026,
518374,126525,16/7/2026,
518375,126536,16/7/2026,
518376,126538,16/7/2026,
518377,126532,16/7/2026,19/7/2026
518378,126531,16/7/2026,23/7/2026
518379,126530,16/7/2026,17/7/2026
518380,126529,16/7/2026,
518381,126528,16/7/2026,
518382,126534,16/7/2026,
518383,126634,17/7/2026,31/7/2026
518384,126632,17/7/2026,
518385,126631,17/7/2026,
518386,126630,17/7/2026,
518387,126623,17/7/2026,
518388,126627,17/7/2026,
518389,126625,17/7/2026,
518390,126624,17/7/2026,
518391,126636,17/7/2026,
518392,126628,17/7/2026,
518393,126638,17/7/2026,
518394,126648,17/7/2026,
518395,126642,17/7/2026,19/7/2026
518396,126644,17/7/2026,
518397,126645,17/7/2026,
518398,126647,17/7/2026,
518399,126649,17/7/2026,26/7/2026
518400,126651,17/7/2026,
518401,126653,17/7/2026,
518402,126655,17/7/2026,
518403,126657,17/7/2026,
518404,126621,17/7/2026,20/7/2026
518405,126640,17/7/2026,
518406,126619,17/7/2026,
518407,126618,17/7/2026,
518408,126590,17/7/2026,21/7/2026
518409,110252,17/7/2026,28/7/2026
518410,116322,17/7/2026,
518411,126588,17/7/2026,23/7/2026
518412,126592,17/7/2026,
518413,126593,17/7/2026,
518414,126595,17/7/2026,26/7/2026
518415,126597,17/7/2026,
518416,126599,17/7/2026,
518417,126600,17/7/2026,
518418,126596,17/7/2026,
518419,126603,17/7/2026,24/7/2026
518420,126605,17/7/2026,
518421,126607,17/7/2026,
518422,126609,17/7/2026,
518423,126610,17/7/2026,
518424,126611,17/7/2026,
518425,126612,17/7/2026,
518426,126614,17/7/2026,
518427,126601,17/7/2026,
518428,126616,17/7/2026,
518429,126713,18/7/2026,
518430,126720,18/7/2026,22/7/2026
518431,126718,18/7/2026,20/7/2026
518432,126716,18/7/2026,19/7/2026
518433,126715,18/7/2026,23/7/2026
518434,126714,18/7/2026,
518435,126703,18/7/2026,
518436,126710,18/7/2026,1/8/2026
518437,126708,18/7/2026,
518438,126707,18/7/2026,
518439,126705,18/7/2026,
518440,126704,18/7/2026,
518441,126722,18/7/2026,
518442,126712,18/7/2026,
518443,126723,18/7/2026,
518444,126740,18/7/2026,26/7/2026
518445,126727,18/7/2026,
518446,126729,18/7/2026,
518447,126731,18/7/2026,
518448,126733,18/7/2026,
518449,126735,18/7/2026,
518450,126736,18/7/2026,
518451,126737,18/7/2026,19/7/2026
518452,126738,18/7/2026,
518453,126741,18/7/2026,19/7/2026
518454,126747,18/7/2026,
518455,126746,18/7/2026,
518456,126745,18/7/2026,
518457,126744,18/7/2026,
518458,126742,18/7/2026,27/7/2026
518459,126725,18/7/2026,
518460,126701,18/7/2026,21/7/2026
518461,126660,18/7/2026,
518462,126698,18/7/2026,
518463,118492,18/7/2026,
518464,126699,18/7/2026,
518465,113890,18/7/2026,19/7/2026
518466,126659,18/7/2026,27/7/2026
518467,126661,18/7/2026,
518468,126663,18/7/2026,
518469,126665,18/7/2026,22/7/2026
518470,126667,18/7/2026,
518471,126669,18/7/2026,20/7/2026
518472,126671,18/7/2026,
518473,126672,18/7/2026,22/7/2026
518474,126674,18/7/2026,
518475,126676,18/7/2026,
518476,126666,18/7/2026,2/8/2026
518477,126679,18/7/2026,
518478,126696,18/7/2026,22/7/2026
518479,126677,18/7/2026,
518480,126694,18/7/2026,22/7/2026
518481,126692,18/7/2026,
518482,126690,18/7/2026,25/7/2026
518483,126688,18/7/2026,
518484,126695,18/7/2026,22/7/2026
518485,126684,18/7/2026,
518486,126683,18/7/2026,
518487,126682,18/7/2026,
518488,126681,18/7/2026,20/7/2026
518489,126686,18/7/2026,20/7/2026
518490,126796,19/7/2026,
518491,126795,19/7/2026,2/8/2026
518492,126794,19/7/2026,
518493,126818,19/7/2026,
518494,126793,19/7/2026,
518495,126791,19/7/2026,20/7/2026
518496,126787,19/7/2026,
518497,126788,19/7/2026,
518498,126786,19/7/2026,
518499,126784,19/7/2026,
518500,126783,19/7/2026,
518501,126789,19/7/2026,30/7/2026
518502,126798,19/7/2026,
518503,126813,19/7/2026,
518504,126800,19/7/2026,3/8/2026
518505,126802,19/7/2026,27/7/2026
518506,126803,19/7/2026,
518507,126804,19/7/2026,
518508,126806,19/7/2026,
518509,126807,19/7/2026,31/7/2026
518510,126808,19/7/2026,29/7/2026
518511,126810,19/7/2026,
518512,126781,19/7/2026,
518513,126816,19/7/2026,29/7/2026
518514,126814,19/7/2026,
518515,126812,19/7/2026,
518516,126799,19/7/2026,
518517,126779,19/7/2026,
518518,126760,19/7/2026,29/7/2026
518519,126776,19/7/2026,
518520,115389,19/7/2026,2/8/2026
518521,118559,19/7/2026,
518522,115256,19/7/2026,
518523,126777,19/7/2026,
518524,126749,19/7/2026,2/8/2026
518525,126750,19/7/2026,
518526,126752,19/7/2026,30/7/2026
518527,126754,19/7/2026,
518528,126755,19/7/2026,28/7/2026
518529,126756,19/7/2026,31/7/2026
518530,126753,19/7/2026,
518531,126759,19/7/2026,
518532,126762,19/7/2026,
518533,126764,19/7/2026,
518534,126766,19/7/2026,
518535,126768,19/7/2026,23/7/2026
518536,126769,19/7/2026,
518537,126771,19/7/2026,
518538,126758,19/7/2026,
518539,126772,19/7/2026,
518540,126775,19/7/2026,
518541,126773,19/7/2026,
518542,126857,20/7/2026,25/7/2026
518543,126855,20/7/2026,27/7/2026
518544,126853,20/7/2026,
518545,126847,20/7/2026,27/7/2026
518546,126849,20/7/2026,2/8/2026
518547,126846,20/7/2026,25/7/2026
518548,126858,20/7/2026,26/7/2026
518549,126851,20/7/2026,
518550,126860,20/7/2026,
518551,126875,20/7/2026,
518552,126864,20/7/2026,
518553,126865,20/7/2026,26/7/2026
518554,126866,20/7/2026,
518555,126868,20/7/2026,
518556,126870,20/7/2026,
518557,126872,20/7/2026,
518558,126873,20/7/2026,
518559,126844,20/7/2026,
518560,126877,20/7/2026,27/7/2026
518561,126862,20/7/2026,23/7/2026
518562,126843,20/7/2026,31/7/2026
518563,126845,20/7/2026,31/7/2026
518564,126840,20/7/2026,27/7/2026
518565,117179,20/7/2026,
518566,121103,20/7/2026,
518567,115349,20/7/2026,
518568,126820,20/7/2026,
518569,126822,20/7/2026,
518570,126841,20/7/2026,
518571,126824,20/7/2026,26/7/2026
518572,126826,20/7/2026,
518573,126823,20/7/2026,21/7/2026
518574,126829,20/7/2026,31/7/2026
518575,126831,20/7/2026,
518576,126833,20/7/2026,
518577,126835,20/7/2026,
518578,126837,20/7/2026,
518579,126839,20/7/2026,
518580,126827,20/7/2026,23/7/2026
518581,126939,21/7/2026,
518582,126937,21/7/2026,22/7/2026
518583,126940,21/7/2026,
518584,126936,21/7/2026,
518585,126934,21/7/2026,
518586,126933,21/7/2026,
518587,126922,21/7/2026,1/8/2026
518588,126930,21/7/2026,
518589,126928,21/7/2026,
518590,126926,21/7/2026,
518591,126924,21/7/2026,
518592,126941,21/7/2026,
518593,126921,21/7/2026,23/7/2026
518594,126931,21/7/2026,
518595,126942,21/7/2026,26/7/2026
518596,126953,21/7/2026,
518597,126945,21/7/2026,
518598,126947,21/7/2026,
518599,126949,21/7/2026,22/7/2026
518600,126950,21/7/2026,
518601,126951,21/7/2026,23/7/2026
518602,126952,21/7/2026,
518603,126955,21/7/2026,30/7/2026
518604,126956,21/7/2026,
518605,126958,21/7/2026,
518606,126963,21/7/2026,
518607,126962,21/7/2026,
518608,126961,21/7/2026,
518609,126959,21/7/2026,22/7/2026
518610,126919,21/7/2026,
518611,126943,21/7/2026,
518612,126917,21/7/2026,
518613,126883,21/7/2026,
518614,126914,21/7/2026,
518615,119973,21/7/2026,
518616,126915,21/7/2026,
518617,126879,21/7/2026,
518618,126881,21/7/2026,23/7/2026
518619,126885,21/7/2026,
518620,126886,21/7/2026,
518621,126888,21/7/2026,
518622,126889,21/7/2026,29/7/2026
518623,126891,21/7/2026,
518624,126892,21/7/2026,
518625,126894,21/7/2026,30/7/2026
518626,112847,21/7/2026,22/7/2026
518627,126898,21/7/2026,
518628,126899,21/7/2026,
518629,126901,21/7/2026,
518630,126902,21/7/2026,31/7/2026
518631,126904,21/7/2026,26/7/2026
518632,126905,21/7/2026,1/8/2026
518633,126907,21/7/2026,
518634,126909,21/7/2026,3/8/2026
518635,126896,21/7/2026,
518636,126910,21/7/2026,31/7/2026
518637,126912,21/7/2026,
518638,127014,22/7/2026,
518639,127013,22/7/2026,
518640,127011,22/7/2026,
518641,127010,22/7/2026,24/7/2026
518642,127004,22/7/2026,
518643,127007,22/7/2026,
518644,127006,22/7/2026,
518645,127016,22/7/2026,
518646,127003,22/7/2026,
518647,127001,22/7/2026,
518648,126999,22/7/2026,
518649,127009,22/7/2026,
518650,127018,22/7/2026,
518651,127026,22/7/2026,
518652,127022,22/7/2026,
518653,127024,22/7/2026,
518654,127025,22/7/2026,
518655,127027,22/7/2026,
518656,127038,22/7/2026,
518657,127037,22/7/2026,2/8/2026
518658,127035,22/7/2026,23/7/2026
518659,127033,22/7/2026,
518660,127031,22/7/2026,26/7/2026
518661,127030,22/7/2026,
518662,127029,22/7/2026,
518663,126997,22/7/2026,
518664,127020,22/7/2026,
518665,126995,22/7/2026,26/7/2026
518666,126984,22/7/2026,
518667,126992,22/7/2026,
518668,116885,22/7/2026,
518669,114403,22/7/2026,
518670,111704,22/7/2026,
518671,116486,22/7/2026,30/7/2026
518672,126993,22/7/2026,
518673,126964,22/7/2026,
518674,126965,22/7/2026,24/7/2026
518675,126966,22/7/2026,
518676,126968,22/7/2026,
518677,126970,22/7/2026,
518678,126972,22/7/2026,
518679,115374,22/7/2026,
518680,126976,22/7/2026,
518681,126978,22/7/2026,
518682,126980,22/7/2026,
518683,126982,22/7/2026,
518684,126983,22/7/2026,
518685,117772,22/7/2026,
518686,126985,22/7/2026,
518687,126974,22/7/2026,
518688,126986,22/7/2026,29/7/2026
518689,126988,22/7/2026,26/7/2026
518690,126990,22/7/2026,
518691,127075,23/7/2026,
518692,127074,23/7/2026,
518693,127072,23/7/2026,
518694,127070,23/7/2026,
518695,127076,23/7/2026,
518696,127068,23/7/2026,
518697,127067,23/7/2026,29/7/2026
518698,127071,23/7/2026,26/7/2026
518699,127077,23/7/2026,
518700,127086,23/7/2026,
518701,127080,23/7/2026,
518702,127082,23/7/2026,1/8/2026
518703,127084,23/7/2026,
518704,127087,23/7/2026,
518705,127089,23/7/2026,
518706,127091,23/7/2026,
518707,127065,23/7/2026,
518708,127092,23/7/2026,1/8/2026
518709,127079,23/7/2026,
518710,127063,23/7/2026,
518711,127060,23/7/2026,
518712,127039,23/7/2026,
518713,104321,23/7/2026,1/8/2026
518714,114640,23/7/2026,
518715,121724,23/7/2026,
518716,127041,23/7/2026,1/8/2026
518717,127043,23/7/2026,
518718,127062,23/7/2026,
518719,127046,23/7/2026,30/7/2026
518720,127044,23/7/2026,
518721,127048,23/7/2026,
518722,127050,23/7/2026,25/7/2026
518723,127051,23/7/2026,
518724,127053,23/7/2026,
518725,127054,23/7/2026,
518726,127056,23/7/2026,
518727,127058,23/7/2026,
518728,127047,23/7/2026,
518729,127143,24/7/2026,
518730,127141,24/7/2026,
518731,127140,24/7/2026,3/8/2026
518732,127139,24/7/2026,
518733,127130,24/7/2026,
518734,127136,24/7/2026,
518735,127134,24/7/2026,25/7/2026
518736,127132,24/7/2026,25/7/2026
518737,127145,24/7/2026,25/7/2026
518738,127137,24/7/2026,
518739,127147,24/7/2026,
518740,127162,24/7/2026,
518741,127151,24/7/2026,
518742,127152,24/7/2026,
518743,127154,24/7/2026,
518744,127156,24/7/2026,
518745,127158,24/7/2026,
518746,127167,24/7/2026,
518747,127160,24/7/2026,
518748,127165,24/7/2026,
518749,127163,24/7/2026,
518750,127149,24/7/2026,
518751,127128,24/7/2026,3/8/2026
518752,127098,24/7/2026,
518753,127125,24/7/2026,
518754,127126,24/7/2026,
518755,114197,24/7/2026,2/8/2026
518756,111658,24/7/2026,
518757,127094,24/7/2026,
518758,127096,24/7/2026,
518759,127099,24/7/2026,25/7/2026
518760,127103,24/7/2026,
518761,127104,24/7/2026,27/7/2026
518762,127106,24/7/2026,
518763,127107,24/7/2026,
518764,127101,24/7/2026,3/8/2026
518765,127111,24/7/2026,
518766,127123,24/7/2026,
518767,127109,24/7/2026,
518768,127120,24/7/2026,27/7/2026
518769,127118,24/7/2026,
518770,127117,24/7/2026,
518771,127122,24/7/2026,25/7/2026
518772,127115,24/7/2026,26/7/2026
518773,127113,24/7/2026,31/7/2026
518774,127112,24/7/2026,29/7/2026
518775,127116,24/7/2026,
518776,127225,25/7/2026,
518777,127211,25/7/2026,
518778,127213,25/7/2026,
518779,127215,25/7/2026,
518780,127216,25/7/2026,31/7/2026
518781,127217,25/7/2026,
518782,127218,25/7/2026,27/7/2026
518783,127209,25/7/2026,
518784,127221,25/7/2026,
518785,127223,25/7/2026,
518786,127226,25/7/2026,
518787,127244,25/7/2026,2/8/2026
518788,127229,25/7/2026,
518789,127230,25/7/2026,
518790,127232,25/7/2026,
518791,127234,25/7/2026,
518792,127236,25/7/2026,
518793,127237,25/7/2026,
518794,127239,25/7/2026,
518795,127240,25/7/2026,
518796,127241,25/7/2026,2/8/2026
518797,127242,25/7/2026,
518798,127245,25/7/2026,30/7/2026
518799,127228,25/7/2026,
518800,127207,25/7/2026,2/8/2026
518801,127220,25/7/2026,
518802,127204,25/7/2026,
518803,127205,25/7/2026,
518804,127168,25/7/2026,28/7/2026
518805,127170,25/7/2026,28/7/2026
518806,127171,25/7/2026,
518807,127172,25/7/2026,
518808,127174,25/7/2026,
518809,127178,25/7/2026,
518810,127179,25/7/2026,
518811,127180,25/7/2026,
518812,127182,25/7/2026,2/8/2026
518813,127183,25/7/2026,
518814,127176,25/7/2026,
518815,127185,25/7/2026,
518816,127184,25/7/2026,
518817,127202,25/7/2026,28/7/2026
518818,127201,25/7/2026,30/7/2026
518819,127199,25/7/2026,
518820,127195,25/7/2026,
518821,127197,25/7/2026,
518822,127192,25/7/2026,27/7/2026
518823,127191,25/7/2026,
518824,127189,25/7/2026,
518825,127187,25/7/2026,
518826,127193,25/7/2026,
518827,127310,26/7/2026,
518828,127305,26/7/2026,
518829,127308,26/7/2026,
518830,127306,26/7/2026,
518831,127304,26/7/2026,
518832,127295,26/7/2026,
518833,127301,26/7/2026,
518834,127300,26/7/2026,
518835,127299,26/7/2026,
518836,127297,26/7/2026,
518837,127312,26/7/2026,
518838,127302,26/7/2026,
518839,127313,26/7/2026,
518840,127337,26/7/2026,
518841,127317,26/7/2026,
518842,127318,26/7/2026,
518843,127320,26/7/2026,
518844,127322,26/7/2026,
518845,127323,26/7/2026,
518846,127324,26/7/2026,
518847,127326,26/7/2026,
518848,127330,26/7/2026,
518849,127332,26/7/2026,
518850,127333,26/7/2026,
518851,127335,26/7/2026,
518852,127293,26/7/2026,
518853,127338,26/7/2026,
518854,127315,26/7/2026,
518855,127291,26/7/2026,
518856,127328,26/7/2026,
518857,127289,26/7/2026,
518858,127290,26/7/2026,
518859,119113,26/7/2026,28/7/2026
518860,127247,26/7/2026,
518861,127249,26/7/2026,
518862,127250,26/7/2026,29/7/2026
518863,127252,26/7/2026,30/7/2026
518864,127254,26/7/2026,
518865,127258,26/7/2026,
518866,127260,26/7/2026,
518867,127262,26/7/2026,
518868,127264,26/7/2026,
518869,127266,26/7/2026,
518870,127268,26/7/2026,
518871,127256,26/7/2026,
518872,127271,26/7/2026,
518873,127287,26/7/2026,
518874,127270,26/7/2026,2/8/2026
518875,127285,26/7/2026,28/7/2026
518876,127284,26/7/2026,
518877,127282,26/7/2026,
518878,127280,26/7/2026,
518879,127286,26/7/2026,
518880,127277,26/7/2026,
518881,127276,26/7/2026,28/7/2026
518882,127274,26/7/2026,2/8/2026
518883,127279,26/7/2026,
518884,127272,26/7/2026,27/7/2026
518885,127382,27/7/2026,
518886,127396,27/7/2026,
518887,127394,27/7/2026,28/7/2026
518888,127393,27/7/2026,3/8/2026
518889,127391,27/7/2026,
518890,127390,27/7/2026,30/7/2026
518891,127388,27/7/2026,
518892,127387,27/7/2026,
518893,127385,27/7/2026,
518894,127384,27/7/2026,
518895,127398,27/7/2026,
518896,127389,27/7/2026,
518897,127399,27/7/2026,2/8/2026
518898,127424,27/7/2026,
518899,127403,27/7/2026,
518900,127405,27/7/2026,
518901,127406,27/7/2026,
518902,127408,27/7/2026,
518903,127410,27/7/2026,
518904,127411,27/7/2026,
518905,127413,27/7/2026,28/7/2026
518906,127415,27/7/2026,
518907,127417,27/7/2026,
518908,127419,27/7/2026,
518909,127421,27/7/2026,
518910,127423,27/7/2026,
518911,127380,27/7/2026,
518912,121852,27/7/2026,
518913,127401,27/7/2026,
518914,127379,27/7/2026,
518915,127367,27/7/2026,
518916,127375,27/7/2026,
518917,116304,27/7/2026,
518918,116661,27/7/2026,
518919,127340,27/7/2026,
518920,127377,27/7/2026,
518921,127342,27/7/2026,
518922,127344,27/7/2026,28/7/2026
518923,127345,27/7/2026,
518924,127346,27/7/2026,
518925,127347,27/7/2026,29/7/2026
518926,127349,27/7/2026,28/7/2026
518927,127351,27/7/2026,
518928,127353,27/7/2026,
518929,127341,27/7/2026,31/7/2026
518930,127356,27/7/2026,
518931,127354,27/7/2026,
518932,127374,27/7/2026,
518933,127370,27/7/2026,
518934,127369,27/7/2026,
518935,127368,27/7/2026,29/7/2026
518936,127372,27/7/2026,
518937,127363,27/7/2026,
518938,127362,27/7/2026,
518939,127360,27/7/2026,
518940,127358,27/7/2026,
518941,127365,27/7/2026,
518942,127456,28/7/2026,
518943,127451,28/7/2026,30/7/2026
518944,127452,28/7/2026,
518945,127453,28/7/2026,31/7/2026
518946,127455,28/7/2026,
518947,127450,28/7/2026,
518948,127458,28/7/2026,3/8/2026
518949,127469,28/7/2026,
518950,127462,28/7/2026,
518951,127464,28/7/2026,
518952,127465,28/7/2026,
518953,127467,28/7/2026,
518954,127473,28/7/2026,
518955,127471,28/7/2026,
518956,127470,28/7/2026,
518957,127460,28/7/2026,
518958,127449,28/7/2026,
518959,127438,28/7/2026,
518960,127446,28/7/2026,30/7/2026
518961,104583,28/7/2026,
518962,127447,28/7/2026,
518963,127427,28/7/2026,
518964,127429,28/7/2026,
518965,127431,28/7/2026,
518966,127433,28/7/2026,
518967,127425,28/7/2026,
518968,127435,28/7/2026,
518969,127437,28/7/2026,
518970,127439,28/7/2026,
518971,127441,28/7/2026,
518972,127443,28/7/2026,
518973,127445,28/7/2026,
518974,127434,28/7/2026,
518975,127518,29/7/2026,
518976,127516,29/7/2026,
518977,127515,29/7/2026,
518978,127514,29/7/2026,3/8/2026
518979,127509,29/7/2026,
518980,127510,29/7/2026,
518981,127507,29/7/2026,30/7/2026
518982,127519,29/7/2026,
518983,127512,29/7/2026,
518984,127520,29/7/2026,
518985,127530,29/7/2026,30/7/2026
518986,127522,29/7/2026,
518987,127524,29/7/2026,
518988,127525,29/7/2026,
518989,127527,29/7/2026,
518990,127529,29/7/2026,
518991,127503,29/7/2026,
518992,127532,29/7/2026,
518993,127533,29/7/2026,
518994,127534,29/7/2026,
518995,127521,29/7/2026,
518996,127502,29/7/2026,
518997,127505,29/7/2026,
518998,127499,29/7/2026,
518999,109350,29/7/2026,
519000,127501,29/7/2026,
519001,114131,29/7/2026,
519002,127474,29/7/2026,
519003,127475,29/7/2026,
519004,127477,29/7/2026,
519005,127479,29/7/2026,
519006,127482,29/7/2026,30/7/2026
519007,127484,29/7/2026,
519008,127485,29/7/2026,
519009,127480,29/7/2026,
519010,127487,29/7/2026,
519011,127497,29/7/2026,1/8/2026
519012,127486,29/7/2026,
519013,127494,29/7/2026,
519014,127493,29/7/2026,
519015,127495,29/7/2026,
519016,127490,29/7/2026,
519017,127489,29/7/2026,
519018,127491,29/7/2026,
519019,127571,30/7/2026,
519020,127582,30/7/2026,
519021,127570,30/7/2026,1/8/2026
519022,127573,30/7/2026,
519023,127574,30/7/2026,3/8/2026
519024,127576,30/7/2026,
519025,127578,30/7/2026,
519026,127580,30/7/2026,
519027,127584,30/7/2026,
519028,127600,30/7/2026,
519029,127588,30/7/2026,
519030,127589,30/7/2026,
519031,127591,30/7/2026,
519032,127592,30/7/2026,
519033,127593,30/7/2026,
519034,127595,30/7/2026,
519035,127597,30/7/2026,
519036,127602,30/7/2026,
519037,127599,30/7/2026,
519038,127568,30/7/2026,
519039,127586,30/7/2026,
519040,127567,30/7/2026,
519041,127552,30/7/2026,
519042,127565,30/7/2026,
519043,127566,30/7/2026,1/8/2026
519044,121299,30/7/2026,
519045,127536,30/7/2026,
519046,127538,30/7/2026,
519047,127540,30/7/2026,
519048,127541,30/7/2026,
519049,127542,30/7/2026,
519050,127543,30/7/2026,
519051,127545,30/7/2026,
519052,110663,30/7/2026,
519053,127549,30/7/2026,
519054,127551,30/7/2026,
519055,127554,30/7/2026,
519056,127555,30/7/2026,
519057,127557,30/7/2026,
519058,127559,30/7/2026,
519059,127560,30/7/2026,
519060,127562,30/7/2026,
519061,127563,30/7/2026,
519062,127547,30/7/2026,
519063,127645,31/7/2026,
519064,127644,31/7/2026,
519065,127634,31/7/2026,
519066,127640,31/7/2026,
519067,127638,31/7/2026,
519068,127636,31/7/2026,
519069,127642,31/7/2026,
519070,127647,31/7/2026,
519071,127652,31/7/2026,
519072,127650,31/7/2026,
519073,127651,31/7/2026,
519074,127654,31/7/2026,
519075,127656,31/7/2026,
519076,127657,31/7/2026,
519077,127659,31/7/2026,
519078,127660,31/7/2026,
519079,127633,31/7/2026,
519080,127649,31/7/2026,
519081,127632,31/7/2026,
519082,127618,31/7/2026,
519083,127630,31/7/2026,
519084,127661,31/7/2026,
519085,127603,31/7/2026,
519086,127605,31/7/2026,
519087,127606,31/7/2026,
519088,127607,31/7/2026,
519089,127609,31/7/2026,
519090,127611,31/7/2026,
519091,127613,31/7/2026,
519092,127615,31/7/2026,
519093,127617,31/7/2026,
519094,127619,31/7/2026,
519095,127621,31/7/2026,
519096,127623,31/7/2026,
519097,127625,31/7/2026,
519098,127627,31/7/2026,
519099,127628,31/7/2026,2/8/2026
519100,127629,31/7/2026,
519101,127631,31/7/2026,
519102,127663,31/7/2026,
